tree
version=v4
num_class=1
num_tree_per_iteration=1
label_index=0
max_feature_idx=54
objective=binary sigmoid:1
feature_names=season game_month game_dayofweek inning top_bottom game_type balls_before strikes_before outs_before run_top_before run_bot_before run_total_before score_diff_home score_diff_pitcher_team runner_on_1b runner_on_2b runner_on_3b num_runners_on base_state home_win_expectancy away_win_expectancy li pitcher_hand batter_hand pitcher_team_id batter_team_id asof_pitcher_n asof_pitcher_success_rate asof_pitcher_reverse_rate asof_pitcher_middle_rate asof_pitcher_ball_rate asof_pitcher_strike_rate asof_pitcher_prev1_game_success_rate asof_pitcher_prev3_game_success_rate asof_pitcher_prev5_game_success_rate asof_pitcher_prev1_game_middle_rate asof_pitcher_prev3_game_middle_rate asof_pitcher_prev5_game_middle_rate asof_batter_n asof_batter_success_rate asof_batter_middle_rate asof_pitcher_pitchmix_n asof_pitcher_fastball_rate asof_pitcher_breaking_rate asof_pitcher_offspeed_rate count_state same_hand late_inning two_strikes three_balls pitcher_rate_gap_1_5 pitcher_rate_gap_career_5 log1p_asof_pitcher_n log1p_asof_batter_n log1p_asof_pitcher_pitchmix_n
feature_infos=[2019:2024] [3:10] [0:6] [1:12] -1:1:0 none [0:3] [0:2] [0:2] [0:30] [0:26] [0:36] [-27:20] [-27:27] [0:1] [0:1] [0:1] [0:3] -1:7:3:1:5:2:0:6:4 [0:100] [0:100] [0:10.83] -1:1:0 -1:1:0 -1:5:9:7:6:3:0:4:2:1:8 -1:8:2:7:1:5:4:9:6:0:3 [0:15449] [0:1] [0:1] [0:1] [0:1] [0:1] [0:1] [0:1] [0:1] [0:1] [0:1] [0:1] [0:13923] [0:1] [0:1] [0:15449] [0:1] [0:1] [0:1] [0:11] [0:1] [0:1] [0:1] [0:1] [-0.769231:0.71428599999999998] [-0.83333299999999999:0.33351700000000006] [0:9.6453642823258914] [0:9.5413692489313302] [0:9.6453642823258914]
tree_sizes=3510 3569 3618 3622 3636 3555 3594 3577 3576 3654 3597 3559 3583 3559 3620 3631 3619 3637 3665 3658 3626 3646 3639 3572 3625 3631 3618 3581 3623 3601 3665 3558 3602 3558 3607 3580 3581 3669 3623 3641 3604 3634 3545 3603 3605 3542 3588 3607 3564 3558 3579 3666 3606 3636 3618 3655 3623 3601 3568 3579 3563 3582 3597 3587 3572 3559 3606 3596 3553 3648 3567 3598 3637 3601 3535 3568 3643 3550 3636 3608 3586 3550 3628 3619 3615 3542 3611 3612 3603 3572 3649 3568 3598 3564 3553 3595 3607 3518 3591 3593 3554 3573 3559 3588 3552 3535 3561 3585 3590 3602 3574 3623 3587 3589 3589 3492 3608 3658 3544 3565 3573 3514 3506 3603 3627 3650 3656 3501 3659 3548 3656 3606 3666 3551 3586 3591 3512 3592 3559 3549 3566 3587 3584 3535 3546 3582 3568 3568 3593 3571 3588 3650 3639 3589 3612 3514 3557 3561 3624 3544 3636 3593 3533 3600 3584 3620 3550 3583 3540 3567 3594 3604 3657 3577 3600 3594 3629 3632 3632 3639 3603 3553 3525 3525 3555 3520 3583 3574 3503 3528 3541 3583 3549 3569 3489 3606 3629 3508 3536 3587 3516 3508 3526 3462 3536 3585 3515 3572 3639 3569 3540 3537 3591 3553 3551 3611 3487 3552 3556 3545 3615 3537 3560 3640 3548 3598 3551 3585 3591 3645 3517 3582 3496 3525 3537 3492

Tree=0
num_leaves=31
num_cat=5
split_feature=28 28 34 30 30 28 34 25 24 29 26 46 34 34 28 7 24 39 25 39 29 46 51 46 39 38 42 30 24 29
split_gain=3740.69 905.53 646.206 317.423 278.015 247.828 217.601 144.03 136.381 99.9006 84.3066 82.6099 81.4016 80.1547 77.6983 64.552 61.9425 61.8766 60.495 59.7991 59.316 58.7557 55.3464 54.7311 52.0495 49.9171 48.2943 46.474 44.7958 43.1549
threshold=0.21562350000000005 0.15124050000000003 0.49558500000000005 0.3721060000000001 0.36809900000000001 0.27077200000000007 0.53639400000000015 0 1 0.099641350000000004 243.50000000000003 1.0000000180025095e-35 0.5573085000000001 0.37053000000000008 0.27490650000000005 1.5000000000000002 2 0.54790950000000016 3 0.52268750000000008 0.14637150000000002 1.0000000180025095e-35 0.014045000000000004 1.0000000180025095e-35 0.56436750000000002 3339.5000000000005 0.51759900000000003 0.38794250000000002 4 0.15789750000000005
decision_type=10 8 10 8 10 10 10 1 1 10 2 2 10 8 10 2 1 10 1 8 10 2 10 2 8 2 10 10 1 10
left_child=1 7 5 6 12 11 19 -1 -9 10 -10 -2 22 -7 17 27 -14 21 25 -3 -13 -6 -4 -15 -5 -8 -22 -11 -21 -20
right_child=2 3 4 24 14 13 18 8 9 15 -12 20 16 23 -16 -17 -18 -19 29 28 26 -23 -24 -25 -26 -27 -28 -29 -30 -31
leaf_value=0.057988926254646127 0.053488753313436374 0.055700099918905947 0.056913120064066833 0.055313647693058486 0.054323140663511182 0.04414747851586498 0.054246974340296003 0.055504689908613104 0.06437134818388919 0.066653910316015919 0.073985060936884894 0.052681294100931128 0.062542651708601404 0.050582843528002394 0.049161821575359976 0.062354560639165897 0.05745599538586036 0.056143397632997805 0.061887192512556886 0.056408026584980848 0.051699471170534583 0.051022519812862689 0.053765427452620876 0.047795630771261283 0.058698458999392439 0.061154208313440699 0.048008180069675062 0.062019030552795298 0.059694667021987849 0.058736604867277581
leaf_weight=2800.295045375824 23350.613707542419 9769.057835817337 16116.809610843658 24298.11764216423 9902.4528005123138 3144.5239992141724 2016.6620786190033 1249.7659332752228 1346.4398121833801 13122.667201042175 2199.5180976390839 10217.954374313354 3290.159325838089 13337.498043060303 4303.8611361980438 6420.1947333812714 6314.7777388095856 6146.1605081558228 30325.371777296066 5541.8863141536713 5740.9795479774475 9600.4406051635742 7300.7513823509216 12343.03108716011 4911.1329698562622 1755.6176252365112 7365.4504382610321 2339.9075548648834 11621.84894657135 4543.6723086833954
leaf_count=11210 93476 39107 64518 97269 39641 12588 8073 5003 5390 52532 8805 40904 13171 53392 17229 25701 25279 24604 121397 22185 22982 38432 29226 49411 19660 7028 29485 9367 46524 18189
internal_value=0.0561342 0.0599131 0.0527434 0.0584843 0.054988 0.0508717 0.0596429 0.0645054 0.0651838 0.0656608 0.0703531 0.0522242 0.0568857 0.0486833 0.0528951 0.0649016 0.0592111 0.0535234 0.061086 0.0575711 0.05096 0.0526963 0.0559329 0.0492412 0.055884 0.0574516 0.0496214 0.0659557 0.0586377 0.0614762
internal_weight=262738 124262 138475 94783.4 62975.4 75500.1 65574.1 29478.8 26678.5 25428.7 3545.96 46675 33022.5 28825.1 29952.9 21882.8 9604.94 25649.1 38641.3 26932.8 23324.4 19502.9 23417.6 25680.5 29209.3 3772.28 13106.4 15462.6 17163.7 34869
internal_count=1051778 497440 554338 379432 252100 302238 262503 118008 106798 101795 14195 186847 132194 115391 119906 87600 38450 102677 154687 107816 93371 78073 93744 102803 116929 15101 52467 61899 68709 139586
cat_boundaries=0 1 2 3 4 5
cat_threshold=2 2 66 2 530
is_linear=0
shrinkage=1


Tree=1
num_leaves=31
num_cat=7
split_feature=27 27 27 28 30 28 28 30 0 40 24 24 27 25 22 24 40 46 26 40 44 27 48 25 31 26 51 23 0 33
split_gain=4023.18 1002.98 566.849 266.663 154.192 136.117 124.574 123.032 104.351 85.8814 87.791 84.461 101.043 74.5863 66.219 58.8289 57.5653 59.0314 57.3704 61.8719 55.7231 51.7558 51.7116 51.1135 46.9314 45.1541 44.2814 42.8163 40.1585 39.9354
threshold=0.52754050000000008 0.58030850000000012 0.48453850000000004 0.13839850000000001 0.37720350000000008 0.23142550000000003 0.29787600000000009 0.37301050000000008 2019.5000000000002 0.14114550000000001 0 1 0.67082950000000008 2 3 4 0.13333550000000002 1.0000000180025095e-35 9655.5000000000018 0.14356350000000004 0.14516450000000003 0.55521750000000003 1.0000000180025095e-35 5 0.43366550000000009 309.50000000000006 0.034371500000000006 6 2019.5000000000002 0.53858600000000012
decision_type=8 10 10 10 10 10 10 8 2 10 1 1 10 1 1 1 8 2 2 10 10 10 2 1 10 2 10 1 2 8
left_child=2 7 6 11 23 18 20 9 13 21 -11 -3 22 -9 -8 -6 -7 -18 19 -4 -1 -2 -13 -5 -19 -14 -20 -16 -25 -12
right_child=1 3 5 4 15 16 14 8 -10 10 29 12 25 -15 27 -17 17 24 26 -21 -22 -23 -24 28 -26 -27 -28 -29 -30 -31
leaf_value=-0.0062195103049112483 0.0025926687466017819 0.00039959391851281762 0.00022546987886770559 0.004025272373681504 0.0040288657561878211 -0.0011863401613314468 -0.0068256130201889472 -0.0068366785889448396 -0.00077421021065212162 0.0042967211482030053 -0.00027644806853452901 0.010796158757157523 0.010766222407005798 0.0050204141400204327 -0.0085985626587890742 -0.0035868563568702732 -0.0027050497142647664 -0.0069099675512549162 0.00079543719779742478 -0.0025804999335183971 -0.0032175421988557855 0.0051146150543970167 0.0067811437501716296 0.010302238228234032 -0.0038690024059190157 0.019057813803038358 0.012408129742541555 -0.013172986470591015 0.006484751985572669 0.0019735936915611105
leaf_weight=21922.136512964964 16840.559908270836 779.06848393380642 15622.346892267466 6460.144439548254 1594.1008912175894 9225.1925197392702 7700.3314303308725 517.09869477152824 22409.812274336815 8035.3688970208168 15572.655659988523 9881.2984434366226 972.98765355348587 4878.1030612587929 3933.5956199765205 2098.823304489255 21013.769602358341 7302.997161090374 730.64435139298439 12892.602293968201 7538.1840556412935 13084.711111575365 4181.6538525670767 3126.4419450610876 12475.392240017653 1669.1111904680729 500.76634159684181 3629.4599626064301 12952.769749626517 13013.690079033375
leaf_count=87746 67420 3119 62538 25864 6382 36927 30820 2070 89708 32170 62341 39568 3896 19529 15744 8402 84116 29231 2925 51609 30173 52387 16743 12518 49936 6685 2005 14526 51860 52100
internal_value=1.83398e-05 0.00354465 -0.00389242 0.00730114 0.00538479 -0.00237583 -0.00659622 0.00180364 0.000126547 0.00250389 0.00152808 0.0101732 0.0106205 0.00387189 -0.00879968 -0.000289512 -0.00333169 -0.00381601 -0.000767401 -0.00104229 -0.0054528 0.00369678 0.00960612 0.00631573 -0.00499425 0.0160313 0.00556084 -0.0108021 0.00722618 0.000746653
internal_weight=262556 138068 124487 43716.4 26232.3 79763.7 44723.7 94352 27805 66547 36621.7 17484.1 16705.1 5395.2 15263.4 3692.92 50017.4 40792.2 29746.4 28514.9 29460.3 29925.3 14063 22539.4 19778.4 2642.1 1231.41 7563.06 16079.2 28586.3
internal_count=1051058 552762 498296 175037 105026 319287 179009 377725 111307 266418 146611 70011 66892 21599 61090 14784 200210 163283 119077 114147 117919 119807 56311 90242 79167 10581 4930 30270 64378 114441
cat_boundaries=0 1 2 3 4 5 6 7
cat_threshold=66 130 2 2 720 98 2
is_linear=0
shrinkage=0.03


Tree=2
num_leaves=31
num_cat=2
split_feature=27 27 27 0 30 25 34 27 40 30 31 34 31 34 27 26 0 26 27 39 25 33 27 0 6 32 30 26 6 32
split_gain=3814.08 946.209 492.268 209.551 193.231 176.384 133.04 128.826 113.07 96.8825 94.0303 92.5446 70.2469 67.4589 64.0437 59.7608 59.2148 52.848 52.1344 51.2332 49.7781 49.5644 49.271 45.8754 43.7461 40.9761 39.8533 38.3814 38.0094 35.7367
threshold=0.52622650000000004 0.57798050000000012 0.48453850000000004 2019.5000000000002 0.38758450000000005 0 0.50417550000000011 0.45801850000000005 0.14302450000000003 0.37178950000000005 0.44802950000000002 0.54319250000000008 0.39964750000000004 0.57059650000000006 0.50783450000000008 8669.5000000000018 2019.5000000000002 256.50000000000006 0.54482850000000005 0.5530155000000001 1 0.41915500000000006 0.60220900000000011 2019.5000000000002 2.5000000000000004 0.46190100000000006 0.35757250000000002 10581.500000000002 2.5000000000000004 0.48064400000000002
decision_type=8 10 10 2 10 1 8 10 10 8 10 10 10 10 10 2 2 2 10 10 1 8 10 2 2 10 10 2 2 8
left_child=2 6 7 5 11 -3 23 17 14 18 29 26 -13 -12 -4 -15 20 -1 27 -20 -11 -9 -7 -2 25 -14 -5 -8 -25 -10
right_child=1 3 8 4 -6 22 9 21 10 16 13 12 24 15 -16 -17 -18 -19 19 -21 -22 -23 -24 28 -26 -27 -28 -29 -30 -31
leaf_value=-0.0056714463235688498 0.0042954996881733026 -6.3837138861462319e-05 -0.0025010971287269188 0.0047357461706613842 -0.0031548871507332777 0.0084046108105668479 0.0013819181949905385 -0.0075064638547437694 -0.0059019871714916811 -0.0029154852896069797 -0.002403494463570396 0.015767523189964536 0.002013624253499038 -0.0003381264412945158 6.4853452419411827e-05 0.011821945860233031 -0.0003289311989445115 -0.0092772881083054599 0.0030554052171395656 0.0059197720080433128 0.0049351994385407553 -0.004331364876317698 0.012262699239768511 -0.0003541855469127252 0.0020100976759241385 0.0074219249978955976 -6.6693517685240209e-05 0.0077983468561060622 -0.0049491022571544821 -0.0035640420169822371
leaf_weight=5109.0652662068605 1760.9129256755114 1472.4514486342669 16855.373910725117 4264.6670762747526 2167.8017983734608 4719.2203981429338 17377.924183607101 5700.9953741431236 11734.441211506724 882.30885979533195 16209.382287979126 798.64834241569042 1367.9775456935167 979.80579146742821 18164.68775048852 571.09969002008438 16005.477928191423 13553.8742711097 24987.199317365885 7301.1031464636326 3882.8549576550722 20494.520364493132 8585.931168243289 19501.090043365955 1684.2981239259243 19383.736833840609 2427.5022234171629 881.54153357446194 1766.6098508387804 12056.818950116634
leaf_count=20446 7050 5896 67466 17077 8679 18901 69574 22815 46966 3532 64880 3201 5478 3922 72712 2287 64070 54239 100047 29235 15547 82021 34393 78066 6745 77628 9719 3530 7072 48257
internal_value=9.10664e-06 0.0033615 -0.00388936 0.00684554 0.00548137 0.00980454 0.00163013 -0.00638528 -0.00242657 0.00227031 -0.00348524 0.00610821 0.00700454 -0.00183028 -0.00116941 0.00413453 0.000543519 -0.00829285 0.0029792 0.00370452 0.00347861 -0.0050243 0.0108905 -0.00035122 0.00668921 0.00706719 0.00298999 0.00169457 -0.000737919 -0.00471903
internal_weight=262649 141219 121430 46872.2 32094.6 14777.6 94347 44858.5 76571.6 71318.4 41551.5 29926.8 23234.7 17760.3 35020.1 1550.91 20770.6 18662.9 50547.8 32288.3 4765.16 26195.5 13305.2 23028.6 22436 20751.7 6692.17 18259.5 21267.7 23791.3
internal_count=1051451 565440 486011 187717 128527 59190 377723 179521 306490 285535 166312 119848 93052 71089 140178 6209 83149 74685 202386 129282 19079 104836 53294 92188 89851 83106 26796 73104 85138 95223
cat_boundaries=0 1 2
cat_threshold=2 3
is_linear=0
shrinkage=0.03


Tree=3
num_leaves=31
num_cat=3
split_feature=27 27 27 27 24 46 32 30 25 0 0 25 41 27 32 39 41 6 40 0 33 33 39 31 46 31 32 44 40 0
split_gain=3500.45 854.462 528.736 219.957 207.967 137.508 133.09 132.427 125.694 125.288 99.8049 134.713 96.5835 89.6019 83.854 75.5919 63.7872 57.532 57.5246 52.9915 50.9725 50.7589 50.146 48.6774 47.1565 44.1012 42.2304 37.6919 37.0036 36.484
threshold=0.54482850000000005 0.50502250000000004 0.58942450000000013 0.45801850000000005 0 1.0000000180025095e-35 0.48429300000000003 0.37270400000000009 1 2019.5000000000002 2020.5000000000002 2 416.50000000000006 0.67082950000000008 0.33184500000000006 0.53907950000000004 10944.500000000002 1.5000000000000002 0.14826150000000002 2022.5000000000002 0.45484400000000008 0.39915050000000002 0.54585850000000014 0.42446200000000006 1.0000000180025095e-35 0.41646000000000011 0.44977050000000007 0.19935400000000003 0.13025250000000002 2019.5000000000002
decision_type=8 10 10 10 1 2 10 10 1 2 2 1 2 10 8 10 2 2 10 2 8 8 8 10 2 10 10 10 10 2
left_child=1 3 6 22 -4 20 18 16 19 -10 11 -9 -11 26 -7 23 21 28 -2 27 -5 -3 -1 -8 -12 -17 -14 -6 -16 -27
right_child=2 7 4 5 8 14 15 10 9 12 24 -13 13 -15 17 25 -18 -19 -20 -21 -22 -23 -24 -25 -26 29 -28 -29 -30 -31
leaf_value=-0.0088004578251280347 0.0017728665597552559 -0.0048212294640441839 -0.0024953285709581109 -0.0044550534998964936 -0.0025568179769397503 -0.010557692816179772 -0.00078018164685963456 -0.0091775548654390721 0.011146376684696686 0.001403220037674299 -0.0017441397167665613 0.0013875354657719029 0.0015695713912098298 0.017805511694920392 -0.0014632546006941684 0.0005678484714852724 0.0066596691142371822 -0.0075439782970045171 -0.0018665150500416831 0.011167120792494411 -0.0018539483295302644 0.00036698649834141753 -0.0051207344071542149 0.0030438148244010571 -0.0042915896508316257 0.0075490417991401597 0.0078325500819070408 0.0046053824526958208 -0.0049024215324796252 0.0045807096809298148
leaf_weight=14135.033306375146 11422.486778005958 1762.8394644111395 1800.4511673301458 10406.318914860487 1497.8232218772173 2845.6231293678284 3368.1427550315857 1199.2710937857628 10884.130165889859 2382.1572359204292 12824.968558549881 10418.27539306879 1059.9531649947166 785.01308779418468 3459.6410912871361 1863.204601675272 1400.1683168709278 6600.7246053218842 5933.0130959451199 505.39802025258541 19677.549391463399 43383.874135613441 4442.5840961486101 26182.961908489466 13474.776628524065 5274.7815846800804 13316.010143890977 1177.0648613274097 15854.929427832365 13238.322783067822
leaf_count=56556 45736 7056 7208 41645 5998 11387 13484 4800 43618 9541 51333 41706 4245 3149 13846 7460 5608 26415 23753 2024 78753 173675 17776 104844 53931 21127 53343 4714 63448 53014
internal_value=-6.69683e-05 -0.00279883 0.00432486 -0.00507532 0.00741042 -0.0041754 0.00279208 -0.000711676 0.00797408 0.00860893 -0.00202785 0.000285536 0.0070362 0.00791884 -0.0056596 0.00357881 0.000359905 -0.00511945 0.000526901 0.00227811 -0.00275505 0.000163431 -0.00792309 0.00260692 -0.00305082 0.00498626 0.00737329 0.000585281 -0.00428827 0.00542916
internal_weight=262577 161887 100691 77422.4 33408 58844.8 67282.9 84464.2 31607.5 28427.3 37917.3 11617.5 17543.1 15161 28760.9 49927.4 46546.9 25915.3 17355.5 3180.29 30083.9 45146.7 18577.6 29551.1 26299.7 20376.3 14376 2674.89 19314.6 18513.1
internal_count=1051193 647935 403258 309826 133840 235494 269418 338109 126632 113896 151770 46506 70278 60737 115096 199929 186339 103709 69489 12736 120398 180731 74332 118328 105264 81601 57588 10712 77294 74141
cat_boundaries=0 1 2 3
cat_threshold=2 2 2
is_linear=0
shrinkage=0.03


Tree=4
num_leaves=31
num_cat=2
split_feature=27 27 27 28 34 30 27 28 26 24 27 30 39 0 51 39 27 28 28 30 27 7 33 24 0 30 39 26 21 26
split_gain=3354.49 806.892 500.201 231.407 138.931 133.484 114.2 101.94 95.7418 94.558 88.1949 87.7202 81.0842 64.9462 60.3201 59.2763 56.3541 55.2139 53.4946 48.4237 46.5834 43.7036 42.8953 41.6828 40.6926 47.7635 39.1607 34.8829 34.5107 33.1935
threshold=0.52966450000000009 0.5811375000000002 0.48453850000000004 0.13839850000000001 0.50417550000000011 0.37747650000000005 0.50502250000000004 0.29787600000000009 9655.5000000000018 0 0.67082950000000008 0.37178950000000005 0.50068000000000012 2020.5000000000002 0.033543500000000066 0.51785800000000004 0.45098400000000005 0.16949450000000002 0.18588900000000003 0.37270400000000009 0.55576000000000014 1.5000000000000002 0.40037450000000008 1 2019.5000000000002 0.41827350000000002 0.54877350000000014 309.50000000000006 0.35500000000000004 868.50000000000011
decision_type=8 10 10 10 8 10 10 10 2 1 10 8 8 2 10 10 10 8 10 10 10 2 8 1 2 10 10 2 2 2
left_child=2 4 7 9 26 28 22 18 12 -3 21 15 -8 -14 -10 23 29 -13 -1 -15 -17 -11 -4 -6 -7 -26 -2 -12 -5 -9
right_child=1 3 6 5 11 24 8 16 14 10 27 17 13 19 -16 20 -18 -19 -20 -21 -22 -23 -24 -25 25 -27 -28 -29 -30 -31
leaf_value=0.0040009996306853051 -0.0011868429000521251 -0.00089415545659845218 -0.0066397268142784323 0.0033789078605146378 0.0057578295390786696 0.0055102610573114549 -0.0046574044089599765 -0.0077551012637163052 0.00021239176431014789 0.010006896558824974 0.010295541593093217 0.0033934792632944071 0.00089584472927640058 -0.00048418440029768261 0.012932314348009448 0.0026109237841867483 -0.0060235606299071784 -0.0002809690981728931 -0.0051716363293782958 -0.0027935470895726552 0.0047659004113660688 0.0062952047171264862 -0.0031185315529430753 0.00073531062942802281 -0.00049333811745025011 -0.011209351057329257 0.0020229262135859397 0.017601794929709765 0.0063647228927560685 -0.01161014140757099
leaf_weight=577.97557823359966 15707.362279981375 770.14500112831593 3507.6668291836977 4430.8974593728781 1683.5675629377365 774.07628361880779 6213.0458809584379 4108.0922757983208 671.42475587129593 9806.6407262384892 978.39733427762985 4902.4081778973341 11924.92985136807 15730.802876114845 677.80994199216366 18966.389740511775 7022.3075255155563 14692.371164679527 28958.964210033417 17088.818935424089 17427.039068058133 4136.6212392747402 29168.142783522606 12360.495879888535 2285.3715064674616 446.43841251730919 4365.6798200905323 1661.3207083493471 17406.269710257649 4159.5571592003107
leaf_count=2313 62879 3084 14036 17751 6743 3101 24866 16435 2688 39312 3922 19630 47737 62966 2716 75948 28096 58817 115871 68391 69801 16577 116728 49494 9150 1787 17479 6668 69738 16640
internal_value=-2.98099e-05 0.00332224 -0.00345935 0.00671944 0.00171198 0.00488841 -0.00210616 -0.00602374 -0.00123595 0.0093905 0.00986461 0.0023427 -0.00144543 -0.000998475 0.00663915 0.00300462 -0.00801592 0.000637187 -0.00499074 -0.0016877 0.00364397 0.00890947 -0.00349802 0.00134526 -0.000537196 -0.00226592 -0.000487059 0.0149199 0.0057608 -0.00970175
internal_weight=262611 132801 129810 42696.2 90105.3 25343.1 84982.6 44826.9 52306.8 17353.1 16583 70032.3 50957.6 44744.6 1349.23 50437.5 15290 19594.8 29536.9 32819.6 36393.4 13943.3 32675.8 14044.1 3505.89 2731.81 20073 2639.72 21837.2 8267.65
internal_count=1051364 531881 519483 171090 360791 101527 340128 179355 209364 69563 66479 280433 203960 179094 5404 201986 61171 78447 118184 131357 145749 55889 130764 56237 14038 10937 80358 10590 87489 33075
cat_boundaries=0 1 2
cat_threshold=130 2
is_linear=0
shrinkage=0.03


Tree=5
num_leaves=31
num_cat=9
split_feature=28 28 34 34 28 28 25 24 25 29 40 28 38 46 32 24 22 46 24 26 24 39 42 29 46 51 24 24 32 32
split_gain=2868.06 703.958 515.954 247.719 175.56 129.135 120.817 100.122 88.3868 82.1162 80.0664 79.9943 76.4055 74.5259 62.1825 67.0902 60.6064 56.7083 52.6572 48.1738 47.2959 45.2372 51.0005 42.8782 40.7403 51.8381 50.4625 39.1242 37.5938 37.0002
threshold=0.21496300000000002 0.14039300000000002 0.49558500000000005 0.53639400000000015 0.27176550000000005 0.2414975 0 1 2 0.099641350000000004 0.14435850000000003 0.17723800000000003 3339.5000000000005 1.0000000180025095e-35 0.50510300000000019 3 4 1.0000000180025095e-35 5 243.50000000000003 6 0.53668550000000004 0.51759900000000003 0.15158750000000001 1.0000000180025095e-35 0.027205500000000025 7 8 0.40973750000000003 0.57203950000000015
decision_type=10 8 10 10 10 10 1 1 1 10 10 10 2 2 10 1 1 2 1 2 1 8 10 10 2 10 1 1 10 10
left_child=1 7 4 10 17 14 12 -1 -9 19 18 28 -5 -6 -4 -16 27 -2 -3 -10 -13 22 -19 29 26 -26 -7 -15 -8 -22
right_child=2 3 5 6 13 24 11 8 9 -11 -12 20 -14 16 15 -17 -18 21 -20 -21 23 -23 -24 -25 25 -27 -28 -29 -30 -31
leaf_value=9.8492265053909964e-05 -0.0024222966484416368 -0.00084431888362585374 -0.0013309977397984003 -0.0035404036566505019 -0.0049541682961549705 -0.0035348339063612194 -0.0005904124288188756 0.0026748534043571914 0.0086171320819412641 0.0084827979618020063 -0.00081699850081943864 0.0013304894116076538 0.0034255319152050687 -0.012076584033167843 0.0054673063165597878 0.00063277635240665761 -0.010422347884408625 -0.0036353965702635243 0.0024731107403522558 0.016679276701764671 0.0030505912155582965 -0.002802088703317893 -0.0071674467359390537 0.0013168421508115823 -0.0016679691776800044 -0.0052407584352408016 0.00012140633646102032 -0.0055330580542996685 0.005716528813743506 0.0061041105868277013
leaf_weight=1308.3822726160288 23783.781167209148 5491.2780551165342 12822.557638734579 3234.5352875292301 14668.070337995887 5421.3566747456789 876.8279854953289 2020.5297209918499 1052.9386755377054 15870.204215705395 19310.667331129313 9641.151265963912 2515.4393463432789 957.11268824338913 2989.6033440977335 18751.319231823087 5683.4844572991133 6997.5780348479748 19705.262154534459 1977.7709489017725 6648.7959459125996 8940.3342387974262 7903.8817463964224 4393.4448653906584 7177.9515798836946 7520.9533934742212 9029.797725751996 7039.3150621950626 21092.846177890897 7886.0415205657482
leaf_count=5239 95178 21984 51328 12951 58684 21697 3512 8095 4222 63629 77306 38610 10074 3829 11973 75068 22736 28001 78902 7945 26631 35776 31625 17593 28729 30096 36140 28162 84514 31592
internal_value=3.48984e-05 0.00337503 -0.00290664 0.00230876 -0.00457637 -0.000915014 0.00363127 0.00820749 0.00870888 0.00935006 0.000635334 0.00409968 -0.00048676 -0.0064469 0.000324562 0.00130242 -0.00804383 -0.00346201 0.00174956 0.0138995 0.0030509 -0.0044975 -0.00551191 0.00392249 -0.0023857 -0.00349879 -0.00125097 -0.00634627 0.0054634 0.00471029
internal_weight=262713 123026 139687 100796 75973.6 63713.5 56289.1 22229.8 20921.4 18900.9 44507.2 50539.1 5749.97 28348 34563.5 21740.9 13679.9 47625.6 25196.5 3030.71 28569.4 23841.8 14901.5 18928.3 29150.1 14698.9 14451.2 7996.43 21969.7 14534.8
internal_count=1051821 492799 559022 403669 303991 255031 225477 89130 83891 75796 178192 202452 23025 113411 138369 87041 54727 190580 100886 12167 114426 95402 59626 75816 116662 58825 57837 31991 88026 58223
cat_boundaries=0 1 2 3 4 5 6 7 8 9
cat_threshold=2 130 2 2 2 514 928 705 2
is_linear=0
shrinkage=0.03


Tree=6
num_leaves=31
num_cat=7
split_feature=28 28 34 30 30 34 28 25 24 34 46 34 34 24 31 24 28 25 28 29 40 40 24 33 31 46 6 24 41 50
split_gain=2779.27 675.964 492.533 226.589 199.18 170.434 166.582 109.564 102.442 85.8437 79.8557 79.6632 63.6819 67.2242 62.9064 61.7264 55.1593 54.397 54.2603 53.0722 46.6788 44.7382 40.9544 40.7661 40.1799 38.141 37.1728 36.7501 35.9956 35.2718
threshold=0.21496300000000002 0.15124050000000003 0.50140450000000014 0.3721060000000001 0.36809900000000001 0.53639400000000015 0.30168150000000005 0 1 0.60205150000000007 1.0000000180025095e-35 0.41139800000000004 0.56025750000000019 2 0.43303650000000005 3 0.27490650000000005 4 0.084430900000000017 0.15396250000000003 0.13816750000000003 0.14316550000000003 5 0.44901250000000009 0.41063900000000003 1.0000000180025095e-35 2.5000000000000004 6 243.50000000000003 -0.10395649999999997
decision_type=10 8 10 8 10 8 10 1 1 10 2 8 10 1 10 1 10 1 10 10 10 10 1 8 10 2 2 1 2 10
left_child=1 7 6 5 12 21 10 -1 -9 -10 23 -8 -4 -14 -12 -16 24 29 -11 -17 -5 27 -19 -2 -6 -22 -27 -3 -20 -7
right_child=2 3 4 20 16 17 11 8 9 18 14 -13 13 -15 15 19 -18 22 28 -21 25 -23 -24 -25 -26 26 -28 -29 -30 -31
leaf_value=0.0015801175559729344 -0.0039733834788840449 2.6254543046799999e-05 -1.6295059405704482e-05 0.0011807630190652256 -0.0047068872617369046 0.0016383165948020083 -0.010354985689893303 -0.0005328887444502197 0.0066049761510817689 0.014493802065698976 -0.006343553244208355 -0.0056599917273239446 0.0065197111860359576 0.0010713695914055974 -0.0055502846562086334 -0.00036216778239800222 -0.0061602476287995435 0.0045408910013330387 0.0043546682015607185 -0.0047461479901735586 0.00021688223287248825 -0.00013789217645190848 0.001981268964716718 -0.001873739140400588 -0.0015333144038444937 -0.0020535538181722067 -0.0091233944841213072 0.0033994144835036667 0.0098569751096323644 0.0061369944557803464
leaf_weight=2830.6567845195532 14506.972128078341 4272.6651442050934 21833.662468865514 12479.464239016175 4453.3674904704094 1789.590403214097 5135.3440503627062 1257.638981282711 13583.050291880965 2120.5505799949169 14231.956977009773 9066.2415955364704 3133.9299551993608 5876.6467482000589 8815.2422712445259 6212.5969197899103 3552.5107821673155 11943.294584110379 1256.0116284638643 4158.4071219265461 7952.7363874465227 12710.221484392881 10862.373907759786 19750.346915185452 18856.38700632751 7482.5600710660219 736.49455146491528 9251.8178665190935 8490.2522449344397 14061.808533251286
leaf_count=11340 58045 17107 87403 49965 17822 7170 20542 5035 54458 8523 56940 36269 12555 23530 35269 24861 14213 47854 5038 16638 31835 50887 43516 79034 75465 29952 2948 37054 34065 56349
internal_value=-1.14564e-05 0.00327469 -0.00290931 0.0020248 -0.000785912 0.00300588 -0.00440543 0.00723128 0.00782534 0.00823962 -0.00378432 -0.00736166 0.000858139 0.00297962 -0.00482901 -0.00370317 -0.00267467 0.00427267 0.0101129 -0.0021217 -0.000196285 0.00113784 0.00332488 -0.00276402 -0.00214145 -0.0012608 -0.00269382 0.00233876 0.00915252 0.00562785
internal_weight=262665 123081 139584 93543 57706.5 64891.8 81877.1 29538.2 26707.5 25449.9 67675.5 14201.6 30844.2 9010.58 33418.2 19186.2 26862.3 38657.1 11866.8 10371 28651.3 26234.7 22805.7 34257.3 23309.8 16171.8 8219.05 13524.5 9746.26 15851.4
internal_count=1051682 493096 558586 374637 230988 259937 327598 118459 107119 102084 270787 56811 123488 36085 133708 76768 107500 154889 47626 41499 114700 105048 91370 137079 93287 64735 32900 54161 39103 63519
cat_boundaries=0 1 2 3 4 5 6 7
cat_threshold=2 2 66 579 408 115 530
is_linear=0
shrinkage=0.03


Tree=7
num_leaves=31
num_cat=8
split_feature=28 28 34 34 31 34 28 25 0 25 0 28 41 48 24 31 51 46 22 24 29 24 46 44 24 22 39 29 40 28
split_gain=2582.07 666.821 445.555 211.07 148.292 124.138 98.873 97.2633 103.108 89.4543 137.736 88.8687 76.2383 73.5675 69.47 62.8303 60.8365 59.9322 63.2895 57.3006 45.3718 47.6081 45.0473 44.7334 44.2662 44.088 42.7076 42.4128 41.8652 39.6801
threshold=0.21689750000000005 0.15124050000000003 0.47127550000000007 0.50343250000000006 0.43366550000000009 0.5573085000000001 0.29357650000000007 0 2019.5000000000002 1 2020.5000000000002 0.17723800000000003 1084.5000000000002 1.0000000180025095e-35 2 0.43854150000000008 0.035317499999999953 1.0000000180025095e-35 3 4 0.15158750000000001 5 1.0000000180025095e-35 0.076979300000000014 6 7 0.53638550000000007 0.11814800000000002 0.13994250000000005 0.24838500000000002
decision_type=10 8 10 8 10 10 10 1 2 1 2 10 2 2 1 10 10 2 1 1 10 1 2 10 1 1 8 10 10 10
left_child=1 7 6 -3 17 16 19 -1 13 10 -5 -11 -10 27 -14 26 29 23 -19 22 21 -17 -2 -4 -7 -8 -13 -9 -21 -6
right_child=2 3 4 9 5 24 25 8 12 11 -12 15 14 -15 -16 20 -18 18 -20 28 -22 -23 -24 -25 -26 -27 -28 -29 -30 -31
leaf_value=0.0017041162112346195 -0.0039995627246151438 -0.00061605713481167228 -0.0052496863876517613 -0.0053459223968206713 -0.00014368936753767766 0.0048598890219065487 -0.0054845034972946117 0.013777270247788015 0.0026512038785320917 0.0046236511816798685 0.0029763719832948416 -0.0010974491990484001 0.012038249940105191 0.0059531558116005627 0.0059121226306818216 0.0051534380722232766 -0.0046888219148382869 -0.0035348993439782025 -0.0083453594848317391 -0.0014306602920327058 0.001084415066903684 0.0024043303038211784 -0.0071815438127100471 -0.00096387693153000755 0.00089124911391508558 -0.0088399104165016139 0.0022367050089766227 0.009451336482597824 -0.0041417197056831988 -0.0020856774493612177
leaf_weight=2807.7537344247103 8183.7072139233351 22848.785185515881 2754.5868121683598 3040.1023459583521 23507.782032430172 3777.4739655405283 7363.7899520993233 3300.3703392744064 4583.6723020225763 21410.859424069524 4340.4581403881311 6832.3861113935709 2226.7688520848751 3630.2966092079878 7235.0422773808241 10806.846736371517 4297.010156840086 10859.147437557578 3204.5420855730772 7770.0546863526106 8111.0802663862705 12214.716938480735 7998.1726042032242 10837.758604705334 7731.6763624250889 6945.2621101289988 6981.3904155939817 5721.8029996454716 15320.668400153518 15895.799452230334
leaf_count=11249 32743 91470 11022 12171 94096 15134 29457 13256 18375 85800 17383 27355 8948 14568 29018 43306 17193 43452 12821 31089 32481 48930 31997 43371 30953 27782 27957 22963 61296 63608
internal_value=1.35476e-05 0.00310852 -0.00284633 0.00190217 -0.00146722 -0.00056828 -0.00497841 0.00705586 0.00761382 0.00268289 -0.000447747 0.00303116 0.00583938 0.00958542 0.00737936 0.0022723 -0.00129875 -0.00326043 -0.00463469 -0.00419805 0.00301962 0.00369991 -0.00557176 -0.0018356 0.00220234 -0.00711674 0.000585559 0.0110412 -0.00322965 -0.000927967
internal_weight=262540 126092 136447 96586.6 82865.8 55209.7 53581.7 29505.7 26698 73737.8 7380.56 66357.3 14045.5 12652.5 9461.81 44946.4 43700.6 27656 14063.7 39272.6 31132.6 23021.6 16181.9 13592.3 11509.2 14309.1 13813.8 9022.17 23090.7 39403.6
internal_count=1051244 505230 546014 386853 331650 220984 214364 118377 107128 295383 29554 265829 56341 50787 37966 180029 174897 110666 56273 157125 124717 92236 64740 54393 46087 57239 55312 36219 92385 157704
cat_boundaries=0 1 2 3 4 5 6 7 8
cat_threshold=2 2 1 2 71 85 66 2
is_linear=0
shrinkage=0.03


Tree=8
num_leaves=31
num_cat=7
split_feature=28 28 33 30 30 28 33 28 11 28 28 40 24 40 39 31 7 0 24 33 24 24 24 0 44 44 24 24 30 39
split_gain=2362.96 562.159 404.651 224.175 217.221 119.145 118.493 96.1673 87.826 76.3524 73.5709 62.9757 50.6003 49.1134 45.7006 44.771 40.2065 47.3761 40.0294 38.9295 62.8281 38.8942 38.5788 38.4825 39.3506 37.077 34.3688 34.2873 40.2549 33.8769
threshold=0.21496300000000002 0.15124050000000003 0.45719000000000004 0.36809900000000001 0.37720350000000008 0.28126050000000008 0.53945300000000007 0.24838500000000002 5.5000000000000009 0.27277200000000007 0.084430900000000017 0.14356350000000004 0 0.14302450000000003 0.48180050000000002 0.46030850000000006 1.5000000000000002 2019.5000000000002 1 0.57410300000000014 2 3 4 2022.5000000000002 0.093752100000000019 0.3498305000000001 5 6 0.41501700000000002 0.48312350000000009
decision_type=10 8 8 10 10 10 10 10 2 10 10 10 1 10 8 10 2 2 1 10 1 1 1 2 10 10 1 1 10 10
left_child=1 8 5 7 6 12 11 19 10 13 25 21 -2 27 -12 -7 17 -16 -19 -4 -21 -3 -8 24 -6 -1 -13 -5 -29 -15
right_child=2 4 3 9 23 15 22 -9 -10 -11 14 26 -14 29 16 -17 -18 18 -20 20 -22 -23 -24 -25 -26 -27 -28 28 -30 -31
leaf_value=0.0094989309759396824 -0.002443976273285482 -0.00011505244802029004 0.00044112303959073198 0.00074381678020435621 -0.0021873003270542488 -0.0080195046076203119 0.0049969361557968203 -0.0017581639348520515 0.0040745855161342841 -0.0051194147838636937 0.0010691150245879639 0.0035911745483930271 -0.004956259594074067 -0.0077632534234520472 0.01039367158643054 -0.0036334752741298253 0.00511095076179271 0.0081890419692389887 0.0030822523252721635 0.007184337260556584 0.00092705184354518685 0.0033675881105892365 0.0030335838399082595 -0.0028394846638412196 0.00089850886668929532 0.017086322235824628 -0.00062912956509356946 -0.001403337463767973 -0.0064480599274118738 -0.003008536466886261
leaf_weight=1525.019568413496 12100.150857433677 3674.7761346548796 20710.579070836306 5629.9691212028265 5137.9318597316742 12145.672319933772 15595.435358658433 17921.819928571582 8689.2023571133614 11547.177629634738 1107.7258541733027 1993.2047129869461 18423.732253804803 1466.1076814085245 5520.6103880703449 2573.0917861312628 5013.5354076623917 4512.5469973832369 2087.8572025597095 2219.5246309936047 4162.0133129954338 13263.408939838409 22132.252009347081 5361.9897928535938 13442.517921075225 987.10983775556087 12902.926496893167 10751.423793673515 1644.9712957143784 18143.213521286845
leaf_count=6125 48413 14715 82909 22531 20569 48585 62514 71717 34863 46193 4440 7984 73708 5866 22173 10293 20114 18110 8373 8897 16666 53132 88689 21462 53820 3979 51661 43024 6582 72595
internal_value=-3.05031e-05 0.00300121 -0.00270388 -0.00158331 0.00186231 -0.00503602 0.00271067 -5.28217e-05 0.00661644 -0.00298337 0.00767844 0.00136111 -0.0039641 -0.00232685 0.00700963 -0.00725569 0.00739167 0.00833106 0.0065974 0.00107425 0.00312312 0.00261228 0.00384843 -0.000601269 4.33803e-05 0.0125091 -5.98129e-05 -0.00119366 -0.0020749 -0.00336669
internal_weight=262387 122948 139439 94196.8 93504.4 45242.6 69562 45013.9 29443.6 49182.9 20754.4 31834.3 30523.9 37635.7 18242.3 14718.8 17134.5 12121 6600.4 27092.1 6381.54 16938.2 37727.7 23942.4 18580.4 2512.13 14896.1 18026.4 12396.4 19609.3
internal_count=1050702 492723 557979 376980 374546 180999 278695 180189 118177 196791 83314 127492 122121 150598 73210 58878 68770 48656 26483 108472 25563 67847 151203 95851 74389 10104 59645 72137 49606 78461
cat_boundaries=0 1 2 3 4 5 6 7
cat_threshold=424 89 66 514 97 64 280
is_linear=0
shrinkage=0.03


Tree=9
num_leaves=31
num_cat=1
split_feature=34 34 51 30 34 51 51 34 31 30 30 40 40 40 25 51 51 40 26 40 30 30 51 34 46 34 3 40 51 44
split_gain=1891.71 529.703 317.267 215.516 181.629 134.262 131.45 94.6553 94.1426 92.756 88.0276 73.5304 72.0165 67.3161 51.9675 48.4521 47.1218 43.8953 43.8815 43.635 40.5955 39.9386 38.2783 45.5689 36.4252 35.5535 34.881 34.8801 31.6976 31.2381
threshold=0.50140450000000014 0.56711550000000011 0.014045000000000004 0.38645950000000007 0.45095400000000002 -0.010390499999999995 0.0070734999999999834 0.6058395000000002 0.41277650000000005 0.37270400000000009 0.37720350000000008 0.13620250000000003 0.1491065 0.14422650000000001 0 0.063482500000000011 -0.048897500000000003 0.13535350000000004 8852.5000000000018 0.13389150000000002 0.38320550000000003 0.33698750000000005 -0.070158500000000026 0.42175400000000002 1.0000000180025095e-35 0.54389950000000009 2.5000000000000004 0.13407850000000002 -0.056486500000000016 0.10743450000000002
decision_type=8 10 10 10 10 10 10 10 10 10 10 8 10 8 1 10 8 8 2 10 10 10 10 10 2 10 2 8 10 10
left_child=4 2 9 6 10 11 8 21 -3 12 22 -6 16 -12 29 27 -2 -5 -17 -11 -4 -8 23 -1 -7 -18 -23 -9 -13 -10
right_child=1 3 20 17 5 24 7 15 14 19 13 28 -14 -15 -16 18 25 -19 -20 -21 -22 26 -24 -25 -26 -27 -28 -29 -30 -31
leaf_value=-0.0034638816295301882 0.0060462703970393245 0.014266069637402963 -0.0013124518414488356 0.0024182609115032034 0.00075859852014582808 -0.0030173640781582193 0.00500213356718453 0.0083512871384415193 -0.0073409460800540702 0.0018791846463551533 -0.0042170170716329773 -0.00058014315722577535 0.00062026453113147662 -0.0073368426895794358 0.006923519916346362 0.002479628615928567 0.0019587621522338776 -0.0016211515174934417 0.0099154752617315479 -0.0009926212000277994 -0.0037543159655607358 0.0044208049137757889 -0.0045791153947104344 0.0008683501103559061 -0.005685440168558189 0.0041737045009547441 0.00050380567468808575 0.0050471926303170744 -0.0026890780740227186 0.003247250580539064
leaf_weight=5484.9960920065641 4327.7769635617733 1470.1248269230127 16425.980661556125 4153.0627142041922 11922.200776353478 9720.709174990654 3358.1834838986397 4902.7636031061411 295.1197657585144 7197.7665703445673 11831.971799492836 9401.695579007268 15027.653799399734 13337.065891191363 14487.375831112266 6600.1754069626331 19950.222321003675 5795.7222713828087 803.13869589567184 14054.073827624321 9832.547518029809 2580.3058394938707 8151.1050085276365 3613.9209332019091 8905.577309191227 9769.1443077027798 9963.6596440374851 7221.8259179592133 20469.508715063334 1546.5209221243858
leaf_count=21948 17350 5922 65746 16646 47724 38890 13460 19687 1182 28828 47337 37635 60186 53355 58157 26448 79904 23206 3222 56258 39343 10341 32607 14465 35626 39162 39917 28975 81905 6198
internal_value=-6.02985e-05 0.00198244 0.000584936 0.0041183 -0.00323401 -0.00217652 0.00487578 0.00381666 0.00698133 0.00163581 -0.00473928 -0.00123125 0.00235275 -0.00587208 0.00632113 0.00521692 0.00311642 6.2284e-05 0.00329404 -1.84325e-05 -0.00222828 0.00209458 -0.00308396 -0.00174018 -0.00429534 0.0026882 0.00131279 0.00638746 -0.00202644 0.00151684
internal_weight=262602 159763 96585.2 63178 102839 60419.7 53229.2 35430.1 17799.1 70326.6 42419.1 41793.4 49074.8 25169 16329 19527.9 34047.1 9948.78 7403.31 21251.8 26258.5 15902.1 17250 9098.92 18626.3 29719.4 12544 12124.6 29871.2 1841.64
internal_count=1051630 640138 386777 253361 411492 241780 213509 142050 71459 281688 169712 167264 196602 100692 65537 78332 136416 39852 29670 85086 105089 63718 69020 36413 74516 119066 50258 48662 119540 7380
cat_boundaries=0 1
cat_threshold=2
is_linear=0
shrinkage=0.03


Tree=10
num_leaves=31
num_cat=4
split_feature=27 27 27 28 33 30 32 27 27 40 28 30 42 6 29 30 25 32 32 6 26 25 23 0 26 33 0 25 9 0
split_gain=2439.38 642.595 317.826 144.118 120.754 105.519 102.963 79.3451 73.032 71.8244 66.9428 55.6337 53.9976 52.3289 46.7587 42.4507 42.4396 40.2796 39.3861 38.3473 36.5042 36.3525 34.3256 31.3535 43.6186 30.8522 30.199 52.546 29.4967 29.1588
threshold=0.52526450000000013 0.58338200000000018 0.46847300000000008 0.13839850000000001 0.43520050000000005 0.37747650000000005 0.50757750000000013 0.50359750000000003 0.54425150000000011 0.14758850000000004 0.29787600000000009 0.38901850000000004 0.42701650000000008 1.5000000000000002 0.099641350000000004 0.37270400000000009 0 0.40089300000000005 0.34391800000000006 2.5000000000000004 10581.500000000002 1 2 2019.5000000000002 3843.5000000000005 0.39223250000000004 2020.5000000000002 3 1.0000000180025095e-35 2019.5000000000002
decision_type=10 10 8 10 8 10 8 8 10 10 10 10 10 2 10 10 1 8 10 2 2 1 1 2 2 8 2 1 2 2
left_child=2 6 10 12 18 21 9 13 20 11 -1 -2 14 -6 -3 -9 -14 -7 -4 22 -8 -5 29 -19 -25 -12 27 -17 -27 -10
right_child=1 3 4 5 7 17 8 15 19 -11 25 -13 16 -15 -16 26 -18 23 -20 -21 -22 -23 -24 24 -26 28 -28 -29 -30 -31
leaf_value=-0.0047180746688807625 0.001840786947978276 0.014851862983340625 -0.0066708046556668323 0.0030525365004103523 -0.0021456927406774649 -0.010316154599756388 0.00054123862695105963 0.00018034089944915984 0.0063396498504677346 -0.0014910488758110181 -0.010033157507997038 -0.001671351528820792 0.0019465326055869258 -0.0046973379821623317 0.0065147270751005609 -0.0089612937329340229 0.0077431592619741979 0.0059452972688808607 -0.0036299902064604408 -0.00023760175287084725 0.0067810005159484738 0.0059715703868382982 0.0021990882959702397 -0.0036725977242659212 0.0062774259710891107 -0.0040288530345485418 -0.0025252092489847985 0.0012276128146523149 -0.0079714155625070279 0.0034490125671020693
leaf_weight=14021.048743233085 20592.69087998569 1730.5590049475431 5562.1384767889977 5512.4911529123783 27946.341506302357 346.7622375190258 22065.74524256587 18156.87951643765 3971.0511303991079 14532.894866466522 3819.284909799695 5044.393456324935 1291.5224917382002 9809.9435274451971 966.5066279321909 494.16202272474766 12959.262218177319 706.19498804211617 12701.101888433099 3202.8197584301233 875.71698370575905 13806.80433896184 17416.937346830964 1671.523876413703 515.2707225382328 2556.0276338756084 14509.816062167287 4452.9304042458534 5458.2577712982893 15799.275055035949
leaf_count=56088 82479 6986 22251 22104 111808 1388 88351 72680 15923 58179 15280 20195 5178 39247 3883 1977 52086 2832 50811 12834 3513 55400 69795 6692 2066 10225 58056 17824 21835 63310
internal_value=-1.88174e-05 0.00262455 -0.00318276 0.00587961 -0.00236906 0.00430521 0.00138166 -0.00183793 0.00213526 0.000192731 -0.00612779 0.00114845 0.00797236 -0.00280978 0.0118859 -0.000861459 0.00722724 -0.000696406 -0.00455867 0.00290328 0.000781585 0.00514549 0.0031746 0.000455778 -0.001309 -0.00779394 -0.00183507 0.000183351 -0.00671972 0.00403201
internal_weight=262496 143008 119488 39506.9 93633.3 22559 103502 75370.1 63331.5 40170 25854.6 25637.1 16947.9 37756.3 2697.07 37613.8 14250.8 3239.75 18263.2 40390.1 22941.5 19319.3 37187.3 2892.99 2186.79 11833.6 19456.9 4947.09 8014.29 19770.3
internal_count=1051276 573194 478082 158615 374654 90482 414579 301592 253726 160853 103428 102674 68133 151055 10869 150537 57264 12978 73062 161862 91864 77504 149028 11590 8758 47340 77857 19801 32060 79233
cat_boundaries=0 1 2 3 4
cat_threshold=2 98 2 2
is_linear=0
shrinkage=0.03


Tree=11
num_leaves=31
num_cat=7
split_feature=27 27 27 0 25 24 46 31 22 27 33 0 25 6 44 50 33 26 34 23 24 0 23 26 26 40 42 26 27 47
split_gain=2285.87 588.634 286.713 175.634 152.972 122.752 115.945 84.6337 82.5148 81.7068 73.7668 68.8493 102.221 71.6228 64.9072 57.0141 55.801 48.8108 48.204 46.8895 41.4337 62.9721 41.11 38.9849 37.9944 36.9198 36.5263 49.4269 36.4627 35.9287
threshold=0.52526450000000013 0.5709725000000001 0.49959550000000003 2019.5000000000002 0 1 1.0000000180025095e-35 0.4082940000000001 2 0.45098400000000005 0.46577550000000006 2019.5000000000002 3 2.5000000000000004 0.3498305000000001 -0.10022049999999998 0.46318050000000005 608.50000000000011 0.52385700000000013 4 5 2020.5000000000002 6 376.50000000000006 4015.5000000000005 0.14286400000000002 0.76552450000000005 1294.5000000000002 0.46974300000000008 1.0000000180025095e-35
decision_type=8 10 10 2 1 1 2 10 1 10 8 2 1 2 10 8 8 2 10 1 1 2 1 2 2 10 10 2 10 2
left_child=2 11 6 4 -3 14 9 -7 20 24 -4 12 -2 15 17 -13 -9 -5 -17 -6 -8 -22 -14 -20 -1 -12 -11 -28 -10 -23
right_child=1 3 10 5 19 7 8 16 28 26 25 13 22 -15 -16 18 -18 -19 23 -21 21 29 -24 -25 -26 -27 27 -29 -30 -31
leaf_value=-0.0051100740556238962 -0.005074679082932145 -0.00088588603658584005 -0.0031872484762518485 0.00071873532001848336 0.01003112646921748 -0.0052021561837888464 -0.0060184721683870998 -0.0023491199771107293 -0.0093874434392216041 -0.0025159295954763142 0.00034118512653792053 -0.0011833956304698621 0.0054278762540540372 -0.002423025058985652 0.015085982509662931 0.00032007726246674874 0.003313485175013617 0.0059130714071977345 -0.001873276961176201 0.0065416883973111956 0.00064800496476253699 -0.0032437541784409861 0.0017867899880630903 0.0023242203713773613 -0.011844297495181262 -0.0015421761933408712 -0.0023173819376630005 0.013794452420779658 -0.0059164057371341918 -0.0071817151999117616
leaf_weight=6466.3281610459089 1240.27302095294 1706.8321509063244 14351.766501322389 1831.2314936965704 8629.1994083374739 1247.2039667516947 9538.4553067088127 1702.590869858861 5708.7615735679865 26299.087987557054 17633.185499384999 9486.4260563999414 6895.0084107220173 6082.3285014629364 644.06295372545719 24955.096747234464 18503.346894145012 15786.212070181966 2114.8842260688543 5959.2451100200415 2728.5488923043013 6621.7944407314062 4744.713299497962 31659.435870185494 863.50485022366047 19929.028695717454 402.93769992887974 291.16419652104378 5401.3810387849808 3085.5585217922926
leaf_count=25868 4965 6840 57420 7344 34699 4995 38157 6819 22841 105210 70577 37983 27635 24356 2609 99906 74215 63358 8471 23960 10916 26489 19013 126835 3455 79751 1612 1165 21607 12343
internal_value=3.24298e-05 0.00258804 -0.00303409 0.00498783 0.00761248 0.00390967 -0.00432481 0.00236419 -0.00559332 -0.00310082 -0.00135743 0.00104577 0.00307108 0.000694161 0.00571849 0.000972633 0.00283458 0.00537507 0.00132144 0.00860352 -0.00452354 -0.00336578 0.00394369 0.00206035 -0.00591202 -0.000657297 -0.00233578 0.00442851 -0.00770469 -0.00450039
internal_weight=262510 143188 119322 56009.9 16295.3 39714.6 67407.5 21453.1 33084.5 34323 51914 87178.2 12880 74298.2 18261.5 68215.8 20205.9 17617.4 58729.4 14588.4 21974.4 12435.9 11639.7 33774.3 7329.83 37562.2 26993.2 694.102 11110.1 9707.35
internal_count=1051414 574003 477411 224839 65499 159340 269663 86029 132353 137310 207748 349164 51613 297551 73311 273195 81034 70702 235212 58659 87905 49748 46648 135306 29323 150328 107987 2777 44448 38832
cat_boundaries=0 1 2 3 4 5 6 7
cat_threshold=2 73 2 2 2 7 2
is_linear=0
shrinkage=0.03


Tree=12
num_leaves=31
num_cat=5
split_feature=27 27 27 28 33 30 39 30 0 24 27 25 39 34 28 45 39 0 24 39 25 34 26 48 45 42 3 26 24 50
split_gain=2207.81 650.432 221.076 185.011 110.591 109.427 89.0012 88.6675 84.6088 79.8196 60.7509 58.1135 51.975 50.4149 47.2991 45.7571 44.8218 42.2756 42.2252 45.1235 40.5523 39.6814 40.7923 37.2176 35.1502 35.0388 34.8897 34.2771 33.9806 31.2822
threshold=0.51873550000000013 0.5709725000000001 0.4600625000000001 0.13839850000000001 0.45719000000000004 0.37747650000000005 0.54877350000000014 0.37747650000000005 2019.5000000000002 0 0.67082950000000008 1 0.54585850000000014 0.50140450000000014 0.2414975 9.5000000000000018 0.5540115000000001 2023.5000000000002 2 0.53638550000000007 3 0.57733100000000015 8852.5000000000018 1.0000000180025095e-35 7.5000000000000009 0.5003915000000001 2.5000000000000004 309.50000000000006 4 -0.19079349999999998
decision_type=8 10 10 10 8 10 8 8 2 1 10 1 8 8 10 2 10 2 1 8 1 8 2 2 2 10 2 2 1 8
left_child=2 6 12 9 18 11 7 13 -8 -3 20 -5 -1 -2 21 -16 -13 29 19 -4 -11 -6 -23 -22 26 -7 -15 -12 -14 -9
right_child=1 3 4 5 14 25 8 17 -10 10 27 16 28 24 15 -17 -18 -19 -20 -21 23 22 -24 -25 -26 -27 -28 -29 -30 -31
leaf_value=-0.0071073472314403504 -0.00058806225903200969 -0.0019304465092898735 -0.0042631015628850511 0.0026453387198595375 -0.0012976481839992659 0.0030476933689974096 0.0048445534814890393 -0.005793807454775075 0.0011605145645083622 0.002250201704577895 0.007347517744146193 0.0044300343189007862 -0.0061798494994745202 0.0035023447540237177 -0.0023493630336490043 -0.0065724463485448805 0.0076672690383503992 -0.0049054808387581335 -0.005435447678373069 -0.00061994335875940345 0.0085473866554030484 0.0014113286973721636 0.014025195546724625 0.0050690749108299469 -0.00054912576831893194 -0.0021905895911741645 0.0012960990366617355 0.014575460991905841 -0.0010370810300903818 -0.00053047188957534017
leaf_weight=14926.425665602088 14469.298227667809 801.20539399981499 9472.8019315302372 12288.302688091993 20981.117931962013 1726.9929205626249 8272.8520075231791 1080.2033426016569 17530.523051828146 1516.7719566971064 962.8202256411314 14776.218061536551 2196.4898706823587 8669.6346555948257 31721.004776090384 2499.1489134430885 5272.134064629674 2654.6805150061846 13860.419440671802 4551.1223092377186 9481.0027457475662 1872.8699005395174 261.78433415293694 4009.9945915341377 6485.8514840751886 3412.4401330649853 25566.300362125039 1670.5828984081745 2494.6136033982038 16965.189421966672
leaf_count=59720 57914 3212 37894 49288 83959 6922 33160 4323 70216 6082 3874 59292 8787 34734 126904 9998 21169 10623 55446 18207 38159 7496 1050 16120 25981 13666 102420 6763 9980 67909
internal_value=6.42676e-06 0.00225062 -0.00336717 0.00484958 -0.0027054 0.00363696 0.000821137 0.000303144 0.00234325 0.00731109 0.00772948 0.00428327 -0.00623956 0.00093146 -0.0019506 -0.00265921 0.00528122 -0.00137053 -0.00425598 -0.00308113 0.00698884 -0.000900086 0.00298978 0.00751152 0.00147212 -0.000423795 0.00185593 0.0119555 -0.00346923 -0.00084811
internal_weight=262451 157613 104838 55918.5 85220.3 37476.1 101695 75891.2 25803.4 18442.4 17641.2 32336.7 19617.5 55191.1 57335.9 34220.2 20048.4 20700.1 27884.3 14023.9 15007.8 23115.8 2134.65 13491 40721.8 5139.43 34235.9 2633.4 4691.1 18045.4
internal_count=1051268 631827 419441 224547 340954 150337 407280 303904 103376 74210 70998 129749 78487 221049 229407 136902 80461 82855 111547 56101 60361 92505 8546 54279 163135 20588 137154 10637 18767 72232
cat_boundaries=0 1 2 3 4 5
cat_threshold=130 610 936 2 22
is_linear=0
shrinkage=0.03


Tree=13
num_leaves=31
num_cat=6
split_feature=28 28 28 34 33 31 34 25 0 50 24 29 40 29 34 39 25 6 28 24 26 39 24 7 28 24 44 39 28 31
split_gain=1805.71 430.478 353.749 176.887 150.783 130.702 78.3619 71.032 97.9382 64.3912 63.815 64.3663 56.0193 55.0459 52.7932 49.2731 47.9408 46.466 46.1416 43.3129 41.0966 39.9834 39.1046 38.2754 36.9554 34.6123 34.4673 29.8019 31.2804 29.7783
threshold=0.21496300000000002 0.14039300000000002 0.24910750000000001 0.53639400000000015 0.41915500000000006 0.43139100000000002 0.56264850000000022 0 2020.5000000000002 -0.10395649999999997 1 0.099641350000000004 0.14316550000000003 0.15510850000000001 0.49474800000000002 0.53473650000000006 2 2.5000000000000004 0.17723800000000003 3 376.50000000000006 0.48837650000000005 4 1.5000000000000002 0.30671100000000007 5 0.13763550000000005 0.5342475000000001 0.27077200000000007 0.4565645000000001
decision_type=10 8 10 10 8 10 10 1 2 10 1 10 10 10 8 8 1 2 10 1 2 8 1 2 10 1 10 10 10 10
left_child=1 10 5 12 24 15 13 8 -5 -9 -1 20 22 21 27 -2 -13 18 -11 -20 -12 -7 -3 -18 -4 -8 -15 28 -6 -26
right_child=2 3 4 7 14 6 25 9 -10 17 11 16 -14 26 -16 -17 23 -19 19 -21 -22 -23 -24 -25 29 -27 -28 -29 -30 -31
leaf_value=0 -0.0039790424473437232 -0.00089467105277953561 -0.0053722916153863785 -0.0045340328513511496 -0.0032253013490084977 -0.0043645735233952907 0.0055187533449465578 0.00044837715299173811 0.0033599555971591381 0.005142987413575874 0.0065600454088051031 0.0012761285973580704 -0.00071278389892605917 -0.0040410051391966484 -0.0019792414476375317 -0.0010851270723567451 0.0075999411718038062 0.00039143997113240099 0.0042478213654093457 0.0015996551790258245 0.013427113729530248 0.00064332078291545313 0.0020636025942655008 0.004330505982868103 -0.0095083632663738142 0.0013586584907879454 -0.00089459674224833549 -0.002548854308762566 -0.0056043713403897445 -0.0033654959878331473
leaf_weight=1302.4813338965178 12319.636621788144 5120.4617430269718 11195.151330217719 2588.2230858057737 9096.82732629776 1521.6570885777473 2708.502354323864 6224.0479161739349 3110.774072021246 17879.0418818295 1342.6858312636614 1696.9918891191483 20875.316294342279 4853.4151482284069 23363.330077975988 9350.6877397298813 11144.024740368128 3509.862045198679 12906.587413787842 9923.4125833958387 2001.6547545045614 24129.775635123253 18459.599499508739 4629.170288875699 4259.740589261055 5476.6409042179585 8935.8524390608072 10236.114558026195 11258.847751289606 876.94648878276348
leaf_count=5220 49288 20502 44786 10364 36391 6090 10866 24950 12467 71772 5404 6804 83575 19417 93481 37417 44851 14074 51764 39768 8108 96591 73952 18608 17049 21933 35756 40949 45042 3509
internal_value=1.14612e-05 0.00266625 -0.00232229 0.00183258 -0.00382194 -0.000800662 7.76214e-05 0.00295205 -0.000219984 0.0033104 0.00645601 0.00685742 0.000418045 -0.000476143 -0.00305609 -0.00273203 0.00612473 0.00371325 0.00399887 0.00310099 0.0106874 0.000344605 0.0014204 0.00663912 -0.00634918 0.00274883 -0.00200485 -0.00387724 -0.00454328 -0.00846805
internal_weight=262297 122714 139583 100597 70287 69296.2 47625.8 56141.9 5699 50443 22117 20814.5 44455.4 39440.7 53955.1 21670.3 17470.2 44218.9 40709 22830 3344.34 25651.4 23580.1 15773.2 16331.8 8185.14 13789.3 30591.8 20355.7 5136.69
internal_count=1050748 492183 558565 403188 281207 277358 190653 225159 22831 202328 88995 83775 178029 157854 215863 86705 70263 177378 163304 91532 13512 102681 94454 63459 65344 32799 55173 122382 81433 20558
cat_boundaries=0 1 2 3 4 5 6
cat_threshold=2 130 2 87 514 66
is_linear=0
shrinkage=0.03


Tree=14
num_leaves=31
num_cat=5
split_feature=27 27 28 30 27 46 27 46 0 26 27 24 6 40 26 33 6 22 30 44 26 30 24 44 26 28 23 0 24 40
split_gain=1941.49 485.901 331.251 130.086 127.607 96.3744 85.2953 79.9818 66.2088 56.7495 52.8166 51.0692 48.5697 48.2435 47.275 42.5168 38.8254 36.5402 35.7184 45.6218 46.2759 35.6511 36.3052 34.4925 33.9307 31.6611 31.1464 30.7569 30.493 29.491
threshold=0.54246150000000004 0.50359750000000003 0.13672650000000003 0.38645950000000007 0.45801850000000005 1.0000000180025095e-35 0.57182450000000007 1.0000000180025095e-35 2023.5000000000002 10944.500000000002 0.60833000000000015 0 2.5000000000000004 0.14329650000000002 5624.5000000000009 0.39223250000000004 2.5000000000000004 1 0.37036250000000009 0.010209500000000002 3358.5000000000005 0.33165550000000005 2 0.093752100000000019 6064.5000000000009 0.29787600000000009 3 2019.5000000000002 4 0.12408850000000002
decision_type=10 8 10 10 10 2 10 2 2 2 10 1 2 10 2 8 2 1 10 10 2 10 1 10 2 10 1 2 1 10
left_child=1 4 10 6 25 18 14 9 16 13 -2 -12 21 -3 -4 -7 27 29 19 20 -6 -8 -23 -5 -10 -1 -16 -9 -15 -17
right_child=2 7 3 23 5 15 12 8 24 -11 11 -13 -14 28 26 17 -18 -19 -20 -21 -22 22 -24 -25 -26 -27 -28 -29 -30 -31
leaf_value=-0.0046012966673152755 0.0049374346248254371 0.0014259352171161882 0.0024191594927673609 -0.0033129530730233408 0.0020399782498971915 -0.0076285641213472309 0.006426003969262177 0.0017122824901305896 -0.0053283718548714299 0.0089198447032528654 -0.00018045553825874912 0.0086442182997688143 3.1124944268821462e-05 0.0003392625282936437 0.001605307865653857 0.00010366122966273646 -0.0042284283661613463 -0.0057789002155837713 -0.0026465836229994516 -0.0010110310177142106 0.018656490541986721 0.0049007097068518805 0.0026346104788690658 0.00044107127665265989 -0.00066882443592321261 -0.0070986412236949421 -0.0024389274974768245 -0.00091314095004451441 -0.0019738545479095165 -0.0036312509809600774
leaf_weight=8806.6693963110447 7953.8047199398279 19585.582253783941 33407.096492990851 3097.7968309819698 570.40893515944481 3117.6590796262026 5893.1245793104172 4713.4124474823475 5035.2777547836304 705.92936982214451 627.12171822786331 10545.790303424001 2594.6675655096769 12019.806508883834 3604.1526882648468 2146.0981193482876 2764.5241802930832 6776.3262121081352 18283.035852253437 9897.0529491007328 205.1442359238863 13616.309274435043 12315.541529744864 7571.4282683581114 1974.0117954164743 9812.4235325753689 3258.230062276125 26837.71353174746 8910.4583090990782 15756.085994422436
leaf_count=35232 31984 78412 133883 12404 2282 12473 23668 18876 20148 2833 2514 42537 10411 48108 14439 8586 11065 27108 73139 39594 821 54669 49416 30323 7905 39274 13052 107422 35658 63030
internal_value=7.73106e-05 -0.00202158 0.00324981 0.0024495 -0.0037631 -0.00305467 0.0028922 -0.000431009 -0.00136382 0.000503441 0.00681888 0.00815387 0.00398963 0.000355408 0.00195322 -0.00431724 -0.00081984 -0.00389682 -0.00184131 -0.000458642 0.00652875 0.00431139 0.00382899 -0.000646719 -0.00402124 -0.00591996 -0.000310735 -0.000519854 -0.00064497 -0.0031819
internal_weight=262403 157918 104485 85358.3 75370.9 56751.8 74689.1 82546.7 41324.9 41221.8 19126.7 11172.9 34419.6 40515.8 40269.5 27796.2 34315.7 24678.5 28955.6 10672.6 775.553 31825 25931.9 10669.2 7009.29 18619.1 6862.38 31551.1 20930.3 17902.2
internal_count=1051266 631966 419300 342265 301539 227033 299538 330427 165416 165011 77035 45051 138164 162178 161374 111197 137363 98724 115836 42697 3103 127753 104085 42727 28053 74506 27491 126298 83766 71616
cat_boundaries=0 1 2 3 4 5
cat_threshold=130 2 81 2 410
is_linear=0
shrinkage=0.03


Tree=15
num_leaves=31
num_cat=3
split_feature=34 34 30 34 51 51 34 44 51 29 39 30 34 44 25 40 40 7 51 0 25 51 0 32 30 0 44 32 25 30
split_gain=1337.38 314.149 252.014 189.784 150.095 141.298 94.3882 89.2008 83.0916 81.4814 71.1528 53.3726 52.8345 51.3889 51.0351 50.3704 48.0594 44.7674 42.3618 41.1271 85.0391 47.1889 40.4681 43.7239 38.7826 35.5815 34.0247 32.184 31.9413 31.5578
threshold=0.53639400000000015 0.46163950000000004 0.38645950000000007 0.6031930000000002 0.005011999999999934 0.0084444999999999677 0.50140450000000014 0.16267150000000005 0.024646000000000005 0.13234150000000003 0.54877350000000014 0.37178950000000005 0.37053000000000008 0.33554650000000003 0 0.13620250000000003 0.14114550000000001 1.5000000000000002 -0.05741799999999999 2022.5000000000002 1 -0.021682500000000018 2019.5000000000002 0.42713350000000005 0.36611300000000008 2019.5000000000002 0.076979300000000014 0.57919300000000018 2 0.37947350000000007
decision_type=8 10 8 10 8 10 10 10 10 10 8 10 10 10 1 8 10 2 10 2 1 10 2 10 10 2 10 10 1 10
left_child=1 7 3 4 14 6 15 9 13 -1 26 17 -11 -5 -2 -3 18 -6 -8 21 -21 -14 -16 -24 27 -12 28 -10 -4 -18
right_child=2 5 10 8 11 -7 16 -9 24 12 25 -13 19 -15 22 -17 29 -19 -20 20 -22 -23 23 -25 -26 -27 -28 -29 -30 -31
leaf_value=-0.0016925923197225496 0.001402720105032253 0.00038720968687289841 0.0020152056500210456 0.0065911189717595938 0.0022983973690121856 -0.0030765941488440909 0.0064907738111799652 -0.0018171240886804849 0.0022286158997131661 -0.0083255145516116895 0.0045178160913158082 -0.0016528802475551981 -0.0023805139397318166 0.012591183474568834 0.0068788057256852888 -0.0018768833297665476 0.00047311626915014205 -0.00040302412856143546 0.0014878180664777783 0.00056496212522355095 -0.0068976472902634572 -0.0065047300802897274 -0.0020675289188141518 0.0042060078777354931 0.001224195968592078 0 -0.00079127209286068007 0.0057399727470350713 -0.0053440150928579953 -0.0023124925468286954
leaf_weight=7445.5546458810568 6074.828283816576 12339.156648084521 626.45385433733463 8770.0339772999287 18547.011661350727 20199.235836923122 1690.2431573271751 16083.81324622035 3234.4029321223497 4231.4539362043142 2942.200923204422 5927.4291765391827 9355.2299037277699 1525.6758380234241 5099.4132320135832 31027.517963692546 16119.453427731991 7834.5193636566401 15699.482836663723 1575.9378241747618 10624.289783015847 3429.4689182192087 1052.0828354209661 17505.597561880946 3521.3819900304079 3379.40120190382 9576.8966833502054 8959.3482810854912 3205.8888605237007 4730.2276672720909
leaf_count=29795 24371 49393 2509 35327 74339 80813 6784 64355 12982 16936 11817 23733 37433 6192 20509 124156 64553 31399 62889 6306 42511 13722 4218 70290 14125 13532 38347 35990 12835 18930
internal_value=-1.52869e-05 -0.00180418 0.00254953 0.00323625 0.00233338 -0.000830193 -0.000273701 -0.00368336 0.00538809 -0.00450105 -0.000513564 0.000916512 -0.00521549 0.00748656 0.00387181 -0.00123201 0.000812322 0.00149506 0.00197685 -0.00468663 -0.00593651 -0.00349044 0.00450182 0.00384845 0.00401022 0.00210746 -0.00175164 0.00481182 -0.00414126 -0.000157666
internal_weight=262334 154551 107783 88051.7 62040.9 101805 81606.1 52745.7 26010.8 36661.9 19730.8 32309 29216.4 10295.7 29731.9 43366.7 38239.4 26381.5 17389.7 24984.9 12200.2 12784.7 23657.1 18557.7 15715.1 6321.6 13409.2 12193.8 3832.34 20849.7
internal_count=1051091 618576 432515 353475 248859 407518 326705 211058 104616 146703 79040 129471 116908 41519 119388 173549 153156 105738 69673 99972 48817 51155 95017 74508 63097 25349 53691 48972 15344 83483
cat_boundaries=0 1 2 3
cat_threshold=514 2 320
is_linear=0
shrinkage=0.03


Tree=16
num_leaves=31
num_cat=4
split_feature=27 27 28 46 30 27 28 27 46 39 22 24 27 26 39 44 31 25 24 39 7 26 6 51 3 44 44 31 3 0
split_gain=1706.68 443.485 319.077 125.531 120.291 95.2734 81.4389 80.6609 70.5411 66.6932 63.663 63.2304 69.9298 53.7286 48.8901 47.3454 45.7511 43.6007 42.6639 41.7491 41.7262 40.6695 40.4339 37.3189 36.5659 36.557 33.574 33.3818 31.5398 31.1205
threshold=0.54246150000000004 0.50359750000000003 0.14039300000000002 1.0000000180025095e-35 0.37747650000000005 0.57712050000000004 0.25295300000000004 0.44707100000000005 1.0000000180025095e-35 0.54200950000000014 0 1 0.65666550000000012 10944.500000000002 0.54922400000000005 0.093752100000000019 0.46204250000000008 2 3 0.5229275000000001 1.5000000000000002 794.50000000000011 2.5000000000000004 -0.076040499999999997 6.5000000000000009 0.083341300000000021 0.37834700000000004 0.48184750000000004 2.5000000000000004 2019.5000000000002
decision_type=10 10 10 2 10 10 10 8 2 10 1 1 10 2 8 10 10 1 1 10 2 2 2 8 2 10 10 10 2 2
left_child=1 3 11 7 5 14 22 -1 13 16 18 -2 17 25 28 -6 -10 27 -8 -7 -19 -11 -5 -20 -14 -3 -27 -13 -4 -21
right_child=2 8 4 6 15 19 10 -9 9 21 -12 12 24 -15 -16 -17 -18 20 23 29 -22 -23 -24 -25 -26 26 -28 -29 -30 -31
leaf_value=-0.0055558658678294907 -0.00089980329236379389 -0.0017774136534569013 0.002944133705376465 -0.002355343235437049 -0.0029691801997231392 0.0022988430350447714 -0.0010938402104762031 -0.001831424879062279 -0.0029946809945098252 0.002900830354262628 -0.007870137616489201 -0.0013229440191709766 0.012071564582668653 0.0086146131023104849 0.0035907649081905056 0.0007551055672921558 -0.00021593904979527964 0.0073945515475002015 -0.01019600587816805 0.007483642573836569 0.0038964414614356202 -0.00066441529930098082 -0.0085366449556122364 -0.0048554713081211502 0.0036211898125824734 0.00092063604333214241 -0.0029174855485244308 0.0081813113493922583 0.0007107523503305862 0.004307571720156801
leaf_weight=6265.110377907753 1050.3322107046843 6539.9827138185501 7412.4809328615665 11227.249857380986 4197.0958195328712 7785.6919647753239 2513.197625502944 32139.44495421648 19343.70800191164 3926.4866058975458 9173.4500929117203 1230.8237609863281 2749.6006418168545 704.69055026769638 10455.801418930292 11421.388119131327 7395.6335680633783 10528.887117341161 1323.1595505475998 3520.1279639154673 4410.2679039686918 10755.988948702812 1043.8671247214079 11782.901823967695 570.37095084786415 31665.564091935754 2187.2342076450586 450.9079387485981 24757.876989096403 13960.116025790572
leaf_count=25075 4211 26177 29714 44916 16804 31253 10054 128574 77411 15724 36717 4937 11152 2830 41941 45750 29608 42452 5295 14165 17751 43059 4176 47141 2302 126757 8754 1810 99221 56072
internal_value=-1.44723e-05 -0.00198197 0.00295971 -0.00364403 0.00212792 0.00267404 -0.00489032 -0.00244018 -0.00046148 -0.0013353 -0.00588089 0.00626667 0.00664284 0.000418539 0.00180736 -0.000244165 -0.00222736 0.00584616 -0.00470936 0.00413464 0.0063606 0.000287382 -0.00288557 -0.00539502 0.0106334 0.000274179 0.000671532 0.00121039 0.00122651 0.00495005
internal_weight=262489 157988 104502 75468.4 83510.6 67892.1 37063.8 38404.6 82519.3 41421.8 24792.7 20991.2 19940.9 41097.5 42626.2 15618.5 26739.3 16620.9 15619.3 25265.9 14939.2 14682.5 12271.1 13106.1 3319.97 40392.8 33852.8 1681.73 32170.4 17480.2
internal_count=1051803 632268 419535 301948 334920 272366 148299 153649 330320 165802 99207 84615 80404 164518 170876 62554 107019 66950 62490 101490 60203 58783 49092 52436 13454 161688 135511 6747 128935 70237
cat_boundaries=0 1 2 3 4
cat_threshold=2 130 2 768
is_linear=0
shrinkage=0.03


Tree=17
num_leaves=31
num_cat=2
split_feature=27 27 27 24 40 28 30 31 21 40 46 34 26 28 27 46 0 24 27 44 40 46 37 44 26 30 51 42 3 7
split_gain=1622.84 398.654 281.586 130.106 99.861 88.9842 68.4777 64.6482 63.0104 61.4572 61.1929 59.363 62.208 55.9855 50.1913 48.4646 47.5741 45.4955 42.743 41.9446 41.5905 37.887 37.7363 35.0445 34.246 32.9563 32.4005 32.372 30.2338 33.6117
threshold=0.52966450000000009 0.58616950000000012 0.48453850000000004 0 0.14262250000000001 0.095622950000000012 0.37334650000000008 0.44898100000000002 0.35500000000000004 0.14646050000000002 1.0000000180025095e-35 0.5715690000000001 8852.5000000000018 0.25295300000000004 0.44707100000000005 1.0000000180025095e-35 2019.5000000000002 1 0.55162850000000019 0.23020750000000004 0.13994250000000005 1.0000000180025095e-35 0.10640450000000003 0.037561100000000007 3930.5000000000005 0.36369750000000006 -0.076040499999999997 0.80560500000000013 2.5000000000000004 1.5000000000000002
decision_type=8 10 10 1 10 10 8 10 2 8 2 10 2 10 10 2 2 1 10 10 10 2 8 10 2 10 8 10 2 2
left_child=2 6 10 23 21 22 9 15 25 18 14 -9 -13 -12 24 -6 -8 -11 -2 26 -10 -4 -5 -3 -1 -7 -15 -16 -20 -30
right_child=1 3 4 5 7 8 16 11 20 17 13 12 -14 19 27 -17 -18 -19 28 -21 -22 -23 -24 -25 -26 -27 -28 -29 29 -31
leaf_value=-0.0046068239790261496 0.0014672371882842889 -0.011359034202355794 0.00078467352836439591 0.013128371036538978 -0.0019471360759192142 0.0036314197087606386 0.0025740788801439209 -0.0014789975453226075 0.0067176521264457126 0.0019709865270985177 -0.0023794907668596289 -0.00016494463087805822 0.011220243118670819 -0.010459739246143577 -0.0024438667185653034 -0.0045191333806283976 -0.00056135706353146661 -0.00048975239996602372 0.0053165321259338672 -0.00062168560533461302 0.0042115803880664257 -0.0011036135994373216 0.0071112282526733066 -0.00066205771311260149 -0.011450364730413437 -0.001201207264147165 -0.0060696601798806366 0.0084901630697605656 0.0036203291452509686 0.00082971653193030718
leaf_weight=5508.7983638048172 18079.67376755178 333.34870767593384 18712.961566269398 1708.9283177554607 13380.564456179738 4233.6098019480705 5478.0689002424479 18452.443296790123 13710.09162427485 13590.829397469759 4503.7446797341108 1116.2878361642361 696.26886756718159 1715.9956010580063 16138.611167266965 13126.193981543183 21189.710696965456 13411.512387707829 5687.317681491375 1170.1246892213821 10755.699486047029 19539.172665074468 2193.508043423295 1571.6543654799461 755.77798314392567 1800.5636292845011 14786.132970616221 243.38901887834072 13467.003510817885 5504.5815110951662
leaf_count=22048 72444 1335 74892 6947 53530 17031 21971 73833 55234 54486 18018 4468 2798 6872 64562 52512 84834 53725 22831 4682 43254 78192 8867 6296 3028 7230 59178 974 54045 22086
internal_value=5.25168e-05 0.0023855 -0.00233179 0.00506497 -0.00131685 0.00548691 0.00137598 -0.00224665 0.00493983 0.00187039 -0.00425615 -0.000968729 0.00420331 -0.00537844 -0.0031553 -0.00322229 8.18134e-05 0.000748307 0.00257852 -0.00614048 0.00561781 -0.000179089 0.00976196 -0.00255115 -0.00544232 0.00218454 -0.0065298 -0.00227806 0.0033918 0.00281248
internal_weight=262563 132716 129846 36307.4 85023.9 34402.4 96408.7 46771.8 30500 69740.9 44822.6 20265 1812.56 22176 22646.6 26506.8 26667.8 27002.3 42738.6 17672.3 24465.8 38252.1 3902.44 1905 6264.58 6034.17 16502.1 16382 24658.9 18971.6
internal_count=1052203 532616 519587 146194 340225 138563 386422 187141 122749 279617 179362 81099 7266 88750 90612 106042 106805 108211 171406 70732 98488 153084 15814 7631 25076 24261 66050 65536 98962 76131
cat_boundaries=0 1 2
cat_threshold=2 355
is_linear=0
shrinkage=0.03


Tree=18
num_leaves=31
num_cat=1
split_feature=27 27 28 27 46 30 39 30 0 40 6 33 25 33 21 45 39 39 42 26 30 42 44 6 39 27 42 28 20 42
split_gain=1555.33 415.422 263.427 124.28 95.8132 95.3234 87.2789 77.9587 71.2371 60.7319 50.8614 47.0298 46.0909 48.6539 54.9968 40.8769 38.5216 37.7913 37.5834 37.9882 36.9174 38.323 35.7346 35.122 35.0321 34.4058 33.2979 31.9629 31.9282 31.6271
threshold=0.54586000000000012 0.50573250000000003 0.13672650000000003 0.45801850000000005 1.0000000180025095e-35 0.38758450000000005 0.51785800000000004 0.37270400000000009 2019.5000000000002 0.13444050000000005 2.5000000000000004 0.49094200000000005 0 0.55887350000000013 0.34500000000000003 4.5000000000000009 0.48312350000000009 0.54585850000000014 0.45504550000000005 2701.5000000000005 0.37368450000000003 0.76552450000000005 0.015317950000000002 2.5000000000000004 0.54463150000000005 0.5709725000000001 0.42701650000000008 0.16949450000000002 96.850000000000009 0.66292450000000003
decision_type=8 10 8 10 2 8 8 10 2 10 2 8 1 8 2 2 10 8 10 2 10 10 10 2 8 10 10 10 2 10
left_child=1 3 12 17 20 6 -4 15 -8 -9 18 -10 -2 -14 -15 -3 -11 -1 -6 22 21 -5 -20 25 -24 -13 -16 -7 -27 -29
right_child=2 7 5 4 10 27 8 9 11 16 -12 23 13 14 26 -17 -18 -19 19 -21 -22 -23 24 -25 -26 28 -28 29 -30 -31
leaf_value=-0.0062625947094133248 0.0015452865056671549 0.0011036656543226186 0.00085909841288324071 -0.00063751284290317143 -0.00082218817277041317 0.0015370707540928979 0.0056342952837129985 0.00054295439237202279 0.00035014341569187851 -0.006541114917038752 -0.0080725495836746451 0.0023622132622923707 0.0030918024371828453 0.003299552381658943 0.011954391002411606 -0.00075500662136093516 -0.0018191581388681225 -0.0030762856253516609 -0.0069619550991663502 -0.0056736954768334341 -0.0024374453642571833 0.0082676706312995295 -0.0035867947862404468 -0.00011325453808310408 -0.000210119236214317 0.0046401215010966742 0.007528260422913712 -0.0012025223456139584 -0.00059493236841168869 -0.0079997854329577553
leaf_weight=14162.913649812341 1804.3774042725563 31384.773068666458 18937.475417301059 12961.569620341063 3931.1361423581839 3639.3871909976006 9230.111711576581 10858.171797081828 6419.6004077941179 1660.2305438220501 2446.0693371444941 15209.519690647721 2910.4779937267303 2492.0318470001221 1856.9086600542068 16096.023119240999 25440.051375105977 4456.152894988656 1890.2013881802559 8039.2057251185179 17280.710724771023 446.75477865338326 8892.4380621910095 2732.6399490982294 4041.2630824446678 16690.474085941911 9879.1153868883848 4849.8339216560125 1107.3569653332233 706.55978401005268
leaf_count=56708 7247 125679 75939 51853 15727 14584 37110 43470 25723 6642 9787 60989 11719 10054 7562 64452 101792 17834 7564 32164 69129 1788 35578 10963 16168 67077 39883 19416 4447 2828
internal_value=4.39484e-06 -0.00178503 0.00298482 -0.00335981 -0.00269345 0.00222674 0.0026024 -0.000336841 0.00324415 -0.00135051 -0.00392295 0.00271979 0.00616481 0.00664428 0.00737273 0.000472935 -0.00211024 -0.00550224 -0.00354215 -0.00400835 -0.00152074 -0.000336779 -0.00310222 0.00314452 -0.00253433 0.00341512 0.00823401 -0.000642842 0.00431267 -0.00207612
internal_weight=262454 163988 98465.9 78548.4 59929.3 79523 70327.2 85439.2 51389.7 37958.5 29240.3 42159.6 18942.9 17138.5 14228.1 47480.8 27100.3 18619.1 26794.2 22863.1 30689 13408.3 14823.9 35740 12933.7 33007.4 11736 9195.78 17797.8 5556.39
internal_count=1051876 656335 395541 314300 239758 319076 282248 342035 206309 151904 116988 169199 76465 69218 57499 190131 108434 74542 107201 91474 122770 53641 59310 143476 51746 132513 47445 36828 71524 22244
cat_boundaries=0 1
cat_threshold=2
is_linear=0
shrinkage=0.03


Tree=19
num_leaves=31
num_cat=1
split_feature=27 27 27 0 30 30 25 46 39 26 32 34 6 39 46 39 39 7 44 28 31 0 32 0 0 6 51 37 42 33
split_gain=1452.83 463.031 141.117 119.388 121.585 107.232 94.0782 88.6297 72.7863 70.401 57.3275 54.3581 52.4673 47.8354 44.7677 44.0452 41.8962 41.0566 37.6828 36.2575 35.5342 35.1053 35.0158 33.7857 32.9017 31.469 30.6582 29.8085 29.235 28.026
threshold=0.51873550000000013 0.58338200000000018 0.45801850000000005 2019.5000000000002 0.40573450000000005 0.37301050000000008 0 1.0000000180025095e-35 0.54084850000000018 1003.5000000000001 0.33184500000000006 0.49474800000000002 2.5000000000000004 0.56370600000000015 1.0000000180025095e-35 0.54585850000000014 0.53638550000000007 1.5000000000000002 0.072168150000000014 0.3284565000000001 0.40177950000000001 2023.5000000000002 0.47979600000000006 2019.5000000000002 2019.5000000000002 2.5000000000000004 0.03924250000000002 0.11393850000000001 0.4536130000000001 0.57809900000000003
decision_type=10 10 8 2 10 10 1 2 10 2 8 10 2 8 2 8 8 2 8 10 10 2 8 2 2 2 10 10 8 10
left_child=2 5 15 6 9 8 -3 18 11 -5 -9 -2 16 14 -7 -1 28 27 19 -4 -11 -16 -20 -15 -10 29 -13 -8 -12 -22
right_child=1 3 7 4 -6 13 17 10 24 20 12 26 -14 23 21 -17 -18 -19 22 -21 25 -23 -24 -25 -26 -27 -28 -29 -30 -31
leaf_value=-0.0059344031925513451 -0.0010242591663324407 -0.00077890303578367166 -0.0031916126995716349 0.000713168965575151 -0.0068717172810284751 0.00018981160970952794 0.010874154653764033 -0.0066648167414391085 0.0045753314901308051 0.011297783339046734 -0.00083668923997609124 0.0009980519966151975 -0.0065304591625432711 0.0045400555441181606 -0.0015799315854733824 -0.0024939035465588824 -0.0011939697821494049 0.0049914535065960748 -0.0017970643350213101 0.0064725068459289253 0.0034512487197394266 -0.0060644536471275989 0.00014740971632326737 1.5998736726113382e-05 0.0021488339887127859 0.00014196695838177524 0.0032560753939357683 0.0072695951652123449 -0.0038069088445385345 0.0058609036120034121
leaf_weight=14134.783881664276 11066.99500104785 1283.3753797113895 10063.436248883605 5127.6635875999928 983.95103211700916 15233.178781121969 3834.4559397548437 3923.1346002370119 6751.2539850771427 704.73803959786892 3592.5724154263735 37053.011162847281 3208.4757230579853 2598.7492713928223 13454.548345953226 4441.4047536104918 13440.219000652432 3482.0018126368523 16025.301506608725 357.2694638222456 8104.1204180568457 1784.5769330561161 17309.934583902359 3494.5273436307907 20188.12671020627 1448.1166518181562 6357.0622901022434 4754.0847280472517 18433.07498472929 9643.1425573080778
leaf_count=56606 44298 5151 40259 20613 3942 60988 15515 15700 27105 2892 14374 148521 12838 10427 53864 17776 53776 14054 64111 1430 32577 7140 69260 13994 80949 5820 25502 19216 73751 38832
internal_value=-6.4901e-06 0.00181672 -0.00274075 0.00463415 0.00344742 0.000876313 0.00694222 -0.00222973 0.0014825 0.00385508 -0.00320426 0.000850846 -0.00285196 -0.000472609 -0.000958503 -0.00511396 -0.0025178 0.00775984 -0.00128015 -0.00285564 0.00466292 -0.00210815 -0.000786538 0.00195169 0.00275849 0.00441604 0.00132961 0.00888562 -0.00332398 0.00476302
internal_weight=262277 157348 104930 39365.7 26011.7 117982 13353.9 86353.4 81416.4 25027.8 42597.5 54477.1 38674.3 36565.6 30472.3 18576.2 35465.9 12070.5 43755.9 10420.7 19900.1 15239.1 33335.2 6093.28 26939.4 19195.4 43410.1 8588.54 22025.6 17747.3
internal_count=1051281 631400 419881 158612 104676 472788 53936 345499 326375 100734 170439 218321 154739 146413 121992 74382 141901 48785 175060 41689 80121 61004 133371 24421 108054 77229 174023 34731 88125 71409
cat_boundaries=0 1
cat_threshold=2
is_linear=0
shrinkage=0.03


Tree=20
num_leaves=31
num_cat=5
split_feature=27 27 27 0 30 25 32 46 24 22 33 27 31 48 24 31 28 26 51 42 46 28 0 25 30 6 28 44 48 28
split_gain=1430.52 319.041 215.308 112.302 130.015 93.2183 80.4014 78.3338 74.9153 64.2052 52.4949 51.6996 51.6474 47.8608 47.7598 42.4888 47.3676 38.2211 62.0751 35.9617 35.6235 34.9447 34.6664 37.4564 33.8985 32.514 31.4501 31.4298 29.9582 32.0572
threshold=0.52883550000000012 0.5811375000000002 0.49959550000000003 2019.5000000000002 0.40424300000000007 0 0.51463450000000011 1.0000000180025095e-35 1 2 0.38474750000000008 0.44707100000000005 0.42334050000000006 1.0000000180025095e-35 3 0.45266650000000003 0.19150150000000002 8496.5000000000018 0.044348500000000075 0.45604450000000002 1.0000000180025095e-35 0.28998900000000005 2022.5000000000002 4 0.35940600000000006 2.5000000000000004 0.17723800000000003 0.3448170000000001 1.0000000180025095e-35 0.073738700000000004
decision_type=10 10 8 2 10 1 8 2 1 1 8 10 10 2 1 10 8 2 10 10 2 10 2 1 10 2 10 10 2 10
left_child=2 6 7 5 8 -3 25 11 27 14 -4 -1 -8 26 -9 16 -12 -17 -19 -16 -18 -11 23 -22 -10 -2 -14 -5 29 -7
right_child=1 3 10 4 -6 28 12 9 24 21 15 -13 13 -15 19 17 20 18 -20 -21 22 -23 -24 -25 -26 -27 -28 -29 -30 -31
leaf_value=-0.0049080508481922427 0.00033706262103018578 -0.00091027042656631452 -0.0046532881682798781 0.0049104070447294626 -0.0067249109772131816 0.013673198466739778 -0.00030565428235822115 -0.0013189610493259171 0.003023375384066127 -0.0049653143199203161 0.0022855769731600565 -0.001890257784704277 0.0046154067180593948 0.00078848878510196548 0.00083115517328673856 -0.0001399632701813532 -0.00071881263765611529 0.00012593684780259562 0.010323860704385315 -0.0048258851337278337 -0.0050987347689645203 -0.0084310856126070359 -0.0045857439170405717 -0.00080998753887896518 -0.00023864742276157874 -0.0029086207429100414 0.0023873235587050963 0.011442596920356528 0.0050055674975451733 0.0076584371987044597
leaf_weight=6274.6144129186869 33855.010366082191 1368.2587884813547 3317.5022891759872 12537.291614100337 1130.6942289322615 907.30060416460037 8247.2791919857264 6248.1934752315283 10289.46478445828 6612.3308330476284 2901.1677051335573 27976.588013142347 7401.9103534221649 13937.781455025077 1075.7956529259682 18349.372424602509 16694.675184622407 1440.2934307157993 859.63805145025253 14663.74835857749 2308.8876951038837 4446.4705088436604 5689.8681533932686 8897.5521419197321 3950.7483421713114 3022.5945822298527 25558.359922349453 707.35546328127384 3611.7694109678268 7960.0227200984955
leaf_count=25128 135627 5491 13272 50485 4529 3690 33042 25000 41389 26461 11615 111923 29723 55888 4304 73437 66801 5766 3456 58684 9238 17823 22762 35602 15856 12105 102469 2908 14583 32196
internal_value=-1.11152e-05 0.00214833 -0.00228454 0.00429955 0.00322367 0.00651952 0.00115524 -0.003452 0.00363472 -0.00449515 -0.00098441 -0.00244436 0.00188039 0.00226545 -0.00355339 -0.000770645 -0.00138613 0.000315648 0.00395909 -0.00443442 -0.00170431 -0.00636344 -0.00267598 -0.00170268 0.00211492 7.00087e-05 0.00288897 0.00526008 0.00733144 0.00828166
internal_weight=262243 134486 127757 42462.9 28615.6 13847.4 92022.9 67297.7 27484.9 33046.5 60459 34251.2 55145.3 46898.1 21987.7 57141.5 36492.2 20649.3 2299.93 15739.5 33591 11058.8 16896.3 11206.4 14240.2 36877.6 32960.3 13244.6 12479.1 8867.32
internal_count=1051253 539981 511272 171127 115167 55960 368854 269323 110638 132272 241949 137051 221122 188080 87988 228677 146018 82659 9222 62988 134403 44284 67602 44840 57245 147732 132192 53393 50469 35886
cat_boundaries=0 1 2 3 4 5
cat_threshold=2 73 2 792 10
is_linear=0
shrinkage=0.03


Tree=21
num_leaves=31
num_cat=3
split_feature=27 27 28 32 33 46 31 39 3 46 27 26 43 39 40 0 39 24 37 24 32 30 45 39 28 28 30 24 39 45
split_gain=1300.98 295.988 228.836 90.5229 85.8216 74.1522 65.5705 60.6351 56.2473 54.8047 49.7672 48.2252 45.4453 44.2446 43.8078 43.139 42.2215 39.6547 42.1066 39.1494 36.8234 35.2434 34.8165 34.4482 33.2794 32.8448 32.1795 32.0765 31.0278 29.1037
threshold=0.54246150000000004 0.50502250000000004 0.14039300000000002 0.49479100000000004 0.43991700000000006 1.0000000180025095e-35 0.40393900000000005 0.54357750000000016 6.5000000000000009 1.0000000180025095e-35 0.65666550000000012 11355.500000000002 0.29936400000000002 0.54229250000000018 0.13909450000000004 2019.5000000000002 0.5393595000000001 0 0.15884100000000004 1 0.39228100000000005 0.33165550000000005 8.5000000000000018 0.48048050000000003 0.18659450000000002 0.23248150000000004 0.38829850000000005 2 0.50862050000000003 8.5000000000000018
decision_type=10 10 10 10 8 2 10 10 2 2 10 2 10 10 10 2 8 1 10 1 8 10 2 8 10 10 10 1 10 2
left_child=1 4 8 26 14 11 -5 21 10 -6 23 12 17 20 19 -15 22 18 -3 -1 -7 -8 -11 -2 -9 -19 27 -4 -23 -30
right_child=2 5 3 6 9 13 7 24 -10 16 -12 -13 -14 15 -16 -17 -18 25 -20 -21 -22 28 -24 -25 -26 -27 -28 -29 29 -31
leaf_value=-0.0057137830589370931 -0.00034334758961894501 0.0060052442112408571 0.0018470553460882009 -0.0025584632454272909 -0.001392124640700015 -0.0047266307581146352 0.0043435494221062453 0.0050902274225745128 0.0024158747754590903 -0.0038042875287175875 0.0097631105848130454 0.009015194634586653 -0.00093105361193244758 0.0029677613008146585 -0.0053236050934618662 -0.00094519134466123061 -0.0015587905410945203 0.0016490786406244311 -0.0010495861486389318 -0.0014204198278546369 -0.0016264964490897841 1.5526017344729609e-05 -0.0087640580590419553 0.00581120544407199 0.0025965434900901132 -0.00081715039174737466 -0.0024005938475250167 -0.00062200049062826311 0.0024370685048231951 -0.0012487826464284298
leaf_weight=2769.7368638664484 865.05128394067287 2662.9846699237823 10388.900953799486 2245.5065793991089 26219.854922905564 4103.9749740064144 4904.1399680674076 11188.624940231442 4584.3480538725853 15276.805855870247 2907.4990563839674 578.71197788417339 15838.214271590114 3302.7921869158745 17658.716707035899 10880.328771069646 7940.8311877995729 11543.459952130914 1055.2684648931026 6282.9920359700918 22077.82787270844 8261.470274195075 1401.5197362005711 12629.80229921639 8596.6514119803905 8372.2485143989325 3509.6510425806046 8662.7831252813339 23441.567599341273 2087.8042708039284
leaf_count=11087 3478 10668 41659 8996 104900 16420 19705 45006 18492 61136 11852 2328 63397 13233 70707 43555 31772 46222 4224 25150 88368 33130 5610 51009 34511 33503 14049 34723 94095 8373
internal_value=-3.43805e-05 -0.00175125 0.00256623 0.00186008 -0.00307366 -0.000475523 0.00246296 0.0026564 0.00536652 -0.00234877 0.00618879 0.000438448 0.000311267 -0.00138309 -0.00445178 -3.1441e-05 -0.00336611 0.00114508 0.00398503 -0.00274665 -0.00211407 0.00196387 -0.00422437 0.00541447 0.0040088 0.000610535 0.000235952 0.000723525 0.00161726 0.00213435
internal_weight=262240 157966 104274 83287.1 77550.5 80415.8 60725.8 58480.3 20986.7 50839 16402.4 40050.9 39472.2 40364.9 26711.4 14183.1 24619.2 23634 3718.25 9052.73 26181.8 38695 16678.3 13494.9 19785.3 19915.7 22561.3 19051.7 33790.8 25529.4
internal_count=1051358 632280 419078 334247 310362 321918 243816 234820 84831 203418 66339 160342 158014 161576 106944 56788 98518 94617 14892 36237 104788 155303 66746 54487 79517 79725 90431 76382 135598 102468
cat_boundaries=0 1 2 3
cat_threshold=18 6 109
is_linear=0
shrinkage=0.03


Tree=22
num_leaves=31
num_cat=3
split_feature=27 27 27 0 26 39 25 46 46 6 22 39 30 33 31 32 32 39 0 7 0 31 34 3 26 42 42 27 22 42
split_gain=1272.54 296.185 190.653 91.8015 104.24 76.8155 74.6202 71.5634 71.359 79.4737 68.1759 61.6282 52.2804 46.7382 43.3511 40.3624 39.6535 38.8268 36.6046 33.0798 31.3393 48.6952 43.2284 30.1636 44.5066 30.0505 30.0252 28.1543 36.4286 27.7497
threshold=0.52883550000000012 0.58725000000000016 0.49959550000000003 2019.5000000000002 1003.5000000000001 0.54922400000000005 0 1.0000000180025095e-35 1.0000000180025095e-35 2.5000000000000004 1 0.50128250000000019 0.37270400000000009 0.45008600000000004 0.42488050000000005 0.49509800000000004 0.44843700000000003 0.48048050000000003 2019.5000000000002 1.5000000000000002 2020.5000000000002 0.45084750000000007 0.58453100000000002 5.5000000000000009 735.50000000000011 0.69714650000000011 0.57895300000000016 0.54006250000000011 2 0.45266050000000008
decision_type=10 10 8 2 2 10 1 2 2 2 1 8 10 10 10 8 10 8 2 2 2 10 10 2 2 10 10 10 1 10
left_child=2 5 7 6 12 8 -3 13 15 14 23 -4 -5 -1 26 -2 -6 -16 -7 29 -13 -22 -23 -9 -25 -12 -10 -19 -29 -8
right_child=1 3 11 4 16 18 19 10 9 -11 25 20 -14 -15 17 -17 -18 27 -20 -21 21 22 -24 24 -26 -27 -28 28 -30 -31
leaf_value=-0.0035041788431042276 0.00015414857807166665 -0.0006677250710434375 -0.0033714796869033126 0.0018127222421495059 -0.00024564424488422227 0.0041827898872488769 0.011987067701878207 -0.0021866798253186029 -0.0007676231844911661 -0.0052784812463934584 -0.0066002351861773828 0.00069846013610895172 -0.0043950840202079261 -0.0012696721867046048 -0.0041838829718135514 0.0022433054434845608 0.0048492964751311058 -0.0007997360760454655 0.0018043856083097165 0.0046991525105783555 -0.0018450713011176397 -0.00015432189184961232 0.005528285022223715 -0.0018952886127434774 -0.0059541379762772613 -0.00084792157216221384 -0.0055940345175026079 0.0022895851443360208 -0.00077773843117196135 0.0074284252302972845
leaf_weight=15157.088836029172 12099.174433901906 1181.190620303154 7902.5895053446293 3449.2049054801464 1492.1242068111897 8882.0107458978891 1527.8764463812113 11576.604555755854 3635.6326768100262 2640.1441895514727 10212.73646453023 13780.660177543759 1884.7225486189127 19112.81903347373 1414.8978745192289 26893.952985733747 15931.338205382228 6357.9282335340977 17167.388577848673 3282.2482321411371 23040.648573547602 14457.209920614958 1310.6173994988203 3942.2983028888702 6468.7440835982561 902.63279083371162 1714.4078497588634 13752.019530951977 4648.0603658556938 6407.2641247808933
leaf_count=60672 48462 4742 31621 13884 5992 35694 6220 46328 14557 10576 40912 55164 7560 76464 5669 107852 64254 25460 68854 13270 92181 57857 5260 15779 25893 3614 6864 55160 18641 25955
internal_value=1.77491e-05 0.00205655 -0.00212441 0.00442287 0.00328792 0.00121758 0.00650235 -0.00322223 0.000718817 -0.000281435 -0.00421815 -0.000901117 -0.000376398 -0.00225906 0.000136594 0.00159589 0.00441128 0.000640536 0.00261689 0.00725414 -0.000529154 -0.000965865 0.000317074 -0.00324647 -0.00442106 -0.00613617 -0.00232211 0.000917932 0.00151312 0.00831415
internal_weight=262226 134362 127865 35156 22757.4 99205.6 12398.6 67372.9 73156.2 34163.1 33103 60491.7 5333.93 34269.9 31522.9 38993.1 17423.5 26172.9 26049.4 11217.4 52589.1 38808.5 15767.8 21987.6 10411 11115.4 5350.04 24758 18400.1 7935.14
internal_count=1051411 539666 511745 141877 91690 397789 50187 269662 293241 136927 132526 242083 21444 137136 126351 156314 70246 104930 104548 45445 210462 155298 63117 88000 41672 44526 21421 99261 73801 32175
cat_boundaries=0 1 2 3
cat_threshold=2 2 2
is_linear=0
shrinkage=0.03


Tree=23
num_leaves=31
num_cat=7
split_feature=27 27 28 46 30 27 28 30 24 27 40 22 44 26 40 0 25 26 45 24 51 25 6 30 32 34 25 0 24 43
split_gain=1188.5 290.213 206.672 95.4614 74.5241 64.2857 58.9166 58.8719 51.4602 51.2544 50.3846 45.2726 42.5445 42.1797 41.132 39.332 40.1055 35.4462 35.2704 34.7147 34.1064 32.8117 32.1168 30.1375 29.3162 28.847 28.5631 51.9646 28.317 27.0659
threshold=0.54482850000000005 0.50502250000000004 0.13672650000000003 1.0000000180025095e-35 0.37747650000000005 0.58830050000000012 0.25295300000000004 0.37270400000000009 0 0.45608900000000008 0.13481050000000003 1 0.3498305000000001 9655.5000000000018 0.14632350000000002 2019.5000000000002 2 4152.5000000000009 4.5000000000000009 3 0.078817499999999999 4 2.5000000000000004 0.37720350000000008 0.26975050000000006 0.51394850000000003 5 2020.5000000000002 6 0.31763350000000007
decision_type=10 8 10 2 10 10 10 8 1 10 10 1 10 2 10 2 1 2 2 1 10 1 2 10 8 8 1 2 1 10
left_child=1 3 8 9 5 14 22 13 12 17 -9 24 -2 18 -4 16 -10 -1 -3 -16 -15 -6 -5 -17 -8 -7 27 -27 -26 -25
right_child=2 7 4 6 21 25 11 10 15 -11 -12 -13 -14 20 19 23 -18 -19 -20 -21 -22 -23 -24 29 28 26 -28 -29 -30 -31
leaf_value=-0.0032618414181512932 0.0064253982873937058 0.00072564797361323414 0.002471231092778269 -0.0018982283102540764 -0.0021539387395824441 -0.00036660669738163996 -0.009228599271484306 0.00042058491560180796 0.0023023763043600086 -0.0013211595040025417 -0.001973828094671485 -0.0065317429619798396 0.012866630918331153 0.0019246968243449235 0.0027663016410956801 0.0033448062081100371 0.0070158915104701312 -0.0095093746629023746 -0.0010608941376319479 -6.2794863984471459e-05 0.01011749308274054 0.00090245682961377508 -0.0072523785771760061 0.0023972366753193803 -0.0010475265086116064 -0.0051644234743441556 0.0048083317026722137 0.0057887500501489549 -0.0042482057415520538 -0.0072496345746051486
leaf_weight=7957.5696334987879 5200.9117911159992 29170.480258539319 30924.477766349912 11793.863495826721 4556.0600572675467 1252.9190539866686 876.13260565698147 11169.890915468335 2415.5260841101408 30617.716574415565 26929.814432010055 9275.6279865652323 1141.2937299013138 1569.3715527951717 5357.8039973825216 3812.0812787413597 5350.3229564428329 916.78021222352982 15081.685331285 14223.97525934875 651.30116054415703 10243.807976782322 1106.1513579338789 517.42922762036324 3226.6336991935968 752.1641955524683 13094.380269318819 801.78383256494999 11684.350198015571 518.09964986145496
leaf_count=31867 21055 116807 124176 47189 18253 5029 3510 44719 9759 122488 107749 37173 4702 6295 21501 15380 21678 3678 60384 57026 2624 41049 4427 2080 12912 3016 52780 3223 46774 2079
internal_value=-2.40965e-05 -0.00161228 0.00254468 -0.00293902 0.0018856 0.00231462 -0.00401394 -0.000396793 0.00536593 -0.00190473 -0.00127108 -0.00486302 0.00758282 0.000319363 0.00178962 0.00423796 0.00556709 -0.00391363 0.000116064 0.000711433 0.00435146 -3.75028e-05 -0.00236124 0.00210912 -0.00387961 0.00397962 0.00435342 0.000465047 -0.00356151 -0.00240743
internal_weight=262190 162027 100163 77454.8 81207.4 66407.5 37962.8 84572.5 18955.7 39492.1 38099.7 25062.7 6342.21 46472.8 50506.3 12613.5 7765.85 8874.35 44252.2 19581.8 2220.67 14799.9 12900 4847.61 15787.1 15901.2 14648.3 1553.95 14911 1035.53
internal_count=1051382 648596 402786 310018 326053 266751 151985 338578 76733 158033 152468 100369 25757 186110 202703 50976 31437 35545 177191 78527 8919 59302 51616 19539 63196 64048 59019 6239 59686 4159
cat_boundaries=0 1 2 3 4 5 6 7
cat_threshold=65 2 131 66 134 2 832
is_linear=0
shrinkage=0.03


Tree=24
num_leaves=31
num_cat=3
split_feature=27 27 27 24 46 39 21 27 32 39 27 30 6 11 24 39 0 25 34 26 39 39 0 26 0 31 30 44 26 39
split_gain=1115.85 284.268 197.875 110.377 92.6969 65.4277 61.2247 59.4857 57.3958 54.9685 50.8486 48.2337 46.492 43.4086 41.7132 38.0403 43.3424 41.0725 34.8244 33.4475 33.0947 32.2361 31.3704 49.4206 30.5647 29.7509 29.5035 38.7714 57.6042 29.103
threshold=0.54180700000000004 0.50502250000000004 0.58942450000000013 0 1.0000000180025095e-35 0.52338750000000012 0.29500000000000004 0.45435850000000005 0.39228100000000005 0.54463150000000005 0.67082950000000008 0.37270400000000009 2.5000000000000004 4.5000000000000009 1 0.48681000000000002 2020.5000000000002 2 0.38161100000000009 9655.5000000000018 0.48180050000000002 0.50906950000000017 2019.5000000000002 553.50000000000011 2022.5000000000002 0.49584800000000001 0.37403750000000008 0.010209500000000002 3396.5000000000005 0.52194050000000003
decision_type=10 8 10 1 2 10 2 10 8 8 10 10 2 2 1 8 2 1 8 2 10 8 2 2 2 10 10 10 2 10
left_child=1 4 5 29 7 20 22 -1 -3 12 21 19 18 -7 -11 -13 17 -17 -6 -10 -2 -8 -5 -24 -16 -12 27 28 -9 -4
right_child=2 8 3 6 9 13 10 26 11 14 25 15 -14 -15 24 16 -18 -19 -20 -21 -22 -23 23 -25 -26 -27 -28 -29 -30 -31
leaf_value=-0.0041159192602308525 -0.002388695870217034 -0.0023268295291049295 0.0020749528686418699 0.0051034022355002477 -0.0078616095583973096 0.0029857834547551208 0.0023209794074125884 0.0012698699822966126 0.00047894659073642647 -0.0039973498905472565 0.010793992747951852 -0.0053663666286058245 -0.0085893262240389796 0.0011584009157520646 0.00098597368725359129 -0.0080179526921157623 -0.0014498422116458346 0.0015772763440816289 -0.0039012465096356858 0.004443941652780962 0.00071770758353773825 0.0053884541735758403 -0.0046663808390098906 0.002750459807118185 -0.0052681903627359045 0.00045955350661460804 -0.0020824191508024767 -0.0006339609698173622 0.019008309301905613 -0.005811599820548242
leaf_weight=8367.1505538076162 3609.6985277086496 11187.650968328118 658.12448488175869 1718.7799978405237 2203.751987606287 26191.221219494939 3699.4668116271496 635.37480729818344 36771.283868893981 4783.8487804234028 2079.4597878158092 1636.1800529658794 2440.2219435721636 21280.472839578986 4139.1363023817539 408.67590686678886 19309.950823247433 8199.5277605056763 23582.319395795465 2019.9793184697628 21118.307375133038 19923.908659934998 1236.9319838881493 2319.6465307921171 843.93800792098045 292.27403712272644 17425.18315987289 12826.204271867871 221.75037544965744 1138.9843829572201
leaf_count=33520 14466 44768 2637 6954 8840 105186 14896 2542 147236 19148 8523 6546 9776 85400 16564 1635 77257 32832 94419 8118 84672 80527 4967 9349 3378 1183 69712 51311 888 4565
internal_value=6.66299e-06 -0.00159551 0.00239651 0.00431884 -0.00288896 0.00151552 0.00473386 -0.00186921 -0.0003352 -0.00394747 0.00533394 -8.65862e-06 -0.00461954 0.00216737 -0.00200129 -0.000922097 -0.000660011 0.00110814 -0.00424175 0.000686517 0.000262799 0.00490971 0.00177883 0.000160792 -6.96133e-05 0.00953528 -0.00126362 -0.000218498 0.00594423 -0.00289207
internal_weight=262269 157002 105267 33067.6 77468.9 72199.7 31270.5 39475.7 79533.2 37993.2 25995.1 68345.6 28226.3 47471.7 9766.92 29554.3 27918.2 8608.2 25786.1 38791.3 24728 23623.4 5275.36 3556.58 4983.07 2371.73 31108.5 13683.3 857.125 1797.11
internal_count=1051815 628490 423325 133601 310098 289724 126399 157973 318392 152125 105129 273624 113035 190586 39090 118270 111724 34467 103259 155354 99138 95423 21270 14316 19942 9706 124453 54741 3430 7202
cat_boundaries=0 1 2 3
cat_threshold=2 23 2
is_linear=0
shrinkage=0.03


Tree=25
num_leaves=31
num_cat=4
split_feature=27 27 28 32 30 33 39 39 24 39 26 33 24 39 51 0 34 24 26 27 30 29 30 24 39 28 45 27 44 46
split_gain=1058.78 240.984 189.967 70.2371 66.9101 65.4987 50.18 49.0338 48.7975 46.2114 44.9609 43.7156 35.4552 39.6327 32.5475 32.4404 32.269 50.2246 34.0634 31.9887 41.3171 31.877 34.6784 30.9115 29.8633 29.4569 28.517 26.4553 25.0613 24.1371
threshold=0.54482850000000005 0.49959550000000003 0.13672650000000003 0.50609850000000012 0.37270400000000009 0.41476400000000008 0.5337145000000002 0.51637650000000013 0 0.50862050000000003 868.50000000000011 0.38474750000000008 1 0.51818900000000012 0.0024240000000000377 2019.5000000000002 0.56963350000000013 2 1508.5000000000002 0.56932000000000016 0.38719850000000006 0.11976050000000002 0.36964650000000004 3 0.48681000000000002 0.21016850000000001 8.5000000000000018 0.46450150000000007 0.10110850000000002 1.0000000180025095e-35
decision_type=10 8 10 8 10 8 8 8 1 8 2 8 1 10 10 2 10 1 2 10 10 10 10 1 10 10 2 10 10 2
left_child=1 5 8 12 11 10 24 27 21 -5 14 -3 -4 -14 28 -8 18 -18 -13 -11 -21 -2 -23 -10 -6 -9 29 -7 -1 -27
right_child=2 4 3 9 6 7 15 25 23 19 -12 16 13 -15 -16 -17 17 -19 -20 20 -22 22 -24 -25 -26 26 -28 -29 -30 -31
leaf_value=-0.0030745628734140315 0.0095951430806543447 -0.0047112434030728723 -0.0034611604529155653 0.00040059166167151017 -0.0053939329773302078 -0.005704514807237983 0.0023005877252967421 0.0025002849050292878 -0.0012397406550904611 0.0019128459204930347 -0.0057724002772748893 0.001296779176884148 -0.0010845811361946879 0.0015939390212106866 -0.0072909449860443379 -0.00084187936971077981 0.0068662949396797561 0.00069369426774144156 -0.00049534103449745074 0.0038291593777689545 -0.00091455240919136407 0.0070620943338406232 7.6932006367106781e-05 0.0044454753973540932 -0.0019389016316502272 -0.00079730491359493081 -0.0046879574290200421 -0.0029676893978445541 0.0014011183967944051 -0.0024710946844638446
leaf_weight=3004.9928047060966 2943.3103311806917 1570.5817098021507 1876.6026658862829 8873.9252631813288 2525.2093197405338 4481.0250862389803 3633.2676996737719 1410.6917230188847 920.95921282470226 21471.318200796843 10099.298125490546 14123.935491621494 7027.1902740746737 16901.378202140331 1028.2869108915329 15770.712476745248 1653.3751423805952 4197.3200040012598 29414.915024548769 23374.042090848088 1766.2722055912018 2527.592364564538 867.80470550060272 11665.303122252226 21698.892085134983 15522.989580214024 3041.2503346055746 11349.37324129045 1786.6574016958475 15639.231379047036
leaf_count=12041 12052 6284 7517 35606 10103 17953 14554 5644 3697 86157 40474 56561 28157 67817 4121 63111 6654 16817 117756 94145 7081 10232 3503 47216 86817 62110 12175 45414 7155 62606
internal_value=-5.07269e-06 -0.00150489 0.00241836 0.00178746 -0.000527874 -0.00287624 -0.00139027 -0.00235441 0.00512608 0.00238895 -0.00455993 0.000209889 0.000492848 0.000805701 -0.0024489 -0.000251663 0.000367264 0.0024587 8.53803e-05 0.0027668 0.00349462 0.00728443 0.00528728 0.00402625 -0.00230093 -0.00173509 -0.00191086 -0.00374522 -0.00139963 -0.00163844
internal_weight=262168 161952 100216 81290.7 94588.2 67363.8 43628.1 51444.6 18925 55485.6 15919.2 50960.1 25805.2 23928.6 5819.94 19404 49389.5 5850.7 43538.9 46611.6 25140.3 6338.71 3395.4 12586.3 24224.1 35614.2 34203.5 15830.4 4791.65 31162.2
internal_count=1051530 648350 403180 326480 378657 269693 174585 205902 76700 222989 63791 204072 103491 95974 23317 77665 197788 23471 174317 187383 101226 25787 13735 50913 96920 142535 136891 63367 19196 124716
cat_boundaries=0 1 2 3 4
cat_threshold=65 2 2 130
is_linear=0
shrinkage=0.03


Tree=26
num_leaves=31
num_cat=5
split_feature=27 27 28 46 32 27 46 39 33 6 24 45 28 39 34 39 39 26 39 0 25 43 24 24 27 24 30 27 40 43
split_gain=975.189 247.412 172.857 80.6362 77.4559 71.7466 61.6835 54.2706 52.4368 46.6617 42.4627 39.3956 39.097 38.1395 36.7158 34.2284 33.1626 32.7357 32.628 32.2772 42.4279 32.2753 31.3999 31.3574 31.2265 34.8112 30.6896 32.192 29.5988 29.394
threshold=0.54246150000000004 0.49959550000000003 0.13672650000000003 1.0000000180025095e-35 0.49431750000000002 0.44707100000000005 1.0000000180025095e-35 0.50862050000000003 0.41682050000000009 2.5000000000000004 0 9.5000000000000018 0.29563650000000002 0.50952550000000019 0.38161100000000009 0.54922400000000005 0.58697850000000018 10944.500000000002 0.54834450000000012 2020.5000000000002 1 0.29936400000000002 2 3 0.60833000000000015 4 0.40149350000000006 0.57877650000000014 0.13968550000000005 0.059545050000000009
decision_type=10 8 10 2 10 10 2 10 8 2 1 2 10 10 8 8 8 2 8 2 1 8 1 1 10 1 10 10 10 10
left_child=1 5 13 17 10 12 -7 19 -5 26 -4 15 -1 -2 -8 -10 23 21 -16 20 -6 29 -20 -12 -15 -26 27 -9 -14 -3
right_child=2 3 4 8 7 6 14 9 11 -11 16 -13 28 24 18 -17 -18 -19 22 -21 -22 -23 -24 -25 25 -27 -28 -29 -30 -31
leaf_value=-0.0028085456123491314 0.0016157467422202852 -0.0041381844382479783 -0.0044878859581042579 -0.0045053982668613593 -0.0049700299560669226 -0.0014247369073431342 -0.0076876426359756998 0.0024085262360731873 -0.0013315726202001994 -0.00047708890684933399 0.0023993931996182474 -0.0044695176394892368 -0.003619640188224599 0.0038236604011574749 -0.0037141481482609751 0.00068863282679368907 0.0053078205715075179 0.0057421830303082998 -0.0034105510346252774 0.0012551118978473145 0.0028772769940569928 -0.00067597028798593449 0.0011424938548564912 -0.00042853420225921995 0.0016332059586427184 0.007212384839639983 -0.00030828961813732166 0.0040543950220801881 -0.0076083871197219965 0.0011710470237371801
leaf_weight=4831.6869911849499 2859.9883752912283 969.79359684884548 1628.8157092928886 4344.680791258812 1960.919941008091 28072.245238184929 1721.4885486066341 28493.75699865818 27829.859467357397 4094.7410870045424 4573.3364258408546 2804.1498527824879 2565.9880232214928 6757.1474464386702 19682.344525665045 10332.967938929796 1224.1315773129463 1014.2673971354961 2644.2156879007816 7182.4062963724136 890.90562254190445 18096.040374770761 2778.6727552264929 15264.829915896058 1191.5497331321239 8192.2425619214773 2599.9273475408554 17317.600977063179 5070.2002823203802 25126.31529854238
leaf_count=19351 11545 3881 6523 17385 7856 112318 6904 114395 111388 16440 18351 11223 10290 27315 78811 41379 4916 4077 10583 28819 3581 72429 11119 61192 4815 33377 10416 69821 20352 100592
internal_value=-1.41747e-05 -0.00150107 0.00223777 -0.000476127 0.00166029 -0.00287771 -0.00240983 0.00220505 -0.0013706 0.00259141 0.000157418 -0.00103711 -0.00493439 0.0048259 -0.00343927 -0.000783785 0.00052055 0.0004198 -0.00314588 0.000180212 -0.00251492 0.000296585 -0.00107689 0.00022314 0.00539244 0.00651731 0.00285158 0.00303158 -0.00627392 0.000972141
internal_weight=262117 157885 104232 90518.1 85231.4 67366.8 54899 62540.3 45311.7 52506 22691.1 40967 12467.9 19000.9 26826.7 38162.8 21062.3 45206.4 25105.2 10034.2 2851.83 44192.1 5422.89 19838.2 16140.9 9383.79 48411.3 45811.4 7636.19 26096.1
internal_count=1051444 632082 419362 362354 342310 269728 219735 251328 181375 211072 90982 163990 49993 77052 107417 152767 84459 180979 100513 40256 11437 176902 21702 79543 65507 38192 194632 184216 30642 104473
cat_boundaries=0 1 2 3 4 5
cat_threshold=2 2 23 72 162
is_linear=0
shrinkage=0.03


Tree=27
num_leaves=31
num_cat=7
split_feature=27 27 33 21 32 24 28 28 30 39 28 30 24 32 30 25 0 24 39 32 29 24 27 0 6 25 26 25 39 44
split_gain=922.946 263.922 141.613 99.2566 69.5133 62.2228 58.4079 54.9861 48.5784 43.5536 42.9709 42.4173 42.1415 39.6675 36.5335 33.63 36.0863 31.6387 31.8336 31.5672 30.4632 41.9565 28.0339 27.9942 32.7861 32.0512 27.4696 31.9131 27.3363 27.1687
threshold=0.52622650000000004 0.58942450000000013 0.46498300000000009 0.29500000000000004 0.42131100000000005 0 0.23191750000000003 0.28126050000000008 0.37143200000000004 0.5393595000000001 0.084430900000000017 0.39149750000000005 1 0.27812950000000008 0.37240750000000006 2 2022.5000000000002 3 0.52385950000000003 0.58660250000000014 0.14046350000000005 4 0.55576000000000014 2019.5000000000002 2.5000000000000004 5 3181.5000000000005 6 0.54501050000000018 0.069567250000000011
decision_type=10 10 8 2 8 1 10 10 10 10 10 10 1 10 10 1 2 1 8 10 10 1 10 2 2 1 2 1 8 10
left_child=2 4 7 14 -2 -5 -4 17 9 12 -7 -8 29 -9 -3 16 -12 -1 -19 -17 -15 -22 -11 25 -25 -10 27 -14 -23 -6
right_child=1 3 6 5 8 10 11 13 23 22 15 -13 26 20 -16 19 -18 18 -20 -21 21 28 -24 24 -26 -27 -28 -29 -30 -31
leaf_value=-0.0035158950470285397 -0.0009676941603692879 0.0021463347620606812 0.00019685668108151752 -0.0020634259092282849 -0.00080586698769068382 0.0088672776710787445 -0.0010762541077860145 -0.0086833245336958385 -0.0049209669915002653 0.0016337890206969434 -0.00034073049398339718 -0.0030074363735978849 -0.00063731746573713049 -0.0016661076099004058 -0.0028421698105692114 0.0036911897295645573 0.0095304863916722826 -0.0029893309320693263 -0.00051550471530777738 0.0060518024069466094 -0.0083652926935168723 -0.0045709321967450462 0.0036753539128885687 2.7206022146664443e-05 -0.0040393925149847703 0.0028253170334088559 -0.00039373279775345628 0.0024537766859732313 0.0001881408019367388 0.0030901844024797732
leaf_weight=14418.789728626609 14856.140607953072 3960.8248189240694 22645.267594233155 1141.8837447613478 1872.5474318414927 2447.9733830541372 35181.764730200171 1898.4219889491796 519.66179096698761 11900.423722520471 2010.7834451049566 14489.907727658749 4444.437256321311 3636.9528551995754 1976.3603136539459 8938.8211501985788 395.35282720625401 8620.8593510836363 10321.725801065564 12234.044162452221 2399.4636894017458 6764.6488769650459 12496.753899380565 18693.616349130869 1967.9894217699766 4872.8601342886686 15751.219298765063 9180.3674685806036 1279.3837125152349 10988.776868417859
leaf_count=57716 59503 15987 90645 4576 7510 10050 140784 7618 2080 47732 8077 57997 17816 14574 7955 36135 1593 34503 41303 49566 9630 27124 50297 74860 7878 19578 63140 36832 5124 44143
internal_value=2.46479e-06 0.00165758 -0.0019108 0.00399996 0.000936137 0.00476791 -0.00106465 -0.00315022 0.00124163 0.00167111 0.00506782 -0.00164036 0.00108687 -0.00459955 0.000480123 0.00467316 0.00127332 -0.00245479 -0.00164237 0.00505489 -0.00404508 -0.00486997 0.00268107 0.000141994 -0.00035921 0.00206706 0.000457814 0.00144467 -0.00380577 0.00251859
internal_weight=262308 140651 121657 33106 107545 27168.9 72316.9 49340.2 92688.7 66634.5 26027 49671.7 42237.3 15978.9 5937.19 23579 2406.14 33361.4 18942.6 21172.9 14080.4 10443.5 24397.2 26054.1 20661.6 5392.52 29376 13624.8 8044.03 12861.3
internal_count=1052326 565308 487018 133939 431369 109997 289426 197592 371866 267470 105421 198781 169441 64070 23942 95371 9670 133522 75806 85701 56452 41878 98029 104396 82738 21658 117788 54648 32248 51653
cat_boundaries=0 1 2 3 4 5 6 7
cat_threshold=2 67 2 71 18 2 274
is_linear=0
shrinkage=0.03


Tree=28
num_leaves=31
num_cat=5
split_feature=28 28 34 30 34 25 0 30 24 45 34 24 28 24 28 39 39 30 26 28 0 34 24 46 40 44 30 48 36 44
split_gain=794.81 213.469 169.434 92.9084 83.5796 67.9067 112.689 58.6995 51.6112 49.0166 52.882 44.2948 41.8481 35.3458 35.298 34.0436 33.656 30.8054 30.7964 30.5825 28.5459 31.3646 28.3714 27.7283 36.2543 30.7048 27.6598 27.5242 27.2816 26.784
threshold=0.21689750000000005 0.14039300000000002 0.46282000000000006 0.39920700000000003 0.50140450000000014 0 2020.5000000000002 0.3721060000000001 1 9.5000000000000018 0.55964300000000011 2 0.084430900000000017 3 0.30949500000000002 0.54501050000000018 0.47748250000000009 0.35025450000000008 270.50000000000006 0.16949450000000002 2023.5000000000002 0.58945250000000016 4 1.0000000180025095e-35 0.12160850000000001 0.082075000000000009 0.36400550000000004 1.0000000180025095e-35 0.12379450000000002 0.097092700000000018
decision_type=10 8 8 10 10 1 2 10 1 2 10 1 10 1 10 8 8 10 2 10 2 10 1 2 10 10 10 2 10 10
left_child=1 11 8 9 18 6 -6 20 -2 10 17 -1 -13 26 -10 29 -14 -4 -3 22 -7 -22 -9 25 -25 -19 -12 -18 -24 -5
right_child=2 4 3 15 5 7 -8 19 14 -11 13 12 16 -15 -16 -17 27 23 -20 -21 21 -23 28 24 -26 -27 -28 -29 -30 -31
leaf_value=-0.00097597928816771167 -0.0014177078656167309 0.0027185699501034162 0.00034862170912585105 -0.0054634465869368145 -0.005045505674925216 0.0026604480619475414 0.0021034272970380896 0.0043070547335616605 -0.0033003247784670151 -0.0032322953077730827 0.0054884627603171803 0.0078460089519316444 -0.0010187347917004666 0.0005364543000931526 -0.0060100077981311614 -0.00058260308103136077 0.0052661527371624757 -0.0025509072844578911 -0.00080160815464665831 -0.00022724599674005759 -0.00080772543910217847 0.0044285076074619366 0.002796332244242224 0.0022951466403651152 -0.0023205145774406592 0.00033208547236743773 -0.00093524860306309855 0.0025483776183508784 -0.0040808642169244663 -0.0025308460948428053
leaf_weight=1296.510513573885 11955.776646211743 2496.1348035633564 20334.908868193626 4976.9278327524662 3511.0968037694693 46835.528503403068 4550.0125896781683 3048.5905087441206 27488.772249132395 5218.7258922457695 2784.6363491117954 3283.4616608917713 1059.093914732337 8717.8178491592407 5182.8368494361639 4018.9549032747746 11613.120147168636 4249.3506783396006 21116.338430553675 14303.457334503531 4396.1626979857683 1339.5950319468975 1177.5401748120785 1671.6489329040051 17276.858246251941 15194.599004149437 759.18426932394505 4800.3968455940485 922.76140154898167 6576.0631284862757
leaf_count=5202 47870 9999 81411 19926 14061 188349 18251 12249 110073 20892 11197 13445 4262 34921 20815 16083 47105 17004 84557 57289 17640 5394 4726 6692 69150 60805 3040 19414 3700 26317
internal_value=-1.02542e-05 0.00171004 -0.00159637 -0.00085859 0.00113957 0.00160211 -0.00100611 0.00189435 -0.00311283 -0.00042661 -0.000219801 0.00439067 0.00472562 0.00157124 -0.00373046 -0.00297024 0.00413898 -0.000594323 -0.000427913 0.000484629 0.0024157 0.000411653 0.002467 -0.00109453 -0.00191144 -0.000296728 0.0040927 0.00447373 -0.000211387 -0.00379787
internal_weight=262157 125750 136407 91779.7 103697 80084.7 8061.11 72023.6 44627.4 76207.7 70989 22052.6 20756.1 12261.6 32671.6 15571.9 17472.6 58727.4 23612.5 19452.3 52571.3 5735.76 5148.89 38392.5 18948.5 19443.9 3543.82 16413.5 2100.3 11553
internal_count=1051839 505643 546196 367438 416215 321659 32312 289347 178758 305112 284220 89428 84226 49158 130888 62326 70781 235062 94556 77964 211383 23034 20675 153651 75842 77809 14237 66519 8426 46243
cat_boundaries=0 1 2 3 4 5
cat_threshold=2 392 130 66 468
is_linear=0
shrinkage=0.03


Tree=29
num_leaves=31
num_cat=6
split_feature=34 30 39 34 40 24 0 30 51 0 51 34 25 0 0 40 34 3 25 42 25 30 24 6 43 25 26 46 38 39
split_gain=662.22 190.191 127.451 115.389 100.312 98.2935 90.0768 61.1189 57.3181 53.9817 50.5452 69.3086 42.4709 47.2604 45.3164 38.3462 38.0098 37.9703 34.0146 33.6199 32.4907 31.9054 28.142 27.1063 26.4901 26.2113 25.669 24.8123 25.8498 24.0038
threshold=0.50140450000000014 0.36842450000000004 0.56232850000000012 0.56711550000000011 0.14262250000000001 0 2020.5000000000002 0.38158100000000006 0.014566999999999971 2019.5000000000002 0.0024240000000000377 0.55004750000000013 1 2019.5000000000002 2022.5000000000002 0.14714250000000004 0.42587500000000006 4.5000000000000009 2 0.66292450000000003 3 0.38119500000000001 4 2.5000000000000004 0.13091000000000003 5 389.50000000000006 1.0000000180025095e-35 5323.5000000000009 0.55863600000000013
decision_type=8 10 8 10 8 1 2 10 8 2 8 10 1 2 2 10 10 2 1 10 1 10 1 2 10 1 2 2 2 10
left_child=4 3 10 8 5 -1 20 23 15 -4 11 27 14 -14 22 -2 -9 24 -18 -11 -7 -8 -5 -6 -15 -10 -12 -3 -29 -17
right_child=1 2 9 12 7 6 21 16 25 19 26 -13 13 17 -16 29 18 -19 -20 -21 -22 -23 -24 -25 -26 -27 -28 28 -30 -31
leaf_value=-0.0040103882437658696 0.0023160181220423181 0.00068257349869635777 0.0048761164564279638 -0.0057239367008917784 -0.0016086976559805922 -0.0067230229577270291 -0.00025749806656335774 -0.0054730280584740446 0.0007334050436783318 0.0015545616199008439 -0.0032774733443391604 0.003646881774620869 0.0052913982852842937 -0.0055980136067659706 0.0069616780772005895 0.00020672695058561178 -0.0056052609846518175 0.0018498380548119498 -0.0022576417053265206 -0.0055807208496786121 0.0020363005083087514 -0.0024336682113603541 0.00046053321782522634 -0.0048591657793721965 0.0042503837384294373 -0.0019626342808388804 -0.0010754491856922387 -0.00090414401427816346 -0.005555658124180329 0.0055070039222502188
leaf_weight=7265.2809598147869 28185.814610540867 6080.0928765684366 5532.9963511526585 898.73453350365162 30309.695255830884 379.18767227232456 12882.566493362188 8452.9801190495491 6443.107297077775 4890.6866774857044 5836.0584411621094 4696.814864397049 9987.9771588146687 245.49912187457085 740.01470090448856 15244.271734476089 3512.9751753509045 15046.281513154507 12818.78975020349 672.45598345994949 12956.128268152475 11511.610875591636 2393.0083956718445 2509.8823765218258 12900.573117390275 6497.4211027175188 26472.694242611527 4396.057933524251 1431.1069619804621 807.99714477360249
leaf_count=29092 113207 24351 22324 3604 121331 1518 51576 33901 25813 19639 23399 18998 40517 991 2977 61118 14065 60557 51324 2695 51885 46101 9608 10048 52006 26031 106060 17606 5728 3245
internal_value=-5.8815e-07 0.00120933 -0.000123832 0.00201454 -0.00188061 -0.000818199 -0.000201322 -0.00270986 0.00113535 0.00277789 -0.000782847 0.000561028 0.00320456 0.00351341 0.000262553 0.00164924 -0.0038355 0.0028832 -0.00298526 0.000684137 0.00178001 -0.00128584 -0.00123854 -0.00185861 0.00406295 -0.000619046 -0.00147441 -0.000654279 -0.00205394 0.000476366
internal_weight=261999 159400 60009 99390.7 102599 44994.8 37729.5 57604.3 57178.6 11096.1 48912.8 16604.1 42212.1 38180.3 4031.76 44238.1 24784.7 28192.4 16331.8 5563.14 13335.3 24394.2 3291.74 32819.6 13146.1 12940.5 32308.8 11907.3 5827.16 16052.3
internal_count=1051315 640474 240800 399674 410841 180172 151080 230669 229414 44658 196142 66683 170260 154071 16189 177570 99290 113554 65389 22334 53403 97677 13212 131379 52997 51844 129459 47685 23334 64363
cat_boundaries=0 1 2 3 4 5 6
cat_threshold=2 2 130 2 524 472
is_linear=0
shrinkage=0.03


Tree=30
num_leaves=31
num_cat=1
split_feature=27 27 27 46 21 39 44 39 46 6 44 33 0 31 34 31 37 31 46 22 0 39 26 19 39 31 48 0 29 27
split_gain=766.09 181.732 142.843 80.6316 68.4431 51.493 49.7907 46.7463 44.7115 42.6037 40.5666 39.5589 39.2198 35.6642 33.941 33.0515 31.2398 36.0149 31.17 36.8952 29.5697 28.0622 27.6275 27.4632 27.4144 26.9982 26.7508 26.3443 24.5572 24.0483
threshold=0.54246150000000004 0.48453850000000004 0.59124850000000018 1.0000000180025095e-35 0.29500000000000004 0.54084850000000018 0.076979300000000014 0.5393595000000001 1.0000000180025095e-35 2.5000000000000004 0.39940200000000009 0.57298300000000013 2019.5000000000002 0.46274350000000003 0.40022350000000007 0.43246500000000004 0.14409550000000002 0.44155850000000002 1.0000000180025095e-35 0 2019.5000000000002 0.49421950000000009 7889.5000000000009 30.550000000000004 0.55012450000000002 0.4441865000000001 1.0000000180025095e-35 2019.5000000000002 0.097566300000000009 0.44156200000000007
decision_type=8 10 8 2 2 8 10 10 2 2 8 8 2 10 8 10 10 10 2 1 2 10 2 2 8 10 2 2 10 10
left_child=1 8 7 6 -4 9 -3 18 29 15 16 28 -7 14 24 -5 17 -8 -2 25 -9 -13 -19 -14 -10 -20 27 -23 -6 -1
right_child=2 3 4 5 11 12 10 20 13 -11 -12 21 23 -15 -16 -17 -18 22 19 -21 -22 26 -24 -25 -26 -27 -28 -29 -30 -31
leaf_value=-0.0037695029620567894 0.0013979700954418652 -0.0018066487054556055 0.00073409359052256629 -0.0031452935498316481 -0.0069599217632033816 0.0022294921127320325 0.00048170903888284451 0.0037877127112555561 -0.0084267855734293171 -0.0056048271091347435 -0.0031809663737105104 0.0014128141785003567 -0.0029040806748704866 -0.0014831667779809385 -0.0038195771989046768 -0.0011489361524987716 7.7350395870747393e-05 0.0024451096945120967 -0.00094204088799195276 -0.0022515148777229577 0.0016334468960951263 0.0077677446663088432 0.0074534803183743427 -0.00012566500655965723 -0.0017048674536530987 0.0017006962056363244 0.003589244567514555 0.0049356426917419377 0.0027053053879089058 -0.001437647888023706
leaf_weight=5195.1634199172258 24304.301478639245 9804.457321152091 5681.4957376420498 11363.649620220065 241.60754796862602 4489.812173858285 10169.116828337312 7962.9679567664862 2844.2115419954062 2936.1203794181347 2487.6497647315264 1739.4149711579084 4572.8724957257509 4514.048353433609 14146.869488596916 21991.09214617312 25950.642923638225 7307.1289061158895 5911.3174822181463 5659.0732958614826 20881.571373730898 5441.4199567884207 1155.3897064477205 10746.79070147872 692.34721295535564 8416.7893126010895 5075.4039613753557 6762.8267742097378 6157.589226692915 17431.984360381961
leaf_count=20842 97535 39236 22925 45480 973 17989 40700 32092 11434 11754 9955 7017 18304 18085 56700 88030 103862 29264 23697 22704 83891 22215 4652 43017 2777 33791 20586 27425 24855 69775
internal_value=1.82822e-05 -0.00129996 0.0020142 -0.000658299 0.0037177 -0.00146529 0.000137213 0.00128929 -0.00291638 -0.00213685 0.000542838 0.00438325 -0.000233332 -0.00387444 -0.00448281 -0.0018302 0.000751495 0.00168869 0.00067617 -0.000200112 0.00222954 0.00507116 0.00313485 -0.000957378 -0.00712188 0.000608325 0.00543737 0.00620243 0.00233261 -0.00197479
internal_weight=262035 157799 104236 112975 31099.8 56100.3 56874.4 73136 44824.6 36290.9 47069.9 25418.3 19809.5 22197.5 17683.4 33354.7 44582.3 18631.6 44291.5 19987.2 28844.5 19019.1 8462.52 15319.7 3536.56 14328.1 17279.7 12204.2 6399.2 22627.1
internal_count=1051562 631856 419706 452243 125996 224574 227669 293710 179613 145264 188433 103071 79310 88996 70911 133510 178478 74616 177727 80192 115983 77243 33916 61321 14211 57488 70226 49640 25828 90617
cat_boundaries=0 1
cat_threshold=2
is_linear=0
shrinkage=0.03


Tree=31
num_leaves=31
num_cat=7
split_feature=28 28 30 28 39 0 30 6 39 0 32 24 22 11 24 46 7 32 13 7 0 43 25 6 51 26 25 32 24 25
split_gain=721.757 201.995 157.531 70.4687 69.743 63.2091 63.6651 57.5841 51.5885 59.496 40.7876 37.023 33.4278 33.3756 32.9286 31.8019 30.4468 28.007 31.0508 26.986 29.9361 40.3052 27.506 26.3008 26.2609 24.2627 24.2504 24.489 23.7632 23.2121
threshold=0.21496300000000002 0.13672650000000003 0.37368450000000003 0.28998900000000005 0.51513650000000011 2019.5000000000002 0.37240750000000006 1.5000000000000002 0.48312350000000009 2019.5000000000002 0.46190100000000006 0 1 5.5000000000000009 2 1.0000000180025095e-35 1.5000000000000002 0.33184500000000006 -1.4999999999999998 1.5000000000000002 2019.5000000000002 0.33120300000000008 3 2.5000000000000004 0.034371500000000006 4152.5000000000009 4 0.6040635000000002 5 6
decision_type=10 8 10 10 8 2 8 2 8 2 10 1 1 2 1 2 2 8 2 2 2 10 1 2 10 2 1 10 1 1
left_child=1 13 7 8 11 14 16 10 -4 28 -2 24 -5 19 -6 25 -7 -11 -19 20 22 -22 -1 -8 -3 -14 -16 -28 -10 -13
right_child=2 4 3 12 5 6 23 -9 9 17 -12 29 15 -15 26 -17 -18 18 -20 -21 21 -23 -24 -25 -26 -27 27 -29 -30 -31
leaf_value=0.01103345958286862 -0.0010626585980384991 0.00045802575874751911 -0.0060209922328658622 -0.0028124537056490821 -0.0022006155191770459 0.0023153293711165265 0.0001109603030079542 -0.0019834109207724922 -0.0016142749946511578 -0.0041954724811239553 0.00068511552334742662 -0.0027988137850860858 -0.0024944218746302421 0.0025525951222735818 0.00017931762211938782 -0.0076874965639792507 0.00059935063956273232 -0.0029812097364340937 -0.0012556579729124534 0.0031961043921917664 0.0056485226221716705 -0.0015782554282634089 0.0061688211832613684 -0.0036285994240632469 0.0047843986876505307 -0.0079169652695559086 0.0032062976705266844 0.0060502658526327205 0.0026242553647850024 -0.00024841048390286934
leaf_weight=1576.7408938109875 18730.39803673327 8730.2833540290594 2669.9489333480597 7452.0691470056772 890.47515560686588 31491.678199455142 17587.480964168906 16311.826633304358 1750.0912285447121 5062.808332696557 33506.75494299829 5521.0634763538837 3118.9632686525583 5840.2579874396324 1577.6109452545643 3646.6495285332203 13286.851972952485 14105.220131620765 28396.753324002028 4095.4479051828384 3735.8363054841757 844.18234585225582 3798.5197607427835 1868.5944834053516 1478.1637729108334 987.39999230206013 8212.1392140388489 4158.6358717381954 3631.8730340600014 7744.6264152675867
leaf_count=6446 74991 35028 10689 29861 3570 126594 70453 65325 7008 20274 134221 22116 12507 23650 6346 14670 53393 56453 113648 16616 15199 3410 15492 7481 5939 3971 33040 16786 14540 31049
internal_value=2.29707e-05 0.00170361 -0.00145328 -0.00244562 0.00116648 0.0015928 0.0011843 -0.000427532 -0.00194964 -0.00174343 5.78261e-05 -0.000268318 -0.00425709 0.00447066 0.00335849 -0.00564016 0.0018069 -0.00208194 -0.0018292 0.00526507 0.00611198 0.00430979 0.0076387 -0.000247156 0.00108757 -0.00381043 0.00371485 0.00416264 0.00124216 -0.00131383
internal_weight=261809 122439 139371 70821.8 102548 79073.5 64234.6 68549 55616.7 52946.7 52237.2 23474.1 15205.1 19891 14838.9 7753.01 44778.5 47564.8 42502 14050.7 9955.28 4580.02 5375.26 19456.1 10208.4 4106.36 13948.4 12370.8 5381.96 13265.7
internal_count=1050766 492608 558158 283621 411795 317663 257921 274537 222612 211923 209212 94132 61009 80813 59742 31148 179987 190375 170101 57163 40547 18609 21938 77934 40967 16478 56172 49826 21548 53165
cat_boundaries=0 1 2 3 4 5 6 7
cat_threshold=99 2 2 28 3 642 130
is_linear=0
shrinkage=0.03


Tree=32
num_leaves=31
num_cat=6
split_feature=27 27 27 24 33 39 25 27 32 32 46 0 26 51 27 46 25 22 43 0 24 26 44 48 0 30 40 26 25 39
split_gain=671.059 171.574 127.391 86.4236 58.0815 56.2451 52.286 49.0116 45.4231 44.8696 41.7956 41.6842 39.9079 43.8196 40.9732 37.9483 36.8105 35.3658 34.5056 32.896 31.9039 31.2038 31.172 30.5909 32.8379 52.1165 29.3291 29.194 28.2283 27.8529
threshold=0.54482850000000005 0.50359750000000003 0.58942450000000013 0 0.45617200000000008 0.48837650000000005 1 0.67082950000000008 0.34807050000000006 0.49479100000000004 1.0000000180025095e-35 2022.5000000000002 256.50000000000006 0.0024240000000000377 0.44447350000000002 1.0000000180025095e-35 2 3 0.29714650000000004 2019.5000000000002 4 6583.5000000000009 0.037561100000000007 1.0000000180025095e-35 2019.5000000000002 0.39862150000000002 0.12553650000000002 13380.000000000002 5 0.54922400000000005
decision_type=8 10 10 1 8 8 1 10 8 10 2 2 2 10 10 2 1 1 10 2 1 2 10 2 2 10 10 2 1 8
left_child=1 4 9 22 12 -3 11 23 -7 -2 -6 -5 13 -1 -14 18 29 26 20 -17 21 -10 -4 24 -8 -26 -12 28 -20 -11
right_child=2 5 3 6 10 8 7 -9 15 16 17 -13 14 -15 -16 19 -18 -19 27 -21 -22 -23 -24 -25 25 -27 -28 -29 -30 -31
leaf_value=0.0014853616639466853 -8.3965866526091969e-05 -0.0033545770695171851 -0.011492273759801844 -0.0013458398637798811 -0.00060758647043856573 -0.0024956603516631468 0.0061881675126950544 0.008040799445449151 0.0025616648786883152 0.0017983085845663539 0.0015341634928554286 0.008072315467451345 -0.0058596205920253379 -0.0052789846920790239 -0.0030344314620113747 0.0017942315037069892 0.00093962752139184903 -0.0044016426509082031 -0.0028732322129404082 -0.00091552197776297386 0.00071201749385964026 0.0097052304677910008 -0.0011076252940777867 0.0021835028015388786 0.0038530234885981382 -0.0081037589952781524 -0.0022520131994675434 0.010893921225285005 0.00022407494193680085 0.0041521629921896439
leaf_weight=2978.5843500047922 18890.635129094124 5127.9053044468164 315.12224617600441 2672.8136682361364 21688.925669178367 6625.9645913094282 6477.98293364048 2732.5888988822699 6813.5349095761776 12983.787622377276 2160.2139853537083 499.21465757489204 5820.7204408347607 1208.194035038352 23119.108269259334 4589.651770234108 28288.154300153255 6167.5504008084536 3362.7506017535925 32722.101588904858 14215.448896259069 600.72592209279537 1483.1785703599453 7504.3010319471359 10990.987495705485 333.89263390004635 12088.510120421648 203.96030053496361 12225.858499005437 7016.2263848632574
leaf_count=11939 75754 20525 1262 10748 86785 26516 26420 11253 27285 52168 8645 2014 23397 4846 92619 18397 113650 24716 13464 130987 56919 2418 5945 30363 44468 1339 48395 824 48950 28260
internal_value=-2.43994e-05 -0.00121975 0.00190475 0.00343121 -0.00226749 -0.000307967 0.00379944 0.00421292 -0.000115462 0.00115411 -0.00152659 0.000132752 -0.00320808 -0.000461873 -0.00360425 9.52584e-05 0.00163905 -0.00250117 0.000770591 -0.000581279 0.00154913 0.00314396 -0.00294378 0.00379917 0.00447804 0.0034958 -0.00167569 -0.000293898 -0.000444271 0.00262475
internal_weight=261909 161720 100189 33010.1 75231.8 86487.9 31211.8 28039.8 81360 67178.8 42105.2 3172.03 33126.6 4186.78 28939.8 74734 48288.2 20416.3 37422.3 37311.8 21629.7 7414.26 1798.3 25307.2 17802.9 11324.9 14248.7 15792.6 15588.6 20000
internal_count=1051271 647627 403644 133812 301342 346285 126605 113843 325760 269832 168541 12762 132801 16785 116016 299244 194078 81756 149860 149384 86622 29703 7207 102590 72227 45807 57040 63238 62414 80428
cat_boundaries=0 1 2 3 4 5 6
cat_threshold=2 2 408 2 90 640
is_linear=0
shrinkage=0.03


Tree=33
num_leaves=31
num_cat=10
split_feature=27 27 28 30 46 22 0 46 24 19 25 24 28 6 24 30 0 1 45 44 44 24 24 41 44 25 29 28 24 25
split_gain=658.651 160.591 125.385 65.0682 57.1813 53.7632 49.4614 45.5786 45.1716 43.2123 38.8912 36.8014 36.5307 35.8614 35.5436 31.0285 38.2545 34.3203 32.0773 29.6278 35.7024 29.2072 28.4098 29.4838 28.4015 28.2309 28.1419 27.3191 39.5941 26.0559
threshold=0.54246150000000004 0.48453850000000004 0.13672650000000003 0.38794250000000002 1.0000000180025095e-35 0 2019.5000000000002 1.0000000180025095e-35 1 4.7500000000000009 2 3 0.25295300000000004 1.5000000000000002 4 0.33165550000000005 2021.5000000000002 9.5000000000000018 10.500000000000002 0.39940200000000009 0.075958200000000017 5 6 4344.5000000000009 0.15993400000000002 7 0.12087050000000002 0.16949450000000002 8 9
decision_type=8 10 8 10 2 1 2 2 1 2 1 1 10 2 1 8 2 2 2 10 10 1 1 2 10 1 10 10 1 1
left_child=1 7 11 8 19 6 -6 22 29 -8 -10 26 -9 -7 -11 -12 17 -17 25 20 -3 -14 -1 -24 -19 -18 -2 28 -5 -4
right_child=2 4 3 27 5 13 9 12 10 14 15 -13 21 -15 -16 16 18 24 -20 -21 -22 -23 23 -25 -26 -27 -28 -29 -30 -31
leaf_value=-0.00075543728186191865 0.0080876477696274641 -0.001465675997710042 0.0034322198524893593 -0.0075394548989784109 0.0019463473094231806 -0.0021255379250328774 -0.0041946199543518286 -0.0013046614188516822 -3.0884545491025781e-05 -0.0036440081102114357 0.0040281440880289426 0.0030978589158837909 -0.0064868508514865598 -0.0058903811967359306 -0.00053089140082090362 0.002937864029113725 0.0024083327941876505 -0.0058130743092003464 -0.0076153361176375962 -0.0031571891851462446 0.00053873273086273057 -0.0036270657599202262 -0.0023469218238210982 -0.0073203880763728748 0.0017978127712445318 -0.00091682390822558685 0.0040328417534284677 -0.0020946237912679382 0.0022854034961130986 0.001611732504617743
leaf_weight=11463.68096216023 2947.9984322935343 9729.9381538927555 15329.388640657067 403.38980296254158 5095.9839075058699 8903.4479267299175 3890.3389297574759 4490.7850765436888 17811.055299505591 3684.0944959968328 4550.8148057758808 12605.696239829063 4381.5436256825924 3083.5817933529615 31403.340657517314 11956.539688825607 3631.4895858764648 778.01712727546692 479.01329490542412 2500.6516389995813 44773.754666551948 13221.361065164208 9893.9314208030701 1210.301690146327 1003.7906088232994 6195.7206006497145 3345.344168022275 6427.5879111737013 3211.0882593095303 13443.488958671689
leaf_count=45903 12161 38938 61736 1617 20417 35643 15571 17982 71538 14746 18333 51177 17592 12346 125705 48127 14573 3126 1920 10007 179256 53051 39632 4866 4036 24860 13583 25736 12879 54079
internal_value=-1.47718e-05 -0.00123735 0.00183695 0.00134608 -0.000635341 -0.00131564 -0.000830088 -0.00276059 0.00164918 -0.00119397 0.00106814 0.00404829 -0.00373049 -0.00309775 -0.000860089 0.00175344 0.00132194 0.00235824 -5.6828e-05 3.32039e-05 0.000180297 -0.00434733 -0.00180937 -0.00289093 -0.00151282 0.00031076 0.00593053 -0.000919921 0.00116075 0.00258379
internal_weight=261847 157727 104120 85221.4 113065 56060.8 44073.8 44661.6 75179.3 38977.8 46406.4 18899 22093.7 11987 35087.4 28595.4 24044.6 13738.3 10306.2 57004.3 54503.7 17602.9 22567.9 11104.2 1781.81 9827.21 6293.34 10042.1 3614.48 28772.9
internal_count=1051136 631655 419481 342560 452629 224428 176439 179026 302328 156022 186513 76921 88625 47989 140451 114975 96642 55289 41353 228201 218194 70643 90401 44498 7162 39433 25744 40232 14496 115815
cat_boundaries=0 1 2 3 4 5 6 7 8 9 10
cat_threshold=2 73 550 65 65 18 395 72 10 913
is_linear=0
shrinkage=0.03


Tree=34
num_leaves=31
num_cat=4
split_feature=27 27 32 24 0 6 6 25 42 39 46 31 32 27 28 0 24 39 40 24 40 42 46 0 19 45 26 39 31 31
split_gain=631.652 197.351 81.2577 70.979 61.2829 58.8863 57.6799 57.0812 48.584 45.2876 48.6028 39.4812 40.2568 37.5002 36.6295 35.4727 33.472 32.8532 31.9385 33.1301 26.8744 26.6132 25.964 24.6507 24.3872 24.3405 23.9894 22.697 22.4037 21.9908
threshold=0.51873550000000013 0.5709725000000001 0.33484850000000005 0 2019.5000000000002 2.5000000000000004 1.5000000000000002 1 0.43083700000000008 0.54922400000000005 1.0000000180025095e-35 0.4082940000000001 0.46994000000000008 0.46847300000000008 0.24304650000000003 2019.5000000000002 2 0.51963650000000017 0.14097750000000001 3 0.14422650000000001 0.63357800000000009 1.0000000180025095e-35 2019.5000000000002 21.850000000000005 10.500000000000002 10581.500000000002 0.55811750000000016 0.44869500000000001 0.42446200000000006
decision_type=8 10 8 1 2 2 2 1 10 10 2 10 8 10 10 2 1 8 8 1 8 10 2 2 2 2 2 8 10 8
left_child=2 5 23 8 7 9 13 -5 -3 10 16 -6 -13 -4 -8 -11 26 24 19 -15 -18 -19 -16 27 -10 -14 -2 -1 -20 -12
right_child=1 3 6 4 11 -7 14 -9 17 15 29 12 25 18 22 -17 20 21 28 -21 -22 -23 -24 -25 -26 -27 -28 -29 -30 -31
leaf_value=-0.0036348935974275681 0.0017640513661575082 0.0087679809089766803 -0.0023633687584772487 -0.0025805193142275753 -0.0041261257131745329 -0.0020104384802289601 -0.0011452825446723897 0.0042413267688437258 -0.0031873922610382117 0.0034712539195892299 -0.0022458965438233104 -0.0015595227658795332 0.0020651556817151179 -0.0017694997108025287 -0.002448534175671209 0.00096299847171173929 0.0013496898821604123 0.0046707929012520947 -0.001913385889337096 0.0009810623415248635 -0.00076041461808286207 -0.0011571221316983738 -0.0048996159783225709 -0.004470694469070168 0.0024349116586985758 -0.003128646320395753 0.0067386929197339783 0.0042986069067569013 -0.00029910957096348465 -0.00022646556098734536
leaf_weight=731.02559958398342 14322.975414335728 1795.1564970016479 15056.273598238826 1218.2422073930502 1318.1980696618557 8276.9403603672981 8397.506299957633 10816.712853431702 823.98237550258636 7522.4103091806173 5927.0493968725204 3861.0671294629574 16929.327460184693 5314.9892852604389 8352.9926156401634 15753.107648476958 10293.072749555111 12909.903596460819 18968.723604723811 15100.496122315526 11481.879591166973 736.20877766609192 7423.7570605576038 11656.657285377383 4225.0460183918476 845.94271336495876 932.30646030604839 578.43236254155636 13151.642680943012 26995.416032791138
leaf_count=2930 57415 7459 60391 4886 5283 33158 33608 44001 3319 30245 23725 15497 68260 21273 33443 63168 41266 52239 75920 60428 45987 2984 29764 46743 17034 3403 3757 2317 52635 108180
internal_value=-3.60444e-06 0.00120008 -0.00180809 0.00263889 0.00181414 0.000413313 -0.00149337 0.0035492 0.00404244 0.000628877 0.000246946 0.000903595 0.00121195 -0.00104277 -0.00275172 0.00177527 0.000992831 0.0035879 -0.000663614 0.000262968 0.0002356 0.00435399 -0.00360451 -0.00403231 0.00151009 0.0018158 0.00206994 -0.000105722 -0.00125345 -0.000591107
internal_weight=261717 156985 104732 55479.8 34989.5 101505 91766.4 12035 20490.3 93228.2 69952.7 22954.5 21636.3 67592.1 24174.3 23275.5 37030.2 18695.1 52535.9 20415.5 21775 13646.1 15776.7 12966.1 5049.03 17775.3 15255.3 1309.46 32120.4 32922.5
internal_count=1050718 631266 419452 224365 141330 406901 367462 48887 83035 373743 280330 92443 87160 270647 96815 93413 148425 75576 210256 81701 87253 55223 63207 51990 20353 71663 61172 5247 128555 131905
cat_boundaries=0 1 2 3 4
cat_threshold=65 2 90 3
is_linear=0
shrinkage=0.03


Tree=35
num_leaves=31
num_cat=5
split_feature=27 27 32 3 27 45 40 30 40 30 45 27 44 46 25 0 0 34 3 34 26 34 25 24 48 26 46 24 25 0
split_gain=583.275 175.031 78.2329 74.7801 63.6707 58.1328 55.5238 44.6884 42.9695 41.3952 35.4972 31.1817 30.8342 30.0565 29.6042 41.6898 32.886 28.3324 28.1642 28.0539 27.9693 31.8931 25.6665 26.848 24.5463 22.8684 25.328 22.8629 21.9233 21.4263
threshold=0.51873550000000013 0.58725000000000016 0.33484850000000005 7.5000000000000009 0.45801850000000005 8.5000000000000018 0.14896050000000002 0.37301050000000008 0.13994250000000005 0.37270400000000009 9.5000000000000018 0.65666550000000012 0.17806450000000004 1.0000000180025095e-35 0 2020.5000000000002 2019.5000000000002 0.54465250000000009 2.5000000000000004 0.55440950000000011 1488.5000000000002 0.58341500000000013 1 2 1.0000000180025095e-35 243.50000000000003 1.0000000180025095e-35 3 4 2020.5000000000002
decision_type=10 10 8 2 8 2 8 10 8 10 2 10 8 2 1 2 2 10 2 8 2 10 1 1 2 2 2 1 1 2
left_child=2 5 29 8 25 6 7 18 11 -5 12 24 -6 -7 15 -8 -16 -18 19 -2 -14 28 23 -10 27 -4 -27 -3 -22 -1
right_child=1 3 4 9 10 13 14 -9 22 -11 -12 -13 20 -15 16 -17 17 -19 -20 -21 21 -23 -24 -25 -26 26 -28 -29 -30 -31
leaf_value=-0.0014782567814301704 0.0018961836739900147 0.0058972945953356098 -0.0012926488123324205 0.0014552266954520432 -0.0013321993047479095 0 -0.00470579450050038 0.00019674318198323161 0.0027099757133132027 -0.0042444532899799624 -0.0033635226124945645 0.0078823053878290233 0.0014924750225250765 -0.0032995071184844368 0.0047533941328371989 0.00035267620239215068 -0.00078579652348202396 0.0011917798642952122 0.0013637715954474515 0.0048383064152725521 0.00070678369266666112 0.0048964427427799209 0.002939931049131169 -0.0038834264504138596 0.0021708894226278425 -0.0025417982930546804 -0.0054822847703916468 0.0027753826177633416 -0.0017833289695520064 -0.0045369503078937813
leaf_weight=2621.7424395829439 7922.0364671200514 6912.7979692667723 4024.3958507031202 4278.3626951277256 48038.944616273046 5178.205365896225 2872.7698772400618 24361.740475267172 1082.852103382349 1563.1462112814188 5672.3067279011011 2329.9100310057402 7584.59806650877 4750.9231149405241 1364.4749037176371 2970.340326026082 16696.277308031917 10693.1020077914 40628.92124800384 4672.5905724912882 4514.5698156356812 856.59241147339344 10379.413992807269 1112.1888873577118 4183.2835455089808 5548.2254627496004 5138.4952140152454 3207.7996125072241 10626.487197384238 10285.252142712474
leaf_count=10505 31786 28125 16135 17303 192292 20756 11501 97625 4366 6292 22712 9626 30354 19039 5486 11898 66855 42933 163160 18819 18065 3435 42057 4466 16950 22261 20658 13021 42521 41257
internal_value=2.0081e-06 0.00115846 -0.00173009 0.0030273 -0.00142264 0.000621734 0.000816655 0.00126238 0.00364696 -6.62299e-05 -0.00107768 0.00464928 -0.000896092 -0.00157711 -0.000182048 -0.00212669 0.00021293 -1.25887e-05 0.00174954 0.00299098 -6.37889e-06 -0.000719018 0.00231789 -0.000620394 0.00411902 -0.00323249 -0.00395962 0.00492043 -0.0010396 -0.00391846
internal_weight=262073 157161 104912 35049.8 92004.6 122111 112182 77585.3 29208.2 5841.51 77293.5 16633.8 71621.2 9929.13 34597 5843.11 28753.9 27389.4 53223.5 12594.6 23582.2 15997.6 12574.5 2195.04 14303.9 14711.1 10686.7 10120.6 15141.1 12907
internal_count=1052259 632064 420195 142206 368433 489858 450063 311390 118611 23595 309379 67722 286667 39795 138673 23399 115274 109788 213765 50605 94375 64021 50889 8832 58096 59054 42919 41146 60586 51762
cat_boundaries=0 1 2 3 4 5
cat_threshold=2 2 321 865 448
is_linear=0
shrinkage=0.03


Tree=36
num_leaves=31
num_cat=8
split_feature=28 28 27 46 30 32 34 39 50 24 40 45 25 45 30 27 51 22 25 20 34 30 37 24 24 34 28 24 44 25
split_gain=531.283 143.1 138.197 79.1919 63.7147 50.7344 46.9557 41.7822 39.1421 38.2637 40.3672 36.7729 35.5985 34.3762 34.1195 31.5421 31.2782 30.7725 30.5216 27.9229 26.8973 26.6394 34.6386 25.4555 25.0437 24.7631 23.5836 23.2807 23.2344 22.8375
threshold=0.21689750000000005 0.1421105 0.50502250000000004 1.0000000180025095e-35 0.37747650000000005 0.2949095000000001 0.56711550000000011 0.49309950000000008 -0.10395649999999997 0 0.14146250000000002 5.5000000000000009 1 8.5000000000000018 0.39190300000000006 0.44156200000000007 0.021699500000000042 2 3 83.850000000000009 0.37668350000000006 0.35812950000000005 0.085410200000000019 4 5 0.52946800000000016 0.073738700000000004 6 0.046317050000000005 7
decision_type=10 8 10 2 10 8 10 8 10 1 10 2 1 2 10 10 10 1 1 2 8 10 8 1 1 8 10 1 10 1
left_child=1 12 3 15 6 -5 9 23 -8 -3 16 14 19 17 -9 -2 -11 20 -10 24 -7 22 -17 25 -1 -4 -14 -13 -6 -12
right_child=2 4 7 5 28 13 8 11 18 10 29 27 26 -15 -16 21 -18 -19 -20 -21 -22 -23 -24 -25 -26 -27 -28 -29 -30 -31
leaf_value=0.0044907582962847364 -0.0034154435909995355 -0.00024624392362754228 -0.002827969641957047 -0.0068792681594542918 -0.0025501303066349347 -0.0071160723813861676 -0.00063560624475711045 0.00079236218888252227 -0.00046500898516428369 0.0028420932042890457 0.0016031726349887798 -0.0028304902919924894 0.0079195424179957681 -0.0060214457124661393 -0.001411564326283248 0.0098722412617059958 -0.0054653888317300059 -0.0039242457136207734 0.0031604170514817741 -0.0016814974885567499 -0.0016301506578037818 -0.0013484222676959157 0.00022138741794300686 -0.0038877373726321084 0.0010317793425883223 0.0076828853516627323 0.0040701486854392965 -0.00038052462906445561 2.8461123795141636e-05 -0.0006820876478138624
leaf_weight=3936.4209029376507 5022.9600998908281 18529.824076160789 436.51959340274334 3062.0071290284395 3645.3044606894255 840.7147079706192 3370.5083863884211 36009.968452349305 2302.2923563271761 14380.058251097798 7590.1741994172335 5680.8958545774221 1649.6858129650354 2794.4266743659973 7657.8235107213259 347.68302746117115 414.70972517132759 9695.7942002117634 21562.904758900404 1463.884360730648 19319.804724365473 24369.369315668941 7561.1909116059542 4060.9964548796415 3698.1565467715263 366.60654759407043 12155.782383516431 9142.7911687344313 22637.240968182683 8128.7115827649832
leaf_count=16023 20175 74328 1747 12306 14595 3377 13559 144245 9242 57800 30460 22739 6806 11216 30642 1392 1662 38922 87011 5922 77386 97545 30255 16255 14982 1472 49455 36613 90680 32601
internal_value=1.48991e-05 0.00142385 -0.00128118 -0.00217082 0.000944609 -0.00318103 0.00138358 -0.000255386 0.00238293 0.000827885 0.0014807 -3.26347e-05 0.00356813 -0.00283269 0.000405112 -0.00120264 0.00260614 -0.00253266 0.00281053 0.00209609 -0.00186143 -0.00085708 0.000653024 -0.00292615 0.00282747 0.00191967 0.00453064 -0.001324 -0.00032829 0.000420168
internal_weight=261835 125466 136370 73014 102562 35712.7 76279.2 63355.6 27235.7 49043.5 30513.7 58491.5 22903.9 32650.7 43667.8 37301.2 14794.8 29856.3 23865.2 9098.46 20160.5 32278.2 7908.87 4864.12 7634.58 803.126 13805.5 14823.7 26282.5 15718.9
internal_count=1051413 505126 546287 292574 411938 143207 306663 253713 109812 196851 122523 234239 93188 130901 174887 149367 59462 119685 96253 36927 80763 129192 31647 19474 31005 3219 56261 59352 105275 63061
cat_boundaries=0 1 2 3 4 5 6 7 8
cat_threshold=658 135 2 2 34 85 645 185
is_linear=0
shrinkage=0.03


Tree=37
num_leaves=31
num_cat=1
split_feature=27 27 27 21 46 6 39 3 28 39 30 52 42 34 32 25 0 43 44 30 28 50 48 34 0 28 0 33 30 52
split_gain=511.519 147.893 90.3978 59.7879 58.8215 55.5459 53.4461 44.5929 41.7307 39.5838 39.4165 33.9467 33.7512 29.1046 28.9927 28.7632 26.4754 24.3426 29.0693 32.868 31.7952 24.3147 24.1547 27.7282 30.9333 23.6522 23.2652 22.9488 22.1028 21.8454
threshold=0.52573350000000019 0.57488100000000009 0.45801850000000005 0.35500000000000004 1.0000000180025095e-35 2.5000000000000004 0.54501050000000018 3.5000000000000004 0.10201300000000001 0.48312350000000009 0.38085150000000006 6.4792771020676119 0.4536130000000001 0.5715690000000001 0.44843700000000003 0 2022.5000000000002 0.30568650000000003 0.39940200000000009 0.40573450000000005 0.3284565000000001 -0.076343999999999995 1.0000000180025095e-35 0.54100850000000011 2019.5000000000002 0.30467200000000011 2022.5000000000002 0.39539300000000005 0.38829850000000005 7.1666519255229302
decision_type=8 10 10 2 2 2 10 2 10 10 10 2 10 8 8 1 2 10 10 10 10 8 2 8 2 10 2 10 10 2
left_child=2 5 25 10 17 9 7 -6 -5 -2 -3 -8 -9 -14 28 16 -16 18 19 20 27 -11 23 24 -23 -1 -17 -4 -10 -25
right_child=1 3 4 8 6 -7 11 12 14 21 -12 -13 13 -15 15 26 -18 -19 -20 -21 -22 22 -24 29 -26 -27 -28 -29 -30 -31
leaf_value=-0.0024192260668035861 -0.0021104006760223979 0.0014366479474432427 -0.0024583777931108997 0.0059980846786560783 -0.00086234546941996138 -0.002022340288210237 0.0022579103180151009 -0.00035008126504792347 0.00059471388377010297 -0.00021095989407015267 -0.0030448330311213432 -0.0011458491018111851 -0.0038895197408158671 0.00012400905442689605 0.00023076270929235982 0.0038576044063032733 0.004921513180632095 -0.0010716147064259889 -0.0031802022541538113 -0.0017639492170308949 0.012490961640209564 0.0036585456371777997 0.00012482492037094831 0.00098132737821409735 0.00038096412530833659 -0.0045797712596291123 0.0015914638171427933 0.0012497760048073448 -0.0093735180147810487 0.0029598082752185944
leaf_weight=10210.655583575368 4307.9382426142693 8376.0334279686213 1633.9973146766424 3861.5078540593386 11167.12388907373 7403.4570168405771 3595.9853025376797 3404.4697531014681 2769.0659715533257 15825.469013214111 2232.8746411204338 9846.8824319243431 20312.270536601543 1751.7045317441225 5311.066858202219 21038.422260150313 1362.5390623956919 25275.874058142304 2062.2374878972769 4554.3515904247761 214.16369839012623 2939.5747207552195 16823.853977948427 7991.5522830188274 22039.442552238703 8403.8253626823425 5126.3480586707592 17663.310765445232 212.69500790536404 13787.873669400811
leaf_count=40961 17255 33841 6540 15932 44722 29665 14396 13632 11144 63433 8980 39419 81369 7012 21427 85311 5501 101151 8251 18225 858 11811 67492 32111 88308 33819 20708 70691 852 55388
internal_value=-3.45561e-05 0.00118806 -0.00147439 0.00249407 -0.00112138 0.000466863 -0.00185328 -0.002447 0.00302903 0.000687421 0.000490002 -0.000232807 -0.00314046 -0.00356954 0.00270764 0.00296484 0.00119295 -0.000407705 0.000233452 0.00052758 0.00106419 0.000839657 0.00110162 0.0014524 0.00076827 -0.00339683 0.00341368 0.000933901 -0.000114996 0.00223545
internal_weight=261507 141410 120097 50290.6 101482 91119.2 50078.4 36635.6 39681.6 83715.7 10608.9 13442.9 25468.4 22064 35820.1 32838.4 6673.61 51403.9 26128.1 24065.8 19511.5 79407.8 63582.3 46758.4 24979 18614.5 26164.8 19297.3 2981.76 21779.4
internal_count=1050205 569159 481046 203696 406266 365463 200550 146735 160875 335798 42821 53815 102013 88381 144943 132947 26928 205716 104565 96314 78089 318543 255110 187618 100119 74780 106019 77231 11996 87499
cat_boundaries=0 1
cat_threshold=34
is_linear=0
shrinkage=0.03


Tree=38
num_leaves=31
num_cat=5
split_feature=27 28 28 6 32 39 34 30 32 24 6 34 25 24 40 29 31 30 40 24 30 39 39 28 24 0 30 0 50 35
split_gain=470.495 118.141 96.8173 59.4849 56.5113 47.724 47.708 41.7263 38.2598 38.1321 36.9944 33.3551 32.3814 32.2692 32.2599 31.2871 28.8581 27.4678 26.6407 35.3762 32.8814 26.4524 24.8265 29.6854 31.8166 27.7007 26.3299 23.1649 21.9855 21.2356
threshold=0.54586000000000012 0.24838500000000002 0.13839850000000001 2.5000000000000004 0.62558400000000003 0.48837650000000005 0.37053000000000008 0.35812950000000005 0.42347600000000002 0 1.5000000000000002 0.55178150000000004 1 2 0.13923450000000001 0.10148350000000002 0.40393900000000005 0.36770300000000006 0.14286400000000002 3 0.37368450000000003 0.53218050000000006 0.50862050000000003 0.17723800000000003 4 2020.5000000000002 0.33165550000000005 2019.5000000000002 0.043201500000000038 0.20851450000000002
decision_type=10 10 10 2 8 8 8 10 10 1 2 10 1 1 10 10 10 10 10 1 10 10 10 10 1 2 10 2 8 10
left_child=1 4 12 8 5 9 -3 11 -4 -1 18 -8 -2 -14 -9 -15 -10 -17 19 -7 29 -16 25 26 -25 -18 -24 -5 -6 -20
right_child=2 6 3 27 28 10 7 14 16 -11 -12 -13 13 15 21 17 22 -19 20 -21 -22 -23 23 24 -26 -27 -28 -29 -30 -31
leaf_value=-0.0067824530242600566 -0.00023072290873639163 -0.0050673729825631911 -0.00046491249287407781 0.0026194277293152754 0.0063828409645936965 -0.0011663246334398243 -0.00097372845900690842 -0.001049159369497707 -0.0016486769978675104 -0.0013662578114153417 -0.0015307477709085963 0.0031914154280064046 -0.0015520456717305492 0.0069834583896396952 -0.0032411153286139496 0.0045119039020783316 -0.0021286150495338661 0.0016407520701563043 0.00099457683416403651 0.0011995744046465659 -0.0018791884955617786 -0.0012455071414223945 0.005522111504633615 0.0023540603104169186 0.0003659487740417871 0.0013774352890164223 0.0024699087798172171 -0.0024670597138047438 0.0012275546660688525 -0.0015061439199320714
leaf_weight=1890.5441851317883 1882.0766079872847 4122.1231360584497 8739.8419459462166 945.41071131825447 795.4899638146162 7617.9915100038052 17235.664182186127 14700.33248719573 2288.6982412189245 3133.6048182845116 19648.146072998643 1918.1611916422844 917.54400087893009 3010.7328136414289 24335.076932653785 9437.5640445351601 2777.1688864380121 4458.4665203392506 10194.784273445606 22250.930510640144 11931.689461201429 8004.3867392838001 2974.3430646955967 15469.644213706255 13720.736640781164 7467.1080533564091 18519.329496026039 5202.5543655604124 11900.597302779555 4356.2763129919767
leaf_count=7567 7587 16586 35053 3808 3197 30506 69010 58896 9175 12545 78666 7680 3689 12489 97568 38495 11140 18128 40841 89118 47750 32072 12046 62256 55120 29981 74722 20878 47669 17438
internal_value=-2.14336e-05 -0.00100352 0.00162526 0.0011505 -0.000305746 -0.000597634 -0.00193306 -0.0017372 0.00139274 -0.00342933 -0.000409915 -0.000554609 0.00350492 0.00389897 -0.00221802 0.00419754 0.00165005 0.00359342 -1.85206e-05 0.000595108 -0.000711732 -0.00274827 0.00177453 0.00204693 0.00142166 0.000423691 0.00289439 -0.00167911 0.00155436 0.000243697
internal_weight=261847 164036 97811.2 78104.8 93720.1 81024 70315.7 66193.6 71956.9 5024.15 75999.8 19153.8 19706.4 17824.3 47039.8 16906.8 63217 13896 56351.7 29868.9 26482.8 32339.5 60928.3 50684.1 29190.4 10244.3 21493.7 6147.97 12696.1 14551.1
internal_count=1051676 657109 394567 314179 375297 324431 281812 265226 289493 20112 304319 76690 80388 72801 188536 69112 254440 56623 225653 119624 106029 129640 245265 204144 117376 41121 86768 24686 50866 58279
cat_boundaries=0 1 2 3 4 5
cat_threshold=212 2 130 514 85
is_linear=0
shrinkage=0.03


Tree=39
num_leaves=31
num_cat=4
split_feature=34 34 26 40 24 39 46 39 6 46 24 32 11 44 23 37 50 40 42 24 30 30 44 30 7 39 30 3 32 39
split_gain=410.232 123.182 81.0813 76.1241 76.4662 50.9228 50.238 48.3788 41.2125 38.7395 34.9393 33.1199 32.1064 31.3534 29.7218 27.6807 27.3844 25.6899 25.4757 25.0661 23.8964 23.1656 22.5524 21.7974 21.4035 21.1107 20.711 23.7656 20.1229 19.7608
threshold=0.50140450000000014 0.56711550000000011 376.50000000000006 0.13389150000000002 0 0.52338750000000012 1.0000000180025095e-35 0.5540115000000001 2.5000000000000004 1.0000000180025095e-35 1 0.26975050000000006 4.5000000000000009 0.092777750000000006 2 0.11731000000000001 -0.10022049999999998 0.15001050000000002 0.44825300000000007 3 0.37439450000000002 0.32813450000000005 0.22573450000000003 0.3721060000000001 1.5000000000000002 0.59096650000000006 0.33698750000000005 7.5000000000000009 0.52132250000000013 0.48180050000000002
decision_type=8 10 2 8 1 8 2 10 2 2 1 10 2 10 1 8 10 10 10 1 10 10 10 8 2 10 10 2 10 10
left_child=3 5 14 4 -1 9 -5 10 11 13 16 -8 24 -2 25 -11 -4 -15 -13 -9 -16 -12 -20 -17 -7 -3 -18 -28 -10 -23
right_child=1 2 7 6 -6 12 8 19 28 15 21 18 -14 17 20 23 26 -19 22 -21 -22 29 -24 -25 -26 -27 27 -29 -30 -31
leaf_value=-0.0036274345860725253 -0.0019713051400562479 -0.00029989868243446689 -0.00029995118243699586 -0.0012412363273702112 0.00079549825842127923 0.0017863940405976964 -0.0057431523003029644 0.0048031519131878277 -0.0073405564761279173 -0.0043918634072553867 0.0035425832248121986 8.1769472468495557e-05 -7.198638418626521e-05 0.0022997185009900416 -0.00067389873293117076 -0.00027403160429937903 0.0053478205720194037 -0.00020687882267720665 -0.0029010031394934026 0.0021083651153592292 -0.0056016872514840612 -0.0026387400994077191 -0.00073175151673932363 -0.0029692759170701849 0.0001723734835466846 0.0045484514979412059 0.0032198018603767286 -0.00096202921943747079 -0.0017299914102861576 0.00097369762268021602
leaf_weight=4307.3626426756382 4627.9078709632158 3723.5414873063564 2115.8831396102905 40663.81589204073 18926.596821278334 25598.573737248778 2568.6175556629896 9166.8085300326347 2451.2803179174662 3042.5665847510099 2994.0312813967466 3866.4323351681232 25416.924927204847 6359.0140347033739 2020.5024568736553 8040.7609856277704 3531.792627543211 8682.0677481293678 23641.484526321292 4866.6111367940903 1597.7416315823793 1461.4020174890757 5326.6067366302013 4085.9387477785349 10458.773537665606 1026.1500817239285 9704.6683502495289 1385.939672216773 774.06185512244701 19009.741388067603
leaf_count=17262 18544 15046 8520 162849 75822 102787 10315 37303 9839 12189 12112 15482 101985 25500 8179 32239 14317 34786 94808 19667 6435 5863 21329 16366 41977 4172 39285 5568 3104 76504
internal_value=-5.66426e-05 0.00089774 0.00193374 -0.00153623 -2.4763e-05 0.000223972 -0.00197871 0.00235794 -0.00275412 -0.000691881 0.00182692 -0.00245651 0.000743493 0.000185297 -0.00081198 -0.00183105 0.00287491 0.000851104 -0.00219798 0.00387635 -0.00286103 0.00107614 -0.00250328 -0.00118514 0.00131912 0.000743464 0.0033383 0.0026944 -0.00600621 0.000713997
internal_weight=261444 158917 62604.8 102526 23234 96312.5 79292.3 54236.9 38628.5 34838.3 40203.5 35403.1 61474.3 19669 8367.94 15169.3 16738.3 15041.1 32834.5 14033.4 3618.24 23465.2 28968.1 12126.7 36057.3 4749.69 14622.4 11090.6 3225.34 20471.1
internal_count=1050154 639344 252971 410810 93084 386373 317726 219139 154877 139624 162169 141934 246749 78830 33832 60794 67690 60286 131619 56970 14614 94479 116137 48605 144764 19218 59170 44853 12943 82367
cat_boundaries=0 1 2 3 4
cat_threshold=2 67 2 369
is_linear=0
shrinkage=0.03


Tree=40
num_leaves=31
num_cat=4
split_feature=27 33 27 24 45 23 44 39 24 0 26 27 0 31 3 0 31 0 40 28 34 24 40 32 39 43 39 42 45 31
split_gain=471.916 118.088 81.2076 59.1709 58.3117 41.9256 39.2498 38.9647 36.7519 35.5197 34.4248 35.6345 34.938 33.8966 33.1842 29.8062 27.6981 27.6217 26.9208 26.5693 24.4837 24.4683 22.9583 21.9899 21.7494 21.3407 20.9021 20.6906 20.4893 19.2923
threshold=0.54482850000000005 0.45719000000000004 0.59392950000000011 0 5.5000000000000009 1 0.076979300000000014 0.54463150000000005 2 2019.5000000000002 389.50000000000006 0.67082950000000008 2019.5000000000002 0.42446200000000006 2.5000000000000004 2022.5000000000002 0.45056250000000003 2019.5000000000002 0.14286400000000002 0.26703450000000006 0.57267750000000006 3 0.14896050000000002 0.62558400000000003 0.50657950000000007 0.18122650000000004 0.49309950000000008 0.56152250000000015 8.5000000000000018 0.46312350000000008
decision_type=10 8 10 1 2 1 10 8 1 2 2 10 2 10 2 2 10 2 10 10 10 1 8 10 8 10 10 10 2 10
left_child=1 7 5 15 6 9 24 19 -9 -2 12 28 -5 -11 25 27 18 -10 -8 26 -18 -16 -7 -6 -3 -15 -1 -4 -12 -21
right_child=2 4 3 10 23 22 16 8 17 13 11 -13 -14 14 21 -17 20 -19 -20 29 -22 -23 -24 -25 -26 -27 -28 -29 -30 -31
leaf_value=-0.0045851583370164354 0.003655896364930993 -0.0036273603422298274 -0.0023457222477713865 0.0030894883157866989 -0.0019772646714932458 0.00083477447964681417 0.00053895316641501729 -0.0033463680642606326 0.0037318271137600622 -0.0013356892493280618 0.0038181424241382806 0.0082786842770028735 -0.0016499230626003123 -0.0012033202168833326 -0.0007740843984713118 0.001393587712557295 0.00068674432719539533 -0.0005292733269624567 -0.001072610673949309 -0.0040867027016589213 0.0035771304508859748 0.0016653161166172066 -0.00084145522514348259 0.00037742304296409869 -0.00083642318140506359 0.0043049553538807243 -0.0016859471674275049 -0.012300289817648575 1.3186498453204697e-06 -0.001212241840604584
leaf_weight=2546.4740761816502 7157.6269820183516 3007.8487146794796 430.91614072024822 3703.842232838273 24829.867978081107 22905.21285007894 18901.04816442728 3395.6578818708658 1722.2933291345835 3814.1148481816053 17395.07327644527 1556.5764278322458 2237.9616662859917 708.27361543476582 4741.7512386590242 788.48742319643497 24107.192196756601 6602.8652456998825 18392.658945515752 13506.580192893744 2968.139476493001 16549.698077708483 10814.079222649336 4143.4147747755051 15589.208414673805 5297.5084518641233 19442.513020083308 346.08342322707176 1382.0864023417234 2529.3699368834496
leaf_count=10199 28898 12047 1728 15112 99428 92145 75688 13616 6898 15284 70747 6538 9028 2852 19042 3161 96538 26445 73625 54299 11932 66543 43399 16597 62431 21321 77853 1387 5604 10145
internal_value=-2.01959e-05 -0.00102169 0.00160151 0.00297793 -0.000480842 0.00106867 -7.58163e-05 -0.002238 -0.000721986 0.00174838 0.00331537 0.00390433 0.00129943 0.00130826 0.00167889 -0.00266627 0.00027454 0.00034926 -0.000255062 -0.00270442 0.00100507 0.00112102 0.000296276 -0.00163949 -0.00128995 0.00365008 -0.00202364 -0.0068483 0.00353885 -0.00363549
internal_weight=261514 161685 99829.3 27841 111939 71988.3 82966.1 49745.8 11720.8 38269 26275.5 20333.7 5941.8 31111.3 27297.2 1565.49 64369 8325.16 37293.7 38024.9 27075.3 21291.4 33719.3 28973.3 18597.1 6005.78 21989 777 18777.2 16036
internal_count=1050530 647741 402789 113305 448286 289484 332261 199455 46959 153940 107029 82889 24140 125042 109758 6276 257783 33343 149313 152496 108470 85585 135544 116025 74478 24173 88052 3115 76351 64444
cat_boundaries=0 1 2 3 4
cat_threshold=2 2 18 648
is_linear=0
shrinkage=0.03


Tree=41
num_leaves=31
num_cat=5
split_feature=27 27 11 25 34 46 45 44 44 45 6 0 22 0 30 44 20 28 41 25 24 29 29 40 42 3 46 24 7 40
split_gain=441.746 110.49 68.7278 52.4996 50.6657 45.7093 42.3504 39.2477 37.1587 35.8926 34.9503 33.9686 33.309 33.0934 30.7366 28.5426 27.4185 27.3209 32.0622 27.535 26.9154 25.638 24.3931 24.3424 23.9756 23.9397 22.7917 31.5497 23.3689 22.9321
threshold=0.54482850000000005 0.49169050000000009 4.5000000000000009 0 0.60205150000000007 1.0000000180025095e-35 6.5000000000000009 0.083341300000000021 0.17806450000000004 10.500000000000002 1.5000000000000002 2020.5000000000002 1 2023.5000000000002 0.32693500000000003 0.39940200000000009 87.250000000000014 0.10738100000000002 429.50000000000006 2 3 0.15682400000000002 0.17747250000000001 0.16020750000000003 0.61162700000000003 6.5000000000000009 1.0000000180025095e-35 4 1.0000000180025095e-35 0.14286400000000002
decision_type=10 8 2 1 8 2 2 10 10 2 2 2 1 2 10 10 2 10 2 1 1 10 10 8 10 2 2 1 2 10
left_child=1 6 3 4 20 7 8 -3 26 14 13 -5 16 22 24 23 -12 -16 19 -19 25 -20 -7 -9 -4 -2 27 -1 -28 -29
right_child=2 5 9 11 -6 10 -8 15 -10 -11 12 -13 -14 -15 17 -17 -18 18 21 -21 -22 -23 -24 -25 -26 -27 28 29 -30 -31
leaf_value=0.00031240889573819376 0.0019260505795712023 -0.0015522365251096726 0.0048707865360615062 0.0038015349955306701 0.0034210904732862725 -0.00036767286739665265 -0.0036097864451681821 0.001053203477840016 0.00034021144539111438 -0.0032962134265296307 -0.00092783031098760376 0.002038598980926269 -0.0053327588988621825 -0.0024402561658254337 0.0042370869987140986 -0.002821041274129168 -0.0050227076245561181 -0.0045944888976225855 0.0010317275630875426 -6.4200286294575722e-05 -0.0015683985184800388 -0.0019163361486461263 0.0037798376001473683 -0.00094567941444896597 0.00014346375161593849 -0.0037214784812930357 -0.0038607896590820961 -0.0005001920546125018 -0.0016563860489870554 -0.0033667852894573975
leaf_weight=6916.3284590542316 5428.9808065295219 9537.538890004158 2786.6234421730042 17750.053069725633 4902.8838960677385 31503.187490016222 12643.793424487114 35340.169478684664 7149.6869532614946 1991.9448989331722 8866.4777865111828 22371.045546934009 2736.5349696278572 7243.0156978517771 1709.9014364629984 2119.1637734472752 1770.3695719689131 1979.8368994444609 26387.525631055236 3110.4783660471439 6238.8433674871922 2942.8503516614437 1326.3806892186403 6471.9739201664925 1497.3072892874479 765.65386481583118 9037.0854824334383 4071.7785634994507 8446.7279429733753 6671.8583142608404
leaf_count=27702 21859 38175 11293 72139 19904 126145 50730 141526 28638 8007 35500 90090 10959 29001 7008 8482 7088 7961 106170 12530 25082 11820 5312 25912 6054 3079 36287 16314 33913 26754
internal_value=-2.26742e-05 -0.00099092 0.00154627 0.00222258 0.000838638 -0.000428671 -0.0020845 0.000191024 -0.00162757 0.000629125 -0.00104917 0.00281881 -0.00237776 -0.000604889 0.000823569 0.000570251 -0.00161341 0.000537553 0.000352548 -0.00184292 -0.000177192 0.000734746 -0.000198861 0.000743039 0.00322676 0.00121975 -0.00202875 -0.00126514 -0.00279799 -0.00228147
internal_weight=261716 161852 99863.9 57457.5 17336.4 106915 54937.3 53468.8 42293.5 42406.5 53446 40121.1 13373.4 40072.6 40414.5 43931.3 10636.8 36130.6 34420.7 5090.32 12433.5 29330.4 32829.6 41812.1 4283.93 6194.63 35143.8 17660 17483.8 10743.6
internal_count=1051434 648438 402996 232153 69924 428100 220338 214095 169608 170843 214005 162229 53547 160458 162836 175920 42588 145489 138481 20491 50020 117990 131457 167438 17347 24938 140970 70770 70200 43068
cat_boundaries=0 1 2 3 4 5
cat_threshold=518 2 643 329 394
is_linear=0
shrinkage=0.03


Tree=42
num_leaves=31
num_cat=10
split_feature=27 27 33 33 27 46 24 40 24 25 26 24 26 6 40 24 26 27 31 24 19 44 43 24 25 38 23 30 26 24
split_gain=393.884 105.097 76.3184 47.0051 39.6133 36.5378 35.8891 34.4043 31.3633 31.3365 31.2101 30.0429 29.0472 27.6767 29.8991 30.7569 24.9724 27.5795 24.2957 23.7538 26.8811 23.4695 28.1816 25.881 29.1556 22.6124 22.5349 33.014 23.5691 27.2514
threshold=0.54246150000000004 0.50435500000000011 0.57606200000000019 0.41286150000000005 0.58942450000000013 1.0000000180025095e-35 0 0.14302450000000003 1 2 243.50000000000003 3 11355.500000000002 1.5000000000000002 0.13025250000000002 4 389.50000000000006 0.67082950000000008 0.4082940000000001 5 91.15000000000002 0.37834700000000004 0.29936400000000002 6 7 1253.5000000000002 8 0.35458650000000008 1350.5000000000002 9
decision_type=10 10 8 8 10 2 1 8 1 1 2 1 2 2 10 1 2 10 10 1 2 10 10 1 1 2 1 10 2 1
left_child=1 3 7 10 -4 12 -6 8 -2 11 19 -8 21 14 15 -5 25 -18 -9 20 -1 22 23 24 -3 -11 28 -28 -7 -30
right_child=2 5 4 13 6 26 9 18 -10 16 -12 -13 -14 -15 -16 -17 17 -19 -20 -21 -22 -23 -24 -25 -26 -27 27 -29 29 -31
leaf_value=0.0067531400825538903 -0.00090238156817107904 -0.0026616487868325049 0.0015015378352024333 -0.0016412916638971434 -0.0034857961654539606 0.00070685216070527949 0.0029171792282026562 -0.0041730008142841467 0.0018215712413951275 0.0032476683867213607 -0.0036655441122336739 -0.0041606364859764176 0.0071490664963392483 -0.0023956384997380342 -0.0012897517463564517 0.0022494100219717286 0.0040225739078016548 0.0084599377792413891 0.00014161554638401124 -0.0023705169246055645 -0.004733878400070184 -0.0026437812274311512 -0.00039318709493388495 0.00040358509928385526 0.0030915829129408456 -0.0011748460042006557 0.0006116017327856371 -0.0036009996006712854 -0.0034040822058492089 -0.0005465529933410243
leaf_weight=699.97772710025311 4440.9209033995867 867.61274148523808 23777.052060350776 2940.0439164340496 679.59497757256031 10674.134192332625 1322.0519248843193 1228.4767059832811 25822.053244873881 3673.4402620643377 14088.398982584476 892.87381209433079 576.53777492046356 15805.547623023391 36465.410781800747 4774.8929047584534 13797.366095304489 1404.3528122752905 25338.59174336493 1437.976034745574 242.50052118301392 2177.3073747009039 16129.662961512804 12948.463843479753 7917.3048409670591 1437.5387310683727 2442.7848853468895 5237.6564133167267 3571.2233090251684 18926.081911116838
leaf_count=2809 17855 3473 95717 11773 2727 42749 5344 4920 104018 14993 56619 3588 2334 63344 146085 19114 56272 5928 101724 5777 974 8715 64567 51851 31721 5814 9778 20966 14293 75775
internal_value=3.44776e-05 -0.000908976 0.00146994 -0.00170788 0.00236478 -0.000158837 0.00324762 0.000729524 0.00142111 0.00345253 -0.0031288 4.28982e-05 0.000477847 -0.00131714 -0.000930488 0.000763563 0.00382258 0.00443606 -5.72144e-05 3.59034e-05 0.00372079 0.000380512 0.000555411 0.00126076 0.00251688 0.00199794 -0.000792581 -0.00225755 -0.000452307 -0.00100364
internal_weight=261738 157924 103814 76454.7 46984.3 81468.8 23207.2 56830 30263 22527.6 16468.9 2214.93 40616.9 59985.9 44180.3 7714.94 20312.7 15201.7 26567.1 2380.45 942.478 40040.4 37863 21733.4 8784.92 5110.98 40851.9 7680.44 33171.4 22497.3
internal_count=1051617 632717 418900 306495 190383 326222 94666 228517 121873 91939 66179 8932 162661 240316 176972 30887 83007 62200 106644 9560 3783 160327 151612 87045 35194 20807 163561 30744 132817 90068
cat_boundaries=0 1 2 3 4 5 6 7 8 9 10
cat_threshold=2 258 2 105 514 792 154 2 2 577
is_linear=0
shrinkage=0.03


Tree=43
num_leaves=31
num_cat=6
split_feature=34 40 24 30 30 24 0 25 44 25 39 3 32 6 7 39 42 46 24 37 0 42 37 39 22 0 50 12 34 0
split_gain=283.078 91.2205 106.986 74.9087 60.7421 59.7758 58.6323 81.2474 55.3739 44.1043 42.0963 38.1714 30.3426 29.3169 28.4653 30.0146 26.7695 28.4556 30.4284 26.5154 26.678 25.8385 25.0356 24.4419 23.8533 25.2085 23.2464 22.3991 21.9405 21.7742
threshold=0.53639400000000015 0.14286400000000002 0 0.40216500000000005 0.38158100000000006 1 2020.5000000000002 2 0.3498305000000001 3 0.48492100000000005 4.5000000000000009 0.36402150000000005 1.5000000000000002 1.5000000000000002 0.5818985000000001 0.47192950000000006 1.0000000180025095e-35 4 0.15318200000000001 2022.5000000000002 0.50320450000000017 0.17652550000000003 0.50552050000000015 5 2022.5000000000002 -0.057618499999999982 -5.4999999999999991 0.38645950000000001 2020.5000000000002
decision_type=8 10 1 10 10 1 2 1 10 1 8 2 10 2 2 10 10 2 1 10 2 10 8 10 1 2 10 2 10 2
left_child=1 2 -1 5 13 8 7 -4 11 21 -7 -2 -11 -3 15 -12 -6 18 -18 -14 -21 -8 29 -20 25 -19 -13 -25 -15 -5
right_child=3 4 6 22 16 10 9 -9 -10 12 14 26 19 28 -16 -17 17 24 23 20 -22 -23 -24 27 -26 -27 -28 -29 -30 -31
leaf_value=-0.0028365978007601862 0.0032828850901484513 -0.00039427552127849295 -0.0086053236375731607 -0.00026906720982849231 -0.00014140491055505226 -0.002104311616799073 0.0032357918745078841 0.0019541827375505333 0.0083030279100296325 -0.0034281806528588671 0.0013071491076946655 -0.00047925606847519026 -0.0017243023059610892 -0.0084116354105081715 0.00011990300141103562 0.0040108791232351558 0.0011177807412644585 -0.00096324800488908977 -0.0046786862288053441 0.0013733134187067164 -0.00155985518419641 0.00024848677836178233 0.0014447633419209884 -0.006636756894236491 -0.0055384619694690091 -0.004207082684876828 0.001976386352307501 -0.0011075704764585831 -0.0018083689735456589 -0.0034889819428041446
leaf_weight=10033.394129469991 16469.653192698956 39257.349155858159 661.37317270040512 3455.768165782094 3910.9476838707924 3795.1494701057673 4027.7111600041389 23364.438751578331 1426.5868392139673 3758.8878062069416 37648.315407961607 4947.8860749006271 9267.6626974195242 470.82984054088593 17122.623766392469 4111.5773171037436 2536.0933416932821 3706.0380740314722 3319.5348936617374 8339.6915948241949 4184.5219474434853 7443.5158211439848 2422.9411769509315 725.47132450342178 4624.1891096681356 5254.6666718870401 11464.621181249619 7350.7906398624182 12110.006422191858 4228.638010174036
leaf_count=40209 66632 157245 2649 13897 15663 15230 16141 93690 5972 15073 151709 19919 37134 1890 68945 16678 10157 14853 13306 33421 16764 29831 9742 2907 18611 21079 46276 29464 48505 16930
internal_value=6.4987e-05 -0.000757168 3.17828e-05 0.00125017 -0.00143101 0.00150645 0.0005042 0.00165845 0.00251355 -0.000243991 0.000954048 0.00226149 -0.000938307 -0.000799169 0.00115194 0.00157434 -0.00247205 -0.00280216 -0.00184467 -0.000507469 0.000390765 0.00129943 -0.00120568 -0.00250549 -0.00378128 -0.00286959 0.0012343 -0.00161024 -0.00205982 -0.00204552
internal_weight=261441 154347 71081.2 107094 83265.9 96986.4 61047.8 24025.8 34308.7 37022 62677.7 32882.2 25550.8 51838.2 58882.5 41759.9 31427.7 27516.8 13931.9 21791.9 12524.2 11471.2 10107.3 11395.8 13584.9 8960.7 16412.5 8076.26 12580.8 7684.41
internal_count=1050522 618592 284912 431930 333680 391361 244703 96339 138799 148364 252562 132827 102392 207640 237332 168387 126040 110377 55834 87319 50185 45972 40569 45677 54543 35932 66195 32371 50395 30827
cat_boundaries=0 1 2 3 4 5 6
cat_threshold=2 67 2 98 266 2
is_linear=0
shrinkage=0.03


Tree=44
num_leaves=31
num_cat=5
split_feature=28 27 25 28 38 7 31 46 42 34 41 6 27 21 30 28 3 42 46 24 23 41 42 34 24 30 39 25 41 40
split_gain=374.299 103.771 87.5522 85.6783 55.7341 48.836 45.1196 43.2899 41.9765 39.2473 34.4086 30.8936 30.4965 29.2799 32.4142 28.6087 27.0984 26.2001 24.7601 46.0461 28.8946 24.4097 23.3267 22.8947 21.6198 21.3062 21.0307 20.83 22.9281 20.3491
threshold=0.21016850000000001 0.50573250000000003 0 0.16207350000000001 2554.5000000000005 1.5000000000000002 0.44927900000000004 1.0000000180025095e-35 0.45266050000000008 0.50140450000000014 972.50000000000011 2.5000000000000004 0.45608900000000008 0.88500000000000012 0.41501700000000002 0.12380750000000001 5.5000000000000009 0.80560500000000013 1.0000000180025095e-35 1 2 912.50000000000011 0.68460800000000011 0.58229750000000002 3 0.36369750000000006 0.52268750000000008 4 8185.5000000000009 0.1488305
decision_type=10 10 1 10 2 2 10 2 10 8 2 2 10 2 10 8 2 10 2 1 1 2 8 8 1 10 8 1 2 8
left_child=2 7 4 5 -1 15 13 12 24 10 -5 16 -2 14 26 -4 -10 -14 19 25 -20 -18 29 -8 -9 -11 -3 -25 -29 -6
right_child=1 6 3 9 22 -7 23 8 11 18 -12 -13 17 -15 -16 -17 21 -19 20 -21 -22 -23 -24 27 -26 -27 -28 28 -30 -31
leaf_value=-0.00333534182048353 -0.0026634817675983942 -0.0025018054060188381 0.0050051188414408894 0.0020455777203841792 0.003373909621456399 0.00099159563455814286 0.00023783007643892178 0.0044179086503542591 -0.0017240639158751533 0.0039344115679087023 -0.0012297378186701103 -0.0058833748463269411 -0.00073069858787101413 8.0991485819401077e-05 -0.0049203039082148141 0.0027891628199427768 -0.0019908035348782343 0.0079295700017815284 0.0010905505460542268 0.00057608472419394042 -0.0016918535720819269 -0.0045349801301296832 -0.0063718646994912207 0.0054242822436640749 -0.00082861593749953828 0.0013742592747123556 -0.00049254340228373629 2.4978796652184779e-05 0.0057860793089638488 -0.0003188095696948523
leaf_weight=5644.6129238307476 8644.5776865929365 7371.2635777294636 7535.5300954580307 3841.2102055698633 2459.6122730374336 10253.396919772029 29909.779836475849 877.23582558333874 15185.610835522413 9586.3951386809349 11550.428890183568 2869.2591355293989 29533.895129159093 15410.143906280398 2386.8450367748737 17765.091497436166 5622.2867856174707 314.27822931110859 21285.338602766395 11563.663667783141 3978.5045672804117 8803.6803661137819 371.35502256453037 1455.6144195497036 3407.5592978000641 4276.4235027730465 13015.270849257708 3077.2873738259077 779.55342957377434 2924.2908454984426
leaf_count=22651 34734 29508 30973 15390 9880 41597 119825 3514 60935 38619 46257 11538 118202 61698 9552 72007 22565 1259 85608 46471 15984 35350 1488 5856 13654 17169 52121 12371 3149 11730
internal_value=-2.60645e-05 -0.00101548 0.00127494 0.00155461 -0.00121588 0.00274262 -0.000212458 -0.0017983 -0.00253512 0.000915104 -0.000410147 -0.00290334 -0.00109361 -0.000927067 -0.00161043 0.00345086 -0.00261301 -0.00063772 0.0013181 0.00197954 0.000651046 -0.00354613 0.000856169 0.000561393 0.000249231 0.00314502 -0.00122078 0.00237629 0.00119769 0.00136356
internal_weight=261700 148664 113036 101636 11399.9 35554 73405.8 75258.4 36765.6 66082 15391.6 32480.8 38492.8 38183.5 22773.4 25300.6 29611.6 29848.2 50690.3 25426.5 25263.8 14426 5755.26 35222.2 4284.8 13862.8 20386.5 5312.46 3856.84 5383.9
internal_count=1051655 595831 455824 410075 45749 144577 294080 301751 147556 265498 61647 130388 154195 152879 91181 102980 118850 119461 203851 102259 101592 57915 23098 141201 17168 55788 81629 21376 15520 21610
cat_boundaries=0 1 2 3 4 5
cat_threshold=2 94 2 165 81
is_linear=0
shrinkage=0.03


Tree=45
num_leaves=31
num_cat=10
split_feature=28 30 0 25 6 23 28 33 26 24 6 27 44 25 33 30 24 27 24 25 22 46 46 24 50 0 27 9 25 50
split_gain=348.962 113.655 86.3268 110.734 70.8551 52.9536 45.9589 44.9478 52.8105 37.8171 37.3973 37.4844 33.3693 31.5856 29.6602 29.0737 27.2181 27.2043 35.7665 27.8679 26.6256 26.5095 26.303 27.2618 25.8822 24.0085 23.8368 25.25 23.1889 21.5174
threshold=0.21496300000000002 0.37368450000000003 2019.5000000000002 0 2.5000000000000004 1 0.29787600000000009 0.53945300000000007 389.50000000000006 2 1.5000000000000002 0.51591600000000015 0.049718350000000008 3 0.55360200000000015 0.40285150000000008 4 0.5709725000000001 5 6 7 1.0000000180025095e-35 1.0000000180025095e-35 8 -0.076343999999999995 2023.5000000000002 0.60220900000000011 1.0000000180025095e-35 9 -0.13199649999999999
decision_type=8 8 2 1 2 1 10 10 2 1 2 10 8 1 10 10 1 10 1 1 1 2 2 1 10 2 10 2 1 10
left_child=2 10 3 16 7 9 12 25 24 -5 11 14 15 -11 -2 -3 -1 -10 -19 -20 -8 26 -14 -24 -9 28 27 -7 -4 -21
right_child=1 6 4 5 -6 21 20 8 17 13 -12 -13 22 -15 -16 -17 -18 18 19 29 -22 -23 23 -25 -26 -27 -28 -29 -30 -31
leaf_value=0.0022429178094419315 -0.0008053144074476261 -0.0016779775525076991 -0.00063549630583876245 -0.0022626996249058094 -0.0019840905620030383 0.0041709554185826768 -0.0020261487232604626 -0.0073295412258833877 0.0011490453805199847 0.0067803831711637699 -0.0013592301773957256 0.0011354835689097557 -0.0003788338600775963 0.0037607566371981398 0.0024534768753240706 -0.0047465410168712188 -0.004409018549049285 0.0047959303668812714 0.00057743813892897401 -0.0023404220964824015 -0.004792857338939022 -0.0011480308010736993 0.00089413678953893013 -0.0021950074688127049 -0.00064958381754368695 -0.0013730195550149648 0.0047405475489097565 -0.00015783030813357914 0.0011239040227311321 0.0033850017824695803
leaf_weight=718.82940816879272 24718.972227990627 7095.2353510409594 9486.9534319043159 713.55816954374313 7651.759660795331 1822.4502796679735 6126.4969253093004 639.35939839482307 20582.996147856116 4790.0877861231565 16259.791578218341 24743.207809373736 23132.613883048296 9632.3314864933491 2791.9150445461273 4620.9338759481907 2264.934395685792 5392.3327925205231 7347.9184447228909 622.27532233297825 6529.4196916520596 2337.085975587368 2923.0849657803774 20446.74068813026 2864.3377789407969 6592.1906192749739 2755.1966590434313 3575.8563555926085 23103.809122622013 9343.4835079163313
leaf_count=2892 98998 28434 38043 2863 30731 7357 24590 2571 82664 19502 65149 99204 92590 39148 11181 18533 9077 22035 29701 2508 26339 9474 11704 81935 11532 26414 11317 14417 92712 37843
internal_value=5.15707e-05 -0.000974327 0.00122165 0.00266423 0.000780439 0.00330093 -0.00181659 0.00102689 0.00165468 0.00443864 -0.000102568 0.000287946 -0.00145937 0.00477094 -0.000473277 -0.0028917 -0.00279369 0.00194176 0.00265879 0.00198682 -0.00345671 0.00165891 -0.00109769 -0.00180783 -0.00188233 0.000276338 0.00246728 0.0012995 0.000610972 0.00302086
internal_weight=261626 139388 122238 28610.3 93627.4 25626.6 70874.5 85975.7 46792.7 15136 68513.9 52254.1 58218.6 14422.4 27510.9 11716.2 2983.76 43289 22706 17313.7 12655.9 10490.6 46502.4 23369.8 3503.7 39183 8153.5 5398.31 32590.8 9965.76
internal_count=1051458 558657 492801 116047 376754 104078 284125 346023 188854 61513 274532 209383 233196 58650 110179 46967 11969 174751 92087 70052 50929 42565 186229 93639 14103 157169 33091 21774 130755 40351
cat_boundaries=0 1 2 3 4 5 6 7 8 9 10
cat_threshold=2 2 2 276 33 9 46 2 8 518
is_linear=0
shrinkage=0.03


Tree=46
num_leaves=31
num_cat=6
split_feature=27 28 28 30 33 32 7 32 44 7 45 0 29 24 28 30 22 50 44 24 30 25 27 29 44 0 25 25 0 29
split_gain=321.978 91.6574 58.1215 53.1255 49.094 44.4544 41.7007 36.7228 34.8866 34.273 33.4087 32.4372 35.3589 32.752 30.8773 28.3626 23.0932 22.1737 21.6298 26.4852 22.5287 21.6154 21.3675 21.3455 21.2711 20.5205 30.5919 27.5778 26.5846 22.8929
threshold=0.53012100000000018 0.14362400000000003 0.24910750000000001 0.36842450000000004 0.39539300000000005 0.62558400000000003 1.5000000000000002 0.44977050000000007 0.098220350000000012 1.5000000000000002 6.5000000000000009 2019.5000000000002 0.11814800000000002 0 0.15445950000000003 0.42794300000000002 1 0.04426550000000002 0.13763550000000005 2 0.36690150000000005 3 0.58191850000000012 0.12373550000000001 0.26673250000000004 2023.5000000000002 4 5 2022.5000000000002 0.16033950000000005
decision_type=8 10 10 10 10 8 2 10 10 2 2 2 8 1 10 10 1 8 10 1 10 1 10 10 10 2 1 1 2 10
left_child=2 6 5 7 -4 14 11 -3 15 21 -6 12 -2 -13 -1 16 -5 -7 25 -20 24 -9 -11 -18 -21 27 -27 28 29 -16
right_child=1 3 4 8 10 17 -8 9 -10 22 -12 13 -14 -15 18 -17 23 -19 19 20 -22 -23 -24 -25 -26 26 -28 -29 -30 -31
leaf_value=0.0058892545355284506 0.0076365203325891289 -0.00038160119911807676 -0.003440510871563033 -0.00068967378112378265 -0.0008994691230327762 0.0084102836779552537 0.00076403156969181811 0.00252230337198918 0.00025677575404180197 -0.00023455562750107831 -0.0026733815774522642 0.0042260169928288096 0.0034738715191690176 0.00043749191624728413 -0.0083826537937172173 -0.0069952825438845201 -0.0097122554112098452 0.0013507295933378881 0.00071629300975339667 -0.00087972399974143699 -0.0021266203592097055 0.0011953117176676945 0.0021298533468981566 -0.0013898667146383925 0.0026311324610304655 9.8215900645154817e-05 -0.0046071392667844961 -0.00060319142537074773 0.0026525856721193886 0.00041146795753280586
leaf_weight=629.70978471636772 2826.4788920134306 12328.698183178902 11670.066440582275 6532.0819774121046 42871.651176601648 423.80287329852581 6728.9816550314426 22257.285688281059 23220.165216490626 14323.727857664227 12335.928486898541 3916.0705927163363 5405.9949273169041 4366.5418556779623 1117.5699349343777 907.80425955355167 530.76612260937691 7135.0397466868162 14173.400697812438 5430.1264356076717 8465.9624170809984 22341.185675412416 4517.8235852718353 600.26461009681225 2170.6707809269428 1863.1211796700954 3686.8503463119268 18029.982778728008 366.94935996830463 340.76479618251324
leaf_count=2523 11696 49457 46949 26178 171808 1705 27389 89720 93140 57534 49467 16070 22110 17681 4475 3635 2126 28572 56728 21738 33887 89896 18278 2403 8702 7459 14764 72195 1469 1365
internal_value=0 0.00105223 -0.00105305 0.000682646 -0.00167122 -0.000404894 0.00276083 0.0011146 -0.000345907 0.00140584 -0.00129651 0.00357232 0.00490895 0.00223886 -0.000695445 -0.0019817 -0.00138135 0.00175369 -0.000770813 -0.000227459 -0.00106163 0.00185919 0.000331039 -0.00533718 0.00011962 -0.00141629 -0.00303107 -0.000963022 -0.00446644 -0.0063106
internal_weight=261515 130804 130712 107560 66877.6 63834 23244.1 75768.7 31791.1 63440 55207.6 16515.1 8232.47 8282.61 56275.1 8570.92 7663.11 7558.84 55645.4 30240.2 16066.8 44598.5 18841.6 1131.03 7600.8 25405.2 5549.97 19855.3 1825.28 1458.33
internal_count=1051119 527313 523806 432367 268224 255582 94946 304885 127482 255428 221275 67557 33806 33751 225305 34342 30707 30277 222782 121055 64327 179616 75812 4529 30440 101727 22223 79504 7309 5840
cat_boundaries=0 1 2 3 4 5 6
cat_threshold=73 2 297 409 259 2
is_linear=0
shrinkage=0.03


Tree=47
num_leaves=31
num_cat=6
split_feature=28 27 27 21 46 24 7 34 37 39 33 28 45 24 42 0 24 34 39 39 32 43 3 46 31 18 24 43 24 3
split_gain=335.455 116.788 65.195 63.1556 44.778 45.6997 43.6909 40.6437 40.615 43.2585 36.0936 34.2177 32.0194 30.1455 31.327 29.939 47.1784 31.3146 29.5956 28.0195 27.8134 26.0146 24.7914 24.1009 23.6007 23.3686 23.0599 21.7794 19.8939 19.5033
threshold=0.22961050000000002 0.5709725000000001 0.45801850000000005 0.35500000000000004 1.0000000180025095e-35 0 1.5000000000000002 0.38988400000000006 0.16467100000000004 0.48180050000000002 0.57606200000000019 0.14362400000000003 9.5000000000000018 1 0.45504550000000005 2022.5000000000002 2 0.5472125000000001 0.56232850000000012 0.54322350000000019 0.28642150000000005 0.30046850000000008 3.5000000000000004 1.0000000180025095e-35 0.39715550000000005 3 4 0.18122650000000004 5 6.5000000000000009
decision_type=10 8 10 2 2 1 2 10 10 8 8 10 2 1 10 2 1 10 10 10 10 10 2 2 10 1 1 10 1 2
left_child=1 6 28 -3 5 15 8 -6 9 -1 -5 -10 13 14 -9 -4 17 -17 23 22 -13 -8 -15 -12 -24 -7 -20 -18 -2 -11
right_child=2 3 4 10 7 25 21 12 11 29 18 20 -14 19 -16 16 27 -19 26 -21 -22 -23 24 -25 -26 -27 -28 -29 -30 -31
leaf_value=-0.0027995041551802597 -0.00028669975425156487 5.1122346681049248e-05 -0.00015629860406190531 0.0014918638202552385 -0.0051787213978488041 0.00023468621933001504 0.00014629400105678028 0.00080459203933727727 0.0060899829352933227 0.0019296374309567879 0.0036695890304454938 -0.0051332623245568289 -0.0043707701847535523 0.0007557475591340099 -0.0025822895100324748 0.0035203468231121038 -0.0028777841659085477 0.011595338043627376 0.0062801707688779221 0.0013823338055969257 -0.00021379886750803791 -0.0016908206025016569 -0.0080473506903336114 0.0015453757564329225 -0.00150232354730962 -0.0017439643632346301 0.0024456010689437027 0.0016811911675715132 -0.0033028918279731081 0.00053169920994523975
leaf_weight=2224.9978851526976 2298.6038181334734 11285.889624223113 13039.924479156733 16895.048882007599 2673.0900793522596 7728.074126586318 15225.351621076465 2909.1992302983999 742.65610392391682 28467.330373719335 10433.12456664443 1080.1408203542233 2971.4988659620285 4831.1946451067924 15366.409826159477 1339.712133795023 1135.4064641147852 650.71187141537666 4389.1025027185678 5871.6656038910151 23501.434193015099 12698.854375064373 519.87449319660664 9049.3102099150419 10738.748123079538 17435.915207162499 2196.5721146464348 5411.7869652509689 15316.005971416831 13223.745012879372
leaf_count=8912 9246 45610 52199 68249 10745 30936 61050 11654 2992 114283 42459 4325 11921 19355 61578 5362 4544 2620 18055 23517 94174 50909 2085 36821 43028 69797 8975 21664 61653 53034
internal_value=1.92426e-05 0.000935906 -0.00123953 0.00205102 -0.000920841 -0.000266515 0.000312963 -0.00158671 0.00071716 0.00126899 0.00257563 -0.000238646 -0.00136346 -0.00114031 -0.00204035 0.000745485 0.00212678 0.00615787 0.00327662 -0.000388685 -0.000431786 -0.000688173 -0.00103723 0.00268485 -0.00180927 -0.00113531 0.00502069 0.000883694 -0.00291315 0.00148702
internal_weight=261651 151414 110238 54249 92623.2 46741.5 97164.5 45881.7 69240.3 43916.1 42963.2 25324.2 43208.6 40237.1 18275.6 21577.5 8537.62 1990.42 26068.1 21961.5 24581.6 27924.2 16089.8 19482.4 11258.6 25164 6585.67 6547.19 17614.6 41691.1
internal_count=1051752 609848 441904 220169 371005 187122 389679 183883 277720 176229 174559 101491 173138 161217 73232 86389 34190 7982 106310 87985 98499 111959 64468 79280 45113 100733 27030 26208 70899 167317
cat_boundaries=0 1 2 3 4 5 6
cat_threshold=154 135 2 44 849 264
is_linear=0
shrinkage=0.03


Tree=48
num_leaves=31
num_cat=9
split_feature=28 30 0 25 39 45 7 27 35 44 32 26 0 24 23 50 40 42 24 24 25 24 28 26 24 0 33 24 42 44
split_gain=307.259 91.7926 61.447 106.423 53.9508 52.3312 48.34 41.7768 37.7371 36.8673 35.4707 35.8806 33.6275 30.2765 29.8673 28.4046 27.225 27.0376 25.5311 25.138 24.3439 24.0951 24.0149 23.2872 22.7074 32.3846 21.9488 29.6304 23.0701 24.2581
threshold=0.20129450000000002 0.37368450000000003 2019.5000000000002 0 0.51162350000000012 8.5000000000000018 1.5000000000000002 0.51689550000000006 0.28220200000000006 0.045046850000000006 0.45910000000000001 389.50000000000006 2020.5000000000002 1 2 -0.088723999999999983 0.14985850000000003 0.51077000000000006 3 4 5 6 0.084430900000000017 7450.5000000000009 7 2019.5000000000002 0.47870600000000002 8 0.80560500000000013 0.089628600000000017
decision_type=8 10 2 1 8 2 2 10 8 10 8 2 2 1 1 8 10 10 1 1 1 1 10 2 1 2 10 1 10 10
left_child=2 7 3 18 17 10 14 8 26 24 -4 15 19 -13 22 -12 -9 -3 -1 -11 -21 -18 -5 -14 -6 -26 27 -2 29 -28
right_child=1 4 5 6 9 -7 -8 16 -10 12 11 13 23 -15 -16 -17 21 -19 -20 20 -22 -23 -24 -25 25 -27 28 -29 -30 -31
leaf_value=0.00097185126006937774 -0.0026924023488443952 -0.0012787882243523341 -0.00039038507089368159 0.01009273149828944 -0.0043016136520358473 -0.0018807728768802628 0.0010539316127758159 0.0009452177629530402 -0.0036733905741957698 -0.0029210610195889689 -0.0094431626957010312 0.0024805128424496342 -0.0010456256425549666 0.00096091238797288295 0.0025801349035906472 -0.00036307816545558198 0.00074475018368369106 -0.0038094011608145063 -0.0051982449765136506 -0.0081510242751945353 0.0013295391652305049 -0.0016366489936840937 0.0047339397560473345 -0.0042616135800404263 0.0039419377274292787 -0.0023691744502181227 -0.0017452209755743535 -0.00014612970471078953 0.0085164090938902454 0.00071404709807947335
leaf_weight=907.82991537451744 7794.5274513661861 5601.4180338084698 11622.687659293413 837.43611890077591 4660.0225440710783 5738.3543449193239 6463.3608321994543 32487.673200592399 3896.9463668614626 1589.8779366910458 329.93048352003098 22874.821746394038 36700.888719931245 24656.880224078894 6674.3248151093721 4673.4922099411488 6829.9347589313984 12116.145172968507 1746.3446333408356 236.16100586950779 10395.710075125098 8629.6446459293365 8692.0173504203558 2150.2914553433657 838.83462482690811 5471.6605589538813 5015.7985266000032 8764.1960539966822 289.59432592988014 12852.547456786036
leaf_count=3652 31252 22458 46619 3492 18701 23067 26230 130389 15617 6375 1328 92617 147096 99222 27171 18804 27407 48617 7000 946 41632 34576 35390 8631 3361 21952 20081 35113 1161 51449
internal_value=-3.80588e-05 -0.000816183 0.0013208 0.00258751 -0.0015504 0.000861392 0.00325296 -0.000139263 -0.000873905 -0.00113258 0.0011072 0.00143909 -0.000792727 0.00169369 0.0041299 -0.00097312 0.000451761 -0.00301139 -0.00308214 0.000577989 0.00110644 -0.00058326 0.00521104 -0.00122471 -0.00271139 -0.00152162 -0.000558508 -0.00134851 0.000160367 2.18536e-05
internal_weight=261539 166322 95217.5 25321.3 79761 69896.2 22667.1 86560.9 38613.6 62043.4 64157.8 52535.1 51072.9 47531.7 16203.8 5003.42 47947.3 17717.6 2654.17 12221.7 10631.9 15459.6 9529.45 38851.2 10970.5 6310.5 34716.7 16558.7 18157.9 17868.3
internal_count=1051406 666814 384592 102935 319769 281657 92283 347045 154673 248694 258590 211971 204680 191839 66053 20132 192372 71075 10652 48953 42578 61983 38882 155727 44014 25313 139056 66365 72691 71530
cat_boundaries=0 1 2 3 4 5 6 7 8 9
cat_threshold=2 89 2 289 2 2 370 550 39
is_linear=0
shrinkage=0.03


Tree=49
num_leaves=31
num_cat=8
split_feature=27 39 6 32 46 46 24 24 22 3 39 50 8 39 43 30 26 25 33 24 22 42 26 30 25 43 42 2 50 25
split_gain=281.983 89.1951 62.5105 59.2876 43.4833 39.4113 42.2192 38.9439 37.9821 37.8552 28.6014 28.5712 26.9452 26.6805 25.1016 24.0787 23.1156 23.0943 33.4608 32.4606 21.942 21.8241 28.48 21.6592 21.6302 20.7769 32.3195 20.5351 22.6452 21.2442
threshold=0.52573350000000019 0.55351250000000018 2.5000000000000004 0.33484850000000005 1.0000000180025095e-35 1.0000000180025095e-35 0 1 2 3.5000000000000004 0.49309950000000008 -0.1186695 1.5000000000000002 0.50607400000000013 0.17895850000000005 0.31932300000000008 5151.5000000000009 3 0.50074200000000013 4 5 0.45266050000000008 1954.5000000000002 0.35393650000000004 6 0.2217935 0.49799250000000006 4.5000000000000009 0.0070040000000000111 7
decision_type=10 8 2 8 2 2 1 1 1 2 10 8 2 8 8 10 2 1 8 1 1 8 2 8 1 10 10 2 8 1
left_child=3 2 5 -1 13 6 11 -3 -7 20 -11 -2 15 23 -12 -4 -17 18 -9 -19 -6 -16 -23 -5 -15 -13 27 -27 29 -29
right_child=1 7 12 4 9 8 -8 17 -10 10 14 25 -14 24 21 16 -18 19 -20 -21 -22 22 -24 -25 -26 26 -28 28 -30 -31
leaf_value=-0.0029482995251959034 -0.0011434448859381069 0.0035458343818215985 0.0059471892370776616 0.0006712728710778045 0.00030063844753019882 0.00047088408679195684 0.00049066554226975161 -0.00064938851152730509 -0.0015869969242110211 -0.0050243847868387589 3.9388391445621715e-05 0.0041380405019964877 0.0002654817742767216 0.00090392963654693499 5.4114600496155846e-06 -0.0026734649349486376 -0.0076014466827607147 0.0014392298786059226 0.0029922928013790904 -0.0023527489522514457 -0.0021362730057533966 -0.0016033065441975536 -0.003738637350680861 -0.0025230983823326622 -0.00046865384504944662 0.0052367786258809062 0.00080211689859663272 -0.0012447945705521925 -0.0020510320366884339 0.0082295420624833408
leaf_weight=14031.455431625247 2016.5748390108347 12085.002438217402 239.24388054013252 2567.2774472385645 12642.413425803185 35167.075007244945 30333.862875103951 2848.4059006869793 10473.461158946157 2714.9337712973356 5446.9070954173803 5614.9071853607893 2964.6332230567932 16309.378678366542 3507.6032456606627 4248.3792455196381 1086.7963939905167 6908.7168582826853 10934.982509508729 2860.5158792436123 4502.6418347507715 13116.3203060776 9948.3790799379349 7301.3615642935038 28138.40258166194 3317.3202431052923 8361.8155356645584 337.62507459521294 915.54232427477837 545.36811861395836
leaf_count=56362 8105 49165 965 10279 50650 141473 121945 11439 42171 10892 21818 22685 11906 65315 14050 17059 4361 27909 44260 11530 18087 52613 39896 29251 112687 13456 33667 1369 3712 2208
internal_value=-4.68677e-05 0.000861868 0.000423605 -0.00111483 -0.000872215 0.000640305 0.00120962 0.0021598 -7.6863e-07 -0.00149347 -0.00206296 0.00223982 -0.00203598 -0.000278229 -0.00181047 -0.00326482 -0.00368664 0.00144487 0.00223595 0.000324188 -0.000337857 -0.00219075 -0.00252599 -0.00168911 3.4443e-05 0.00260003 0.00195629 0.00383533 0.00122934 0.00465992
internal_weight=261487 141260 105623 120227 106196 97083.6 51443 35637.6 45640.5 51879.2 34734.1 21109.2 8539.05 54316.4 32019.2 5574.42 5335.18 23552.6 13783.4 9769.23 17145.1 26572.3 23064.7 9868.64 44447.8 19092.6 13477.7 5115.86 1798.54 882.993
internal_count=1051285 569385 425082 481900 425538 390791 207147 144303 183644 208006 139269 85202 34291 217532 128377 22385 21420 95138 55699 39439 68737 106559 92509 39530 178002 77097 54412 20745 7289 3577
cat_boundaries=0 1 2 3 4 5 6 7 8
cat_threshold=83 81 2 348 300 2 106 232
is_linear=0
shrinkage=0.03


Tree=50
num_leaves=31
num_cat=8
split_feature=28 30 25 0 0 24 33 39 30 34 44 28 0 7 43 24 0 24 38 45 25 36 43 25 27 28 51 24 35 24
split_gain=280.399 80.0129 67.0101 117.158 93.5633 59.2017 46.3799 38.4522 36.43 35.7153 35.0715 33.7169 27.1029 35.6218 26.6279 27.3871 36.1435 26.1912 27.4083 26.9287 25.1395 25.0403 24.0006 23.6191 22.9963 22.6643 21.9534 21.8392 20.914 25.5586
threshold=0.21016850000000001 0.37301050000000008 0 2022.5000000000002 2020.5000000000002 1 0.45951650000000005 0.48312350000000009 0.33698750000000005 0.49558500000000005 0.049718350000000008 0.29563650000000002 2019.5000000000002 1.5000000000000002 0.30645300000000003 2 2022.5000000000002 3 243.50000000000003 9.5000000000000018 4 0.077046750000000011 0.43043500000000007 5 0.56201200000000007 0.22213150000000001 0.037171500000000031 6 0.29438050000000004 7
decision_type=8 10 1 2 2 1 8 8 10 10 10 10 2 2 10 1 2 1 2 2 1 10 10 1 10 10 10 1 10 1
left_child=2 9 3 27 5 -4 -6 -3 26 28 -9 17 13 23 15 16 20 -12 -19 -20 24 -22 -10 -7 -11 -18 -8 -1 29 -2
right_child=1 7 4 -5 6 12 8 10 22 14 11 -13 -14 -15 -16 -17 25 18 19 -21 21 -23 -24 -25 -26 -27 -28 -29 -30 -31
leaf_value=-0.0011553160097122373 -0.0020481691938260783 -0.0045738704985485261 0.0042360005654781992 0.0047052496144802513 -0.0020929125265026346 0.0045227620272112112 0.0018229827435351678 -0.0027229817749144947 0.00056870642000926563 0.0020530875389449125 0.00051889481794147941 -0.0026704999558169202 0.00092404099752337791 0.00048476109518107656 -0.00045547995117211162 0.00014438012474566304 -0.0010088653499205446 0.002772919364565475 -0.0010570461436121147 -0.0041438903834903409 -0.0078091089080813041 8.582383641743177e-06 -0.0027790129806898479 0.0020256826176071802 0.011577397790515035 0.0049558533439087813 0.0057480482843097012 -0.0041413954275092112 -0.0034637511009331604 -9.4533911271394469e-05
leaf_weight=4449.3452851772308 8619.9164685308933 3610.5529209971428 11022.275204628706 2474.9342410117388 5645.3568353652954 7249.8334326595068 6817.1872814148664 14421.705482438207 35919.417526826262 1884.5337351113558 11346.557568669319 9812.6319393962622 18872.842633485794 5554.0582250952721 17740.284187182784 12871.385050699115 654.76298443973064 1544.3842522054911 32359.896105691791 2767.7061198055744 409.6499580591917 3394.5046680271626 2031.3729785978794 6675.9389269649982 259.73871400952339 4148.2309815734625 1593.6569713801146 4486.6909431666136 2665.0955663770437 20101.285633176565
leaf_count=17877 34556 14492 45030 9944 22609 29495 27544 57886 144523 7554 45438 39510 75996 22494 71139 51570 2627 6185 129602 11092 1645 13612 8135 27139 1048 16668 6451 17981 10681 80512
internal_value=-1.21049e-05 -0.000868193 0.00111558 -0.0010619 0.00136096 0.00229655 0.000472313 -0.00154988 0.000785437 -0.000156876 -0.00139817 -0.00106716 0.00173654 0.00252282 0.000421642 0.00108159 0.00219827 -0.000738739 -0.00112852 -0.00130145 0.000630745 -0.000828698 0.000388519 0.00333323 0.00322032 0.00413636 0.00257204 -0.00266476 -0.000920211 -0.000682809
internal_weight=261406 148613 112793 11411 101382 49374.9 52007 75863.4 46361.6 72749.4 72252.9 57831.2 38352.7 19479.8 41363.1 23622.8 10751.4 48018.5 36672 35127.6 5948.43 3804.15 37950.8 13925.8 2144.27 4802.99 8410.84 8936.04 31386.3 28721.2
internal_count=1051035 595817 455218 45802 409416 200154 209262 304205 186653 291612 289713 231827 155124 79128 165863 94724 43154 192317 146879 140694 23859 15257 152658 56634 8602 19295 33995 35858 125749 115068
cat_boundaries=0 1 2 3 4 5 6 7 8
cat_threshold=2 65 27 520 85 316 353 67
is_linear=0
shrinkage=0.03


Tree=51
num_leaves=31
num_cat=0
split_feature=28 28 39 45 33 48 0 30 48 26 46 0 43 39 30 39 51 42 28 42 11 44 42 13 34 34 45 44 35 43
split_gain=237.496 87.2626 49.7398 48.1317 45.1037 41.2808 44.3942 39.8596 34.7071 31.3396 30.0576 42.01 26.8426 26.8299 26.0062 30.7042 23.8406 22.1085 21.835 21.8336 21.2161 20.8496 20.9049 20.0751 19.3146 19.2387 22.0839 19.5552 19.1307 19.1042
threshold=0.23191750000000003 0.17040550000000002 0.48180050000000002 9.5000000000000018 0.44481650000000006 1.0000000180025095e-35 2019.5000000000002 0.37334650000000008 1.0000000180025095e-35 1003.5000000000001 1.0000000180025095e-35 2020.5000000000002 0.39175750000000004 0.54749650000000016 0.35458650000000008 0.47748250000000009 0.002084000000000003 0.80560500000000013 0.27077200000000007 0.33664750000000004 4.5000000000000009 0.047500750000000008 0.52653000000000005 1.0000000180025095e-35 0.54389950000000009 0.37053000000000008 5.5000000000000009 0.22281950000000003 0.20993850000000003 0.14535800000000001
decision_type=10 8 8 2 10 2 2 10 2 2 2 2 10 8 10 8 10 10 10 10 2 8 10 2 10 8 2 10 10 10
left_child=1 5 -3 4 16 6 13 8 23 -8 21 -12 29 20 17 -16 25 -6 -17 -10 -1 -9 -23 -4 -24 26 27 -2 -25 -7
right_child=3 2 7 -5 14 12 9 10 19 -11 11 -13 -14 -15 15 18 -18 -19 -20 -21 -22 22 24 28 -26 -27 -28 -29 -30 -31
leaf_value=0.0035894392266381187 -0.0028791186787406019 -0.0026736800093221662 0.0018053854035327715 -0.0033822490520513558 0.00028213465530326154 -0.0023557636587388377 -0.00034910630317094832 -0.0025588270238358088 -0.0076412839274828158 0.0022069898121149559 0.00056108659819909706 -0.002364399988055761 -0.0026350338911368567 0.0049230277376516429 -0.0051023955470859009 -0.00028090851243041604 -0.0041825887233387406 0.0080893349519434703 -0.0017186073131943457 -8.1733312301935829e-05 -0.00030293108842928228 -0.00039558101506671149 0.0028478250200441443 0.0010466415883038387 -0.00016882335712752598 -0.0012269258287312781 -0.0076151966908734655 0.0066775615685397251 -0.0011925943963623823 0.0014128817684090104
leaf_weight=3321.7264883369207 3136.506975248456 4956.7427784055471 27271.16943269968 7755.3886428922415 20009.405408456922 1359.7660483121872 5860.8740139603615 1782.941727399826 347.24665796756744 16177.290401294827 7151.4882183223963 11490.312153995037 2184.73866738379 7422.8877630233765 1496.7912647426128 30321.781751543283 3553.7555265873671 329.28463216125965 13893.234652101994 19553.445436701179 2007.3340428769588 6631.6498763412237 5724.6081863045692 15451.608231261373 2838.2428756207228 23410.574064150453 897.49856358766556 200.79270549118519 4401.1094942837954 10530.840259477496
leaf_count=13563 12647 19861 109623 31124 80147 5500 23628 7138 1391 65623 28663 45999 8835 30500 6000 121401 14292 1321 55725 78542 8151 26556 22917 62129 11373 93964 3620 805 17662 42695
internal_value=-2.98584e-06 0.000737577 0.000259792 -0.00110676 -0.000924889 0.00178895 0.00234372 0.000401818 0.000832922 0.0015259 -0.000408548 -0.00124059 0.000415386 0.00375405 -0.000480202 -0.000877466 -0.00186522 0.000411183 -0.000733426 -0.000216279 0.0021183 0.00050335 0.000865078 0.00127663 0.00184472 -0.00156582 -0.00343 -0.00228967 0.000548614 0.000978905
internal_weight=261471 156466 107601 105005 97249.6 48865.5 34790.1 102644 67024.6 22038.2 35619.2 18641.8 14075.3 12751.9 66050.5 45711.8 31199.1 20338.7 44215 19900.7 5329.06 16977.4 15194.5 47123.9 8562.85 27645.4 4234.8 3337.3 19852.7 11890.6
internal_count=1051395 630349 431854 421046 389922 198495 141465 411993 269347 89251 142646 74662 57030 52214 264594 183126 125328 81468 177126 79933 21714 67984 60846 189414 34290 111036 17072 13452 79791 48195
is_linear=0
shrinkage=0.03


Tree=52
num_leaves=31
num_cat=5
split_feature=28 28 6 27 31 46 25 7 0 39 46 23 43 44 43 44 32 23 41 41 34 22 42 32 27 51 41 23 40 43
split_gain=265.376 71.1785 67.7717 48.4214 39.432 34.2724 33.9387 32.5655 43.4774 29.9954 28.3539 44.4877 27.2717 26.6692 25.686 27.895 23.7519 22.1934 21.965 21.8894 28.0652 21.4148 20.2809 20.1998 19.6181 21.6589 23.2009 20.5836 20.4025 19.125
threshold=0.21496300000000002 0.16283250000000002 1.5000000000000002 0.47773350000000009 0.43113550000000006 1.0000000180025095e-35 0 1.5000000000000002 2019.5000000000002 0.48312350000000009 1.0000000180025095e-35 1 0.39175750000000004 0.093752100000000019 0.42846200000000007 0.30870550000000002 0.20112350000000004 2 5794.5000000000009 1408.5000000000002 0.55321350000000014 3 0.52002050000000011 0.62981500000000012 0.55354300000000012 0.09621399999999998 3250.5000000000005 4 0.13481050000000003 0.32009250000000006
decision_type=8 10 2 8 8 2 1 2 2 8 2 1 10 10 10 10 8 1 2 2 10 1 10 10 10 10 2 1 8 10
left_child=1 6 3 -2 9 16 18 8 17 -5 13 -12 29 23 15 -15 -4 -8 -1 -10 -21 -7 -11 -3 25 28 -27 -26 -6 -9
right_child=2 10 5 4 24 21 7 12 19 22 11 -13 -14 14 -16 -17 -18 -19 -20 20 -22 -23 -24 -25 27 26 -28 -29 -30 -31
leaf_value=-0.0012312786883573554 -0.0016397266108480796 -0.00099578892504529714 -0.0085917921983194156 -0.0059906517731556945 0.0012093517072303344 -0.0022974512995716685 0.0056100554522667068 0.00099062756100195778 0.00037943733919142711 0.00046018052739040975 0.00044288185307378951 -0.0020972514054035077 -0.0025642492879854551 0.0020235163826975242 -0.002280063315969077 -0.00087770312053909473 -0.00095127792969966311 0.0027636397565806376 0.0063224392796680214 0.00024625040371059766 0.0037646540856479224 -0.0046576588760132301 -0.0014969002863223634 0.0024924792747296207 0.0036939487549041816 -6.8004814695130864e-05 0.0076577447871595582 -0.00014067010809161858 -0.00029206646463983654 0.0047666272340829239
leaf_weight=3708.2422274649143 24883.312813341618 7610.206992611289 371.86832065880299 1094.8937934488058 10385.658912986517 12511.982271283865 6082.6876093745232 7409.1217635720968 5418.4855909049511 6798.5334905087948 33133.117283836007 7631.7925078123808 1664.3426039665937 26616.119975656271 1526.2047141492367 3342.0184806138277 18386.813319981098 4255.8678889423609 378.4799836575985 2885.7519277483225 7124.1972366571426 4848.9526458829641 15766.607496157289 1853.5352046787739 2992.5811395347118 680.30914589762688 700.85663484036922 2148.6633549034595 37704.976729735732 1449.533854842186
leaf_count=14911 100008 30549 1492 4389 41594 50182 25037 30138 21882 27216 133147 30620 6742 106992 6114 13424 73674 17462 1532 11639 29129 19505 63143 7463 12041 2725 2824 8636 150988 5857
internal_value=1.59411e-05 0.00103704 -0.000878946 -0.000486944 -0.000120037 -0.00199753 0.00206772 0.00235936 0.00293484 -0.00114325 0.000527328 -3.2052e-05 0.00094916 0.0010849 0.00150478 0.00169881 -0.00110569 0.00444237 -0.000518984 0.00192204 0.00275371 -0.00295908 -0.00090595 -0.000308847 0.000322737 0.000138733 0.00383876 0.00208638 3.16114e-05 0.00161328
internal_weight=261366 122090 139276 103156 78273.1 36119.6 40376.7 36290 25767 23660 81713 40764.9 10523 40948.1 31484.3 29958.1 18758.7 10338.6 4086.72 15428.4 10009.9 17360.9 22565.1 9463.74 54613 49471.8 1381.17 5141.24 48090.6 8858.66
internal_count=1051055 492638 558417 413564 313556 144853 164329 147886 105149 94748 328309 163767 42737 164542 126530 120416 75166 42499 16443 62650 40768 69687 90359 38012 218808 198131 5549 20677 192582 35995
cat_boundaries=0 1 2 3 4 5
cat_threshold=2 2 2 2 2
is_linear=0
shrinkage=0.03


Tree=53
num_leaves=31
num_cat=4
split_feature=27 27 21 32 46 22 44 6 39 0 27 25 30 40 6 6 30 32 44 43 38 41 28 44 11 13 44 43 25 25
split_gain=233.619 77.6557 46.7595 45.57 41.4708 44.9732 40.0675 35.9292 34.2488 30.6437 29.8273 28.0594 24.5126 24.1617 23.7698 23.1223 23.0207 23.0957 21.6901 26.406 21.5748 20.7659 19.0275 17.8475 17.7546 17.2503 17.2035 18.6492 19.5991 16.9538
threshold=0.51873550000000013 0.57182450000000007 0.35500000000000004 0.31605800000000006 1.0000000180025095e-35 0 0.092777750000000006 2.5000000000000004 0.57249900000000009 2019.5000000000002 0.44707100000000005 1 0.36400550000000004 0.14097750000000001 2.5000000000000004 1.5000000000000002 0.32813450000000005 0.44843700000000003 0.30169950000000006 0.42424850000000008 7375.5000000000009 6162.5000000000009 0.23054850000000002 0.20948250000000004 1.0000000180025095e-35 -4.4999999999999991 0.19833600000000004 0.45319600000000004 2 3
decision_type=8 8 2 8 2 1 10 2 10 2 10 1 8 10 2 2 10 8 10 10 2 2 10 10 2 2 10 10 1 1
left_child=3 4 12 -1 6 9 20 10 16 11 22 -6 -3 26 -11 -7 -4 -18 19 24 21 -2 -5 -14 -8 -15 27 28 -12 -10
right_child=1 2 8 7 5 15 18 -9 29 14 13 -13 23 25 -16 -17 17 -19 -20 -21 -22 -23 -24 -25 -26 -27 -28 -29 -30 -31
leaf_value=-0.0031209950010134104 -0.00079587139787767121 0.001000507440254978 0.0034225007280243476 0.00319617171549119 -0.0044781935840962342 -0.0013540837868808624 0.0031848675326370977 -0.002807423425360848 0.0054483428520413551 -5.9006821955184563e-05 0.00088961115186408262 0.002620665305158679 -0.002901529692345005 -0.0029206358393942247 -0.0029742247710550403 -0.0047079600175558766 -0.0012362103274981919 0.0016432554925377629 -0.00031054066095475495 -0.0020186673999808783 0.0031949435172933345 -0.0053125524495034647 -0.0026875945655971778 0.0016595962398249168 0.001403676918751134 -0.00080651460361561868 0.0013437230814581863 0.0026324351731951186 -0.0011350056267920266 0.0023082370226472529
leaf_weight=9362.6656324565411 8279.6368471682072 7218.2364571988583 5988.568964317441 517.28050746023655 535.87188275158405 7591.0482651144266 6301.9920214563608 8342.119024887681 3649.6615075469017 32216.481286674738 6003.3004191070795 5674.5845121443272 3347.5662998706102 3789.365267932415 2730.004359960556 2465.4729351401329 2742.443959876895 27671.290553092957 6663.4377944916487 1752.2126880288124 1064.9436645507812 1032.2046725302935 8742.0927640199661 992.1290932148695 25948.106348693371 43356.849242672324 7594.2747888118029 1787.1487613022327 15021.181187838316 2863.1014145314693
leaf_count=37650 33211 29231 24432 2072 2145 30432 25310 33479 15004 129173 24044 22857 13475 15189 10932 9878 11033 112419 26723 7022 4268 4135 35226 4033 104135 173716 30398 7157 60162 11726
internal_value=-2.42345e-05 0.000708245 0.00162323 -0.00112291 0.000220497 -0.000382238 0.000825825 -0.000925902 0.00207936 5.65492e-05 -0.000744662 0.00199845 -6.79317e-05 -0.000551957 -0.000287837 -0.00218047 0.0017192 0.00138253 0.00125069 0.00155753 -0.00083619 -0.00130131 -0.00235473 -0.00185144 0.00175293 -0.000977248 0.000106527 -0.000304158 -0.000555545 0.00408612
internal_weight=261245 156729 54473 104516 102256 51213.5 51042.5 95153.6 42915.1 41156.9 86811.5 6210.46 11557.9 77552.1 34946.5 10056.5 36402.3 30413.7 40665.7 34002.3 10376.8 9311.84 9259.37 4339.7 32250.1 47146.2 30405.9 22811.6 21024.5 6512.76
internal_count=1050667 631574 221353 419093 410221 205417 204804 381443 174614 165107 347964 25002 46739 310666 140105 40310 147884 123452 163190 136467 41614 37346 37298 17508 129445 188905 121761 91363 84206 26730
cat_boundaries=0 1 2 3 4
cat_threshold=2 2 578 792
is_linear=0
shrinkage=0.03


Tree=54
num_leaves=31
num_cat=4
split_feature=28 30 25 34 44 0 39 43 46 7 45 45 0 46 0 25 45 32 40 44 8 43 50 21 25 26 0 3 39 25
split_gain=210.462 105.49 63.8565 54.6419 53.507 48.2453 38.7436 34.8564 31.8437 28.7792 28.7218 28.4762 27.0318 25.5042 24.1886 23.8823 23.6319 21.1895 20.3841 19.6948 19.6207 19.495 29.4637 19.1797 18.8926 17.8605 17.7434 17.3516 17.2411 20.3879
threshold=0.17804550000000005 0.37301050000000008 0 0.50140450000000014 0.048536200000000009 2019.5000000000002 0.5337145000000002 0.37712400000000007 1.0000000180025095e-35 1.5000000000000002 8.5000000000000018 7.5000000000000009 2022.5000000000002 1.0000000180025095e-35 2019.5000000000002 1 9.5000000000000018 0.5748565000000001 0.13685150000000004 0.31291950000000007 1.0000000180025095e-35 0.44431100000000007 0.020202000000000001 0.41500000000000004 2 7744.5000000000009 2021.5000000000002 2.5000000000000004 0.5414635000000001 3
decision_type=8 10 1 10 10 2 10 10 2 2 2 2 2 2 2 1 2 10 10 10 2 10 10 2 1 2 2 2 8 1
left_child=2 3 12 10 21 9 8 13 -6 15 28 -11 -1 24 -8 19 18 -5 -10 23 -12 -3 -23 -4 -7 -15 -9 -19 29 -2
right_child=1 4 5 17 6 7 14 26 16 11 20 -13 -14 25 -16 -17 -18 27 -20 -21 -22 22 -24 -25 -26 -27 -28 -29 -30 -31
leaf_value=-0.0022438994872095758 -0.0021195447109579012 -0.0032846835206479029 0.00098632035954282125 0.00026496206791246741 -0.00068502426250531686 0.0045548652519730604 0.0017493341286087536 0.00050516125182972641 0.00040534777661640402 -0.000743808224329301 -0.0068292260777091003 0.0037846333483557504 0.0035208433792015886 0.0011239191891450921 -0.00044530687299126665 0.0030669925787265252 -0.0058577059476486743 0.0027818173199848154 -0.002403665792500636 0.011474172242674312 -0.0017637747019932214 -0.00309215615396432 0.002310331977276826 0.0063469095822589377 0.00197750592348975 -0.0026612102721199605 -0.0028541905403851675 0.00093679394598820596 0.00055300295250216409 -0.00034086914048744296
leaf_weight=4968.7436797171831 8098.9666078686714 13133.23986145854 800.0889036655426 41587.453421026468 23610.101471066475 3389.3093894571066 5484.7015157341957 3525.4493088424206 2686.7032217681408 2777.5855095386505 1031.7144291102886 2255.495695233345 852.26910564303398 13201.793823242188 25602.237370043993 8524.7319624722004 1560.0458325743675 5939.73113322258 16424.782013833523 511.99954582750797 2137.9249001592398 2151.8367192745209 1563.0464658439159 2605.4635896086693 11123.73384693265 1219.28074619174 2347.6411764472723 20611.759122952819 10948.490368321538 20599.632095530629
leaf_count=19961 32448 52740 3265 166887 94606 13755 21997 14231 10771 11316 4136 9183 3440 53450 102570 34964 6275 23906 65942 2128 8571 8631 6265 10707 45058 4938 9431 82906 43873 82525
internal_value=-6.84441e-06 -0.000462293 0.00158516 0.000160665 -0.00121215 0.00191705 -0.000869829 0.00127008 -0.00143973 0.00320462 -0.000678801 0.00128063 -0.00139095 0.00169811 -5.70077e-05 0.00397999 -0.00230005 0.000688611 -0.0020072 0.00593224 -0.00342693 -0.00274127 -0.000810947 0.00509829 0.00258679 0.000801325 -0.000833333 0.00135093 -0.000458099 -0.000844897
internal_weight=261276 203172 58103.6 110956 92216.7 52282.6 75368.6 34807.2 44281.6 17475.4 42816.7 5033.08 5821.01 28934.1 31086.9 12442.3 20671.5 68138.9 19111.5 3917.55 3169.64 16848.1 3714.88 3405.55 14513 14421.1 5873.09 26551.5 39647.1 28698.6
internal_count=1050876 815049 235827 445252 369797 212426 302161 140863 177594 71563 171553 20499 23401 117201 124567 51064 82988 273699 76713 16100 12707 67636 14896 13972 58813 58388 23662 106812 158846 114973
cat_boundaries=0 1 2 3 4
cat_threshold=2 28 144 644
is_linear=0
shrinkage=0.03


Tree=55
num_leaves=31
num_cat=3
split_feature=27 46 22 3 27 44 44 26 31 44 33 33 39 42 40 31 29 34 29 25 39 34 31 45 42 35 6 25 45 27
split_gain=202.259 75.3923 59.9018 49.808 39.9323 34.5975 41.8946 33.613 33.1198 32.8881 31.0585 30.0274 27.2078 26.8306 26.1409 25.0828 29.8121 25.1972 23.4986 40.6759 25.7089 34.0789 23.237 22.5827 24.3799 21.9516 21.6164 21.4899 19.6059 19.4593
threshold=0.54482850000000005 1.0000000180025095e-35 0 4.5000000000000009 0.60534450000000006 0.39940200000000009 0.16574000000000003 1206.5000000000002 0.46464650000000002 0.25860200000000005 0.6376075000000001 0.43520050000000005 0.52268750000000008 0.46075350000000009 0.1488305 0.44898100000000002 0.13544850000000005 0.38161100000000009 0.15888000000000002 1 0.50552050000000015 0.55178150000000004 0.42011850000000006 7.5000000000000009 0.68837450000000011 0.059114700000000006 1.5000000000000002 2 9.5000000000000018 0.44447350000000002
decision_type=8 2 1 2 10 10 10 2 10 10 10 8 10 10 10 10 10 10 10 1 10 10 8 2 10 10 2 1 2 10
left_child=1 5 7 4 14 6 11 27 9 26 23 25 -8 -9 22 16 -15 -18 20 -20 21 -13 -2 24 -5 -1 29 -3 -19 -4
right_child=3 2 8 10 -6 -7 12 13 -10 -11 -12 18 -14 15 -16 -17 17 28 19 -21 -22 -23 -24 -25 -26 -27 -28 -29 -30 -31
leaf_value=0.0020065394829059703 -0.00097134154186026805 -0.0012905668195411849 -0.0060883647264243041 0.00065165642564813438 0.0035451096665197928 -0.0033101390828199411 -3.3838584177644338e-05 0.00037167054690527519 -0.00056619599608027959 0.0022271355707655723 0.0020774935316144544 -0.0028776802213465991 0.0018070655129176431 -0.00048737371249958872 9.9034785719631868e-05 -0.00077490199952264145 -0.0085340950380936014 -0.0025477027926145107 0.0010227554387898792 -0.0026168479778033815 0.00090759949030350107 0.0046225208303471753 0.002138729274610058 -0.0013988364823631402 -0.0020545715136631184 -0.0021464134684691057 -0.005670284271361843 0.000776198405642425 -0.0072379784719797278 -0.0024893953972705664
leaf_weight=1267.9277057498693 2364.818092495203 6573.5604521632195 1610.6575927138329 34361.898361831903 9240.9001254439354 2773.1225813478231 12853.343006134033 6658.2912800163031 4888.754757553339 870.41401907801628 8680.6412005126476 3436.9153137952089 16407.555415630341 5007.0839105844498 10881.746298089623 14303.925788789988 759.42220994830132 11370.628793075681 4631.4911416321993 6793.3216662704945 21629.867405563593 642.60339504480362 23570.994951069355 7382.4446009546518 3275.1792883723974 11066.446595534682 3895.7739476412535 14455.803839728236 870.39024591445923 8997.1695766597986
leaf_count=5088 9522 26361 6530 138574 38059 11102 51482 26667 19600 3490 35281 13764 65730 20054 43783 57321 3061 45583 18547 27208 86652 2580 95285 29708 13210 44434 15685 57973 3496 36117
internal_value=-6.09325e-06 -0.000661373 -0.001314 0.00105617 0.00178017 -1.82871e-05 9.74039e-05 -0.00083692 -0.00272485 -0.00340908 0.000434575 -0.000434412 0.000997472 -0.00135857 0.00133611 -0.00171604 -0.0024617 -0.00321952 -7.58302e-06 -0.00114028 0.000494677 -0.00168638 0.00185392 0.000117004 0.000415218 -0.00171669 -0.00374979 0.000128386 -0.00288534 -0.00304025
internal_weight=261523 161764 80261.9 99758.6 46058.5 81502.6 78729.5 59999.1 20262.8 15374 53700.2 49468.6 29260.9 38969.7 36817.6 32311.5 18007.5 13000.4 37134.2 11424.8 25709.4 4079.52 25935.8 45019.5 37637.1 12334.4 14503.6 21029.4 12241 10607.8
internal_count=1051947 648525 321938 403422 186649 326587 315485 240516 81422 61822 216773 198273 117212 156182 148590 129515 72194 52140 148751 45755 102996 16344 104807 181492 151784 49522 58332 84334 49079 42647
cat_boundaries=0 1 2 3
cat_threshold=2 298 266
is_linear=0
shrinkage=0.03


Tree=56
num_leaves=31
num_cat=5
split_feature=28 30 28 40 39 46 22 44 44 24 39 32 24 37 45 24 33 44 42 42 24 7 30 39 6 36 44 32 33 42
split_gain=206.076 58.0596 53.7969 38.535 34.9868 34.4469 49.4115 39.5377 39.9536 30.9282 28.4263 26.9948 31.8137 26.4146 24.4864 24.1976 21.1099 21.0827 31.5693 20.6997 19.9484 19.6214 19.5883 19.4867 19.3579 19.2721 24.9583 21.0722 19.26 19.1287
threshold=0.21689750000000005 0.37270400000000009 0.12760350000000001 0.14286400000000002 0.47748250000000009 1.0000000180025095e-35 0 0.19833600000000004 0.30169950000000006 1 0.53398550000000011 0.52132250000000013 2 0.16566850000000002 9.5000000000000018 3 0.43520050000000005 0.0034906800000000003 0.72359800000000007 0.42701650000000008 4 1.5000000000000002 0.33653850000000002 0.59096650000000006 1.5000000000000002 0.14897150000000003 0.12527350000000001 0.5280450000000001 0.49094200000000005 0.40377250000000003
decision_type=8 8 10 10 10 2 1 10 10 1 10 10 1 10 2 1 10 10 10 10 1 2 10 10 2 10 10 10 10 10
left_child=2 11 19 -3 -4 7 16 13 9 -9 14 24 17 22 -5 -15 -7 -13 -19 -1 -8 23 -6 -21 -2 -14 -27 -28 -29 -24
right_child=1 3 4 10 5 6 20 8 -10 -11 -12 12 25 15 -16 -17 -18 18 -20 21 -22 -23 29 -25 -26 26 27 28 -30 -31
leaf_value=0.0054145435198893199 -0.00022788533334837903 -0.00056264613502756127 -0.0017796489322129329 -0.0021119063267133259 0.0031497580337427004 -0.0016239958206425641 -0.00061787321334660504 -0.00087253581616015413 7.5742894008341838e-05 0.0036973136651312624 -0.00029635992725318683 -0.0015191480234308073 -0.0010075803186231644 0.0024414444388839397 -0.0052020479091365165 -0.0012828872275305572 0.00090403449404361901 0.0023032420191194634 0.011659057725044787 0.0023873088900326117 -0.0034901051724059457 0.00023514726604573585 -0.0043380193993132234 0.0066023109347049733 -0.0018085742996078078 -0.0016153533668085754 0.0086301238400476096 -0.0016311336196788736 0.002523026124631152 0.0010625186770615513
leaf_weight=2180.2975069731474 29509.684521496296 31926.940628662705 4801.6874997168779 29330.133641690016 4228.1307176798582 3194.4849844872952 6050.0912423431873 1472.9812038093805 4802.0776845067739 13137.606743112206 7465.4902913421392 1205.6741797178984 9477.6158985197544 1940.2162780314684 2521.4710703641176 7942.3762601464987 41016.702759325504 7055.7271044254303 339.58899654448032 6877.8374108374119 3430.171526491642 3262.063741222024 604.24096122384071 1165.4164556711912 9152.4824078828096 2373.7224299013615 403.42222772538662 1310.2464996576309 4181.5419645309448 19080.009623706341
leaf_count=9187 118240 128001 19261 117759 17142 12803 24323 5912 19328 53075 29938 4844 37983 7793 10141 31887 165309 28345 1363 28195 13776 13285 2422 4817 36683 9509 1615 5245 16749 76767
internal_value=6.0478e-05 -0.000746725 0.00093928 -0.0013383 0.000722783 0.000835515 0.000298677 0.00137662 0.00245623 0.0032364 -0.0019673 -9.79261e-05 0.000642015 0.000755421 -0.00235794 -0.000546976 0.000720595 0.00213793 0.00274146 0.00272973 -0.00166538 0.00220799 0.00129494 0.003004 -0.000602969 -8.2695e-05 0.000973636 0.00202148 0.00152611 0.000894581
internal_weight=261440 136254 125186 71244 111701 106899 53691.5 53207.6 19412.7 14610.6 39317.1 65009.7 26347.5 33795 31851.6 9882.59 44211.2 8600.99 7395.32 13485.6 9480.26 11305.3 23912.4 8043.25 38662.2 17746.5 8268.93 5895.21 5491.79 19684.3
internal_count=1051697 546415 505282 285839 449798 430537 216211 214326 78315 58987 157838 260576 105653 136011 127900 39680 178112 34552 29708 55484 38099 46297 96331 33012 154923 71101 33118 23609 21994 79189
cat_boundaries=0 1 2 3 4 5
cat_threshold=2 642 82 20 109
is_linear=0
shrinkage=0.03


Tree=57
num_leaves=31
num_cat=6
split_feature=28 0 25 30 23 27 46 43 45 45 46 32 40 35 25 33 26 25 42 25 11 28 27 37 30 43 25 31 33 46
split_gain=189.225 71.9433 114.693 76.2133 52.2428 39.8004 33.514 36.158 33.4631 32.1114 26.9536 24.4944 23.9055 23.0864 26.4786 22.4901 22.0531 21.6828 21.2277 26.2573 20.5304 21.973 20.2826 19.6862 19.3208 19.9562 22.0111 21.7927 19.9764 19.2447
threshold=0.23191750000000003 2019.5000000000002 0 0.37334650000000008 1 0.46450150000000007 1.0000000180025095e-35 0.30046850000000008 10.500000000000002 9.5000000000000018 1.0000000180025095e-35 0.5748565000000001 0.14435850000000003 0.25294300000000008 2 0.44425600000000004 5881.5000000000009 3 0.5079935000000001 4 5.5000000000000009 0.1787445 0.55747200000000008 0.092338600000000007 0.40573450000000005 0.27661800000000009 5 0.49242550000000002 0.46983950000000008 1.0000000180025095e-35
decision_type=8 2 1 10 1 8 2 10 2 2 2 10 10 10 1 10 2 1 10 1 2 10 10 8 10 10 1 10 10 2
left_child=1 2 -1 8 13 29 7 17 11 15 -6 12 -3 14 22 -7 -10 -5 20 -20 21 -8 -4 -16 25 28 -27 -28 -17 -2
right_child=5 3 4 6 10 9 18 -9 16 -11 -12 -13 -14 -15 23 24 -18 -19 19 -21 -22 -23 -24 -25 -26 26 27 -29 -30 -31
leaf_value=-0.0033873540240731341 -0.0012877547920404466 0.0011569297247658217 0.0025728860610655748 0.003539839781496629 0.0017171850183096877 -0.0014724142680058929 0.0041467711762895971 -0.001269550288048375 -0.0006815882772644112 -0.002835146817914103 -0.0016885772735255797 0.0016107657431275577 -0.00017132696793204711 0.0079685238560293567 0.0059280440482192068 -0.0014079531289195003 -0.0061408198215741512 0.00046879320795067568 -0.00099127402449170217 -0.0036321340763640795 -0.0022830127168557272 -0.000455734369660432 0.0054491463663394355 0.0011961594548916513 -0.0018221895123008691 0.0002182796358186941 -0.0016786408733377204 0.0034174776454136374 0.00098235366562562693 -0.0030953776633240587
leaf_weight=3331.0492772459984 10898.009464859962 25684.501216933131 3729.6707076579332 2862.9513134658337 9489.2144705504179 18538.304918140173 1377.7963142246008 9063.3307281285524 2962.0016387254 6024.1625916808844 2671.5299598872662 30584.884729400277 23150.570623397827 1004.7127136439085 916.37699463963509 3760.1707098931074 862.93235185742378 7525.5606897473335 6890.8583422154188 6787.1214457601309 2765.517324090004 2852.8211020827293 5626.4925590157509 5964.5700385421515 6461.4136942774057 15000.117764219642 14183.731486663222 791.31336085498333 18984.445253863931 10484.163027107716
leaf_count=13363 43828 103381 14997 11520 38550 74349 5631 36295 11896 24161 10830 123595 92955 4067 3758 15055 3465 30262 27608 27191 11090 11421 23154 24226 25886 60075 56806 3171 76030 42312
internal_value=-3.5957e-05 0.00062651 0.00187693 0.000294461 0.00247494 -0.00101995 -0.000779101 0.000113302 0.000812312 -0.000724406 0.000966293 0.000944585 0.000526675 0.00353833 0.00326093 -0.00056031 -0.00192491 0.00132266 -0.00162009 -0.00230777 -0.000270921 0.00103797 0.00430238 0.00183034 -0.000274029 -8.36224e-05 -0.000592525 -0.00140578 0.000585733 -0.00217579
internal_weight=261230 156104 32733.6 123371 29402.6 105126 40126 19451.8 83244.9 83743.7 12160.7 79420 48835.1 17241.8 16237.1 77719.5 3824.93 10388.5 20674.1 13678 6996.13 4230.62 9356.16 6880.95 59181.2 52719.8 29975.2 14975 22744.6 21382.2
internal_count=1050928 629255 132945 496310 119582 421673 161018 78077 335292 335533 49380 319931 196336 70202 66135 311372 15361 41782 82941 54799 28142 17052 38151 27984 237023 211137 120052 59977 91085 86140
cat_boundaries=0 1 2 3 4 5 6
cat_threshold=2 2 796 584 929 331
is_linear=0
shrinkage=0.03


Tree=58
num_leaves=31
num_cat=7
split_feature=27 27 32 21 39 27 40 27 23 30 45 25 26 34 51 39 37 25 22 30 31 31 26 25 38 25 26 43 23 29
split_gain=166.447 62.3979 51.3559 40.4183 35.4367 29.2202 28.8045 26.8551 26.1795 25.6622 24.4772 24.2838 22.7049 26.1407 25.2311 20.5875 20.4548 19.7596 19.4312 19.0161 18.7443 18.6371 26.6497 18.1535 17.9834 19.0797 17.8015 17.752 17.7453 17.3089
threshold=0.55576000000000014 0.50359750000000003 0.44843700000000003 0.39500000000000007 0.48837650000000005 0.58616950000000012 0.1420315 0.44156200000000007 0 0.40573450000000005 9.5000000000000018 1 270.50000000000006 0.38161100000000009 0.0017594999999999696 0.57346750000000013 0.091007700000000011 2 3 0.33963850000000007 0.39456800000000009 0.49985800000000008 2289.5000000000005 4 5807.5000000000009 5 594.50000000000011 0.30720150000000007 6 0.1531855
decision_type=8 10 8 2 8 8 10 10 1 10 2 1 2 10 8 10 8 1 1 10 10 10 2 1 2 1 2 10 1 10
left_child=1 6 9 26 17 8 11 -8 -5 28 19 16 14 -14 -13 -7 -1 -3 -10 21 -11 -6 -23 -24 -21 -26 -4 -27 -2 -30
right_child=2 4 3 5 10 15 7 -9 18 20 -12 12 13 -15 -16 -17 -18 -19 -20 24 -22 22 23 -25 25 27 -28 -29 29 -31
leaf_value=-0.0050093101245809969 0.00088081242763184532 -0.003322211971019025 -0.0014341969203332083 0.0020685138196052982 0.0016643720147197288 0.0022071679582901511 -0.0035129713684160235 -0.001320586598034381 0.00084402646090644777 -0.00040050329577475047 -0.0015218207327930622 0.0037864256873067345 -0.0056846064364661853 -0.0011424752081173242 -0.001168929609191727 0.0044480420972939604 0.0010643887947129748 0.00013994761081381101 -0.0019164244638580682 0.00033657711968519975 -0.010128999908459915 0.0011082228555682526 -0.00049870975396178868 -0.01014262124336039 0.00037618136022719005 -0.00052816315022394039 0.00080051752516559964 -0.0030616429279544796 -0.00098844120910806035 -0.0063577076304312434
leaf_weight=521.07907851040363 4496.9512814432383 4284.7368129938841 4618.1577187031507 14490.859617710114 13177.167229861021 21467.027752816677 5822.7934511005878 37932.329331681132 10053.13250310719 308.44382341206074 7328.5571195781231 1712.5058511644602 1229.8553454130888 16052.243744283915 1991.1296605467796 4503.8388167023659 9943.689429551363 2248.2702214121819 2967.855738312006 61020.438345909119 442.81484872102737 1341.2786407470703 331.39820793271065 400.92002899944782 7802.4174944162369 5999.2337002754211 10474.252491757274 4296.8413502424955 3421.6261912435293 644.52038696408272
leaf_count=2091 18094 17158 18675 58483 52875 87736 23531 152203 40527 1236 29351 6870 4959 64352 7986 18609 39883 9008 11939 244573 1774 5383 1328 1606 31251 24037 42351 17207 13753 2586
internal_value=4.17301e-05 -0.000451512 0.00120372 0.00148778 9.44243e-06 0.0018747 -0.00111526 -0.00161325 0.00119117 -0.000884217 0.000147329 -0.0004214 -0.00101036 -0.00146838 0.00111547 0.0025974 0.000757019 -0.00213151 0.000212241 0.000277314 -0.00619203 0.00124733 -0.00138699 -0.00598379 8.99165e-05 -0.000739979 0.000114576 -0.00158741 -0.000413044 -0.00185095
internal_weight=261326 183437 77889.5 68575.1 108231 53482.7 75205.6 43755.1 27511.8 9314.36 101698 31450.5 20985.7 17282.1 3703.64 25970.9 10464.8 6533.01 13021 94369.7 751.259 15250.8 2073.6 732.318 79118.9 18098.5 15092.4 10296.1 8563.1 4066.15
internal_count=1051415 735652 315763 278320 433777 217294 301875 175734 110949 37443 407611 126141 84167 69311 14856 106345 41974 26166 52466 378260 3010 61192 8317 2934 317068 72495 61026 41244 34433 16339
cat_boundaries=0 1 2 3 4 5 6 7
cat_threshold=2 82 38 2 736 354 2
is_linear=0
shrinkage=0.03


Tree=59
num_leaves=31
num_cat=7
split_feature=34 30 40 24 46 22 0 44 24 45 0 44 44 18 18 26 38 24 33 39 23 43 3 29 33 37 39 42 45 44
split_gain=140.986 60.1786 53.248 62.325 47.8569 42.071 41.578 41.365 38.9113 37.8547 35.8505 32.7053 32.027 30.1187 27.8905 26.9412 26.6683 24.4909 24.4561 23.7841 23.2858 23.1642 24.5762 22.9154 22.5499 22.4821 21.7002 21.5865 20.5867 20.5245
threshold=0.50496250000000009 0.39862150000000002 0.14050850000000001 0 1.0000000180025095e-35 1 2019.5000000000002 0.083341300000000021 2 9.5000000000000018 2019.5000000000002 0.075958200000000017 0.20195750000000004 3 4 322.50000000000006 509.50000000000006 5 0.40037450000000008 0.50253300000000012 6 0.18122650000000004 7.5000000000000009 0.10860100000000002 0.60347850000000014 0.20140550000000004 0.47748250000000009 0.52810750000000006 4.5000000000000009 0.32681800000000005
decision_type=8 10 8 1 2 1 2 8 1 2 2 10 10 1 1 2 2 1 10 8 1 10 2 10 8 10 8 10 2 10
left_child=2 4 3 -1 7 10 20 -2 12 26 17 24 -9 28 -10 25 -13 -6 -11 -19 -5 27 -23 -14 -3 -12 -4 -17 -7 -24
right_child=1 11 9 6 5 13 -8 8 14 18 15 16 23 -15 -16 21 -18 19 -20 -21 -22 22 29 -25 -26 -27 -28 -29 -30 -31
leaf_value=-0.0026320965576094807 -0.00023619853167134079 -0.0042328522014729543 -0.0035848088107749798 0.0045055810599614905 -0.0037550478916981698 -0.0013671480713141307 7.7473418931828526e-05 0.0014846620230282519 0.0021464331949133109 -0.008209682654131913 -0.0039116648253029801 0.0028656063363683903 0.006796867050488019 0.00042160093566326453 0.00019289551184874893 0.0006667454512847877 -0.00080279378041730846 -0.0014925972402367305 -0.0028395825608435623 0.0028929716968236928 0.00047894379311099432 0.0010810157645811864 -0.00060690868980367075 0.0030475179076523314 -0.00039811950433846606 0.0058415314498767605 -0.001026517793986616 -0.0028304868387175582 -0.0046577698879962052 -0.0094841669725894955
leaf_weight=6669.4423445463181 12092.658154353499 3836.6825996488333 3156.543681755662 3323.2586384564638 601.58009324967861 4935.6240113377571 28642.777183532715 14489.532590061426 10362.018371269107 965.50878490507603 2111.2490175068378 2173.8511491119862 1684.5502714812756 5306.7836154848337 18100.290888756514 2836.8977508842945 9849.9451585114002 1243.9972275495529 3826.8669508099556 9807.6527925729752 2144.5061435550451 27733.759905144572 6551.9624579399824 12344.877462774515 2184.0296893417835 231.55303019285202 57619.648731634021 3571.5490363836288 2652.236501827836 240.88812769949436
leaf_count=26761 48675 15391 12669 13328 2416 19902 114836 58481 41725 3893 8491 8769 7020 21393 72902 11409 39481 5005 15364 40027 8599 111690 26331 49916 8793 934 231156 14352 10684 966
internal_value=7.09839e-06 0.000584538 -0.000833911 1.65686e-05 0.000799311 0.000232713 0.000536127 0.0013552 0.00169345 -0.0013633 0.000595097 -0.0010431 0.00247711 -0.00130849 0.000905811 0.000196582 -0.000136519 0.0020721 -0.0039322 0.00239417 0.00293291 0.000376381 0.000684414 0.00350121 -0.00284766 -0.00292867 -0.00116005 -0.00127806 -0.00251936 -0.000930176
internal_weight=261293 154944 106349 40780 136900 67825.7 34110.5 69073.9 56981.3 65568.6 54931.1 18044.5 28519 12894.6 28462.3 43277.9 12023.8 11653.2 4792.38 11051.7 5467.76 40935.1 34526.6 14029.4 6020.71 2342.8 60776.2 6408.45 7587.86 6792.85
internal_count=1051359 624753 426606 163524 552319 273600 136763 278719 230044 263082 221621 72434 115417 51979 114627 174173 48250 47448 19257 45032 21927 164748 138987 56936 24184 9425 243825 25761 30586 27297
cat_boundaries=0 1 2 3 4 5 6 7
cat_threshold=2 2 87 129 106 2 2
is_linear=0
shrinkage=0.03


Tree=60
num_leaves=31
num_cat=8
split_feature=34 39 46 41 46 45 32 22 51 24 41 22 42 6 31 34 39 39 41 51 41 18 24 18 51 43 43 24 25 40
split_gain=143.185 53.1895 68.6891 46.614 46.7913 44.9279 37.5016 36.4376 35.3617 32.734 49.5105 30.2029 25.3204 25.2734 24.88 23.5677 23.7255 22.3992 21.6199 25.6838 30.8367 21.2221 20.9108 20.7673 20.1617 19.7416 19.3475 21.0397 19.0153 18.7225
threshold=0.50140450000000014 0.55351250000000018 1.0000000180025095e-35 256.50000000000006 1.0000000180025095e-35 9.5000000000000018 0.60928500000000019 0 0.010640000000000068 1 3628.5000000000005 2 0.57895300000000016 2.5000000000000004 0.44927900000000004 0.37668350000000006 0.48976150000000002 0.56103650000000005 6259.5000000000009 0.0075144999999999804 1258.5000000000002 3 4 5 0.018397 0.1754995 0.18494900000000003 6 7 0.15493100000000001
decision_type=8 8 2 2 2 2 8 1 10 1 2 1 10 2 8 10 8 10 2 10 2 1 1 1 10 10 10 1 1 8
left_child=3 2 9 8 21 11 22 14 17 10 -2 15 -12 -9 26 -6 -17 -1 19 -11 -21 -5 -3 -7 -14 -20 -4 -28 -18 -23
right_child=1 6 7 4 5 23 -8 13 -10 18 12 -13 24 -15 -16 16 28 -19 25 20 -22 29 -24 -25 -26 -27 27 -29 -30 -31
leaf_value=0.0013004737722166634 0.00085033891491829918 0.0025304156317120588 -0.0029228321809286585 0.00051918090125537247 -0.0045221690026260144 0.00015932707925434179 0.0027809549561481563 -0.0014388119139453069 -0.002689316314553518 0.0015132268171417309 0.0029810928581310249 -0.0027350033372210867 0.0046965091377578405 -0.006123612565293088 0.00068185485464246234 -0.0040027129799281485 -0.0014202574474964542 0.0053965748971102302 -0.0091390253501866334 -0.0016185054114518525 0.00087062078916218678 -0.00040979417593995867 0.00037772059830380305 -0.006173210792426353 0.011714338330652701 -0.00086056884321926311 -0.0031275962876780605 -1.305051147032738e-05 0.00015142943115652443 -0.0021148833392124838
leaf_weight=4773.3185865730047 12791.900806844234 5169.6562874764204 3194.1674554497004 15925.643385052681 1590.6114022433758 559.69475908577442 14268.388953268528 12594.73761703074 1555.1238943040371 19419.25919161737 5387.6161025762558 12003.09039503336 1052.4722619950771 1132.7722388654947 21054.381995543838 1915.1327658742666 12486.448004364967 1619.1162010580301 271.56448166072369 7016.9130768179893 12371.973414808512 24119.428638637066 19064.571297198534 2714.7837032079697 591.88981236517429 5065.5151562839746 2210.0886204838753 16186.898892834783 15477.280871093273 7656.318898588419
leaf_count=19168 51549 20977 12833 63826 6410 2252 58151 50694 6253 78253 21765 48303 4257 4556 84808 7684 50069 6495 1088 28191 49719 96658 76918 10926 2383 20369 8859 65058 62052 30689
internal_value=2.5318e-05 0.000589329 0.000278492 -0.000849319 -0.00103518 -0.00170985 0.00155999 -0.000484636 0.00135526 0.000951463 0.00196431 -0.00145341 0.00398803 -0.00182883 -5.114e-05 -0.000963415 -0.000772525 0.0023447 0.000495295 0.000742117 -2.87676e-05 -0.000373315 0.000839628 -0.00510085 0.00725753 -0.00129231 -0.000767297 -0.000390997 -0.000549823 -0.000821479
internal_weight=261241 158845 120342 102396 94448.4 46747 38502.6 56373 7947.56 63969.1 19823.9 43472.6 7031.98 13727.5 42645.5 31469.5 29878.9 6392.43 44145.2 38808.1 19388.9 47701.4 24234.2 3274.48 1644.36 5337.08 21591.2 18397 27963.7 31775.7
internal_count=1051213 640428 484382 410785 378869 187696 156046 226808 31916 257574 79954 174518 28405 55250 171558 126215 119805 25663 177620 156163 77910 191173 97895 13178 6640 21457 86750 73917 112121 127347
cat_boundaries=0 1 2 3 4 5 6 7 8
cat_threshold=2 82 2 108 65 112 130 792
is_linear=0
shrinkage=0.03


Tree=61
num_leaves=31
num_cat=7
split_feature=28 30 39 34 25 0 48 0 46 30 0 24 24 51 6 28 32 0 24 51 25 24 38 44 1 6 6 22 32 29
split_gain=152.085 78.5062 38.7477 35.4655 35.269 47.7609 36.8289 32.1922 29.0806 28.9734 32.6931 35.5286 27.2887 25.4503 24.7337 24.351 24.3069 23.5195 37.0952 41.1343 22.7861 20.9952 20.4661 20.1065 19.5306 19.7929 19.1533 18.8376 18.6456 18.2765
threshold=0.18432450000000003 0.37270400000000009 0.53341850000000013 0.54554100000000016 0 2019.5000000000002 1.0000000180025095e-35 2020.5000000000002 1.0000000180025095e-35 0.33165550000000005 2022.5000000000002 1 2 0.03924250000000002 1.5000000000000002 0.12946550000000004 0.57919300000000018 2019.5000000000002 3 0.0038959999999999555 4 5 476.50000000000006 0.049718350000000008 9.5000000000000018 1.5000000000000002 2.5000000000000004 6 0.60221200000000008 0.11621700000000001
decision_type=10 10 8 10 1 2 2 2 2 8 2 1 1 10 2 8 8 2 1 8 1 1 2 10 2 2 2 1 8 10
left_child=4 3 8 13 7 6 20 15 23 -7 11 29 -5 24 -10 -1 -12 18 -4 -20 21 -6 -8 -3 25 -2 -13 -16 -25 -11
right_child=1 2 17 12 5 9 22 -9 14 10 16 26 -14 -15 27 -17 -18 -19 19 -21 -22 -23 -24 28 -26 -27 -28 -29 -30 -31
leaf_value=0.001205784840124561 0.0002756488248776508 -0.0027089967253092458 -0.0031106225130029651 0.0019757432343159576 0.0014050258002864938 0.0028139938742810064 -0.0015435517833777917 0.00175605749760827 -0.00178004108993569 -0.0093828545062389999 -0.0023087826524521844 0.0015756804157075802 0.00017909654361529233 -0.0038559800498583368 -0.0027172414350199749 -0.0039339654708068737 0.00099227503745632595 -0.00070660097839677619 0.0047379221140557825 -0.00060947058295547727 0.0026621206326852337 0.0064917434286970955 0.0021661978658038651 -0.00094037307016506754 -0.0018408229534691424 -0.00095311942002313606 -0.0013720516245316135 -0.0060277346433791337 0.0014357681621197187 -0.0015655667675047614
leaf_weight=1136.5453125238419 49853.909782037139 4833.9787418246269 1366.747197881341 13474.162887454033 987.29496897757053 5871.0352488011122 2318.1278843730688 2587.8470359146595 18287.08241866529 343.9216935634613 5373.0466101616621 23298.224110126495 17571.890129387379 1717.9117869287729 4421.9231871068478 2980.9477917551994 3186.7231017351151 30543.218246713281 2975.4810238480568 2273.2374931126833 9363.9950071275234 3291.4942242801189 3144.3614259362221 19484.260691717267 5734.0069555491209 15451.403007805347 2155.2800842523575 2436.2985817939043 3495.7689169198275 1275.403067946434
leaf_count=4587 199832 19394 5492 54357 4062 23921 9444 10419 73470 1378 21588 94354 70615 6883 17763 11947 12854 122417 11933 9115 38420 13544 12813 78102 22982 61936 8692 9834 14000 5113
internal_value=-2.39921e-05 -0.000450576 -0.00109842 0.000111583 0.00120445 0.0014329 0.00267502 -0.000856614 -0.00161963 0.000860584 0.000537677 0.00104918 0.000960627 -0.000250322 -0.00235977 -0.00250812 -0.00107641 -0.000354703 0.00126504 0.00241262 0.00350878 0.00533283 0.000586412 -0.000949248 -0.000162547 -1.46519e-05 0.00132425 -0.00389975 -0.000577464 -0.00323866
internal_weight=261236 193921 90118 103803 67314.2 60608.9 19105.3 6705.34 52959.3 41503.6 35632.6 27072.8 31046.1 72757.2 25145.3 4117.49 8559.77 37158.7 6615.47 5248.72 13642.8 4278.79 5462.49 27814 71039.3 65305.3 25453.5 6858.22 22980 1619.32
internal_count=1051261 778125 361520 416605 273136 246183 78283 26953 212563 167900 143979 109537 124972 291633 101067 16534 34442 148957 26540 21048 56026 17606 22257 111496 284750 261768 103046 27597 92102 6491
cat_boundaries=0 1 2 3 4 5 6 7
cat_threshold=2 2 99 514 28 274 2
is_linear=0
shrinkage=0.03


Tree=62
num_leaves=31
num_cat=6
split_feature=28 27 39 11 24 45 31 28 25 40 35 0 2 39 1 33 42 42 24 43 38 25 25 45 24 36 2 37 35 38
split_gain=170.461 67.6597 38.9447 33.9245 31.5308 30.4088 28.7871 28.4301 26.6723 25.4481 24.8221 27.1753 23.8667 22.2711 21.948 21.5149 20.9128 19.3369 19.3073 19.7955 18.549 26.288 18.2642 17.9498 24.9225 17.8893 17.2897 17.266 17.1683 16.6734
threshold=0.18432450000000003 0.50573250000000003 0.48837650000000005 4.5000000000000009 0 9.5000000000000018 0.40572000000000008 0.12946550000000004 1 0.14066550000000003 0.19806650000000003 2023.5000000000002 5.5000000000000009 0.47748250000000009 8.5000000000000018 0.39539300000000005 0.53318750000000004 0.67749550000000014 2 0.37712400000000007 4432.5000000000009 3 4 7.5000000000000009 5 0.068664900000000015 1.5000000000000002 0.16682150000000004 0.041886000000000007 8916.5000000000018
decision_type=8 8 8 2 1 2 8 10 1 8 8 2 2 8 2 8 10 10 1 10 2 1 1 2 1 8 2 10 8 2
left_child=3 5 29 7 10 9 12 -1 14 16 -4 -12 -6 -5 28 -11 -2 23 19 -9 21 -17 -20 24 -15 -24 -16 -7 -8 -3
right_child=1 2 4 13 6 27 8 18 -10 15 11 -13 -14 17 26 20 -18 -19 22 -21 -22 -23 25 -25 -26 -27 -28 -29 -30 -31
leaf_value=0.0033638077841627299 0.00077859119275740555 -0.0023920545175796135 0.0010189393252607924 -0.0030739849147782983 -0.0042213222177394155 -0.001772650763356359 -0.0044405435361421809 0.00082840769879740967 0.00028214126439918941 -0.0029323252465559167 0.00028335981265442938 -0.0028275805526381988 0.0028617140077764232 0.0022174333381822244 0.00076277920038928188 -0.0041686174972152736 -0.00091384666821202223 -0.0016647722287574257 0.00066251285457399162 -0.0038930458006304698 -0.0018215466583298675 -0.00015663404785047337 0.0096156151748097874 -0.00086627985367742635 1.9353991507519702e-05 0.0024908866477374746 -0.004135948903772009 -0.0050924978449967528 -0.00018453847676961282 0.0061842199021819397
leaf_weight=9144.249360486865 11144.566502615809 6816.8739093244076 42889.384764581919 1460.8720760792494 2717.872449234128 3348.1876488775015 929.96690624952316 10468.355292603374 34264.739806309342 6862.1674433350563 11149.73286062479 3260.33350931108 500.6832500398159 12057.711399823427 800.8809671998024 1586.3126730024815 15975.732358694077 2718.3594095110893 6030.922081425786 860.80143596231937 17290.115961849689 18475.57698713243 326.12640525400639 3844.2755889296532 7599.5308257937431 12611.394755259156 3180.1793633103371 2491.6602433621883 10210.586023315787 205.65616546571255
leaf_count=37808 44663 27318 172214 5873 10886 13468 3733 42270 137379 27701 44719 13060 2005 48903 3211 6367 64098 11008 24386 3455 69386 74118 1325 15513 30692 51176 12750 10030 40948 824
internal_value=2.68028e-05 -0.000423741 3.10564e-05 0.00133007 0.00016973 -0.00111317 -0.000360202 0.00189534 -0.000180379 -0.000942095 0.00065671 -0.000418863 -0.00310852 0.000523417 -0.00122963 -0.00138598 -0.000217257 0.000725324 0.00145085 0.000465673 -0.00110087 -0.000478092 0.0020362 0.00100323 0.00137045 0.00267293 -0.0031431 -0.00319614 -0.000543604 -0.00213409
internal_weight=261224 194101 116927 67122.6 109904 77174.3 52604.9 39441.8 49386.4 71334.5 57299.5 14410.1 3218.56 27680.7 15121.6 44214.2 27120.3 26219.9 30297.6 11329.2 37352 20061.9 18968.4 23501.5 19657.2 12937.5 3981.06 5839.85 11140.6 7022.53
internal_count=1051287 778878 469047 272409 440905 309831 210912 160420 198021 286333 229993 57779 12891 111989 60642 177572 108761 106116 122612 45725 149871 80485 76887 95108 79595 52501 15961 23498 44681 28142
cat_boundaries=0 1 2 3 4 5 6
cat_threshold=94 656 306 2 42 369
is_linear=0
shrinkage=0.03


Tree=63
num_leaves=31
num_cat=6
split_feature=28 11 45 28 46 44 39 24 0 24 24 0 44 6 51 40 39 46 6 27 26 28 24 39 39 51 23 42 31 24
split_gain=151.502 65.8506 50.2534 33.8318 32.8671 30.9146 29.927 29.3256 28.0159 26.4233 24.6227 47.0929 28.037 22.8782 22.2774 22.211 21.1305 20.6307 24.7026 21.6458 19.9504 30.6034 33.1741 19.6689 19.4213 19.3048 19.1111 19.6819 18.9112 19.0535
threshold=0.22854650000000001 4.5000000000000009 9.5000000000000018 0.14362400000000003 1.0000000180025095e-35 0.23020750000000004 0.54922400000000005 0 2019.5000000000002 1 2 2022.5000000000002 0.076979300000000014 2.5000000000000004 0.024646000000000005 0.15584500000000004 0.47748250000000009 1.0000000180025095e-35 2.5000000000000004 0.57712050000000004 2943.5000000000005 0.30322100000000002 3 0.51963650000000017 0.56966850000000002 0.016771499999999998 4 0.61403800000000008 0.43001850000000003 5
decision_type=8 2 2 10 2 10 8 1 2 1 1 2 8 2 8 8 10 2 2 10 2 10 1 10 8 10 1 10 10 1
left_child=1 3 4 9 10 20 16 -8 -9 26 11 -2 24 -5 25 -14 -3 19 -19 -18 21 22 -6 -4 -12 -13 27 -1 -22 -30
right_child=2 6 23 13 5 -7 7 8 -10 -11 12 14 15 -15 -16 -17 17 18 -20 -21 28 -23 -24 -25 -26 -27 -28 -29 29 -31
leaf_value=0.0068072178343192178 -0.00034312291729828883 -0.0030664725875765783 -0.0050738428443836119 0.0010200430916183741 -0.0019276508401794216 0.00022921251374536235 -0.0017732728456941215 0.0029124841004808267 0.00037177302045301606 0.0014905947133906476 -0.0021511643198645542 0.0029879533762884026 0.00043698731925460453 -0.0009653291182807563 0.0068647124345257767 -0.0014992945791011643 -0.00031642334523923729 -0.00077504626928119103 -0.0046633201590913021 0.0018477467542592965 -0.0045711274711325084 -0.0035066144362157735 0.00029036639121595863 -0.0020129471481723669 0.0023695372041439939 -0.0051001778501391119 0.0021135011695458832 0 -8.3420561125592508e-05 -0.0029149563448710291
leaf_weight=2486.254143550992 7452.7645722776651 2851.7401626259089 2983.2609576880932 64048.555296942592 11362.222167536616 10413.699652731419 3232.178340062499 6335.2988104820251 10266.736267462373 9752.2258261293173 10364.104370310903 2406.578604593873 22563.059567987919 5669.7491960674524 1328.8120971918106 6977.7363280057907 15849.788796767592 18531.274884849787 1599.6042317301035 5630.1644531488419 3250.6179016083479 4251.3173360079527 12967.261341169477 5315.6612295806408 923.5367878228426 293.31614933907986 2367.3542672395706 447.17820912599564 3369.1263916045427 5990.4336901456118
leaf_count=10365 29866 11445 12001 257773 45609 41722 13015 25776 41367 39948 41563 9640 90414 22762 5345 27964 63568 74485 6417 22826 13071 17183 52035 21349 3701 1176 9807 1838 13514 24067
internal_value=-3.84603e-05 0.000588181 -0.000871172 0.00113734 -0.000691335 -0.00122857 -0.000135401 0.000832961 0.00134265 0.00242812 -0.00016073 0.0010651 -0.000506372 0.00085812 0.00367858 -1.9466e-05 -0.000568077 -0.000395924 -0.00108615 0.000249615 -0.00159784 -0.00115718 -0.00074503 -0.00311831 -0.0017781 0.00209348 0.00413487 0.00576621 -0.00259368 -0.00190246
internal_weight=261282 149068 112214 84771.3 103915 51604.7 64296.8 19834.2 16602 15053 52309.9 11481.5 40828.4 69718.3 4028.71 29540.8 44462.6 41610.8 20130.9 21480 41191 28580.8 24329.5 8298.92 11287.6 2699.89 5300.79 2933.43 12610.2 9359.56
internal_count=1051612 601392 450220 342493 416870 207201 258899 80158 67143 61958 209669 46027 163642 280535 16161 118378 178741 167296 80902 86394 165479 114827 97644 33350 45264 10816 22010 12203 50652 37581
cat_boundaries=0 1 2 3 4 5 6
cat_threshold=514 65 10 646 2 524
is_linear=0
shrinkage=0.03


Tree=64
num_leaves=31
num_cat=9
split_feature=27 28 30 45 46 22 3 39 46 3 41 39 23 29 21 24 24 44 24 24 46 32 44 44 3 25 25 27 41 25
split_gain=127.668 58.7683 39.0187 33.3519 30.3437 26.8051 33.5184 26.5046 34.6939 28.6575 25.0626 21.2522 21.0846 20.8129 20.6302 19.6278 19.5921 24.8961 19.2072 18.869 28.2524 33.7399 27.5486 21.4218 18.4645 18.3091 17.9507 17.8405 17.2064 38.6062
threshold=0.50573250000000003 0.17723800000000003 0.41501700000000002 9.5000000000000018 1.0000000180025095e-35 0 5.5000000000000009 0.57346750000000013 1.0000000180025095e-35 6.5000000000000009 636.50000000000011 0.47748250000000009 1 0.15510850000000001 0.88500000000000012 2 3 0.075958200000000017 4 5 1.0000000180025095e-35 0.57076100000000007 0.10566350000000001 0.050748700000000001 2.5000000000000004 6 7 0.44707100000000005 5460.5000000000009 8
decision_type=8 8 10 2 2 1 2 10 2 2 2 8 1 10 2 1 1 10 1 1 2 10 8 10 2 1 1 10 2 1
left_child=4 7 3 11 27 6 -6 8 9 15 -8 -3 -10 -7 -4 -2 17 -15 -14 20 21 -13 -22 -23 -21 -24 -9 -1 -26 -30
right_child=1 2 14 -5 5 13 10 26 12 -11 -12 19 18 16 -16 -17 -18 -19 -20 24 22 23 25 -25 28 -27 -28 -29 29 -31
leaf_value=-0.0019186273323143364 0.0034278455791423167 -0.0018124754195995316 -0.003572592572546043 -0.0016366738576933115 -5.7817246488405308e-05 -0.0039560911065381647 -0.00026418953184883842 0.0046254313430292588 0.00057520347671043994 -5.1868543526941688e-05 -0.0031817130975401973 0.00075694600075611 0.00073668845345788701 -0.0071594357505510124 0.00030616725277632633 0.0014378872013352021 0.00023267836839330986 -0.0013180421686659195 -0.0032048574499179603 0.0010756098884241345 0.001471521906039733 -0.00074624642092720726 0.0015277692571473113 0.0038447154610879814 7.8264247011842575e-05 -0.001275852425784549 0.0017596802621515303 -0.00016622546146930335 0.00092728484286066517 -0.0030014416209603848
leaf_weight=6193.2773292511702 8175.4812074154615 4036.5706705003977 3910.9269388914108 8393.3185958266258 13833.663407921791 6424.2601286619902 3975.1758470833302 3018.4555282741785 18040.622579619288 6002.8831618577242 8092.2276031374931 13672.480146914721 1794.0476780533791 968.30080468952656 1781.8595275580883 10114.894359603524 2984.0816112756729 2087.1401769518852 2867.1970455944538 13383.744148910046 8368.2770834565163 1043.6480313390493 2588.691500723362 6795.5697006285191 42995.38841290772 10675.414107888937 5935.1853744834661 33836.740160793066 3865.7795775830746 5337.0606478601694
leaf_count=24967 33461 16175 15661 33637 55509 25914 15962 12425 73173 24270 32534 54879 7346 3910 7136 40988 12026 8416 11598 53695 33639 4207 10396 27389 172418 42842 24326 135527 15495 21400
internal_value=-4.22182e-06 0.000430013 7.25138e-05 0.00018682 -0.00101711 -0.00162026 -0.00106808 0.00123996 0.000953856 0.00174184 -0.00222343 0.000322855 0.0001092 -0.00276481 -0.00235374 0.00233208 -0.00149135 -0.00317388 -0.00168717 0.000402455 0.00088967 0.00165975 0.000122783 0.00322964 8.13018e-05 -0.00072601 0.00273749 -0.000438223 -0.000173098 -0.00135036
internal_weight=261192 182797 126849 121156 78394.9 38364.8 25901.1 55948.8 46995.1 24293.3 12067.4 112763 22701.9 12463.8 5692.79 18290.4 6039.52 3055.44 4661.24 108726 43144.1 21511.7 21632.4 7839.22 65582 13264.1 8953.64 40030 52198.2 9202.84
internal_count=1051321 736556 508969 486172 314765 154271 104005 227587 190836 98719 48496 452535 92117 50266 22797 74449 24352 12326 18944 436360 173352 86475 86877 31596 263008 53238 36751 160494 209313 36895
cat_boundaries=0 1 2 3 4 5 6 7 8 9
cat_threshold=2 2 81 898 293 86 48 272 83
is_linear=0
shrinkage=0.03


Tree=65
num_leaves=31
num_cat=9
split_feature=28 28 39 25 0 31 43 0 51 46 34 24 42 29 25 24 25 24 6 6 22 24 41 31 42 29 34 37 24 0
split_gain=129.135 59.2767 42.2695 39.4204 38.448 33.4236 32.7821 31.5911 28.7808 26.2625 24.3307 24.1454 24.1 23.8343 29.2963 26.19 23.6569 25.6857 22.8595 22.5835 21.6923 26.3402 21.0533 21.0345 36.4239 20.6553 20.6158 19.375 18.9901 35.1845
threshold=0.17723800000000003 0.24910750000000001 0.48837650000000005 0 2019.5000000000002 0.41063900000000003 0.37712400000000007 2019.5000000000002 -0.018840500000000007 1.0000000180025095e-35 0.55885550000000006 1 0.43083700000000008 0.13179150000000003 2 3 4 5 1.0000000180025095e-35 2.5000000000000004 6 7 594.50000000000011 0.46406050000000004 0.52721950000000006 0.12014850000000002 0.61293700000000018 0.14450200000000005 8 2022.5000000000002
decision_type=10 10 8 1 2 10 10 2 10 2 10 1 10 10 1 1 1 1 2 2 1 1 2 10 10 10 10 10 1 2
left_child=3 2 -2 22 16 7 -6 8 -4 28 27 -10 18 14 -7 -16 -5 -18 -11 -8 21 25 -1 -22 -25 -14 -15 -9 29 -3
right_child=1 9 5 4 6 13 19 10 11 12 -12 -13 20 26 15 -17 17 -19 -20 -21 23 -23 -24 24 -26 -27 -28 -29 -30 -31
leaf_value=-0.0046088327546622548 -0.0020775181254003767 -0.00054755098768942574 0.0066760356510423783 0.0039368857154609849 0.0013477524708404404 -0.00048981755712990626 -0.00055722628428317195 0.00010499919110243328 -0.0083576272163258542 0.0035884476418621275 -0.0061844585906731357 0.0011963634009984564 0.0015563154965708224 -7.6054864139168954e-05 -0.000178140697126689 0.0021320192262622669 0.003818134880999715 0.00057057285508343883 -0.0015969520179466028 -0.0072795333762686589 -0.0037358028251573304 -0.00027531426132008019 -0.00015365769407846562 -0.0047899869127822703 0.0026779421946304767 -0.0028725407252414305 0.002241557357130183 -0.0031322315167411153 -0.00082148757673475444 0.004192171610685913
leaf_weight=1210.799341276288 8200.7626439481974 4354.906361117959 701.65078681707382 7530.410434499383 28334.171797975898 8755.2906243950129 5173.3129037022591 3040.0060635209084 283.13315932452679 1461.8309188038111 1276.8512568920851 1192.6621388494968 1044.8597343862057 80188.577961280942 5901.0604330450296 17320.946998313069 3339.925842165947 6450.1128036230803 1590.6528650671244 491.50878229737282 8207.4281960725784 10456.69416680932 4545.4213599562645 1027.3644852638245 1362.4930370599031 9246.9036144912243 3606.5155581384897 3626.5533367842436 29114.47768253088 2075.0448259115219
leaf_count=4857 32873 17465 2813 31024 114963 35177 20867 12174 1135 5856 5113 4785 4192 321550 23684 69680 13757 26398 6376 1976 33173 41960 18294 4128 5472 37184 14533 14530 116760 8317
internal_value=-7.35096e-06 -0.000360326 8.75381e-06 0.00125391 0.00151804 0.000144939 0.000930749 -0.00150758 0.00168393 -0.00106832 -0.00238652 -0.000677958 -0.0016596 0.000289698 0.00098648 0.00154391 0.00266963 0.00168515 0.000877597 -0.00114933 -0.00190769 -0.00134074 -0.00109601 -0.00301419 -0.000521853 -0.00241732 2.34131e-05 -0.00165215 -0.000495184 0.00097709
internal_weight=261112 204037 134094 57075.7 51319.4 125893 33999 10120.9 2177.45 69942.7 7943.41 1475.8 34398.2 115772 31977.3 23222 17320.4 9790.04 3052.48 5664.82 31345.7 20748.5 5756.22 10597.3 2389.86 10291.8 83795.1 6666.56 35544.4 6429.95
internal_count=1051066 818930 538047 232136 208985 505174 137806 40550 8733 280883 31817 5920 138341 464624 128541 93364 71179 40155 12232 22843 126109 83336 23151 42773 9600 41376 336083 26704 142542 25782
cat_boundaries=0 1 2 3 4 5 6 7 8 9
cat_threshold=2 258 82 642 284 336 2 39 10
is_linear=0
shrinkage=0.03


Tree=66
num_leaves=31
num_cat=8
split_feature=28 6 39 46 0 30 42 22 25 28 24 25 24 30 44 40 32 39 36 51 24 42 35 37 25 42 51 25 21 46
split_gain=101.814 49.4203 41.9527 36.4591 34.9372 32.0132 29.6246 27.1112 26.1957 25.2032 25.0644 24.9055 24.5861 27.4888 21.7971 20.2044 19.3436 22.8289 18.8533 18.7125 18.5841 18.2139 18.0094 17.8542 17.6446 18.7632 17.3853 18.0027 17.3844 17.6667
threshold=0.21016850000000001 1.5000000000000002 0.55351250000000018 1.0000000180025095e-35 2019.5000000000002 0.36879750000000006 0.60466300000000006 0 1 0.28825750000000006 2 3 4 0.35301750000000004 0.098220350000000012 0.13499150000000001 0.46190100000000006 0.55149000000000015 0.18512500000000001 0.0038959999999999555 5 0.50600450000000008 0.23271750000000002 0.16650000000000004 6 0.52653000000000005 -0.15580749999999996 7 0.92500000000000016 1.0000000180025095e-35
decision_type=10 2 8 2 2 10 10 1 1 10 1 1 1 8 10 10 10 8 10 10 1 10 8 10 1 10 8 1 2 2
left_child=2 5 3 12 11 16 15 18 -8 28 -6 -4 23 21 -15 -7 17 19 26 -2 -9 -14 -13 -1 25 -16 -5 -28 29 -3
right_child=1 9 4 7 10 6 8 20 -10 -11 -12 22 13 14 24 -17 -18 -19 -20 -21 -22 -23 -24 -25 -26 -27 27 -29 -30 -31
leaf_value=0.00073886387099045411 -0.0003909874112964449 -0.00077551566903905555 0.0043075023628026277 -0.0084177142192640025 0.0022494653703173727 0.00089755385231895287 -0.0032304476200082466 0.00017130457661809398 -0.00070583708972886731 -0.0031421938553842297 -0.00014636905630188029 0.0012026818032018548 0.0047676780309338163 -0.0011547181678672749 0.0013625475498746577 -0.00059588486437259897 0.0008276650481641787 0.0018759420413114629 0.0015215832738376936 -0.003150841783841236 -0.0027641174722289087 0.0019366573667703628 0.0052400186985379904 -0.001323591828892623 0.001964881341651863 -0.0038340195462492096 -0.0015218704048600626 0.00034033706737142763 -0.00024587866859228136 -0.0026258328742698113
leaf_weight=11092.504992172122 11128.484058395028 9774.6391551792622 5535.0016800016165 232.63615790009499 6115.3202561289072 10671.955690011382 6415.4593652635813 2873.5612695962191 8855.560292378068 6354.4345886856318 10900.316186234355 7734.0321113318205 2794.2265937179327 4149.4042913615704 1457.1219173371792 34390.870562717319 32594.024853184819 3167.4513506442308 6543.9959706813097 2768.2325854152441 5876.9895223230124 7930.0604867339134 1147.1314516961575 5723.4356962293386 9403.1656300276518 1085.2607609182596 6674.945539727807 15450.484036952257 13458.850644543767 8957.6915446817875
leaf_count=44745 44607 39160 22717 932 24887 42759 25791 11649 35593 25632 43914 31646 11316 16675 5898 137936 130769 12700 26307 11097 23640 32128 4679 22992 38037 4358 26878 62372 53968 35958
internal_value=2.67238e-05 -0.00048906 0.000706665 0.000346277 0.00163761 -0.000164798 -0.0006293 -0.000337088 -0.00177141 -0.00141349 0.000714398 0.00272484 0.000936619 0.0015002 0.000713995 -0.000241501 0.000398964 -0.000418136 0.000104926 -0.000943471 -0.00179997 0.00267821 0.00172719 3.49757e-05 0.00136575 -0.000842507 -0.000308523 -0.000220774 -0.00107106 -0.00166221
internal_weight=261257 148538 112720 81287.8 31431.8 109992 60333.8 37652.6 15271 38545.6 17015.6 14416.2 43635.2 26819.2 16095 45062.8 49658.2 17064.2 28902.1 13896.7 8750.55 10724.3 8881.16 16815.9 11945.5 2542.38 22358.1 22125.4 32191.2 18732.3
internal_count=1051740 595970 455770 327927 127843 441252 242079 151778 61384 154718 68801 59042 176149 108412 64968 180695 199173 68404 116489 55704 35289 43444 36325 67737 48293 10256 90182 89250 129086 75118
cat_boundaries=0 1 2 3 4 5 6 7 8
cat_threshold=2 267 81 276 928 41 18 262
is_linear=0
shrinkage=0.03


Tree=67
num_leaves=31
num_cat=6
split_feature=28 6 25 32 7 31 46 27 38 23 40 43 31 24 51 40 51 40 6 43 42 27 23 32 26 25 42 44 24 21
split_gain=106.299 46.6439 39.3215 41.8283 30.7545 30.7105 30.3146 29.2952 28.6195 27.0947 26.4682 25.8805 23.9714 22.5924 26.9363 24.5093 26.3878 21.7236 20.9743 20.4306 20.2561 20.0509 39.5174 20.0459 19.691 19.4462 18.9533 18.4203 18.302 18.1234
threshold=0.20129450000000002 1.5000000000000002 0 0.60221200000000008 1.5000000000000002 0.43886950000000008 1.0000000180025095e-35 0.47413050000000007 1749.5000000000002 1 0.14286400000000002 0.059545050000000009 0.46774450000000006 2 0.0038959999999999555 0.14146250000000002 -0.068880000000000011 0.13214350000000005 2.5000000000000004 0.30568650000000003 0.80560500000000013 0.56341550000000018 3 0.33184500000000006 1569.5000000000002 4 0.45706550000000007 0.049718350000000008 5 0.18500000000000003
decision_type=8 2 1 8 2 10 2 10 2 1 10 10 10 1 10 8 10 10 2 10 10 10 1 8 2 1 10 10 1 2
left_child=2 5 8 13 29 10 11 -7 -1 26 28 -3 -11 14 15 25 -17 -10 -15 -13 21 -9 24 -12 -23 -4 -8 -25 -2 -5
right_child=1 6 3 4 -6 7 9 20 17 12 23 19 -14 18 -16 16 -18 -19 -20 -21 -22 22 -24 27 -26 -27 -28 -29 -30 -31
leaf_value=-0.0030351530225592232 0.00075741700258519413 -0.0078379564820318243 0.0038028085572048382 0.00032782988721356983 0.00040071248104546297 -0.0012769444723609398 0.0012020977078566854 0.00027395805192954577 0.005167130366723934 -0.0049472194067026872 -0.0035770893500485161 0.00047828883412781711 0 0.00014446741278670245 -0.00039333397619950236 -0.0028258914844255432 0.0013795984560403501 -0.00038687483508132809 -0.0028312651513767474 -0.0013598569094607942 0.0068386491407667399 0.0014868151050295897 -0.00056554669461306758 -0.0030670533270695469 0.006578775432867859 0.0011723694308911525 -0.0019077038770990715 -0.00072628816834434081 -0.000859756300892629 0.0028194488416832262
leaf_weight=3836.3499070703983 13533.538030952215 427.48803535103798 6042.0725949704647 3081.0329732447863 9137.8606356531382 9705.6146164685488 2023.5583080202341 53156.490247756243 720.15811586380005 4400.5912022441626 3167.1663999259472 11297.732324868441 1114.0247827321291 25698.512407958508 7456.2583426684141 1698.2944847792387 6333.3759043514729 5089.5488210767508 2320.7703876495361 10467.91851644218 448.08229823410511 1151.9979368150234 2493.1071190088987 3509.8702424168587 1751.4113863557577 4472.5901295989752 13110.121344342828 22454.936515346169 11757.962396979332 19041.2270655334
leaf_count=15404 54261 1714 24485 12480 37134 39033 8113 213069 2901 17751 12757 45297 4474 103670 30158 6814 25579 20443 9333 41977 1799 4654 10057 14114 7076 18099 52638 90058 47149 77868
internal_value=-1.09353e-05 -0.000469008 0.00078963 0.000995099 0.00186892 -0.000172061 -0.00132169 0.000249286 -0.00102355 -0.00214945 -0.000704526 -0.000550009 -0.00395264 0.000489013 0.00112567 0.00173855 0.000485892 0.000298737 -0.000101175 -0.000404432 0.00050091 0.00045155 0.00219417 -0.00132092 0.00457236 0.00269214 -0.00148975 -0.00104418 4.35744e-06 0.00247388
internal_weight=260900 165972 94928.1 85282 31260.1 123130 42841.4 68706.7 9646.06 20648.3 54423.5 22193.1 5514.62 54021.9 26002.6 18546.3 8031.67 5809.71 28019.3 21765.7 59001.1 58553 5396.52 29132 2903.41 10514.7 15133.7 25964.8 25291.5 22122.3
internal_count=1050359 665991 384368 345620 127482 494027 171964 275688 38748 82976 218339 88988 22225 218138 105135 74977 32393 23344 113003 87274 236655 234856 21787 116929 11730 42584 60751 104172 101410 90348
cat_boundaries=0 1 2 3 4 5 6
cat_threshold=2 2 205 2 436 665
is_linear=0
shrinkage=0.03


Tree=68
num_leaves=31
num_cat=10
split_feature=27 0 25 6 41 46 51 39 24 32 28 31 24 43 39 25 24 24 24 41 33 3 45 40 44 24 36 38 24 25
split_gain=106.242 48.097 84.6847 55.1498 45.8864 38.9454 34.0825 26.614 26.1238 25.312 23.6962 22.2777 30.3017 29.4795 22.2157 22.1911 31.0699 21.743 20.6884 19.5958 19.4975 18.3456 17.9963 17.494 20.1704 20.1068 18.9784 17.9766 26.8021 31.2087
threshold=0.50573250000000003 2019.5000000000002 0 2.5000000000000004 349.50000000000006 1.0000000180025095e-35 -0.0071609999999999998 0.56818400000000013 1 0.28642150000000005 0.17723800000000003 0.44898100000000002 2 0.18122650000000004 0.46283900000000006 3 4 5 6 5151.5000000000009 0.46577550000000006 5.5000000000000009 6.5000000000000009 0.14969550000000001 0.37834700000000004 7 0.14307950000000005 9158.5000000000018 8 9
decision_type=10 2 1 2 2 2 10 8 1 8 10 10 1 10 10 1 1 1 1 2 10 2 2 8 10 1 10 2 1 1
left_child=7 2 15 4 6 10 21 9 -4 -1 -6 12 20 -14 -11 16 -2 -13 -9 -5 -7 -3 -16 24 27 -25 -27 -12 -29 -30
right_child=1 3 8 19 5 11 -8 18 -10 14 23 17 13 -15 22 -17 -18 -19 -20 -21 -22 -23 -24 25 -26 26 -28 28 29 -31
leaf_value=-0.0031694579890251652 0.0036996823125055324 0.0024888755491262169 -0.0024414402119788551 -0.0011211509155965799 0.00204496031296037 -0.0046601909726161342 -0.0035390224349830129 -0.00066442511520376684 0.0026744503107579 -0.0045802149898277276 0.0010575069154606992 0.002926906634612167 -0.0030341144847929723 0.00030415731471676247 -0.00057601168077673769 -0.0028104986585307792 -0.0010230998547995818 0.00027979360935654631 0.0025074625356529428 -0.0040773293755435609 -0.001287073630207628 -0.0016547855886580578 -0.0017722230439426989 -0.0025073629699829954 -0.0024216612631221802 0.0016128379080315976 -0.00054820331959918439 0.0082645379820989427 0.0068301101994808723 -0.0016428743067920704
leaf_weight=4897.7091375738382 1663.5715836435556 1808.7054306864738 923.51512610912323 9701.240094050765 15356.359827950597 2110.0690389871597 4572.5731859058142 3981.2839858084917 21834.2422221452 1469.4387540221214 28176.570116326213 3090.1128077059984 2665.4579231888056 22054.973847150803 50012.721686214209 3397.4697280675173 4950.6491655558348 28468.703519195318 3424.0287708044052 2565.7499432563782 5885.0532831996679 2041.9300193786621 14688.891481637955 2576.0843374729156 1382.305561453104 6283.7064058482647 8716.4531342685223 786.86145730316639 609.30861392617226 1036.8485688120127
leaf_count=19766 6785 7281 3712 38933 62347 8452 18377 15969 89115 5905 113136 12539 10707 88671 200748 13629 20134 114469 13720 10301 23604 8197 59060 10326 5538 25236 34935 3167 2442 4157
internal_value=1.51588e-05 0.000411897 0.00145312 0.000184036 0.000356033 0.000496099 -0.00178821 -0.0009079 0.00246425 -0.00108642 0.00101434 -2.69373e-05 -0.000575911 -5.48777e-05 -0.00093165 -0.000843981 0.000165148 0.000541208 0.000801035 -0.00174275 -0.00217974 0.000284196 -0.000848115 0.000694338 0.0011121 -6.44151e-05 0.000354982 0.00127288 0.00375044 0.00150418
internal_weight=261133 182659 32769.4 149889 137622 129199 8423.21 78474.1 22757.8 71068.8 64924.5 64274.4 32715.6 24720.4 66171.1 10011.7 6614.22 31558.8 7405.31 12267 7995.12 3850.64 64701.6 49568.1 31991.9 17576.2 15000.2 30609.6 2433.02 1646.16
internal_count=1051358 736190 133375 602815 553581 519726 33855 315168 92827 285479 261284 258442 131434 99378 265713 40548 26919 127008 29689 49234 32056 15478 259808 198937 128440 70497 60171 122902 9766 6599
cat_boundaries=0 1 2 3 4 5 6 7 8 9 10
cat_threshold=131 2 134 129 68 1 531 513 194 554
is_linear=0
shrinkage=0.03


Tree=69
num_leaves=31
num_cat=0
split_feature=27 32 40 28 26 32 28 39 39 29 6 0 6 26 30 51 44 43 51 50 0 30 2 40 26 28 0 30 39 38
split_gain=107.996 37.2058 33.7903 32.4662 33.1631 30.0668 28.7333 23.0985 22.4193 21.2716 21.2442 20.7668 20.202 19.492 19.0752 18.573 17.5117 23.0856 17.0765 16.6781 16.0485 15.7219 15.4501 15.2319 15.7251 15.2085 15.1218 14.8414 14.6396 14.313
threshold=0.55106450000000018 0.60797550000000011 0.14097750000000001 0.073738700000000004 389.50000000000006 0.47391100000000003 0.3418345000000001 0.53243550000000017 0.59301650000000017 0.11814800000000002 2.5000000000000004 2020.5000000000002 1.5000000000000002 12414.500000000002 0.34958150000000004 -0.0011114999999999873 0.074728850000000013 0.45319600000000004 -0.066523499999999944 -0.012933000000000026 2022.5000000000002 0.41395750000000003 5.5000000000000009 0.14673850000000002 9037.5000000000018 0.15580450000000004 2019.5000000000002 0.34958150000000004 0.47748250000000009 664.50000000000011
decision_type=8 10 10 8 2 10 10 10 8 10 2 2 2 2 10 10 10 10 8 10 2 10 2 10 2 10 2 10 10 2
left_child=1 2 12 9 8 19 7 14 15 -2 28 -9 16 26 23 29 17 20 -8 27 -1 -17 -20 24 -4 -14 -3 -6 -7 -5
right_child=3 13 6 4 5 10 18 11 -10 -11 -12 -13 25 -15 -16 21 -18 -19 22 -21 -22 -23 -24 -25 -26 -27 -28 -29 -30 -31
leaf_value=-0.0018978631299692262 0.0063878390444062523 0.0024463126543634718 -0.002639734571914013 0.0018563701309344501 0.0012746326059980149 -0.00078600899151596573 -0.010264550463845053 0.0018083349674190975 0.0023395040085021357 5.4930870659862368e-06 -0.00066943021831122884 -0.00053243875679977225 0.0049936374326451241 0.007860461336494512 -0.0014847618753470323 -0.0019799071737606226 0.00058678988906608149 0.0020016819021954997 -0.0043901125572262476 -0.0045111876869592411 0.0015254469031747635 -0.0069298393470140175 0.0025877798599520736 0.00019387806160944086 0.0058522489532577739 -0.0011318275338644092 0.00024001622611932572 -0.00082301597395055418 0.0015422232730463578 -0.0015035063877914348
leaf_weight=8238.4126133918762 1537.7244115769863 3220.5255710482597 3087.127581089735 2019.3546437472105 4899.9263127148151 2527.8670882433653 366.03667320311069 4351.2718734890223 1729.8990682810545 689.84450963139534 4653.4131076484919 15738.771812662482 368.72787959873676 328.52820257842541 48623.486342981458 3866.0165020674467 33723.968315348029 2218.2749167382717 1605.7197993844748 788.4202244579792 1437.094255194068 686.35196621716022 339.38178671896458 12500.813251718879 204.78066578507423 15998.004566282034 21458.113935977221 7965.6596777290106 53168.428556188941 2614.6924166977406
leaf_count=33058 6523 12945 12368 8208 19729 10167 1495 17449 7078 2844 18791 63102 1481 1332 195171 15679 135217 8895 6501 3160 5770 2766 1374 50090 824 64169 86055 32025 215919 10542
internal_value=-9.9203e-06 -0.000442181 -0.000622218 0.000851831 0.000757532 0.000985406 -0.00100423 -0.000913429 -0.000784367 0.00442744 0.00127311 -2.37668e-05 -8.66539e-05 0.000627854 -0.00119042 -0.00137646 0.000237231 -0.000751296 -0.0043059 -0.000284041 -0.00138599 -0.00273686 -0.0031551 -0.00028216 -0.00209752 -0.000991104 0.000529412 -2.16733e-05 0.00143598 -3.2667e-05
internal_weight=260957 173809 148802 87147.6 84920 74003.7 86817.4 84506.3 10916.3 2227.57 60349.7 20090 61984.5 25007.2 64416.2 9186.42 45617.8 11893.8 2311.14 13654 9675.51 4552.37 1945.1 15792.7 3291.91 16366.7 24678.6 12865.6 55696.3 4634.05
internal_count=1050727 697296 596964 353431 344064 299791 348374 339004 44273 9367 244877 80551 248590 100332 258453 37195 182940 47723 9370 54914 38828 18445 7875 63282 13192 65650 99000 51754 226086 18750
is_linear=0
shrinkage=0.03


Tree=70
num_leaves=31
num_cat=9
split_feature=28 21 32 27 6 24 40 32 39 24 39 24 25 44 25 32 40 42 24 44 25 19 25 53 24 19 7 7 39 0
split_gain=97.6598 45.2041 33.901 33.6455 26.3421 26.2634 26.1955 24.3917 22.5538 22.0967 21.3189 20.6249 29.7817 26.0178 26.2979 25.584 20.9234 20.5408 19.9941 25.2046 19.7636 22.9309 19.3269 18.4772 18.392 17.989 17.1924 17.0593 20.616 18.813
threshold=0.23191750000000003 0.46500000000000002 0.63903200000000016 0.44707100000000005 1.5000000000000002 0 0.14277450000000005 0.30060250000000005 0.59301650000000017 1 0.56298800000000015 2 3 0.11072800000000001 4 0.3083915000000001 0.14813450000000003 0.70179100000000016 5 0.045046850000000006 6 99.250000000000014 7 9.0598081359825162 8 32.550000000000004 1.0000000180025095e-35 1.0000000180025095e-35 0.52045550000000007 2019.5000000000002
decision_type=8 2 8 8 2 1 10 8 10 1 10 1 1 10 1 10 8 10 1 10 1 2 1 2 1 2 2 2 8 2
left_child=1 6 11 24 27 17 9 -7 18 20 -4 13 25 14 -3 -14 -15 -6 19 -8 -1 -22 -9 -17 -2 26 -13 28 -5 -30
right_child=3 2 10 4 5 7 8 22 -10 -11 -12 12 15 16 -16 23 -18 -19 -20 -21 21 -23 -24 -25 -26 -27 -28 -29 29 -31
leaf_value=0.0003908661351873371 0.00040397853886572444 -0.00264078409811836 0.0013873412643043558 -0.0016657320199137578 -0.0036131131914561463 -0.0049962904761590319 -0.0048100170277338419 -0.0016990257304746409 0.0056817332007195829 0.00074018353208114319 0.0037059885566741438 -0.0047253460942027958 -0.0031965348483756141 0.002356377751974665 0.0011909125505091406 0.00097604065868254586 0.0004424882493166107 0.0032178087562153256 -0.0020748709455995652 0.00039499170756298344 -0.002340753025170107 -0.01119114165071673 0.00034584585364943625 -0.001591764615947627 -0.0027550897415402672 -0.00025112337224946201 -0.00088942478306905241 0.00024444234603300866 0.0026256949445163128 -0.00041805106172553079
leaf_weight=2280.2195096760988 1983.276285007596 2818.8010987043381 16809.415689736605 12476.279937177896 5449.4616371393204 1165.7783728986979 934.93817476928234 7143.9441292881966 427.06752452254295 21142.338210791349 4564.8420541286469 1805.2164762020111 1485.8931232690811 14715.317940592766 3721.285658583045 37766.733411669731 7968.3345212191343 420.29727113246918 11429.444208517671 7769.1413677930832 1936.8273146748543 306.20505024492741 9886.7116452008486 2691.4414979070425 9724.4798945784569 12897.643846005201 2575.7786019444466 35457.655260533094 2014.6109214425087 19311.109425991774
leaf_count=9179 8007 11347 68223 50041 21882 4692 3752 28656 1727 85377 18784 7262 5957 59613 14997 152136 32124 1688 45872 31273 7790 1231 39661 10802 39328 51893 10356 142151 8076 77408
internal_value=4.18911e-06 0.000480324 0.000811664 -0.000702905 -0.00051227 -0.00136747 -0.000306202 -0.000800443 -0.00110436 0.000332085 0.00188438 0.000552033 0.000229403 0.00120424 -0.000458647 0.000661547 0.00168553 -0.00311219 -0.00125062 -0.000161931 -0.0015662 -0.0035598 -0.000511109 0.000804373 -0.00221943 -0.000817605 -0.00247904 -0.000214628 -0.00069705 -0.000128777
internal_weight=261080 156047 109821 105034 93325.8 24066.2 46226.2 18196.4 20560.6 25665.6 21374.3 88446.4 59222.7 29223.7 6540.09 41944.1 22683.7 5869.76 20133.5 8704.08 4523.25 2243.03 17030.7 40458.2 11707.8 17278.6 4381 69259.7 33802 21325.7
internal_count=1051285 629695 443494 421590 374255 96579 186201 73009 82624 103577 87007 356487 238406 118081 26344 168895 91737 23570 80897 35025 18200 9021 68317 162938 47335 69511 17618 277676 135525 85484
cat_boundaries=0 1 2 3 4 5 6 7 8 9
cat_threshold=580 514 73 770 30 99 346 533 328
is_linear=0
shrinkage=0.03


Tree=71
num_leaves=31
num_cat=4
split_feature=33 28 25 7 0 20 39 49 44 27 26 51 25 29 43 44 0 0 26 39 40 26 51 42 25 8 9 25 33 43
split_gain=84.8382 54.0705 34.1889 33.3721 32.8506 30.5071 29.7282 29.3753 21.4914 23.9334 19.2527 22.1555 19.2088 19.0329 18.8503 18.4345 17.9386 17.7593 24.5135 24.0667 21.1632 16.7173 19.8574 16.5118 20.2592 16.3379 16.0959 18.0953 18.2878 16.0933
threshold=0.45951650000000005 0.17723800000000003 0 1.5000000000000002 2019.5000000000002 91.350000000000009 0.53579750000000004 1.0000000180025095e-35 0.075958200000000017 0.56797500000000012 204.50000000000003 -0.059233500000000015 1 0.11463650000000002 0.39451000000000008 0.16183450000000002 2022.5000000000002 2019.5000000000002 297.50000000000006 0.5592410000000001 0.15875850000000005 1408.5000000000002 0.0035374999999999717 0.47095950000000003 2 1.5000000000000002 1.0000000180025095e-35 3 0.63047150000000007 0.420657
decision_type=8 8 1 2 2 2 8 2 8 10 2 10 1 10 10 10 2 2 2 10 10 2 10 10 1 2 2 1 10 10
left_child=6 2 16 4 26 7 15 8 9 -3 11 -8 -13 29 -5 23 -2 19 20 -7 -19 22 -6 24 -1 -9 -4 -28 -29 -11
right_child=1 5 3 14 21 17 10 25 -10 13 -12 12 -14 -15 -16 -17 -18 18 -20 -21 -22 -23 -24 -25 -26 -27 27 28 -30 -31
leaf_value=0.0025101338260277305 -0.0018122753154481341 -0.00091137736514293629 0.0045778301045733185 0.00060611170311713667 0.0013012068035192718 -0.0013024203242047738 0.0081904540044617901 -0.0021397189133744439 0.0005163165400408759 -0.0048435039581056893 -0.00036052517391589036 -0.0045764148259271028 0.0029984708029945329 0.0032048680274737499 -0.0024990629584023547 -0.00053864388321010065 0.0031130398077832207 -0.0035768885262531728 -0.0010862710755365282 0.0051673741033816016 -0.013608142350521355 0.0017924816489972297 -0.0018309671954570472 -0.0022299832916163878 -0.0023446180932930718 0.00032382733079281057 0.0044056768595706662 9.2728968507925033e-05 0.004100788827735102 0.0018331363167737936
leaf_weight=1555.9712225347757 4710.6759613156319 19856.484475523233 4509.2510783970356 12002.431064277887 4606.4591469615698 1203.4361686259508 501.14369679987431 7214.5212462097406 95971.025882080197 602.27532441914082 18667.199633195996 404.99823498725891 1058.4134007096291 2515.4991417080164 2057.3807084709406 12635.430600702763 768.39928837120533 1338.4119704216719 14406.432314932346 897.19223630428314 222.49259467422962 14861.773874595761 3008.0357839465141 22252.128388345242 1512.0574496090412 3616.5900551527739 2450.3100917190313 3593.4247113913298 1439.369133323431 691.06582142412663
leaf_count=6251 18931 79634 18688 48808 18615 4833 2013 28940 385130 2431 74927 1626 4252 10169 8341 50677 3109 5367 57789 3611 892 60527 12160 89602 6071 14507 10120 14734 5999 2805
internal_value=2.54774e-05 0.000316416 0.00112929 0.00138303 0.00188581 2.06374e-05 -0.000979782 0.00018084 0.000316498 -0.00049253 -6.16553e-05 0.00275918 0.000865834 0.00168216 0.00014916 -0.00147802 -0.00111271 -0.00113435 -0.00147644 0.00145004 -0.0050493 0.00120687 5.96983e-05 -0.00194549 0.000108319 -0.00131449 0.00315516 0.00229237 0.00124427 -0.00125687
internal_weight=261130 202543 54007.5 48528.4 34468.6 148535 58587.3 130467 119636 23665.3 20631.8 1964.56 1463.41 3808.84 14059.8 37955.6 5479.08 18068 15967.3 2100.63 1560.9 22476.3 7614.49 25320.2 3068.03 10831.1 11992.4 7483.1 5032.79 1293.34
internal_count=1051559 816140 220032 197992 140843 596108 235419 523616 480169 95039 82818 7891 5878 15405 57149 152601 22040 72492 64048 8444 6259 91302 30775 101924 12322 43447 49541 30853 20733 5236
cat_boundaries=0 1 2 3 4
cat_threshold=2 578 59 56
is_linear=0
shrinkage=0.03


Tree=72
num_leaves=31
num_cat=5
split_feature=28 30 42 46 28 18 23 43 38 30 8 45 20 50 22 31 44 51 37 33 26 6 34 25 25 44 44 28 43 43
split_gain=93.8558 45.764 30.444 29.7712 28.5098 27.015 59.1219 28.5411 26.4172 25.6586 24.1632 21.4824 20.5104 20.0728 19.692 30.2857 20.1789 18.8134 18.7715 18.6445 25.0529 18.6381 17.2511 16.8961 16.8769 16.6815 22.9125 16.3329 16.2209 22.3492
threshold=0.17804550000000005 0.38361800000000007 0.46205000000000002 1.0000000180025095e-35 0.11321200000000002 0 1 0.40881650000000008 5101.5000000000009 0.33165550000000005 1.0000000180025095e-35 7.5000000000000009 67.15000000000002 0.0019319999999999895 2 0.4441865000000001 0.008112415000000003 -0.068880000000000011 0.10569950000000002 0.42117450000000006 765.50000000000011 2.5000000000000004 0.6442730000000001 3 4 0.41774600000000001 0.14852200000000002 0.19979650000000002 0.39782150000000005 0.23913350000000003
decision_type=10 10 10 2 10 1 1 10 2 10 2 2 2 10 1 10 10 10 8 8 2 2 10 1 1 10 10 10 10 10
left_child=4 5 13 -4 18 6 21 14 11 22 -7 19 28 -3 16 17 -8 -16 -1 20 24 -2 -6 -14 -5 26 -18 -15 29 -11
right_child=1 2 3 8 9 10 7 -9 -10 12 -12 -13 23 27 15 -17 25 -19 -20 -21 -22 -23 -24 -25 -26 -27 -28 -29 -30 -31
leaf_value=0.0050546612234892794 0.00064374715586581501 -0.00048946246943536154 -0.0004747724135009076 0.0035619814815843411 0.0027861751359981638 -0.00064071185636537279 0.0043607735329134261 -0.0030829929332620676 -0.0031420924692881682 6.8598315681808706e-05 0.00082699015203823486 -0.003282959010449307 0.00082646341358112154 -0.0025398023643842223 0.0010873873681869527 -0.0011366416207667183 -0.0015225195573240035 -0.0075291262008774333 0.001783346557149657 -0.00024264563878166487 -0.0045587424002636384 -0.0018198682869462117 -0.0014200943600104197 -0.0014202415211855789 -0.0027783229554312109 -0.0038968282196524431 0.0003412941555740491 0.0040128056140053565 -0.00068424637806313723 0.001934225612136486
leaf_weight=2308.7581650316715 36927.792238533497 3172.6836694478989 29832.746968865395 748.92932084202766 7637.0251255780458 12945.01509334147 749.34371297061443 6039.1556222587824 9323.841315895319 9233.1293938308954 45539.243351697922 3736.6123459935188 5026.3340047597885 394.85987734794617 269.69304697215557 4607.5015075057745 10215.048246234655 1272.5241637676954 5157.7161430418491 13458.483368560672 2332.3691722154617 2979.1169280558825 979.59097240865231 7447.1564000248909 734.51034979522228 1325.2637781947851 14120.697201013565 2277.4064373075962 4652.5919504165649 15599.698423862457
leaf_count=9740 148272 12718 119663 3017 31244 51963 3011 24245 37560 37450 182805 15038 20349 1583 1084 18488 41011 5113 21280 53997 9417 11956 4031 30089 2960 5310 56663 9126 18825 63257
internal_value=4.84697e-06 -0.000299208 -0.000948075 -0.00114913 0.00106876 1.32601e-05 -0.000350112 -0.00118743 -0.00181122 0.000812357 0.000501511 -0.00121884 0.000505143 0.00111594 -0.000834676 -0.00236441 -0.000477109 -0.00600373 0.00280053 -0.000770119 -0.00262103 0.00045896 0.00230417 -0.000512997 0.000408461 -0.000620046 -0.000439909 0.0030316 0.000936881 0.00124186
internal_weight=261045 203003 66012.4 60167.5 58042 136990 78506.1 38599.2 30334.7 50575.5 58484.3 21010.9 41958.9 5844.95 32560.1 6149.72 26410.4 1542.22 7466.47 17274.3 3815.81 39906.9 8616.62 12473.5 1483.44 25661 24335.7 2672.27 29485.4 24832.8
internal_count=1051265 815000 265079 241652 236265 549921 315153 154925 121989 205245 234768 84429 169970 23427 130680 24685 105995 6197 31020 69391 15394 160228 35275 50438 5977 102984 97674 10709 119532 100707
cat_boundaries=0 1 2 3 4 5
cat_threshold=129 2 2 568 241
is_linear=0
shrinkage=0.03


Tree=73
num_leaves=31
num_cat=6
split_feature=27 46 24 22 43 26 40 45 25 51 26 42 31 29 37 44 26 11 25 44 34 26 50 42 24 40 33 37 25 29
split_gain=86.0426 43.9754 39.5624 37.8647 33.7816 29.6347 27.3822 26.2576 24.7132 23.8155 29.0123 23.0703 23.0059 22.6316 22.4344 22.3361 23.8522 22.2768 22.9197 20.2966 20.1555 20.0155 19.6941 19.0141 18.5059 18.2316 23.5347 23.9242 21.8486 18.1405
threshold=0.54246150000000004 1.0000000180025095e-35 0 1 0.16923200000000002 1331.5000000000002 0.14896050000000002 5.5000000000000009 2 0.0027980000000000231 181.50000000000003 0.46075350000000009 0.45903050000000006 0.13544850000000005 0.093946600000000005 0.076979300000000014 6477.5000000000009 4.5000000000000009 3 0.39940200000000009 0.5402990000000002 204.50000000000003 0.16892250000000003 0.44086250000000005 4 0.15106750000000005 0.57903600000000011 0.12488350000000002 5 0.15957550000000001
decision_type=10 2 1 1 8 2 10 2 1 10 2 10 10 10 8 10 2 2 1 10 10 2 10 8 1 10 8 8 1 10
left_child=1 15 6 5 -5 8 9 23 24 14 -11 -7 13 -13 20 16 22 18 -4 25 -2 -22 -1 -6 -3 -17 28 -28 -27 -25
right_child=2 3 17 4 7 11 -8 -9 -10 10 -12 12 -14 -15 -16 19 -18 -19 -20 -21 21 -23 -24 29 -26 26 27 -29 -30 -31
leaf_value=-0.00082994649049688055 0.00046862899065575492 0.0011420190365538279 -0.0011418635896817649 0.0017899281066628145 0.0011741886666066439 0.00059560801766682804 0.0002015086003412352 -0.0043943174037438752 0.0010076474241310599 -0.0045782951402992865 0.0010946851609319925 -0.00035910858034371597 -2.8147063932478354e-05 -0.0025135522485623457 0.0020232910632468522 0.00085249433095770338 -0.0055893653570227506 -0.0005861250387237646 0.0010605289030268079 -0.0021551876968838837 -0.00096569692740841302 0.0086655940763232537 0.0030350812378821621 -0.0030746382484239877 -0.0022076723527610603 0.00053250015616173262 0.0071659121378677797 1.7622193145837118e-05 -0.0016866068722211369 -0.00058536637710254974
leaf_weight=17344.936576038599 567.39306792616844 2141.988032668829 5155.1366929262877 1859.1142418831587 1709.8301729410887 6239.4113882631063 14917.907495483756 4642.9091215878725 15239.676209017634 861.151387155056 12926.094472318888 6134.3660538345575 8016.9269458502531 15732.46477407217 21044.845428451896 39474.951314613223 890.07340240478516 22800.125363707542 23800.469832599163 2722.3306202143431 222.78958155214787 1245.8560944348574 1268.0854199975729 7548.3770460933447 4721.6089383661747 7365.571473762393 722.34012688696384 1025.7926453351974 8661.1849760562181 4099.8162499964237
leaf_count=69572 2282 8595 20759 7469 6855 24995 60260 18740 61160 3503 52698 24585 32138 63142 85570 158234 3564 91933 96298 10901 907 5214 5086 30377 18954 29519 2916 4112 34712 16518
internal_value=3.00142e-05 -0.000411336 0.000701909 -0.00091698 -0.00204857 -0.000530414 0.00128807 -0.0024469 0.000333747 0.00172721 0.000737256 -0.00106 -0.0014067 -0.00191066 0.00231708 8.51102e-05 -0.00079625 0.000114511 0.000667282 0.000372256 0.0053316 0.00718518 -0.000564568 -0.00176695 -0.00115776 0.000493071 -0.000303467 0.00299569 -0.00066569 -0.00220144
internal_weight=261104 157562 103542 78086.5 19860 58226.4 51786 18000.9 22103.3 36868.1 13787.2 36123.2 29883.8 21866.8 23080.9 79475.3 19503.1 51755.7 28955.6 59972.2 2036.04 1468.65 18613 13358 6863.6 57249.8 17774.9 1748.13 16026.8 11648.2
internal_count=1051568 632144 419424 313528 79959 233569 210434 72490 88709 150174 56201 144860 119865 87727 93973 318616 78222 208990 117057 240394 8403 6121 74658 53750 27549 229493 71259 7028 64231 46895
cat_boundaries=0 1 2 3 4 5 6
cat_threshold=113 2 266 6 552 440
is_linear=0
shrinkage=0.03


Tree=74
num_leaves=31
num_cat=10
split_feature=27 21 27 49 26 24 39 27 24 25 0 24 53 24 31 52 25 0 25 24 25 0 24 46 2 1 42 50 26 12
split_gain=72.1419 43.8992 36.2771 22.398 30.5259 22.1391 22.0359 22.6731 21.3302 19.0538 27.692 18.5717 18.4725 21.0836 18.4271 18.417 17.5922 30.6049 26.4263 25.2394 37.3063 17.9478 35.1929 23.801 24.4079 17.5327 17.1386 16.7781 16.4657 16.2672
threshold=0.51873550000000013 0.36500000000000005 0.58942450000000013 1.0000000180025095e-35 4152.5000000000009 0 0.53524550000000015 0.46847300000000008 1 2 2021.5000000000002 3 8.7967170733077911 4 0.48559150000000006 9.5015910665124927 5 2022.5000000000002 6 7 8 2022.5000000000002 9 1.0000000180025095e-35 4.5000000000000009 4.5000000000000009 0.47973850000000007 -0.038747000000000052 4293.5000000000009 -1.4999999999999998
decision_type=10 2 10 2 2 1 8 10 1 1 2 1 2 1 10 2 1 2 1 1 1 2 1 2 2 2 10 10 2 2
left_child=6 9 3 16 -5 -4 7 28 -8 10 11 -2 -11 -14 -12 -7 17 19 25 20 -3 -18 23 24 -23 -19 -20 -22 -1 -21
right_child=1 2 5 4 -6 15 8 -9 -10 12 14 -13 13 -15 -16 -17 21 18 26 29 27 22 -24 -25 -26 -27 -28 -29 -30 -31
leaf_value=-0.001557342871770109 -0.0010814040618626973 0.0047980555487117382 -0.0011798582556688888 3.4727678689830669e-05 -0.0041267830502847843 0.0020265399491183949 -0.00088922083277416107 -0.00063142154948202397 0.00056564048127706688 -0.0016216919137053496 -0.0016867734419914516 0.0018620334082658659 0.0041723796017079876 -0.0017069080716919504 0.0039593374743994367 -0.0063271023089394524 0.0010604875842428819 -0.00074285845031399854 -0.0050414452559672382 -0.0041166644977949215 0.0018692660970801229 0.0050896505982265302 -0.00090528576799452391 -8.4723761963040672e-05 0.00017483426101136542 0.0053488847425410789 0.00086007183640907754 -0.0045104149810205113 -0.0044685989692186548 -0.0011690321966193983
leaf_weight=14430.297168821096 2530.4295568019152 1424.6124272942543 2225.5949321836233 5568.7146367579699 2207.5498733818531 23219.159137010574 15467.818789958954 50761.00786870718 21881.753762856126 15086.100270539522 6822.596957474947 7900.3375487625599 1120.7662800848484 1047.0163186341524 557.56173659861088 235.44091050326824 49238.490762174129 540.37458817660809 563.86031962931156 2195.537563547492 612.97706088423729 2466.128514662385 13481.697235897183 3654.6887386888266 1460.4352257549763 1848.3063998669386 2006.8613292723894 913.76949851214886 2005.7430265843868 7472.9635493159294
leaf_count=58243 10176 5744 9036 22344 8849 95585 62053 203527 87714 60692 27375 31951 4500 4198 2245 954 198264 2167 2263 8813 2458 9947 54054 14692 5884 7417 8058 3664 8141 29995
internal_value=-1.10176e-05 0.000396686 0.000666982 0.000397773 -0.00114393 0.00166844 -0.000621223 -0.000945942 -3.61771e-05 -0.00053776 0.000149274 0.00114574 -0.00124798 0.00133185 -0.00125472 0.00193978 0.000534569 -0.000313008 0.00168056 -0.00109929 0.00132041 0.000746879 1.26465e-05 0.00164769 0.00327081 0.00394256 -0.000425421 -0.00191823 -0.00191519 -0.00184065
internal_weight=260949 156402 121337 95657 7776.26 25680.2 104547 67197 37349.6 35064.8 17810.9 10430.8 17253.9 2167.78 7380.16 23454.6 87880.7 17579.3 4959.4 12619.9 2951.36 70301.4 21062.9 7581.25 3926.56 2388.68 2570.72 1526.75 16436 9668.5
internal_count=1051003 631325 490188 384613 31193 105575 419678 269911 149767 141137 71747 42127 69390 8698 29620 96539 353420 70579 19905 50674 11866 282841 84577 30523 15831 9584 10321 6122 66384 38808
cat_boundaries=0 1 2 3 4 5 6 7 8 9 10
cat_threshold=6 71 920 138 611 514 2 72 512 82
is_linear=0
shrinkage=0.03


Tree=75
num_leaves=31
num_cat=9
split_feature=28 30 44 3 24 50 41 25 24 50 32 25 29 23 24 29 27 41 35 43 33 43 25 51 41 29 24 33 41 25
split_gain=71.0701 41.6212 29.1995 26.4074 24.5276 23.6227 22.973 27.7393 21.52 23.8132 20.6894 19.1928 18.7683 20.1756 25.7212 22.7812 21.296 31.2701 18.5696 19.4741 18.5287 18.4235 18.3189 17.9126 22.5543 19.8085 17.8617 17.8179 17.7088 17.5365
threshold=0.17723800000000003 0.37368450000000003 0.045046850000000006 2.5000000000000004 0 -0.17300049999999997 4685.5000000000009 1 2 0.22959400000000005 0.42347600000000002 3 0.12803350000000005 4 5 0.12680650000000002 0.50732700000000019 972.50000000000011 0.092903400000000011 0.41538750000000008 0.3811115000000001 0.30720150000000007 6 0.0042885000000000293 2670.5000000000005 0.15957550000000001 7 0.40820150000000005 8331.5000000000018 8
decision_type=8 8 10 2 1 8 2 1 1 8 8 1 10 1 1 10 10 2 10 10 8 10 1 10 2 10 1 10 2 1
left_child=4 3 8 21 22 -4 -7 28 20 -10 -6 -12 13 27 15 -15 17 -16 -9 -20 -3 -2 -1 24 -13 -25 29 -5 -8 -26
right_child=1 2 5 12 10 6 7 18 9 -11 11 23 -14 14 16 -17 -18 -19 19 -21 -22 -23 -24 25 26 -27 -28 -29 -30 -31
leaf_value=-0.0066454708551300402 0.0016911736679362424 -0.0045590201978328001 -0.0024883011089871262 -0.0032090754088617639 -0.0011047785903959501 -9.8080986540331316e-05 -0.0037313206075520718 -0.0035185802674084182 -0.0031418755261182754 0.0025604366511427501 0.00013883659768865623 0.0029265856456840815 -0.00031993640247170093 -0.0034134479084987688 0.00097649757432629648 0.0042470985166585054 0.00029848065238330499 0.015547369237269432 0.00042493073130083224 -0.0054358961825496151 0.00033387848399510595 0.00011152911445054309 -0.00026123977863795768 0.0012078140529059372 -0.0002019025123273357 -0.0024370320018531799 -0.00035171461252684179 0.0020309052518848107 -0.012044537257741121 0.0034247283860490891
leaf_weight=418.06844732165337 14838.714553847909 812.92316634953022 4818.6684918999672 617.14730614423752 3210.4693721532822 60797.210444480181 1534.5300973653793 1864.5793262273073 9161.0453240126371 702.13852843642235 9085.7462531626225 14336.671451076865 68377.377629369497 2770.4373214840889 363.12812580168247 393.86291709542274 4489.7232357561588 210.69934161007404 5636.9593022763729 557.78811067342758 4714.3172353059053 12110.559175416827 6875.1510470956564 11588.870572775602 1785.1513746231794 1510.2799489498138 4433.8532529324293 9112.7737738639116 275.89028015732765 3580.6660196632147
leaf_count=1674 59618 3289 19344 2480 12926 243914 6165 7490 36839 2821 36840 58688 274413 11131 1457 1584 18071 847 22670 2235 18944 48617 27808 47450 7302 6129 17982 36700 1109 14671
internal_value=4.02806e-05 -0.000220782 -0.000699082 0.00016265 0.000978716 -0.000455701 -0.000316577 -0.00165903 -0.00189052 -0.00272948 0.00121794 0.0013799 -9.29449e-05 0.000769604 -0.000320804 -0.00243964 0.00100087 0.00643171 -0.000894788 -0.000100326 -0.000381716 0.000982512 -0.000642482 0.0016814 0.00216727 0.000784826 0.0010528 0.00169458 -0.00500495 0.00221504
internal_weight=260985 204160 90876.1 113284 56824.9 75485.6 70667 9869.75 15390.4 9863.18 49531.7 46321.2 86335.1 17957.8 8227.85 3164.3 5063.55 573.827 8059.33 6194.75 5527.24 26949.3 7293.22 37235.5 24136.3 13099.2 9799.67 9729.92 1810.42 5365.82
internal_count=1051208 819738 364820 454918 231470 302927 283583 39669 61893 39660 201988 189062 346683 72270 33090 12715 20375 2304 32395 24905 22233 108235 29482 152222 98643 53579 39955 39180 7274 21973
cat_boundaries=0 1 2 3 4 5 6 7 8 9
cat_threshold=6 144 408 514 2 785 2 321 12
is_linear=0
shrinkage=0.03


Tree=76
num_leaves=31
num_cat=3
split_feature=27 46 22 39 31 28 26 39 30 18 27 43 45 22 27 7 30 30 39 28 46 51 31 9 51 9 6 1 50 10
split_gain=63.8254 39.195 48.374 30.4623 29.8762 26.8813 25.1277 29.0517 26.421 23.7118 22.6414 22.1617 28.3078 20.633 31.4585 24.5885 25.2382 17.8969 17.3787 23.9347 23.4837 18.8803 18.3051 17.1928 17.0826 17.0351 23.3061 17.2435 15.8542 15.0529
threshold=0.5709725000000001 1.0000000180025095e-35 0 0.48837650000000005 0.48276550000000001 0.19834800000000002 322.50000000000006 0.59301650000000017 0.42602750000000006 1 0.67082950000000008 0.19367750000000003 9.5000000000000018 2 0.43522200000000005 1.5000000000000002 0.34062250000000005 0.32693500000000003 0.52552700000000019 0.20798850000000005 1.0000000180025095e-35 -0.076040499999999997 0.46464650000000002 1.0000000180025095e-35 0.0070734999999999834 4.5000000000000009 1.5000000000000002 9.5000000000000018 0.31777800000000006 4.5000000000000009
decision_type=8 2 1 8 10 10 2 8 10 1 10 10 2 1 10 2 10 10 8 10 2 10 10 2 8 2 2 2 10 2
left_child=1 9 3 -3 11 -5 7 -2 10 -1 17 -4 23 -11 -15 16 -16 -8 22 21 -21 -20 -19 29 -6 27 -27 28 -7 -13
right_child=6 2 4 5 24 25 8 -9 -10 13 -12 12 -14 14 15 -17 -18 18 19 20 -22 -23 -24 -25 -26 26 -28 -29 -30 -31
leaf_value=0.00097372145480842615 -0.0014965135143782686 -0.0026030395538622301 0.00050371010390213406 0.00098351270127949799 0.0043463244156393315 0.00010432560424834216 0.0026089312020166401 0.0031779033113746597 -0.0049303652324442842 -0.00037714976002418699 0.004798433651824959 -0.00020312237192826306 -0.0064250636888065074 -0.0034775157416744012 0.0043835367176009036 -0.00060757788988456836 0.0010991026636418962 0.00054483862286478152 -0.0014514068184660186 0.00058332806350048431 0.0076732784801963752 0.0013902543566753306 -0.0023718103461828183 -0.0026853221094179712 -0.0014976840762271927 -0.00062983884872559466 -0.0036021567259025009 -0.0020046310902647134 -0.0072292503683334224 -0.005397068239628597
leaf_weight=26357.674712628126 6447.5785349905491 4683.525312229991 2644.6602630466223 15874.404817804694 1069.676429361105 39620.421751052141 6529.0995127111673 1463.6486045718193 620.06991046667099 55321.268791869283 1592.1625690609217 5188.392833262682 1468.0598698556423 1499.1401151418686 2565.2868006676435 5931.0450053215027 12004.370865225792 10690.68569907546 2321.0494329184294 729.15798828005791 1024.0787916481495 21409.07838909328 2361.7492369711399 13294.815710887313 763.76614600419998 9397.9559793323278 3191.466791510582 4024.7437128275633 264.0380857437849 554.97554683685303
leaf_count=105757 26229 18798 10625 63848 4291 158956 26809 6032 2499 221887 6862 20874 5933 6066 10302 23798 48182 43185 9349 2949 4146 87495 9544 53517 3066 37705 12815 16142 1059 2234
internal_value=2.9165e-05 -0.000213749 -0.000631214 -0.000258794 -0.00177846 -0.000106573 0.000935155 -0.000627037 0.00119723 0.000196838 0.00127962 -0.00207105 -0.0024046 -6.77467e-05 0.000708836 0.0010169 0.00168024 0.00115432 0.0009069 0.00136282 0.00474774 0.0011109 1.43692e-05 -0.00209204 0.00189705 -0.000413421 -0.00138639 -0.000133696 5.44846e-05 -0.000712784
internal_weight=260908 205720 102041 77056.6 24984.3 72373 55188.4 7911.23 47277.1 103679 46657.1 23150.9 20506.2 77321.1 21999.8 20500.7 14569.7 45064.9 38535.8 25483.4 1753.24 23730.1 13052.4 19038.2 1833.44 56498.6 12589.4 43909.2 39884.5 5743.37
internal_count=1050954 825855 409863 309323 100540 290525 225099 32261 192838 415992 190339 93183 82558 310235 88348 82282 58484 183477 156668 103939 7095 96844 52729 76625 7357 226677 50520 176157 160015 23108
cat_boundaries=0 1 2 3
cat_threshold=2 76 2
is_linear=0
shrinkage=0.03


Tree=77
num_leaves=31
num_cat=11
split_feature=33 39 46 22 0 24 40 44 26 24 18 25 24 45 46 27 40 29 2 20 29 24 27 24 29 24 25 33 0 25
split_gain=64.4191 42.1264 45.3931 47.7046 37.2182 34.7606 31.5208 29.0379 30.2061 30.0677 28.4191 25.3394 28.1773 24.817 23.915 21.512 20.6773 20.5924 22.5094 20.0832 19.9054 20.188 27.6446 19.7825 19.7159 19.5723 19.5293 23.3746 19.506 21.3237
threshold=0.45617200000000008 0.56232850000000012 1.0000000180025095e-35 0 2019.5000000000002 1 0.13370650000000003 0.091705800000000018 7317.5000000000009 2 3 4 5 4.5000000000000009 1.0000000180025095e-35 0.51689550000000006 0.15122650000000001 0.093336250000000009 2.5000000000000004 96.450000000000017 0.15564250000000004 6 0.50633050000000013 7 0.14167750000000004 8 9 0.47763750000000005 2019.5000000000002 10
decision_type=8 8 2 1 2 1 10 10 2 1 1 1 1 2 2 10 10 8 2 2 8 1 10 1 10 1 1 10 2 1
left_child=5 2 7 19 11 14 -7 8 17 -9 13 -3 -13 16 24 -11 -5 18 -2 -4 21 22 -19 -22 -1 -21 -25 -28 29 -8
right_child=1 4 3 10 -6 6 28 9 -10 15 -12 12 -14 -15 -16 -17 -18 20 -20 25 23 -23 -24 26 -26 -27 27 -29 -30 -31
leaf_value=0.00094478202810040614 0.0024160166675766211 -0.0006873731153807255 8.9293305910445305e-05 -0.00062320844855400285 0.00027584282877411264 0.0015282571867370782 -0.0018990262445546676 4.3077540776071846e-05 -0.005385740801706917 0.00018373113648270713 -0.00041685903155410693 -0.0025664119738660687 0.0031725590906626685 -0.0045831665112654784 -0.0027711554038485752 0.0017426877924966386 -0.0040742268402141806 0.006156084438316731 -0.0083380213534373186 -7.4818282489021894e-05 0.00065042565538128911 -5.5786598570753799e-05 0.00057911322147515248 -0.00062067371038170612 -0.0017145244963118339 -0.0038748865239499239 0.0014882910736793284 -0.0069508936744826326 -0.00095999109168188245 0.0063173573736466935
leaf_weight=3733.4455895572901 250.15465168654919 2168.9449008852243 57421.425550222397 5180.8605675846338 17867.829703003168 6733.2352655827999 465.76635541021824 28039.073520049453 1061.6843052953482 10961.177212178707 8389.5281456112862 809.81843291223049 12070.598042607307 4141.7653695046902 11760.261331483722 29602.761232957244 2252.5802549868822 1245.7667457908392 545.82725279033184 2565.5608923584223 2314.4090620279312 10615.36833243072 2266.3980795294046 1732.4113357067108 7573.2121242135763 2351.6352627426386 366.82748346030712 1387.997219979763 24353.604677602649 689.24832956492901
leaf_count=14975 1010 8854 231100 20885 72065 27019 1872 112724 4255 43888 33792 3251 49386 16682 47387 119734 9050 4995 2198 10306 9274 42717 9112 6948 30429 9450 1471 5565 97889 2767
internal_value=-2.42673e-05 0.000220101 3.24368e-05 -0.000477086 0.00120364 -0.000933211 -0.000295467 0.000496708 -0.000456524 0.000799878 -0.00175329 0.00230292 0.00280719 -0.00271625 -0.00182225 0.00132189 -0.00167424 -0.000201825 -0.0049244 -6.78199e-05 -1.0985e-05 0.000595082 0.00256208 -0.00149153 -0.000833754 -0.00190757 -0.00291454 -0.00514093 -0.000778271 0.00301996
internal_weight=260919 205610 172693 82303.4 32917.2 55308.8 32241.9 90389.9 21786.8 68603 19964.7 15049.4 12880.4 11575.2 23066.9 40563.9 7433.44 20725.2 795.982 62338.6 19929.2 14127.5 3512.16 5801.65 11306.7 4917.2 3487.24 1754.82 25508.6 1155.01
internal_count=1051050 828712 695156 331265 133556 222338 129547 363891 87545 276346 80409 61491 52637 46617 92791 163622 29935 83290 3208 250856 80082 56824 14107 23258 45404 19756 13984 7036 102528 4639
cat_boundaries=0 1 2 3 4 5 6 7 8 9 10 11
cat_threshold=2 23 928 129 131 2 266 772 793 331 3
is_linear=0
shrinkage=0.03


Tree=78
num_leaves=31
num_cat=3
split_feature=28 34 41 39 45 45 21 31 3 42 33 53 42 28 33 8 34 41 39 29 31 37 30 24 24 28 53 25 53 40
split_gain=74.569 42.4999 38.9249 28.1721 25.5321 23.8552 23.4262 22.8362 27.9647 22.518 21.0231 20.5809 20.448 19.4387 18.7396 16.6429 16.554 17.0153 16.5215 15.858 15.5645 15.2995 14.9205 22.5794 14.5834 14.7939 13.9184 19.5686 23.9905 17.8085
threshold=0.24204850000000003 0.60205150000000007 376.50000000000006 0.47748250000000009 9.5000000000000018 9.5000000000000018 0.095000000000000015 0.42446200000000006 2.5000000000000004 0.45141150000000002 0.31357900000000005 8.7000979080025989 0.52305150000000011 0.095622950000000012 0.45439650000000004 1.0000000180025095e-35 0.52858550000000004 309.50000000000006 0.46939000000000003 0.12437050000000001 0.45903050000000006 0.086687150000000018 0.34401650000000006 0 1 0.27077200000000007 8.6563462490234908 2 9.0957709156611521 0.13953600000000002
decision_type=8 8 2 8 2 2 2 10 2 10 8 2 10 10 10 2 10 2 8 10 10 8 10 1 1 8 2 1 2 10
left_child=1 3 6 -1 7 10 -3 11 14 20 -2 12 -5 -8 -9 -6 17 -14 24 -19 -4 -15 -11 -24 25 -12 -20 28 29 -28
right_child=5 2 9 4 15 -7 13 8 -10 22 18 -13 16 21 -16 -17 -18 19 26 -21 -22 -23 23 -25 -26 -27 27 -29 -30 -31
leaf_value=-0.001909746834689034 -0.0037376992474406688 -0.0042437308824147769 0.0044355872264766512 0.00099313722181588451 -0.0029856890260176114 -0.0025272528667006056 0.0029795629910508163 -0.0015944715920662219 0.00025277742913251526 0.002559208763311685 0.0038311042624212649 -0.0025496046999181456 0.0030160329467297212 -0.0042292311451862779 0.0016463504203783027 -0.00037427336368894734 -0.0022544847068154757 0.0021066179805640591 -0.00017075270075463851 -0.0015154668985845278 -0.002603613177574569 8.7891774044317645e-05 -0.0042484574547187208 0.0011802585592203998 -0.0056920219676545288 -0.0043821559876559167 0.0018605202267008903 -0.0015505094621054421 0.0031489421168847537 -0.0027142750838390264
leaf_weight=5843.9965422451496 1870.2110919356346 1296.3640058040619 3864.162575930357 8641.600933432579 3315.7738280445337 6229.7162832170725 1639.2385871261358 1717.4740079343319 81097.612794280052 7533.205915749073 395.43729957938194 3713.3235100358725 1358.4000152796507 941.78285959362984 22502.595680758357 6595.1335812062025 4937.6987838447094 1400.3520551472902 50847.19260674715 4776.2296149730682 297.55774809420109 3330.6433884054422 716.43606299161911 12210.837353587151 1018.3421170264482 387.39214488863945 1201.0314966440201 17389.94063128531 1974.6643921881914 2080.0575538873672
leaf_count=23438 7570 5239 16105 34738 13310 25094 6772 6882 326323 30878 1587 14876 5450 3837 90756 26479 19840 5611 204103 19141 1211 13529 2876 49643 4095 1562 4820 69867 7939 8361
internal_value=-2.40776e-07 0.00034691 0.00134017 0.000129988 0.000215351 -0.00074044 -0.000595436 0.000327321 0.000520404 0.00190803 -0.000595703 -0.000490484 -0.00012662 0.000201271 0.00141513 -0.00125161 -0.000904892 -1.59738e-05 -0.000517115 -0.000688791 0.00392358 -0.000859027 0.00149608 0.000873787 -0.00335596 -0.000193891 -0.000446998 -0.00106583 0.000534032 -0.00103038
internal_weight=261124 177730 31830.2 145900 140056 83394 7208.03 130145 105318 24622.2 77164.3 24827.6 21114.3 5911.66 24220.1 9910.91 12472.7 7534.98 75294.1 6176.58 4161.72 4272.43 20460.5 12927.3 1801.17 782.829 73492.9 22645.7 5255.75 3281.09
internal_count=1051932 716934 130090 586844 563406 334998 29377 523617 423961 100713 309904 99656 84780 24138 97638 39789 50042 30202 302334 24752 17316 17366 83397 52519 7244 3149 295090 90987 21120 13181
cat_boundaries=0 1 2 3
cat_threshold=2 680 10
is_linear=0
shrinkage=0.03


Tree=79
num_leaves=31
num_cat=6
split_feature=28 6 11 39 46 18 22 43 43 26 46 24 2 43 23 0 51 30 38 44 24 26 26 1 29 44 43 35 29 18
split_gain=63.7368 33.0469 28.0616 21.7725 20.9022 29.4932 23.5661 24.6637 22.2673 20.8563 22.5948 20.1883 19.8886 19.2407 19.0328 20.5367 18.6889 18.3506 18.0407 22.0907 17.7584 17.3967 17.1025 17.0013 16.3038 16.2422 15.3058 15.8524 15.0662 14.9458
threshold=0.18659450000000002 1.5000000000000002 4.5000000000000009 0.47748250000000009 1.0000000180025095e-35 0 1 0.16923200000000002 0.059545050000000009 8034.5000000000009 1.0000000180025095e-35 2 5.5000000000000009 0.30568650000000003 3 2019.5000000000002 -0.032349499999999996 0.38320550000000003 4294.5000000000009 0.008112415000000003 4 1224.5000000000002 6477.5000000000009 9.5000000000000018 0.20755850000000003 0.22129250000000003 0.21332100000000004 0.11351900000000002 0.17021800000000004 5
decision_type=8 2 2 8 2 1 1 10 10 2 2 1 2 10 1 2 10 8 2 8 1 2 2 2 10 10 10 8 10 1
left_child=2 3 9 -2 8 6 -6 -8 -3 11 12 22 -11 -10 15 -13 -12 23 19 -19 25 -17 -1 -5 -4 -7 -22 -28 -16 -20
right_child=1 4 24 17 5 20 7 -9 13 10 16 14 -14 -15 28 21 -18 18 29 -21 26 -23 -24 -25 -26 -27 27 -29 -30 -31
leaf_value=0.00066913082194293731 -0.0019616218880489414 -0.0069722286800828178 -3.8266861663667043e-05 0.00037948990584338262 -0.0015845467985672837 0.0016100415539231597 0.0023116583971566542 -0.0048791165063514341 0.00054554929100790819 0.0032972779601013673 -0.00096148543176095955 0.0043474902527966333 -0.0054869709115273968 -0.0011233272787479502 0.0013804356195671174 -0.00036454232899942328 -0.0085604584890161487 -0.0030820622538363317 -2.8679134476092396e-05 0.00023709903376652384 -0.0032228951408749245 0.0026952276097355096 -0.0077146391942745944 -0.0010958757469870207 0.0051229383442729136 0.011482101377462729 -0.0020044319960008119 0.0017538507850884775 -0.0027907893473494033 -0.0018932190765289349
leaf_weight=13600.634550705552 5190.9903709888458 447.44828839600086 28665.674686804414 84947.431351661682 12643.600656181574 530.99351559579372 472.54757206141949 4039.3193991929293 13201.167755529284 1034.5733679234982 671.24260073900223 4696.4574964791536 294.16918469965458 11729.296607047319 10582.953821972013 2282.9690553843975 527.02177974581718 1941.9193249940872 5975.2759699672461 25020.175776228309 1361.9057401120663 6080.1347667574883 219.11429384350777 7652.3633265644312 558.49380569159985 212.15798401832581 1562.1584883928299 2831.5299950689077 834.17579180002213 11178.116068810225
leaf_count=55295 20840 1795 116108 341035 50783 2134 1901 16301 52956 4196 2706 19402 1193 47059 43185 9228 2141 7812 24013 100390 5470 24817 882 30717 2253 850 6284 11392 3367 44925
internal_value=-3.25998e-06 -0.000287335 0.000770634 -5.51092e-05 -0.000958777 -0.00160067 -0.00225196 -0.00411831 -0.00035918 0.00127868 -0.00135371 0.00145326 0.00132203 -0.000238462 0.00197102 0.00275543 -0.00434168 1.71019e-05 -0.000486199 -1.16416e-06 0.000117535 0.00185655 0.000532004 0.000257212 5.98566e-05 0.00444384 -0.000444625 0.000410329 0.00107239 -0.00124671
internal_weight=260986 190938 70047.6 141906 49032.1 23654.2 17155.5 4511.87 25377.9 40823.4 2527.01 38296.4 1328.74 24930.5 24476.7 13059.6 1198.26 136715 44115.5 26962.1 6498.75 8363.1 13819.7 92599.8 29224.2 743.151 5755.59 4393.69 11417.1 17153.4
internal_count=1051430 766657 284773 569732 196925 95115 68985 18202 101810 166412 10236 156176 5389 100015 99999 53447 4847 548892 177140 108202 26130 34045 56177 371752 118361 2984 23146 17676 46552 68938
cat_boundaries=0 1 2 3 4 5 6
cat_threshold=137 2 54 2 8 108
is_linear=0
shrinkage=0.03


Tree=80
num_leaves=31
num_cat=7
split_feature=32 6 34 25 30 26 24 35 44 37 25 29 39 35 39 50 2 32 24 32 43 26 28 26 7 1 0 25 24 25
split_gain=62.3203 36.2939 30.5755 29.2085 27.5286 25.5272 30.1985 28.132 24.792 23.9959 20.2741 25.4939 20.1612 19.9233 19.2975 19.2557 18.5295 18.3482 17.925 20.2928 20.7928 17.4001 17.08 17.5083 16.654 19.6219 18.4599 24.7301 22.5528 23.3737
threshold=0.5545000000000001 2.5000000000000004 0.60456300000000007 0 0.37747650000000005 181.50000000000003 1 0.26106550000000006 0.16466650000000002 0.16682150000000004 2 0.13544850000000005 0.51045950000000018 0.17619850000000001 0.47748250000000009 -0.16725649999999995 3.5000000000000004 0.42347600000000002 3 0.5317805000000001 0.2776840000000001 10226.500000000002 0.17476150000000004 8185.5000000000009 1.5000000000000002 6.5000000000000009 2022.5000000000002 4 5 6
decision_type=8 2 10 1 10 2 1 10 10 10 1 10 8 10 10 10 2 10 1 10 10 2 10 2 2 2 2 1 1 1
left_child=1 4 12 -4 10 6 16 -7 14 -3 13 18 -2 21 -6 -10 -5 -15 -12 20 -20 -1 23 -13 25 26 28 -28 29 -14
right_child=2 9 3 5 8 7 -8 -9 15 -11 11 22 24 17 -16 -17 -18 -19 19 -21 -22 -23 -24 -25 -26 -27 27 -29 -30 -31
leaf_value=-0.00018564897033549797 -0.00071765401933249651 -0.00083758208741771729 -0.00055166238245687982 -0.012173225525415946 -0.0044117475435629478 0.0026103707059805213 0.0014977134105232093 -0.0057133629839647617 -0.0027546156524597383 -0.0034292372034256426 0.0019789764871611677 0.0018139891072388118 0.0024068664450554952 3.3670066216562528e-05 -0.001022286148139138 0.00052096686467977004 -0.0013689158765955564 0.0019172074499270457 0.00224487115480766 -0.0040586149839914364 -0.0011662802794731133 0.004425932599627402 -0.001091008797634408 -0.003922580239990728 -0.00024334812421839379 0.00019796245618983332 -0.0028907155299311331 0.0012281619458496791 0.0028954910287117305 -0.0012416631780120078
leaf_weight=22861.545114919543 14421.338396370411 8237.2529718130827 4785.2843196094036 299.48113022744656 1577.4426861852407 16482.300435453653 1090.1344915777445 368.78533163666725 1792.6075544655323 5318.6426300257444 5886.105039909482 3427.1389628499746 3155.6613022238016 7286.1496876776218 38511.090205729008 15969.422662720084 285.51688496768475 13047.951032519341 2977.5871791690588 1065.8662692457438 3480.3425920307636 757.76113891601562 27247.594980627298 551.15201222896576 18058.927443087101 22223.433592796326 1780.5537564754486 4866.9918771386147 9856.9060833603144 3131.3497875481844
leaf_count=91842 57949 33115 19472 1221 6352 67677 4463 1494 7198 21393 23764 13905 12724 29231 154836 64093 1167 52449 11978 4297 13986 3042 109293 2238 72726 89605 7160 19572 39886 12614
internal_value=-3.72171e-06 -0.000371938 0.00058039 0.00153324 -0.000234211 0.00207256 -0.00144503 0.00242544 -0.000743257 -0.00185716 9.78816e-05 -0.000352026 0.000293327 0.000555404 -0.00115673 0.000188285 -0.00686813 0.00124387 0.000740672 -0.000226839 0.000402184 -3.58856e-05 -0.000822383 0.00100935 0.000524978 0.000833875 0.00145252 0.000117098 0.00200042 0.000586082
internal_weight=260802 159996 100807 23311.5 146440 18526.2 1675.13 16851.1 57850.6 13555.9 88589.2 44635.8 77495.2 43953.4 40088.5 17762 584.998 20334.1 13409.9 7523.8 6457.93 23619.3 31225.9 3978.29 63073.8 45014.9 22791.5 6647.55 16143.9 6287.01
internal_count=1050742 643012 407730 95494 588504 76022 6851 69171 232479 54508 356025 179461 312236 176564 161188 71291 2388 81680 54025 30261 25964 94884 125436 16143 254287 181561 91956 26732 65224 25338
cat_boundaries=0 1 2 3 4 5 6 7
cat_threshold=130 99 339 117 772 170 920
is_linear=0
shrinkage=0.03


Tree=81
num_leaves=31
num_cat=10
split_feature=28 6 25 0 0 33 30 46 18 24 22 48 28 18 39 24 38 25 0 24 24 0 0 3 25 20 10 1 40 41
split_gain=55.446 34.5476 29.1319 33.4428 27.8381 27.5476 25.0825 23.0628 35.5851 22.084 21.4874 21.0154 22.1806 22.0431 19.783 21.389 19.9717 30.1687 49.891 29.5247 23.8164 47.2699 21.1719 18.8192 20.3853 18.5566 17.2247 17.1717 16.6593 16.5467
threshold=0.18432450000000003 1.5000000000000002 0 2020.5000000000002 2020.5000000000002 0.40037450000000008 0.33279050000000004 1.0000000180025095e-35 1 2 3 1.0000000180025095e-35 0.073738700000000004 4 0.49657750000000006 5 4432.5000000000009 6 2022.5000000000002 7 8 2022.5000000000002 2022.5000000000002 3.5000000000000004 9 76.15000000000002 4.5000000000000009 9.5000000000000018 0.13981450000000004 3887.5000000000005
decision_type=10 2 1 2 2 8 8 2 1 1 1 2 10 1 8 1 2 1 2 1 1 2 2 2 1 2 2 2 10 2
left_child=2 14 4 11 25 28 -5 -7 10 -8 -9 12 -4 -14 15 -2 20 18 -18 23 21 26 27 -19 -25 -1 -16 -21 -3 -22
right_child=1 5 3 6 -6 7 9 8 -10 -11 -12 -13 13 -15 16 -17 17 19 -20 22 29 -23 -24 24 -26 -27 -28 -29 -30 -31
leaf_value=-0.0015152884046475531 -0.0033595030308936368 -0.00065233635562082564 0.0055607860920427596 0.0023559136296870437 0.001308867621512185 -2.6958228387390331e-05 -0.0023379558355930093 -0.0015408139145351386 0.00043958853405769778 0.00017462018980999607 -0.0041791543534744789 0.00040171512554778069 0.0024248997478597523 0.00046487166408348753 -0.0013678826194736626 -0.00046831803201555889 -0.0025956669966867405 0.0026200399969550027 0.0040224189367888026 0.00025428260789537883 0.00082446121433504187 0.0030219473785636115 -0.0016799038171149429 0.0014360581089158751 -0.0020371463469732063 -0.006273631700036102 -0.0050633008043531116 -0.0026879317945035799 -0.0042498819215324784 -0.00028729673395238198
leaf_weight=3142.2928396314383 2928.4237921237946 1802.428373709321 1503.6667567044497 3833.5118715465069 2593.3945122361183 23255.211124256253 3830.1995551586151 11165.677801549435 6598.2222617119551 17327.59894913435 3732.5732650905848 10170.293451607227 16123.053793206811 7684.2010196894407 6800.4641147255898 10835.046146258712 1498.9037847518921 3450.4158307015896 3203.4395052492619 12436.074810281396 56317.414730072021 2125.174129024148 19588.322940245271 3312.7302876859903 2787.1376208662987 974.19070234894753 1373.4185097068548 2079.8854928463697 3357.4287913739681 15279.816607609391
leaf_count=12623 11758 7259 6389 15651 10451 93269 15386 44830 26510 70051 15036 41433 65987 31439 27291 43498 6017 13863 12858 49933 226104 8560 78657 13301 11188 3911 5515 8355 13569 61339
internal_value=1.39516e-05 -0.000243239 0.00075678 0.000965071 -0.00111533 -0.000923385 0.000123279 -0.000683083 -0.00139139 -0.000280103 -0.00220306 0.00155736 0.00202042 0.00179488 -7.29974e-06 -0.00108903 0.000106795 -0.000376308 0.00190213 -0.000622829 0.000392421 -0.000954643 -0.00103605 0.000849053 -0.000147201 -0.00265241 -0.0019941 -0.000165688 -0.00300012 0.000586694
internal_weight=261111 193928 67182.4 60472.5 6709.88 49911.5 24991.3 44751.7 21496.5 21157.8 14898.3 35481.2 25310.9 23807.3 144017 13763.5 130253 48356.9 4702.34 43654.6 81896.3 10299.1 34104.3 9550.28 6099.87 4116.48 8173.88 14516 5159.86 71597.2
internal_count=1052031 778710 273321 246336 26985 200473 101088 179645 86376 85437 59866 145248 103815 97426 578237 55256 522981 194172 18875 175297 328809 41366 136945 38352 24489 16534 32806 58288 20828 287443
cat_boundaries=0 1 2 3 4 5 6 7 8 9 10
cat_threshold=2 136 42 2 198 20 2 10 2 541
is_linear=0
shrinkage=0.03


Tree=82
num_leaves=31
num_cat=3
split_feature=28 45 28 34 44 43 3 24 30 29 29 26 34 44 25 25 40 26 44 38 32 38 34 26 2 43 39 31 29 44
split_gain=55.1382 40.628 24.917 24.6778 21.5724 21.5352 20.2569 26.5161 22.5383 19.0557 22.4323 19.3958 24.2693 18.9544 18.4541 18.034 17.8276 18.0627 17.4054 16.1575 15.9625 15.3729 14.838 14.7585 17.7491 14.6779 14.4389 14.3645 18.7296 24.1571
threshold=0.21016850000000001 5.5000000000000009 0.11321200000000002 0.37053000000000008 0.075958200000000017 0.45319600000000004 4.5000000000000009 0 0.33835850000000006 0.16824050000000004 0.20755850000000003 243.50000000000003 0.52512700000000012 0.30487400000000003 1 2 0.14786150000000001 322.50000000000006 0.037561100000000007 6984.5000000000009 0.33184500000000006 2210.5000000000005 0.45330000000000009 553.50000000000011 3.5000000000000004 0.47412900000000008 0.51127900000000015 0.44387250000000006 0.11668650000000001 0.026545500000000003
decision_type=10 2 8 8 8 10 2 1 8 10 10 2 8 10 1 1 10 2 10 2 8 2 10 2 2 10 8 10 10 10
left_child=2 4 13 -3 5 27 7 8 19 11 -11 12 15 21 16 -8 17 -5 -10 -4 23 -1 -20 24 -6 -9 -7 -2 29 -29
right_child=1 3 6 14 20 26 9 25 18 10 -12 -13 -14 -15 -16 -17 -18 -19 22 -21 -22 -23 -24 -25 -26 -27 -28 28 -30 -31
leaf_value=0.0019680516638974901 -0.0019969265747511473 -0.0049968415327177641 0.00077855935750892346 -0.0040401457276841943 -0.0017022406302746231 -0.001817737484510599 0.0080730115174358231 0.0013700330188969293 -0.0089904615339702499 -0.0026941651468004786 0.0039750465891491421 0.00032064324315021509 -0.0033092997394094299 0.0049368166020571386 -0.0013967493024315903 -0.00064496366259099859 -0.0016234414401937677 0.0020579087021399475 0.0045025554378875362 0.0060090458859389318 0.00028995904565285797 -0.0025637115114518056 -0.0011114059519018143 -0.0019900698308660892 0.0072025668842975558 -0.0030649954920622989 0.0014828544015237745 0.0068178438061256182 -0.00089234360519688466 -0.0015796010311751373
leaf_weight=4848.1920135319233 10947.089580863714 1494.3916826993227 3382.8449931144714 482.84270153939724 428.50271770358086 1541.0657461583614 304.02883876860142 33830.417356029153 240.31774017214775 3842.7522796392441 508.65860867500305 48720.844987049699 2820.987126365304 1735.43041908741 29587.862683326006 638.82405833899975 2770.9727793186903 4157.2808027565479 439.74436257779598 632.89255709946156 74508.719624996185 774.41820640861988 9082.781782284379 4844.590863853693 369.25796023011208 678.39621609449387 5168.3094444572926 674.4534622579813 10852.724141865969 555.53145535290241
leaf_count=20104 44060 6062 13741 1941 1724 6195 1222 137118 964 15437 2043 196610 11407 7436 118812 2565 11138 16687 1763 2557 298837 3146 36580 19486 1485 2724 20766 2719 43543 2229
internal_value=2.88669e-06 -0.000376735 0.00050394 -0.00121549 -8.26298e-05 -0.000772824 0.00038543 0.000837217 -0.000273708 1.04332e-06 -0.00190548 0.000159781 -0.00191313 0.00219217 -0.00106156 0.00222971 0.000274137 0.00141469 -0.00105388 0.00161424 0.000173104 0.00133751 -0.000847671 -0.00136402 0.00239359 0.00128135 0.000719804 -0.00120902 -0.00049236 0.00300613
internal_weight=260865 148384 112482 38493.4 109890 29739.2 105123 48287.4 13778.6 56836.1 4351.41 52484.7 3763.84 7358.04 36999 942.853 7411.1 4640.12 9762.84 4015.74 80151.1 5622.61 9522.53 5642.35 797.761 34508.8 6709.38 23029.8 12082.7 1229.98
internal_count=1051101 595684 455417 154640 441044 119512 424731 195447 55605 229284 17480 211804 15194 30686 148578 3787 29766 18628 39307 16298 321532 23250 38343 22695 3209 139842 26961 92551 48491 4948
cat_boundaries=0 1 2 3
cat_threshold=274 66 184
is_linear=0
shrinkage=0.03


Tree=83
num_leaves=31
num_cat=6
split_feature=28 24 29 51 44 7 25 53 42 13 33 50 25 44 26 23 44 40 29 42 44 26 37 53 25 40 35 42 31 25
split_gain=58.9491 30.9736 28.753 27.2739 31.2287 23.7235 23.0658 30.8188 22.9575 22.0124 20.9315 20.1411 19.3058 23.8061 18.5413 18.367 28.9078 24.921 21.1316 18.1911 18.6921 18.8401 17.8518 19.5711 19.2673 17.6386 17.3957 16.045 16.0153 21.3074
threshold=0.22854650000000001 0 0.14691050000000003 0.005011999999999934 0.16954850000000002 1.5000000000000002 1 8.1138757641637529 0.45504550000000005 -4.4999999999999991 0.39223250000000004 -0.098738000000000006 2 0.070880450000000025 6477.5000000000009 3 0.20645400000000003 0.14853850000000005 0.13036550000000005 0.51553350000000009 0.22573450000000003 5705.5000000000009 0.12789500000000001 7.09878869107194 4 0.14772550000000004 0.16509350000000003 0.60255100000000017 0.42405000000000009 5
decision_type=10 1 8 8 10 2 1 2 10 2 8 8 1 10 2 1 10 10 10 10 10 2 10 2 1 10 8 10 10 1
left_child=1 2 15 12 -5 6 7 -3 9 -2 25 -8 -4 -14 28 18 17 -17 -1 20 21 -7 23 -13 -24 -10 -11 -27 29 -12
right_child=8 5 3 4 -6 19 11 -9 10 26 14 22 13 -15 -16 16 -18 -19 -20 -21 -22 -23 24 -25 -26 27 -28 -29 -30 -31
leaf_value=0.0036579029033046535 -0.0046576785866179167 -0.0027772061145620612 0.003352626444440952 -0.0054990370616486237 -9.6114011061233467e-05 -0.0018034083940154859 -0.00068252595574480536 0.00099592305214255103 -0.00088752339836850299 0.0018750364085625426 -0.00016427859920646357 0.0025403651837782727 -0.0040406791442121571 0.0009118668523951099 -0.0019187262785206681 0.00092708588912536352 0.0031205394026436934 -0.0030402964616485558 0.0010142405407342018 2.0429754103727573e-05 -0.00010401609105711464 -0.0062322336084443056 0.0022876998644676123 0.00071194424971683299 0.00017031496515336733 -0.0017210432015510957 -0.00030011032025007247 -0.0051428719051270109 -0.00012494584580361218 -0.002007752586230488
leaf_weight=7084.1564683914185 678.38258329033852 4478.5009600967169 2301.9068527966738 1444.8914303779602 2909.1152158677578 6477.0888804197311 9974.8996319621801 3429.5984682589769 6920.1821063011885 7124.6800172626972 11528.646417483687 8931.1039268225431 1018.8222233504057 5994.1778419911861 7988.5823628306389 4834.3258418142796 3467.8899585306644 2015.1808743178844 4482.1482915729284 19472.876385971904 5571.7298801243305 1005.5176659524441 4319.8399485945702 13007.044859647751 36558.994211196899 2865.1101987659931 6137.0448055565357 2220.3111252486706 55472.623541682959 11130.432696163654
leaf_count=29110 2721 17954 9285 5809 11798 26062 40159 13759 27922 28574 46292 36346 4085 24218 32060 19648 14282 8134 18196 78408 22445 4029 17408 52512 147414 11576 24598 9004 222546 44713
internal_value=-2.37722e-05 0.000367515 0.00113992 5.84327e-05 -0.00189853 0.000124586 0.000400502 -0.00113588 -0.000543513 0.000594438 -0.000705493 0.000567945 0.000976699 0.000186418 -0.000541368 0.00181448 0.000889481 -0.000236592 0.00263656 -0.000558974 -0.00142536 -0.00240482 0.000767102 0.00145791 0.000395555 -0.00187989 0.000866356 -0.00322307 -0.000400088 -0.00107225
internal_weight=260846 148780 35552.6 13668.9 4354.01 113227 80700 7908.1 112066 13940.1 98125.9 72791.9 9314.91 7013 86120.3 21883.7 10317.4 6849.51 11566.3 32527.2 13054.3 7482.61 62817 21938.1 40878.8 12005.6 13261.7 5085.42 78131.7 22659.1
internal_count=1051067 601061 144565 55195 17607 456496 325552 31713 450006 55893 394113 293839 37588 28303 345611 89370 42064 27782 47306 130944 52536 30091 253680 88858 164822 48502 53172 20580 313551 91005
cat_boundaries=0 1 2 3 4 5 6
cat_threshold=65 2 352 2 16 625
is_linear=0
shrinkage=0.03


Tree=84
num_leaves=31
num_cat=5
split_feature=32 39 24 0 34 7 11 11 24 26 27 39 51 45 7 24 29 43 1 26 26 24 38 33 26 36 27 24 20 33
split_gain=46.6264 33.7121 36.645 43.1395 37.4571 24.2232 21.8445 20.4249 20.7304 19.553 19.4279 18.8665 18.4239 18.264 24.4545 16.2479 15.757 25.8047 15.3851 20.7074 19.2366 18.6861 21.6868 19.1033 18.7075 15.9987 15.6853 15.5061 17.9252 17.9592
threshold=0.5545000000000001 0.51785800000000004 0 2020.5000000000002 0.46868500000000007 1.5000000000000002 2.5000000000000004 6.5000000000000009 1 416.50000000000006 0.50684050000000014 0.55351250000000018 0.025905500000000029 9.5000000000000018 1.0000000180025095e-35 2 0.14902950000000001 0.18494900000000003 7.5000000000000009 2552.5000000000005 2883.5000000000005 3 2554.5000000000005 0.46318050000000005 1258.5000000000002 0.18358450000000001 0.54687700000000017 4 97.050000000000011 0.46408000000000005
decision_type=8 8 1 2 10 2 2 2 1 2 10 8 10 2 2 1 10 10 2 2 2 1 2 10 2 10 10 1 2 10
left_child=1 13 -3 4 -4 6 -2 8 -5 -7 -9 -8 18 14 -1 -16 -12 -18 19 21 -21 22 23 -6 26 -26 -23 -20 29 -29
right_child=5 2 3 7 12 9 11 10 -10 -11 16 -13 -14 -15 15 -17 17 -19 27 20 -22 24 -24 -25 25 -27 -28 28 -30 -31
leaf_value=-0.0015713460841067868 0.0014975891406410595 -0.0010041564125542529 0.0035774296282230075 -0.00064810785327799197 0.0082526643615779272 -0.0019871843029260761 5.9573394138865256e-05 -0.002285958421834133 0.00074258133179916103 0.00013144749110762785 0.00059999893007429506 0.0014790919479932296 -0.0012544197326382377 -0.0030332606239417957 -0.0013607586751082728 0.00031158831671097799 0.0030220657019200859 -0.0032341589296673674 0.00053202524956861804 -0.0071510167852813908 -0.00021689503022203374 0.00026366197991065636 -0.0046985500154776193 0.0021003552483819308 0.0057852908957115225 -0.0025596622937111655 -0.003660600414053541 -0.0012933292997728964 -0.0024417412984874976 0.004556262833363656
leaf_weight=20225.829728096724 26750.662963405252 25678.290138542652 5130.1137855648994 15963.670033603907 521.09283393621445 4663.2216103076935 33850.973898798227 6833.5202328711748 24301.772356525064 24422.988523036242 6929.7132378816605 11238.470433086157 3520.9596032649279 3539.7804956138134 7341.0804889649153 18036.797743052244 750.96592211723328 2725.9738963842392 3398.9113797694445 579.71267935633659 967.52728559076786 2135.3363104015589 365.1339320987463 3719.9137828052044 680.21799494326115 288.66447730362415 1585.9849863946438 530.83588786423206 447.57849894464016 3723.5415412783623
leaf_count=81248 108651 103174 20574 64093 2094 18843 136471 27500 97631 98618 27799 45748 14178 14248 29508 72423 3008 10931 13680 2344 3916 8571 1468 15049 2752 1159 6464 2131 1799 15063
internal_value=1.72387e-05 -0.000301273 -1.08826e-05 0.000288583 0.00126373 0.000522227 0.000818032 -0.000178837 0.000190499 -0.000207359 -0.00104307 0.000414126 0.000733644 -0.00095522 -0.000793074 -0.000171508 -0.000223617 -0.00187285 0.00110486 0.000362384 -0.0028431 0.000899861 0.00225473 0.00286866 -0.000428812 0.00326794 -0.00140236 0.00209452 0.00320862 0.00381894
internal_weight=260849 159923 110779 85101.1 27595.5 100926 71840.1 57505.6 40265.4 29086.2 17240.2 45089.4 22465.4 49143.5 45603.7 25377.9 10406.7 3476.94 18944.5 10843.6 1547.24 9296.34 4606.14 4241.01 4690.2 968.882 3721.32 8100.87 4701.96 4254.38
internal_count=1051136 642805 445378 342204 111242 408331 290870 230962 161724 117461 69238 182219 90668 197427 183179 101931 41738 13939 76490 43817 6260 37557 18611 17143 18946 3911 15035 32673 18993 17194
cat_boundaries=0 1 2 3 4 5
cat_threshold=514 161 84 228 388
is_linear=0
shrinkage=0.03


Tree=85
num_leaves=31
num_cat=9
split_feature=46 22 28 39 24 44 44 25 28 29 22 24 7 24 30 24 34 6 24 29 28 26 1 42 26 44 26 2 29 25
split_gain=52.5222 65.3746 39.0521 26.5399 36.6015 26.0358 24.3918 22.1846 21.909 36.7605 20.9435 26.8373 22.0371 39.0117 22.1623 22.1173 20.5658 19.8292 19.416 27.1047 25.6396 25.7328 25.5516 19.3676 18.8148 19.085 18.0533 24.4191 20.096 19.0193
threshold=1.0000000180025095e-35 0 0.17723800000000003 0.54877350000000014 1 0.26673250000000004 0.076979300000000014 2 0.30671100000000007 0.13867750000000004 3 4 1.5000000000000002 5 0.39335550000000002 6 0.53154050000000008 1.5000000000000002 7 0.15888000000000002 0.26703450000000006 3215.5000000000005 4.5000000000000009 0.6684055000000001 8669.5000000000018 0.23153750000000003 5705.5000000000009 4.5000000000000009 0.15454050000000005 8
decision_type=2 1 8 8 1 10 10 1 10 10 1 1 2 1 10 1 8 2 1 8 10 2 2 10 2 10 2 2 10 1
left_child=2 3 7 -2 -5 17 18 -1 10 -10 11 24 15 14 -14 -12 -17 -3 19 20 22 -22 -4 -24 -8 -26 -13 28 -28 -29
right_child=1 5 6 4 -6 -7 8 -9 9 -11 12 26 13 -15 -16 16 -18 -19 -20 -21 21 -23 23 -25 25 -27 27 29 -30 -31
leaf_value=0.0026964953787440541 -0.00043384270560440155 -0.0014643308840101481 -0.0065915909937979697 -0.0023316513317918528 0.00092725539578894262 0.0013382453790641766 0.0008359935206915547 0.00084407332197922961 0.0035466207060618478 -0.0032662082743507709 0.0038991434724759064 8.2644392736433994e-05 -0.0074960702698014378 0.00091966031038732033 0.002794850082132109 0.00029084568179343575 0.0029617529601893636 -0.0033122301027714092 -0.0012218044802521021 -0.0020281084462992465 0.0028764195880704416 0.011629402507279335 0.0026724097038176467 -0.0069790069960093386 0.0014784000940645302 0.0077630886955259827 -0.0035479330396288025 -0.0028203618348048086 0.001345829939383271 0.0025795752711418418
leaf_weight=8268.3225023895502 65989.694146960974 20398.469763457775 411.37731437385082 3434.8260052800179 30626.015880852938 2351.2963028848171 14494.137014999986 19979.208564937115 910.45123337209225 3199.6374909430742 3775.0772554427385 29573.863976404071 881.54477025568485 4869.5206510275602 232.73260200023651 7344.7667329758406 4034.414942085743 7090.9642227888107 17566.731755897403 2075.4296574145555 1254.2213328778744 403.56071223318577 1721.0947394222021 205.70124657452106 1077.3932362347841 745.89066079258919 4381.2376297414303 855.81555257737637 900.81476949155331 1786.0008521527052
leaf_count=33893 265439 82171 1650 13797 124010 9595 58168 81381 3656 12905 15133 118580 3534 19540 934 29450 16250 28631 70548 8330 5041 1622 6901 824 4351 3028 17574 3434 3607 7162
internal_value=-2.29091e-05 -0.000450444 0.000400944 -8.25496e-05 0.000597145 -0.00168279 0.000128904 0.00138884 0.00038195 -0.00174828 0.000499227 0.00018426 0.00129954 -0.000237441 -0.00527091 0.00190834 0.00123988 -0.0019424 -0.000716141 0.00074266 0.00219155 0.00504242 0.000153579 0.00161725 0.00119963 0.00407437 -0.000257099 -0.00152876 -0.00270737 0.000816799
internal_weight=260840 129891 130949 100051 34060.8 29840.7 102701 28247.5 79063.3 4110.09 74953.2 53815.2 21138.1 5983.8 1114.28 15154.3 11379.2 27489.4 23638.1 6071.39 3995.96 1657.78 2338.17 1926.8 16317.4 1823.28 37497.7 7923.87 5282.05 2641.82
internal_count=1051139 523643 527496 403246 137807 120397 412222 115274 317306 16561 300745 215904 84841 24008 4468 60833 45700 110802 94916 24368 16038 6663 9375 7725 65547 7379 150357 31777 21181 10596
cat_boundaries=0 1 2 3 4 5 6 7 8 9
cat_threshold=2 2 280 2 594 520 137 266 592
is_linear=0
shrinkage=0.03


Tree=86
num_leaves=31
num_cat=5
split_feature=39 46 24 0 22 3 30 32 24 18 6 0 42 40 33 11 30 21 0 36 43 30 33 29 42 39 31 42 37 24
split_gain=54.5465 54.5193 49.4467 56.8053 41.8997 28.209 26.3102 25.7364 37.3445 22.9692 24.8724 20.266 20.8626 19.7024 19.6077 21.0414 18.5912 19.3455 17.9784 32.0298 17.4202 16.8194 16.7876 16.373 16.3107 16.2115 16.1308 27.9789 15.8025 19.7246
threshold=0.55247750000000007 1.0000000180025095e-35 0 2019.5000000000002 1 5.5000000000000009 0.43166350000000003 0.49509800000000004 2 3 2.5000000000000004 2023.5000000000002 0.68460800000000011 0.14985850000000003 0.50652200000000003 9.5000000000000018 0.33393850000000008 0.87500000000000011 2022.5000000000002 0.17863250000000003 0.19876950000000002 0.33490350000000008 0.62760050000000012 0.15708850000000005 0.50704450000000012 0.51697050000000011 0.46406050000000004 0.64516800000000007 0.13403200000000001 4
decision_type=8 2 1 2 1 2 8 8 1 1 2 2 8 10 8 2 10 2 2 8 10 10 10 10 10 10 10 10 10 1
left_child=1 6 -2 14 5 28 7 -1 18 10 13 12 21 -6 15 -4 -10 -18 -9 -20 -12 25 -8 -14 -5 -7 -11 -28 29 -3
right_child=2 4 3 24 9 11 22 8 16 26 20 -13 23 -15 -16 -17 17 -19 19 -21 -22 -23 -24 -25 -26 -27 27 -29 -30 -31
leaf_value=-0.0002361801280818219 -0.0018010389066126871 -0.0020577024003394857 0.0050191932207796454 0.0012393302905898244 -0.0012890255456522522 -0.001681715937739257 -0.0017469254198352793 0.001243654518241787 0.0017885778521674325 -0.0013835873338705184 0.001153094889919992 -0.0023717217995866866 -0.0044962245540504887 -0.0036682530417155275 0.0018442919095480717 -6.2289991675599967e-05 -0.00045114374709225925 0.00083582751096247083 0.004680751173634032 -0.001981867793486422 -0.0080544769405243438 -0.00059099285038204249 -0.010497171282574349 0.00016955280416499615 -0.00016637979043498271 0.0032319510613914573 -7.6021590392538348e-05 0.0080219608749601511 0.00068357823312582616 0.00034608191544062086
leaf_weight=41988.687138438225 5794.4232932776213 5147.6248103827238 3862.757114931941 11561.915956750512 8742.234108299017 834.3027496188879 3396.7345074564219 6730.6450345665216 7097.4273578226566 8481.5346523374319 215.34838715195656 7373.0467173457146 2009.8782863616943 4939.2723996639252 15196.280259370804 890.67429907619953 23281.975789517164 19144.750952765346 4149.4151168018579 761.12410208582878 1083.8970779180527 20133.851360663772 208.71605812013149 1001.2500945776701 20690.600153401494 2116.0197214186192 2334.013629168272 454.95665812492371 23650.578189507127 7548.867347702384
leaf_count=168491 23273 20703 15533 46723 35263 3360 13659 27125 28769 34252 868 29637 8084 19900 62398 3582 93756 77128 16739 3055 4390 80890 839 4033 83314 8547 9385 1827 95139 30455
internal_value=1.23862e-05 -0.00021949 0.000823791 0.00111594 -0.00073806 -0.000353305 0.000246868 0.000335195 0.000727915 -0.00176002 -0.00253005 -0.000981863 -0.000587791 -0.00215078 0.00237458 0.0040613 0.000367381 0.000128904 0.00225639 0.00364137 -0.00650616 -0.000279821 -0.00227009 -0.0029362 0.000336679 0.00183199 -0.00073054 0.00124143 0.000224678 -0.000627742
internal_weight=260823 202826 57996.7 52202.2 96066.7 69815.4 106759 103154 61165.3 26251.3 14980.8 33468.3 26095.3 13681.5 19949.7 4753.43 49524.2 42426.7 11641.2 4910.54 1299.25 23084.2 3605.45 3011.13 32252.5 2950.32 11270.5 2788.97 36347.1 12696.5
internal_count=1051117 816294 234823 211550 386733 280848 429561 415063 246572 105885 60421 134551 104914 55163 81513 19115 199653 170884 46919 19794 5258 92797 14498 12117 130037 11907 45464 11212 146297 51158
cat_boundaries=0 1 2 3 4 5
cat_threshold=2 2 18 129 312
is_linear=0
shrinkage=0.03


Tree=87
num_leaves=31
num_cat=5
split_feature=32 30 39 7 28 30 28 32 11 39 34 28 26 44 25 3 29 50 3 23 25 43 28 1 25 10 25 29 19 35
split_gain=53.4131 25.7495 25.1911 24.9815 25.0537 25.4058 22.3782 24.622 21.8802 21.8315 20.0578 18.7731 18.6308 17.667 25.9408 16.3801 16.6323 16.7834 16.0423 15.8858 15.448 24.8981 14.532 14.3497 18.8223 16.4174 15.3837 22.8367 19.8674 17.7299
threshold=0.50213700000000017 0.37747650000000005 0.47748250000000009 1.5000000000000002 0.073738700000000004 0.36729950000000006 0.26900250000000009 0.52604450000000014 9.5000000000000018 0.56163150000000017 0.49157750000000006 0.12004950000000002 442.50000000000006 0.16466650000000002 0 2.5000000000000004 0.15789750000000005 -0.076343999999999995 4.5000000000000009 1 2 0.35953450000000003 0.16584250000000003 9.5000000000000018 3 9.5000000000000018 4 0.13544850000000005 81.550000000000011 0.091326100000000007
decision_type=8 10 8 2 8 8 8 8 2 10 10 10 2 10 1 2 10 10 2 1 1 10 10 2 1 2 1 10 2 10
left_child=1 11 -2 4 -4 15 7 10 9 13 18 -1 -11 -3 -15 -6 17 -17 -7 -8 -5 -22 -16 25 -25 26 29 -28 -29 -13
right_child=2 8 3 20 5 6 19 -9 -10 12 -12 23 -14 14 22 16 -18 -19 -20 -21 21 -23 -24 24 -26 -27 27 28 -30 -31
leaf_value=0.0054334412682889794 -0.0015048721852552202 -0.0013318524460574437 0.0045163472398512356 -0.00085309614953618521 0.0019866423307235157 -0.0033689317814046111 -5.5226211951363784e-05 0.00012108120016946255 -0.0021601443938850259 0.0039067534761507245 0.0040863443923557716 -0.0013288632899624445 0 0.0016570330738363618 0.0053658271845803589 -0.0019754806075090018 -0.00043394552723917688 0.001240990618246982 0.0036520541571455995 -0.0031222600376735062 0.00090464503851086175 -0.0014096340931591257 -0.0017142244115557232 -0.0045649819260408309 -0.00053921590212531857 0.0032412640883090417 0.0007487148271236578 -0.00065209636984416225 -0.0031136681823708081 0.00073784372724656426
leaf_weight=551.44547106325626 5919.5787551403046 25340.583185911179 1564.5471677184105 16258.663935527205 14152.057768434286 727.19740177690983 3136.6005389690399 30045.880872890353 10755.82321074605 1560.1203935146332 2706.4185765683651 4373.1501917541027 3736.2092328965664 5114.5075231343508 270.62547089159489 1520.3174054473639 7897.7594533413649 31969.115652024746 484.26895135641098 2983.5059841871262 17593.210803672671 5479.2821275293827 4991.3003793358803 1397.6149825155735 4163.7825344353914 1391.9657588452101 8756.1525574326515 17305.614454746246 3570.7395542562008 25255.191448032856
leaf_count=2275 23808 102024 6649 65569 57408 2914 12601 121019 43240 6272 10877 17557 15011 20520 1103 6198 31803 129562 1941 12007 71037 22066 20020 5609 16709 5591 35213 69471 14338 101358
internal_value=1.77162e-05 -0.000452634 0.000409345 0.000492598 0.000750807 0.000688743 0.000112293 0.00041392 -0.000954792 -0.00063782 0.00265021 -6.27921e-05 0.00115666 -0.000904831 0.000135202 0.00110421 0.000801623 0.00109391 -0.000535587 -0.00155608 -0.000144683 0.000353482 -0.001339 -0.000109263 -0.0015674 2.4013e-05 -5.12104e-05 -0.000534861 -0.00107495 0.000431536
internal_weight=260973 118535 142438 136519 97187.7 95623.1 40083.9 33963.8 51769.2 41013.3 3917.88 66765.7 5296.33 35717 10376.4 55539.3 41387.2 33489.4 1211.47 6120.11 39331.2 23072.5 5261.93 66214.2 5561.4 60652.8 59260.8 29632.5 20876.4 29628.3
internal_count=1051770 476311 575459 551651 392979 386330 161359 136751 208190 164950 15732 268121 21283 143667 41643 224971 167563 135760 4855 24608 158672 93103 21123 265846 22318 243528 237937 119022 83809 118915
cat_boundaries=0 1 2 3 4 5
cat_threshold=740 2 165 896 339
is_linear=0
shrinkage=0.03


Tree=88
num_leaves=31
num_cat=6
split_feature=32 30 0 24 51 27 38 40 30 11 41 34 30 41 27 51 24 42 28 27 31 24 0 24 18 3 33 31 11 24
split_gain=47.4416 32.7664 27.2602 27.9864 28.1367 25.3351 24.1671 23.033 22.0234 20.0861 19.9478 24.7475 25.2251 19.6557 18.3421 18.2207 18.5941 17.6004 21.3501 19.9998 16.563 16.3195 18.1105 20.6797 20.6488 18.1018 17.7306 16.8033 16.3416 15.5269
threshold=0.60797550000000011 0.37368450000000003 2022.5000000000002 0 0.0010890000000000068 0.5709725000000001 1101.5000000000002 0.13938450000000005 0.42258350000000006 4.5000000000000009 132.50000000000003 0.6215845000000001 0.42794300000000002 4245.5000000000009 0.57559100000000007 0.05742549999999997 1 0.73163350000000016 0.25295300000000004 0.5135875000000002 0.50012800000000002 2 2022.5000000000002 3 4 2.5000000000000004 0.47504150000000006 0.4441865000000001 6.5000000000000009 5
decision_type=10 10 2 1 10 10 2 10 10 2 2 10 10 2 10 10 1 10 10 10 10 1 2 1 1 2 8 10 2 1
left_child=1 5 3 14 6 13 9 -4 -6 -5 -2 -12 17 20 -3 -15 -17 18 19 -13 21 25 23 27 28 26 -1 -23 -24 -9
right_child=10 2 7 4 8 -7 -8 29 -10 -11 11 12 -14 15 -16 16 -18 -19 -20 -21 -22 22 24 -25 -26 -27 -28 -29 -30 -31
leaf_value=-0.00072027403506872063 -0.0019768628873681501 -0.0017443608200854227 0.00046744529860560203 0.0029564130451106927 -0.00049523615231607352 0.00096700921755338959 -6.519970526717456e-05 0.00016649478777226712 -0.0032808534046036499 0.0003738979809732688 0.0005604628372906993 0.0088723060159448478 -0.0073496288775433422 -0.00091046137297449688 -0.008023056230793359 -0.0043981327863847168 0.0048660606117639947 0.0080695323851332455 -0.0068264602138576437 0.0020092003347597725 -0.0014452752522495483 -0.0050739849205579139 0.00091694892831188711 6.4758088316414693e-05 0.00278164057056498 0.00053861484726734524 0.0037086246457502846 -0.0011450457608983341 -0.0026606910581440011 -0.0019845548721183987
leaf_weight=1040.2432911843061 2241.2331452667713 4987.119193688035 5272.4838220924139 5389.691253259778 14781.853313341737 25728.388572230935 22546.616365581751 3457.708032220602 3096.4695809185505 5512.1202890127897 41867.413425788283 396.74156880378723 244.35531765222549 27256.181103229523 458.71565476059914 234.51430347561836 911.29214987158775 459.19874496757984 233.32621476054192 10697.16146863997 5066.7106406092644 1182.2925257980824 4342.0263565480709 21257.712260976434 3903.314984112978 14839.892458111048 3548.750299051404 5908.6243247240782 1558.964250639081 22802.905735835433
leaf_count=4177 9108 20043 21174 21767 59368 104701 90618 13884 12455 22166 168986 1595 985 109272 1837 940 3681 1877 935 44152 20336 4754 17419 85342 15658 59580 14265 23722 6257 91781
internal_value=1.75754e-05 -0.000193834 -0.000629955 -0.000236456 -1.86213e-05 0.000135702 0.000494295 -0.00133737 -0.000979844 0.00165387 0.000790385 0.000906115 0.00210606 -9.88973e-05 -0.00227868 -0.000753719 0.00294137 0.00230646 0.00206811 0.00225968 0.000197512 0.000342652 -1.7129e-05 -0.000402297 0.00109327 0.00105007 0.00269832 -0.00180369 -2.39664e-05 -0.00170089
internal_weight=261224 205085 88305.7 56772.6 51326.8 116779 33448.4 31533.1 17878.3 10901.8 56139.4 53898.2 12030.8 91050.5 5445.83 28402 1145.81 11786.4 11327.2 11093.9 62648.5 57581.8 38152.9 28348.6 9804.31 19428.9 4588.99 7090.92 5900.99 26260.6
internal_count=1052835 825197 355093 228254 206374 470104 134551 126839 71823 43933 227638 218530 49544 365403 21880 113893 4621 48559 46682 45747 251510 231174 153152 113818 39334 78022 18442 28476 23676 105665
cat_boundaries=0 1 2 3 4 5 6
cat_threshold=2 709 120 2 133 10
is_linear=0
shrinkage=0.03


Tree=89
num_leaves=31
num_cat=7
split_feature=46 23 0 25 44 3 23 29 31 45 32 42 31 25 34 29 25 35 1 30 26 44 25 0 25 26 42 29 36 44
split_gain=51.141 45.8511 41.6984 41.5932 40.7921 30.6183 29.444 22.998 22.8146 22.0004 20.2177 19.3751 19.2087 19.1324 19.0458 18.816 31.6767 18.1995 16.6418 16.161 33.4501 29.1408 19.54 20.8267 18.7688 17.4711 19.3054 17.3233 16.079 16.5972
threshold=1.0000000180025095e-35 0 2019.5000000000002 1 0.16466650000000002 4.5000000000000009 2 0.10860100000000002 0.48370400000000008 9.5000000000000018 0.49047550000000006 0.67427250000000016 0.44802950000000002 3 0.43105300000000007 0.15821800000000003 4 0.19806650000000003 9.5000000000000018 0.37368450000000003 6064.5000000000009 0.089628600000000017 5 2022.5000000000002 6 3396.5000000000005 0.57007950000000018 0.13597250000000002 0.10750950000000002 0.046317050000000005
decision_type=2 1 2 1 8 2 1 8 10 2 8 10 8 1 10 10 1 10 2 10 2 10 1 2 1 2 10 10 8 10
left_child=4 2 3 -2 15 12 7 -6 9 -3 -10 14 17 -8 -7 19 -17 -4 -14 20 22 -22 -1 24 -24 -25 -27 -23 29 -26
right_child=1 8 5 -5 6 11 13 -9 10 -11 -12 -13 18 -15 -16 16 -18 -19 -20 -21 21 27 23 25 28 26 -28 -29 -30 -31
leaf_value=0.002206121067330767 -0.0036418852250258722 -0.0014531840298156395 -0.0009381612696879912 0.0016646571551020665 0.0059279103296800495 -0.0023641086394998487 -0.00042194452323255185 0.0017160092931107795 0.0055320711377061724 -0.004706086324603816 -0.00050243460691769422 -0.0026198740998650931 0.0013591511402005802 0.00098025030648132686 -0.00043750991355271388 0.00098416120054760099 -0.0017461782720972941 0.0012768391461348873 -0.0019149882474703214 -0.00035602392711451256 -0.0046667286061539337 -0.0023689445748203241 -0.0028528478039034446 0.00083656827559661139 0.0024285291957288077 0.0017546168287581416 0.0092074156216874585 0.0020124619010346402 0.0011634881676757794 -0.002988739382439242
leaf_weight=9563.5466605573893 1435.8585284054279 25560.874190941453 13353.931017294526 15903.009487852454 1260.4218145310879 5265.4682932794094 12492.311367765069 16633.321655765176 729.50217926502228 2028.1651866286993 1547.6443756073713 5154.9598710536957 14585.245040491223 29062.73146866262 38153.043628633022 5499.4235419929028 12423.976545929909 4439.8690998256207 1535.3682234585285 24344.386893346906 1743.174094542861 1423.2069236934185 1910.838999286294 2127.8297438323498 678.09267909824848 677.9051456451416 600.77725049853325 1881.3843113034964 6864.8804565668106 1965.3548944294453
leaf_count=38639 5761 103154 53707 64838 5361 21199 50339 67149 2929 8217 6231 20740 58781 117123 153359 22088 49901 17846 6184 97754 6989 5729 7663 8564 2735 2722 2423 7573 27711 7956
internal_value=-1.34648e-06 -0.000423877 -0.000115 0.00122179 0.00041625 -0.00039639 0.00099732 0.00201531 -0.00145517 -0.00169389 0.00142235 -0.000879481 0.000294644 0.000558134 -0.000671991 -6.51059e-05 -0.000907157 -0.000383672 0.00104515 0.000214997 0.000688238 -0.00153151 0.00114901 0.000462977 -0.000148533 0.00252134 0.00529301 0.00011599 0.000395097 -0.0015866
internal_weight=260847 129693 99826.8 17338.9 131154 82487.9 59448.8 17893.7 29866.2 27589 2277.15 48573.5 33914.4 41555 43418.5 71704.8 17923.4 17793.8 16120.6 53781.4 29437 5047.77 24389.2 14825.7 11419.2 3406.51 1278.68 3304.59 9508.33 2643.45
internal_count=1051365 522946 402415 70599 528419 331816 239972 72510 120531 111371 9160 195298 136518 167462 174558 288447 71989 71553 64965 216458 118704 20291 98413 59774 46065 13709 5145 13302 38402 10691
cat_boundaries=0 1 2 3 4 5 6 7
cat_threshold=2 2 2 521 266 281 2
is_linear=0
shrinkage=0.03


Tree=90
num_leaves=31
num_cat=4
split_feature=33 28 8 45 51 26 50 21 30 25 13 23 46 30 28 25 37 25 30 46 31 29 36 50 40 39 43 30 51 26
split_gain=38.7623 26.4706 27.776 25.6301 21.4691 34.8467 18.2146 16.8265 15.6604 16.3968 23.4484 15.834 15.5697 15.5619 14.4148 16.8131 14.4124 15.6578 16.1648 14.4045 15.9377 19.5733 19.1078 18.3385 14.3122 14.1659 13.6662 13.5397 13.8179 17.5086
threshold=0.45617200000000008 0.17723800000000003 1.5000000000000002 9.5000000000000018 -0.0025285000000000164 270.50000000000006 -1.0000000180025095e-35 1.1650000000000003 0.37270400000000009 0 -7.4999999999999991 1 1.0000000180025095e-35 0.41942500000000005 0.3418345000000001 2 0.13105100000000003 3 0.42425650000000009 1.0000000180025095e-35 0.46774450000000006 0.13544850000000005 0.15055850000000001 -0.045012000000000017 0.16741800000000004 0.52410550000000011 0.43905150000000009 0.32906050000000003 0.065578499999999998 8669.5000000000018
decision_type=8 8 2 2 10 2 10 2 8 1 2 1 2 10 10 1 10 1 10 2 10 10 10 10 8 8 10 10 10 2
left_child=4 7 3 8 5 6 -1 -2 11 10 -10 -3 -12 -4 19 -16 17 18 -6 24 21 -21 23 -23 -7 -22 27 -13 -29 -30
right_child=1 2 13 -5 16 14 -8 -9 9 -11 12 26 -14 -15 15 -17 -18 -19 -20 20 25 22 -24 -25 -26 -27 -28 28 29 -31
leaf_value=-7.4182188136505685e-05 0.00042452216474959394 0.00063365837644933497 0.00070636037191951489 -0.0020228607897094289 -0.00058080391305358854 0.00021423982494043318 0.0042930385374880132 0.0015905834268184257 -0.007814601269198411 -0.0010422011120577374 0.0017452510791817659 -0.0020450609378445828 -0.00050020743313975856 -0.0016939804447841532 0.0018497998737643754 -0.0059212702200851621 -0.0030460211081273104 0.0019029182598818289 -0.0091500846561191531 7.0790943989164376e-05 -0.0016478310932281201 -0.0067885172898589094 -0.0014288078026848925 -0.0021495668803586821 -0.0024399721395055559 0.0026644396478015925 -0.002814886118073903 -0.0001297698606231566 0.0010334795167534002 0.0085833451370649193
leaf_weight=1483.7406030148268 38213.971649050713 29811.123947620392 46405.691094443202 7131.7651938945055 689.89062209427357 19133.705453127623 1997.0300010889769 15785.489247903228 307.17105031013489 26454.851329237223 5192.4920146465302 3082.3838228136301 5943.5088383853436 2555.6885956227779 333.03685800731182 919.35997416079044 5281.6008227020502 1332.7925637811422 280.19450122117996 5390.2946434915066 1127.3263997584581 1331.2097413092852 10357.82621075213 1878.5387337654829 2018.1800120174885 1720.796983346343 1902.1739459484816 21177.974152311683 1233.9953251332045 358.4979268014431
leaf_count=5969 155993 119822 186315 28628 2773 76770 8033 64511 1232 106074 20806 12371 23846 10263 1362 3758 21298 5365 1133 21654 4530 5369 41745 7579 8104 6908 7648 85066 4963 1471
internal_value=5.93392e-06 0.000195696 -7.32078e-06 -0.000288077 -0.000699178 -0.000462527 0.00242436 0.000766018 -0.000158105 -0.000631797 0.000315034 0.000153241 0.000544299 0.000580358 -0.000690646 -0.00386384 -0.00218251 -0.000187674 -0.00307571 -0.000597172 -0.00113821 -0.00145318 -0.00206074 -0.0040874 -3.79004e-05 0.000947124 -0.000361698 -0.000179734 7.16895e-05 0.00276483
internal_weight=260832 205557 151557 102596 55275.5 47691 3480.77 53999.5 95464.2 37898 11443.2 57566.1 11136 48961.4 44210.3 1252.4 7584.48 2302.88 970.085 42957.9 21806 18957.9 13567.6 3209.75 21151.9 2848.12 27755 25852.9 22770.5 1592.49
internal_count=1051359 829009 608505 411927 222350 191781 14002 220504 383299 151958 45884 231341 44652 196578 177779 5120 30569 9271 3906 172659 87785 76347 54693 12948 84874 11438 111519 103871 91500 6434
cat_boundaries=0 1 2 3 4
cat_threshold=352 2 514 515
is_linear=0
shrinkage=0.03


Tree=91
num_leaves=31
num_cat=9
split_feature=46 22 0 25 28 18 45 6 7 18 22 27 43 25 18 8 18 39 25 37 30 6 35 37 21 17 29 35 43 43
split_gain=45.0217 48.7544 41.1892 45.7368 26.8644 26.827 25.8929 24.3523 26.4754 23.0973 22.5682 23.4423 20.4856 19.7357 18.5281 19.8993 18.415 17.2127 24.7233 15.9324 15.9729 15.8921 15.8436 16.1094 15.8004 14.8677 14.4951 26.7619 14.3385 27.9785
threshold=1.0000000180025095e-35 0 2019.5000000000002 1 0.14362400000000003 2 9.5000000000000018 2.5000000000000004 1.0000000180025095e-35 3 4 0.43522200000000005 0.19022850000000005 5 6 1.0000000180025095e-35 7 0.52431550000000005 8 0.19549750000000002 0.35891150000000005 1.0000000180025095e-35 0.22168800000000002 0.13578900000000002 0.025000000000000005 1.0000000180025095e-35 0.15510850000000001 0.12650950000000002 0.19367750000000003 0.27876950000000006
decision_type=2 1 2 1 8 1 2 2 2 1 1 10 10 1 1 2 1 8 1 8 10 2 10 10 2 2 10 8 10 10
left_child=4 2 3 -2 28 6 24 8 14 -6 -11 -12 -8 26 17 -16 -9 25 -19 -7 -21 -10 23 -5 -3 -4 -13 -28 -1 -30
right_child=1 5 7 22 9 19 12 16 21 10 11 13 -14 -15 15 -17 -18 18 -20 20 -22 -23 -24 -25 -26 -27 27 -29 29 -31
leaf_value=-0.0002946560521236103 -0.0038594514319602422 -0.0056828785536135419 -0.0020116456257601037 0.0021166146754281645 0.00097026849566800061 -0.00077513457117406022 0.0026452279646090181 -0.0031406475269086511 0.0010419406559829289 -0.0002802557343140078 -0.0028415449831543662 0.0030298437299213824 -0.0074784936508464741 0.00028953897276574349 -0.0036384236394503052 -0.0010280574823202226 0.000337986936858974 0.0017443325414539944 -0.0009613316021256736 0.0059099865031129618 0.00013519351901280873 -0.00015346175378426301 0.0045418220671747129 -2.7028196797517421e-07 -0.0015992289432991563 0.0034505123216373394 -0.0035568752452599314 0.0021888581623115606 0.0041107518176300263 0.00079987244938080012
leaf_weight=2403.4813814908266 1431.8278075754642 901.95957216620445 5292.0557913631201 9426.0985701084137 30343.194485604763 8439.68371771276 204.39786326885223 4613.8492503017187 15687.822155848145 64803.526613205671 1492.534236073494 5735.175270780921 1224.9323866665363 13416.229765474796 3438.3999898582697 11405.596553742886 1928.4920326322317 6297.7896517068148 5839.4440704286098 687.26508976519108 1177.9493742734194 27550.317789644003 1608.959613442421 4882.373086899519 17231.250308841467 483.56677228212357 1002.5166379660368 2641.4582259953022 4196.5792506188154 5136.2891185283661
leaf_count=9882 5745 3634 21277 38530 121962 34068 824 18561 63108 260407 6051 23062 4966 53926 13831 45882 7757 25342 23515 2762 4766 110819 6524 19855 69527 1944 4031 10611 17514 21089
internal_value=-1.32297e-06 -0.00039765 -7.93276e-05 0.00124891 0.000390494 -0.00146111 -0.00211329 -0.000358921 -0.000207247 0.000255594 1.17152e-05 0.000791913 -0.00600732 0.00103147 -0.000850763 -0.00163424 -0.00211526 -0.000198646 0.000440846 -0.000217593 0.00228513 0.000279607 0.0017123 0.00139234 -0.00180491 -0.00154758 0.0020866 0.000598262 0.00176033 0.00229268
internal_weight=260925 129754 99886.6 17349.3 131171 29867.4 19562.5 82537.3 75995 119435 89091.4 24287.9 1429.33 22795.4 32756.9 14844 6542.34 17912.9 12137.2 10304.9 1865.21 43238.1 15917.4 14308.5 18133.2 5775.62 9379.15 3643.97 11736.3 9332.87
internal_count=1051772 523237 402690 70654 528535 120547 78951 332036 305718 480050 358088 97681 5790 91630 131791 59713 26318 72078 48857 41596 7528 173927 64909 58385 73161 23221 37704 14642 48485 38603
cat_boundaries=0 1 2 3 4 5 6 7 8 9
cat_threshold=2 2 131 76 2 537 208 140 737
is_linear=0
shrinkage=0.03


Tree=92
num_leaves=31
num_cat=7
split_feature=32 28 51 3 44 46 0 24 18 37 45 36 23 44 40 18 40 40 24 19 45 8 26 27 51 24 24 36 31 34
split_gain=44.7974 31.5271 23.6112 21.4209 19.9643 18.1355 25.7965 25.6734 19.4332 18.1332 20.8268 18.2718 17.6745 18.5285 15.4536 17.5688 15.2137 15.0424 16.1027 19.9147 14.7681 17.2548 17.1833 15.0413 14.7048 14.6823 14.5592 14.2211 13.9648 18.0412
threshold=0.60928500000000019 0.28297650000000002 -0.077727499999999963 3.5000000000000004 0.0034906800000000003 1.0000000180025095e-35 2021.5000000000002 0 1 0.16073300000000004 8.5000000000000018 0.17781500000000003 2 0.13350050000000005 0.15981250000000005 3 0.14503650000000004 0.1491065 4 18.150000000000002 5.5000000000000009 1.5000000000000002 1448.5000000000002 0.57877650000000014 -0.097369999999999998 5 6 0.16174050000000004 0.43423850000000003 0.63651550000000012
decision_type=10 8 8 2 10 2 2 1 1 10 2 10 1 10 8 1 10 10 1 2 2 2 2 10 10 1 1 10 10 8
left_child=1 3 -3 9 -2 -5 7 -7 -8 28 12 26 13 -11 -6 -16 -4 -18 19 -19 22 -22 23 -10 -23 27 -12 -17 29 -1
right_child=4 2 16 5 14 6 8 -9 20 10 11 -13 -14 -15 15 25 17 18 -20 -21 21 24 -24 -25 -26 -27 -28 -29 -30 -31
leaf_value=-0.00031347684561689474 -0.0022872586996372166 -0.0042084361555888884 -0.0001359416033405624 7.2012029770986214e-05 0.0010523099345812485 -0.0010996259287938399 0.00071482513543126092 0.00066389586161772298 -0.0022339507552670101 -0.0008631615550239672 -0.00020293982912457866 -0.00093661246813869596 -0.0008307737676563283 0.0016587821538228944 0.00278650894755456 0.0016104192265312923 -0.003471891169356563 -0.0081723607129734269 -0.00012528248619480056 -0.0016049921135638345 -0.0038683659873429543 -0.0075268796085194668 -0.00069022397458500667 -0.0083078251150345839 0.0004872178972641611 -0.0027672085261699815 -0.0094764227198866555 -0.0032490956698851101 0.0012060025372668795 0.0042526849974408917
leaf_weight=11919.509978413582 1871.2959270775318 2170.0877800583839 11104.340719044209 57194.574533134699 46744.21431581676 12570.547316908836 3772.8831777721643 18119.982817724347 4287.6453254669905 3900.2675471752882 232.68852606415749 1294.7198279947042 11429.236668884754 7914.7248761951923 1195.1669089645147 2052.1430725753307 3136.0832676887512 533.43627800047398 5657.7224103659391 1940.920997813344 4455.2187288552523 230.68415328860283 15373.39129255712 404.3845798522234 1710.0352921634912 2723.1477286964655 528.99716436862946 731.61704453825951 24857.20457136631 830.13841189444065
leaf_count=47922 7553 8822 44719 229873 189785 50561 15157 73062 17213 15666 935 5203 45914 31828 4820 8301 12661 2161 22827 7865 17917 929 61740 1630 6876 10976 2126 2946 100264 3410
internal_value=-5.82152e-06 -0.000209864 -0.00121888 -7.28832e-05 0.000751862 -0.000311174 -0.000671378 -5.76272e-05 -0.00129333 0.000374065 -0.000245992 -0.00313756 8.90549e-06 0.000823713 0.000858953 -0.000485024 -0.000927035 -0.00170372 -0.00101712 -0.00302889 -0.00158051 -0.00283958 -0.00117811 -0.00276879 -0.000460093 -0.00120449 -0.00682117 0.000319227 0.000792003 -1.2888e-05
internal_weight=260887 205569 24542.6 181027 55317.6 118119 60924.8 30690.5 30234.2 62907.5 25300.6 2056.41 23244.2 11815 53446.3 6702.07 22372.5 11268.2 8132.08 2474.36 26461.4 6395.94 20065.4 4692.03 1940.72 5506.91 761.686 2783.76 37606.9 12749.6
internal_count=1051662 827281 99055 728226 224381 474958 245085 123623 121462 253268 101672 8264 93408 47494 216828 27043 90233 45514 32853 10026 106305 25722 80583 18843 7805 22223 3061 11247 151596 51332
cat_boundaries=0 1 2 3 4 5 6 7
cat_threshold=646 112 2 98 52 659 76
is_linear=0
shrinkage=0.03


Tree=93
num_leaves=31
num_cat=11
split_feature=46 23 44 24 33 31 24 44 45 29 25 30 33 24 26 39 24 37 32 25 44 10 24 26 25 24 50 29 25 34
split_gain=39.5251 39.7646 30.6935 35.4918 25.1862 23.6513 23.9692 22.0674 21.9328 20.9834 35.8387 22.3585 21.5962 19.6484 19.3424 18.5205 26.2839 20.0021 18.1292 18.0226 17.9849 21.8924 17.5647 17.0595 16.9589 16.7193 16.6353 16.5984 16.2262 16.0226
threshold=1.0000000180025095e-35 0 0.16183450000000002 1 0.42117450000000006 0.46774450000000006 2 0.30169950000000006 9.5000000000000018 0.15821800000000003 3 0.43602150000000006 0.37232100000000007 4 109.50000000000001 0.54084850000000018 5 0.13403200000000001 0.51595900000000017 6 0.054608250000000004 2.5000000000000004 7 539.50000000000011 8 9 -0.18527599999999994 0.078468050000000011 10 0.51122900000000004
decision_type=2 1 10 1 8 10 1 10 2 8 1 10 10 1 2 8 1 8 10 1 10 2 1 2 1 1 8 10 1 8
left_child=2 4 9 -4 14 8 29 -5 13 11 -11 12 24 26 -2 17 -17 28 -9 22 21 -16 -14 -13 -1 -20 -3 -21 -6 -7
right_child=1 5 3 7 15 6 -8 18 -10 10 -12 23 19 -15 20 16 -18 -19 25 27 -22 -23 -24 -25 -26 -27 -28 -29 -30 -31
leaf_value=8.7811073490350026e-05 0.004617070222170009 -0.0051338799136637914 0.0020046381969109927 0.00085582428336245301 -0.002158992414868454 0.00034325631835948375 0.0020012332994354632 -0.0017014805839886355 -0.0049638851526583325 -0.0026155998883641979 0.00015585571313238517 -0.00098020968018927026 -0.0004262625281320637 -0.0023891260917582981 -0.00076576570109957213 -0.0018840482054639932 0.00082158078678672814 0.00016809677307002977 -0.0037562217046598441 -0.006048287630341021 -0.00097195224448712076 -0.0063812253947003548 0.0025373482382577096 -0.0069520756587784453 -0.0044910198338257165 0.0011779748107008409 -0.00028981190583211148 0.00032483314019409533 -0.00031028995994603612 -0.004217877298501635
leaf_weight=1498.0774731934071 445.9968334287405 678.03715626895428 18064.534130394459 30364.182555660605 7423.5410194844007 1498.4113443344831 3466.7213830947876 6719.4070509970188 1756.8061060905457 6877.8350145071745 10707.563659265637 1461.4043959677219 2437.363235399127 10747.320382729173 1137.7215043604374 3524.5954532623291 36834.650147095323 31586.965333834291 688.06564453244209 367.99435818195343 7327.6555723845959 1422.6459513902664 6711.3161883205175 617.46931472420692 1387.5532871633768 5128.2445206791162 10506.028016030788 38034.404017195106 10182.650598317385 1268.8453961312771
leaf_count=6040 1797 2732 73532 122192 29847 6019 13951 26952 7129 27629 43011 5884 9822 43401 4596 14147 149114 126990 2761 1491 29476 5743 27022 2482 5591 20678 42445 153065 41000 5105
internal_value=2.93205e-05 -0.000341603 0.000396916 0.000889208 -5.3894e-05 -0.00130093 0.000339045 0.000418145 -0.00173378 -3.08062e-05 -0.000928044 0.000269108 0.000395366 -0.00147302 -0.00145621 0.000107637 0.000584168 -0.000282723 -0.000639232 0.000548835 -0.0017345 -0.00390147 0.00174503 -0.00277585 -0.00212115 0.000583041 -0.00058694 0.000262445 -0.00109312 -0.00173334
internal_weight=260874 129809 131065 60964.4 99886.4 29922.2 6233.98 42899.9 23688.2 70101 17585.4 52515.6 50436.7 21931.4 10334 89552.4 40359.2 49193.2 12535.7 47551.1 9888.02 2560.37 9148.68 2078.87 2885.63 5816.31 11184.1 38402.4 17606.2 2767.26
internal_count=1051644 523492 528152 246115 402710 120782 25075 172583 95707 282037 70640 211397 203031 88578 41612 361098 163261 197837 50391 191400 39815 10339 36844 8366 11631 23439 45177 154556 70847 11124
cat_boundaries=0 1 2 3 4 5 6 7 8 9 10 11
cat_threshold=2 81 904 660 229 2 24 100 902 8 538
is_linear=0
shrinkage=0.03


Tree=94
num_leaves=31
num_cat=8
split_feature=40 24 33 18 53 25 9 0 0 27 1 24 0 25 28 37 24 0 24 20 31 0 28 20 39 42 24 19 42 1
split_gain=42.8072 58.7731 29.5897 33.569 25.5832 31.8496 24.6297 24.6083 20.8682 20.6377 20.4211 20.3877 37.9696 19.5712 17.7725 17.1279 17.0956 16.8927 23.6479 16.0305 15.8627 15.6308 19.3322 15.6392 15.3158 14.8751 14.4128 14.3197 17.579 14.1311
threshold=0.14286400000000002 0 0.39539300000000005 1 8.5268464435399842 2 1.0000000180025095e-35 2019.5000000000002 2022.5000000000002 0.57712050000000004 4.5000000000000009 3 2022.5000000000002 4 0.095622950000000012 0.22259700000000002 5 2023.5000000000002 6 83.850000000000009 0.42334050000000006 2020.5000000000002 0.13839850000000001 62.550000000000004 0.50002350000000007 0.51840400000000009 7 63.600000000000009 0.42701650000000008 4.5000000000000009
decision_type=10 1 8 1 2 1 2 2 2 8 2 1 2 1 10 10 1 2 1 2 10 2 8 2 10 8 1 2 8 2
left_child=1 8 15 4 5 21 24 -7 9 -1 -10 12 -5 -6 -8 29 -15 -9 -19 -13 -18 22 -4 -24 -3 -11 -16 -20 -29 -2
right_child=2 6 3 11 13 7 14 17 10 25 -12 19 -14 16 26 -17 20 18 27 -21 -22 -23 23 -25 -26 -27 -28 28 -30 -31
leaf_value=-0.0016093051809522917 -0.0057176733999436281 -0.0024244657956990646 0.00071212713830260982 -0.0012464240184058926 -0.00041996255271628026 0.0026785125009275157 0.0030870369742302152 0.00032877501029739104 -0.0033675554715303915 0.00024401849233685678 0.0039997256478621667 0.00049465750819671086 0.004773001680120131 -0.001069197122375158 0.0007926392124306521 0.00019025705191864215 -0.0061487042038660209 0.0018266632135930801 -0.0010405262506409899 -0.0011268645037592205 -0.0024398764176429863 -0.00063597975360043504 -0.0025369923343749276 -0.0066667398323665 0.0013273441011449863 -0.0090473375628224006 -6.6582207915268478e-05 0.0041649579157332613 -0.0048708253278818437 -0.0020989882244276787
leaf_weight=10983.523357152939 1155.6496488898993 998.41499418020248 1025.0329849720001 1516.4832437485456 11876.826962858438 3268.3135661333799 1993.8950399309397 26513.978600531816 483.77658171951771 201.7243138551712 1090.9286545068026 30865.37054951489 2458.6130742877722 8406.2123576104641 26325.762708216906 2521.2527279108763 1244.0381662100554 1792.2900127619505 4386.1521846801043 6663.4579959511757 6765.9593571871519 6204.1818703263998 2561.8319338858128 1249.8084308952093 36067.541442006826 587.08052088320255 52617.756873890758 208.43038593232632 2019.7129956483841 6566.4387705624104
leaf_count=44120 4672 4033 4151 6085 47730 13307 8402 106623 1946 812 4397 124169 9905 33813 106323 10173 5002 7215 17620 26775 27196 24929 10275 5014 146066 2354 212066 835 8118 26549
internal_value=-1.03617e-05 0.00037094 -0.000398032 -0.000264565 -0.000633301 -0.000219475 0.000584559 0.000190287 -0.00151446 -0.00195064 0.00171526 0.000423501 0.00246367 -0.00135242 0.000290799 -0.00194545 -0.00202352 -4.18896e-05 -0.00121422 0.000205826 -0.00301796 -0.00163786 -0.002919 -0.00390315 0.00122529 -0.00664141 0.000219679 -0.00204287 -0.00400767 -0.00264644
internal_weight=260620 131350 129270 119027 77522.8 49229.7 118003 38188.9 13347 11772.3 1574.71 41503.9 3975.1 28293 80937.4 10243.3 16416.2 34920.6 8406.59 37528.8 8010 11040.9 4836.67 3811.64 37066 788.805 78943.5 6614.3 2228.14 7722.09
internal_count=1050675 530519 520156 478762 311828 198087 476890 153718 53629 47286 6343 166934 15990 113741 326791 41394 66011 140411 33788 150944 32198 44369 19440 15289 150099 3166 318389 26573 8953 31221
cat_boundaries=0 1 2 3 4 5 6 7 8
cat_threshold=2 131 130 2 43 590 10 88
is_linear=0
shrinkage=0.03


Tree=95
num_leaves=31
num_cat=7
split_feature=32 46 22 31 18 24 3 0 44 44 44 30 0 34 34 24 26 36 24 44 40 38 24 39 3 24 42 36 51 40
split_gain=48.177 30.2073 47.531 28.016 23.6602 23.6476 23.0806 23.9658 19.623 18.4328 24.2124 17.9536 18.3567 18.1808 17.3889 17.2789 20.8032 18.8626 17.2324 25.536 22.7824 18.6298 17.0864 17.7399 15.7859 16.2154 16.0977 15.6591 15.4141 15.1886
threshold=0.60221200000000008 1.0000000180025095e-35 0 0.4685835000000001 1 2 4.5000000000000009 2019.5000000000002 0.0034906800000000003 0.14744750000000004 0.37834700000000004 0.33653850000000002 2019.5000000000002 0.65395800000000015 0.35630850000000008 3 1508.5000000000002 0.14897150000000003 4 0.14287100000000005 0.14356350000000004 243.50000000000003 5 0.50707750000000018 8.5000000000000018 6 0.46075350000000009 0.20255200000000004 0.03924250000000002 0.14729550000000005
decision_type=10 2 1 10 1 1 2 2 10 8 10 10 2 10 8 1 2 10 1 10 10 2 1 8 2 1 8 10 10 10
left_child=1 4 6 24 -1 -5 22 27 -2 18 29 -10 13 -13 -9 16 -14 -17 19 -6 -20 -22 28 -24 25 26 -4 -8 -3 -11
right_child=8 2 3 5 9 -7 7 14 11 10 -12 12 15 -15 -16 17 -18 -19 20 -21 21 -23 23 -25 -26 -27 -28 -29 -30 -31
leaf_value=0.00091370924845722177 -0.0022389034337928666 -0.002413750556037222 0.00029918360360800588 -0.0019408720949467047 0.00040601070779348506 0.0023120995563089236 0.00049872253933109872 -0.0052470106551623825 0.0019779260216251163 0.0010634633468042118 -0.002095195342820134 0.0011029309007820854 -0.0006678766267086949 0.0043663801208902904 -0.00089060774763556345 -0.00079951801676050611 0.0021008797520967056 0.00088120786188119029 -0.00016949715775475249 -0.0063467566360689669 0.0030118966062213847 -0.0023733479532384652 -0.0011693320131154646 0.00091012843185441601 -0.0056403948573004329 -0.0015098691203397807 -0.0043561972307521752 0.0055584618489395174 0.003251151842789951 -0.00020563063466894066
leaf_weight=25751.291821703315 1918.2001470178366 3040.5952335745096 788.91771148145199 2227.666411459446 14586.222027391195 2461.0458550900221 5967.6659450680017 844.33082282543182 10254.738908052444 21170.440061897039 3395.0784378647804 8082.4204230755568 3507.3939277529716 1909.981139332056 36130.95986546576 15691.803901553154 7925.837159588933 9727.0528659075499 11107.494359582663 518.79503029584885 603.68958729505539 10749.305504992604 4323.5712705552578 24809.713638260961 1200.1576967835426 12921.600128144026 3971.7628132104874 606.29755558073521 497.09818617999554 14106.750413760543
leaf_count=103557 7742 12207 3182 8952 58610 9900 24159 3421 41861 85312 13648 33019 14127 8057 145188 63263 32194 39150 44672 2086 2431 43181 17371 99996 4842 52127 16063 2451 2003 56657
internal_value=-1.46126e-05 -0.000235243 -0.000606367 -0.00178383 0.000127598 0.000285907 -0.000241786 -0.00069417 0.000739186 -0.000137665 0.000321553 0.00083987 0.000589987 0.00173084 -0.000991315 0.000279716 0.00124784 -0.000155084 -0.000611235 0.000170768 -0.001138 -0.00208363 0.000360316 0.000600199 -0.00229932 -0.00206994 -0.00357123 0.000972252 -0.00160267 0.00055515
internal_weight=260798 201780 99791.4 23571.2 101989 4688.71 76220.2 43549.3 59017.4 76237.8 38672.3 57099.2 46844.5 9992.4 36975.3 36852.1 11433.2 25418.9 37565.5 15105 22460.5 11353 32671 29133.3 18882.4 17682.3 4760.68 6573.96 3537.69 35277.2
internal_count=1051429 812016 401862 95066 410154 18852 306796 175219 239413 306597 155617 231671 189810 41076 148609 148734 46321 102413 150980 60696 90284 45612 131577 117367 76214 71372 19245 26610 14210 141969
cat_boundaries=0 1 2 3 4 5 6 7
cat_threshold=2 76 904 19 282 2 18
is_linear=0
shrinkage=0.03


Tree=96
num_leaves=31
num_cat=7
split_feature=28 50 7 39 28 30 24 13 42 30 24 45 7 31 25 24 42 27 33 29 19 42 39 36 25 25 40 26 29 25
split_gain=35.0421 27.9236 29.7248 25.5829 19.0278 18.8481 20.067 20.9188 18.6053 18.7747 20.6397 17.777 21.2295 18.2878 18.9287 16.4287 18.8912 17.0148 16.3985 16.2018 15.7499 15.5905 15.5166 15.4981 15.2832 15.0874 24.5956 14.9604 14.8349 14.7936
threshold=0.24838500000000002 -0.093506500000000006 1.5000000000000002 0.50862050000000003 0.073738700000000004 0.34296050000000006 0 -2.4999999999999996 0.67427250000000016 0.34958150000000004 1 6.5000000000000009 1.0000000180025095e-35 0.46464650000000002 2 3 0.51077000000000006 0.50002000000000013 0.31357900000000005 0.11621700000000001 99.950000000000017 0.43346450000000009 0.56506900000000015 0.083472650000000023 4 5 0.15749850000000001 4199.5000000000009 0.13149450000000004 6
decision_type=10 8 2 8 8 8 1 2 10 10 1 2 2 10 1 1 8 10 10 10 2 10 8 8 1 1 8 2 8 1
left_child=1 8 3 5 -5 21 -7 -8 9 10 -1 12 19 -13 -15 16 17 -6 -14 -2 25 -3 -12 -21 -10 26 -17 -25 -18 -9
right_child=11 2 -4 4 15 6 7 29 24 -11 22 13 18 14 -16 20 28 -19 -20 23 -22 -23 -24 27 -26 -27 -28 -29 -30 -31
leaf_value=-0.00075484807088232423 0.0016212130155563332 -0.0051418904697012238 -0.00023147488783499865 0.0043081056224812571 0.0056690346650899405 0.00053400325207346075 -0.0048540671411201608 0.00069224344943380955 -0.006906365854742998 -0.00080233234261839134 0.0035995485857971909 -0.0019403477300614284 -0.0031004277518802974 0.003918169170312495 -0.0009278006635087422 0.00068623082914753451 0.0016614261768506037 0.0017109954970322059 0.00049871053633625034 -0.0037086024372700826 -0.0056898283004720345 0.0016976650621613398 -0.0019596237605086983 -0.00043896627848436545 -0.0016436019339948996 -0.00019368632432545241 0.0045361998159879954 -0.0022075615408236036 0.00023237072992621325 -0.0020956281665330343
leaf_weight=2911.1399867385626 2205.2751917093992 315.54989992082119 46337.73032823205 1430.2247522324324 1038.0264177620411 5612.9835405051708 1607.3343912810087 2695.0526822656393 657.42191442847252 19989.82789811492 2791.0701924562454 12524.943913698196 1188.0275473296642 1024.8966610878706 2384.7904469966888 23999.602478787303 9907.5702148675919 18493.822129011154 25454.673819348216 1838.8024958819151 375.0279276072979 4722.2799386680126 529.60059468448162 18753.390802845359 2118.9105780869722 18627.086658462882 1593.9838837534189 5612.2829731553793 19396.93375864625 4613.5080439150333
leaf_count=11741 8856 1270 186792 6099 4159 22574 6451 10836 2638 80359 11265 50515 4799 4116 9580 96815 40254 74958 102272 7388 1506 19037 2157 75427 8534 75051 6423 22553 78338 18522
internal_value=4.1588e-05 0.000254403 0.00040907 0.000668719 0.000872522 -0.000317797 -0.000867279 -0.00175133 -0.000602003 -0.000353274 0.00108206 -0.000526879 -0.000270756 -0.00140966 0.000530955 0.000819474 0.00119988 0.00192372 0.000336764 -0.000841521 0.000401812 0.00126051 0.00269484 -0.00105008 -0.00293746 0.000454626 0.000927323 -0.00084779 0.000716665 -0.00106555
internal_weight=260752 189765 160767 114429 94862.3 19566.7 14528.9 8915.9 28998 26221.6 6231.81 70987.1 55052.5 15934.6 3409.69 93432.1 48836.4 19531.8 26642.7 28409.8 44595.7 5037.83 3320.67 26204.5 2776.33 44220.7 25593.6 24365.7 29304.5 7308.56
internal_count=1051285 765779 649085 462293 383603 78690 58383 35809 116694 105522 25163 285506 221295 64211 13696 377504 197709 79117 107071 114224 179795 20307 13422 105368 11172 178289 103238 97980 118592 29358
cat_boundaries=0 1 2 3 4 5 6 7
cat_threshold=547 912 642 93 514 345 817
is_linear=0
shrinkage=0.03


Tree=97
num_leaves=31
num_cat=11
split_feature=45 30 27 26 28 33 1 25 24 24 2 0 26 39 11 44 24 0 25 24 25 37 24 38 25 25 0 1 30 24
split_gain=34.9901 33.1525 29.1829 24.0777 20.8387 25.7349 23.0326 28.5544 25.7855 20.49 19.9102 19.6785 18.4908 17.8397 21.1798 18.5522 17.823 17.717 52.8832 29.7275 26.4574 20.545 30.647 19.1715 37.0691 30.241 56.1961 32.55 17.7497 17.4542
threshold=10.500000000000002 0.40216500000000005 0.5709725000000001 120.50000000000001 0.30168150000000005 0.60030500000000009 9.5000000000000018 0 1 2 1.5000000000000002 2022.5000000000002 4509.5000000000009 0.5744800000000001 8.5000000000000018 0.054608250000000004 3 2023.5000000000002 4 5 6 0.21688100000000002 7 9661.5000000000018 8 9 2022.5000000000002 4.5000000000000009 0.34259350000000005 10
decision_type=2 8 10 2 10 10 2 1 1 1 2 2 2 8 2 10 1 2 1 1 1 10 1 2 1 1 2 2 10 1
left_child=1 2 4 -4 6 -6 17 9 -9 -8 -10 -11 -2 15 -15 16 -3 21 -19 -20 -21 23 -23 25 -25 26 28 -28 -1 -27
right_child=12 13 3 -5 5 -7 7 8 10 11 -12 -13 -14 14 -16 -17 -18 18 19 20 -22 22 -24 24 -26 29 27 -29 -30 -31
leaf_value=0.00057164603886745784 -0.0010098795263048814 -0.0010799941560954746 -0.0020814151237655695 0.00096792667440299962 -0.0015764784105412957 0.0075221309388020779 0.0044094364567990856 -0.00066236096218491504 -0.00027791796047736607 -0.001383048247782875 -0.005903238049384721 0.0034213337747354012 -0.0039085003444871095 0.0028957618265246328 -0.0021263910246151234 -0.00059445113625216479 -0.0038572876105113824 0.0033381471125757483 0.0010044648817129614 1.2076617526273007e-05 -0.0022148868916417493 -0.0020513522374561804 0.002855221004774723 0.0072645420202148651 -0.00098424562278974308 -0.00014148402973244132 -0.0034357071045948524 0.0061283130611793218 -0.0031760132186043127 0.00068889954960538278
leaf_weight=1367.9814334958792 10020.356073543429 5113.3573578596115 2443.8142562061548 46869.009315505624 10031.222917258739 283.85635225474834 918.53558467328548 3171.6569565683603 761.11522318422794 3937.7496341615915 2350.1035116016865 948.05953532457352 2484.5024756491184 2275.5568165779114 1121.694715783 22111.121322348714 3578.0416601896286 2933.6298737972975 5777.3100638985634 7423.1786834895611 13475.613183751702 1410.1207458823919 5830.5708625912666 977.58502493798733 960.31527303159237 38421.679208442569 428.93008436262608 1207.3303983658552 6362.2842284888029 55766.785150364041
leaf_count=5481 40370 20630 10004 191769 40531 1142 3684 12733 3054 15794 9426 3807 9994 9196 4512 88859 14427 11762 23236 29778 54061 5660 23393 3922 3856 154279 1720 4842 25504 223966
internal_value=-4.07226e-05 3.71613e-05 0.000175851 0.000816084 -1.56169e-05 -0.00132108 7.141e-05 -0.00118538 -0.00258466 0.000328533 -0.00452378 -0.000442221 -0.00158898 -0.00082997 0.00122833 -0.00105805 -0.00223341 0.000178365 -0.000474239 -0.000895863 -0.00142293 0.000350047 0.00189618 0.00024359 0.0031986 0.00018791 -0.00143602 0.0036012 -0.00250897 0.000349875
internal_weight=260763 248258 214058 49312.8 164746 10315.1 154431 12087.2 6282.88 5804.34 3111.22 4885.81 12504.9 34199.8 3397.25 30802.5 8691.4 142343 29609.7 26676.1 20898.8 112734 7240.69 105493 1937.9 103555 9366.53 1636.26 7730.27 94188.5
internal_count=1051392 1001028 863404 201773 661631 41673 619958 48498 25213 23285 12480 19601 50364 137624 13708 123916 35057 571460 118837 107075 83839 452623 29053 423570 7778 415792 37547 6562 30985 378245
cat_boundaries=0 1 2 3 4 5 6 7 8 9 10 11
cat_threshold=110 122 36 157 2 130 137 130 586 2 547
is_linear=0
shrinkage=0.03


Tree=98
num_leaves=31
num_cat=7
split_feature=46 22 34 26 26 6 36 31 31 44 45 24 36 29 29 33 24 24 34 25 27 25 38 40 50 24 42 36 42 40
split_gain=33.3234 45.8611 31.5741 41.2656 25.1942 22.2899 22.2338 22.1972 20.8568 19.8119 19.4538 18.6395 21.561 20.2415 19.4857 18.5093 19.3231 18.2612 19.0371 22.5234 18.26 17.936 16.9049 21.3645 17.2854 16.8469 19.9861 20.3066 18.8171 16.3696
threshold=1.0000000180025095e-35 0 0.53639400000000015 988.50000000000011 5705.5000000000009 2.5000000000000004 0.13458000000000003 0.55600400000000005 0.48276550000000001 0.26673250000000004 9.5000000000000018 1 0.081696850000000015 0.11523250000000002 0.078468050000000011 0.45439650000000004 2 3 0.37668350000000006 4 0.45608900000000008 5 1876.5000000000002 0.12200850000000002 0.08926350000000001 6 0.67427250000000016 0.17327600000000001 0.44392250000000005 0.15089550000000004
decision_type=2 1 8 2 2 2 10 10 10 10 2 1 8 8 8 8 1 1 8 1 10 1 2 10 10 1 10 10 8 8
left_child=2 5 4 6 29 17 7 11 9 10 25 12 -4 -14 21 -10 -17 18 20 -20 -2 -13 24 -24 -19 26 28 -28 -3 -1
right_child=1 8 3 -5 -6 -7 -8 -9 15 -11 -12 14 13 -15 -16 16 -18 22 19 -21 -22 -23 23 -25 -26 -27 27 -29 -30 -31
leaf_value=0.00046877322221675879 0.0022042140952953618 -5.5777627342544952e-06 -0.0016349245434671318 0.0014323403967924735 -0.0012799037827259799 -0.0016019200311575166 -0.0017886979150606741 -0.0073054868809839741 0.0089165405678389015 0.0011502557008354736 -0.0048461326018290314 0.0011560313965502543 0.0067921163664997151 0.0014709525369987395 0.00034802259942785145 -0.006436496355814612 0.0015438002338873885 0.00057569812841704775 -0.0018166148559542441 0.00010552952709685855 -0.00823080709690816 -0.0084896412667786487 0.0028163950939408856 -0.00024799158945874297 0.0026530479819211025 -0.00092530990754800704 0.0027972296006526787 -0.0050802276378052545 -0.003719694276554063 -0.00057391988877968385
leaf_weight=45476.43997721374 202.37403278052807 1493.5295190364122 847.91480334103107 36293.967615380883 13199.68563207984 7879.8030381351709 6217.1554092913866 316.92851628363132 252.08625270426273 2091.6182365715504 1850.0804010033607 274.18252147734165 1166.5202022194862 1475.8157311677933 6093.4384729713202 307.57974667847157 1816.9105987548828 22499.010967746377 7747.4787671715021 18641.064495548606 536.71466487646103 442.44776901602745 2168.1627355217934 35836.813134983182 4308.4818526208401 13183.390581339598 1084.5050338506699 399.73929987847805 7341.4381624013186 19281.461172804236
leaf_count=182470 822 6007 3465 147294 52953 31755 25210 1283 1015 8554 7504 1109 4786 5981 24659 1240 7306 91173 31161 75030 2175 1789 8761 144227 17419 53110 4372 1615 29687 77356
internal_value=-3.83881e-05 -0.00037953 0.000298765 0.000862788 -8.52528e-05 -7.07919e-05 -0.000363388 0.000468678 -0.00141186 -0.00164581 -0.00187778 0.000712848 0.00249129 0.00383648 -0.000198283 0.0012759 0.000343882 6.01564e-05 -0.000592796 -0.000458452 -0.00533575 -0.00487 0.000333971 -7.21722e-05 0.000910947 -0.00164225 -0.00255138 0.000649519 -0.00309544 0.000157839
internal_weight=260727 129641 131086 53128.4 77957.6 99819.9 16834.4 10617.2 29820.9 27444.3 25352.7 10300.3 3490.25 2642.34 6810.07 2376.58 2124.49 91940.1 27127.6 26388.5 739.089 716.63 64812.5 38005 26807.5 23502.6 10319.2 1484.24 8834.97 64757.9
internal_count=1051288 522933 528355 215576 312779 402523 68282 43072 120410 110849 102295 41789 14232 10767 27557 9561 8546 370768 109188 106191 2997 2898 261580 152988 108592 94791 41681 5987 35694 259826
cat_boundaries=0 1 2 3 4 5 6 7
cat_threshold=2 81 776 134 522 616 786
is_linear=0
shrinkage=0.03


Tree=99
num_leaves=31
num_cat=6
split_feature=30 27 27 26 0 25 25 44 7 21 3 18 25 26 28 26 27 35 38 28 44 29 29 0 37 22 32 25 44 44
split_gain=29.8838 29.3636 23.5582 23.2205 20.1944 91.474 75.2224 19.2774 22.8352 19.1741 18.2073 18.0341 16.0326 17.2527 15.8085 15.5783 19.6209 16.2459 15.2647 18.9503 14.8575 15.9108 13.9963 13.6379 17.8785 14.2848 13.5578 13.5025 13.3468 17.2994
threshold=0.37368450000000003 0.67082950000000008 0.57798050000000012 144.50000000000003 2022.5000000000002 0 1 0.012917500000000002 1.5000000000000002 0.015000000000000001 2.5000000000000004 2 3 10581.500000000002 0.16949450000000002 1932.5000000000002 0.57877650000000014 0.064665450000000027 2689.5000000000005 0.12581150000000005 0.16183450000000002 0.18484650000000005 0.12680650000000002 2019.5000000000002 0.13339950000000003 4 0.64248100000000019 5 0.072168150000000014 0.043838450000000008
decision_type=8 10 10 2 2 1 1 8 2 2 2 1 1 2 10 2 10 10 2 8 10 10 10 2 8 1 10 1 10 10
left_child=2 4 10 -4 6 9 18 8 14 -6 28 -5 22 -14 -8 16 -9 -17 19 -2 -7 -22 -13 24 -18 -25 -19 -26 29 -1
right_child=1 -3 3 11 5 20 7 15 -10 -11 -12 12 13 -15 -16 17 23 26 -20 -21 21 -23 -24 25 27 -27 -28 -29 -30 -31
leaf_value=0.0018248344931149679 0.001896446347762673 0.003424050895339053 -0.0020205208628249955 0.0028400491781589675 0.010742900617623823 -0.0019923241660979914 0.0040957142534375646 0.00092664241463580462 -0.0049091110933742691 0.0026526642707654625 -0.00013398833285970627 -0.0023333380581616286 0.0013856066928019 -0.0031984758476916435 -0.0012033099919564248 -0.0026655065958638468 0.0024871367200559069 -0.00028488129796084714 -0.0016308164846168714 -0.0051464067625400676 -0.00030915240400697261 -0.0050825669052724214 0.00063889278194065953 -0.0052207875429107625 0.00056408577264638316 0.00076158514283702254 0.002843783307121291 -0.0065522833387064846 0.00097627139518791724 -0.0026486057705486102
leaf_weight=1206.9809005856514 376.18899062275887 1799.9251368194818 2200.719333589077 4884.9356872886419 284.39262552559376 21726.374172747135 598.75454331934452 34932.961342230439 1346.9056874662638 3778.1751229315996 88992.059182703495 2328.4389337748289 21841.928786829114 758.25335980951786 3174.6030224561691 2392.225450232625 1301.3673617690802 14339.733509033918 3593.6459549367428 3257.5407963693142 9897.8210543841124 669.9546363055706 3645.5894938707352 1151.8632468283176 480.77493506669998 508.55681382119656 1362.1303680986166 455.38747273385525 25082.08292093873 2153.3494906872511
leaf_count=4849 1514 7745 9021 19997 1142 87540 2434 140280 5427 15190 357510 9451 89635 3082 12777 9614 5387 57630 14458 13082 39699 2699 14820 4629 1994 2049 5498 1878 100827 8657
internal_value=1.30078e-05 -0.000370426 0.000282269 0.000957645 -0.000435464 -0.00100814 -0.000134441 0.00020276 -0.00155875 0.00322596 7.69111e-05 0.00115459 0.000863836 0.00122953 -0.000351934 0.000361839 0.000700859 -0.000364055 -0.00302835 -0.00440807 -0.00154248 -0.000615962 -0.000514275 -0.00131405 0.000202481 -0.00337239 -1.10693e-05 -0.0029393 0.000737783 -0.0010327
internal_weight=260524 107429 153094 35659.9 105629 36356.7 69272.6 62045.3 5120.26 4062.57 117434 33459.1 28574.2 22600.2 3773.36 56925 38830.9 18094.1 7227.38 3633.73 32294.1 10567.8 5974.03 3897.95 2237.53 1660.42 15701.9 936.162 28442.4 3360.33
internal_count=1050515 432666 617849 146006 424921 146270 278651 249597 20638 16332 471843 136985 116988 92717 15211 228959 156217 72742 29054 14596 129938 42398 24271 15937 9259 6678 63128 3872 114333 13506
cat_boundaries=0 1 2 3 4 5 6
cat_threshold=2 2 86 34 2 420
is_linear=0
shrinkage=0.03


Tree=100
num_leaves=31
num_cat=10
split_feature=46 22 0 25 24 44 24 35 45 7 31 31 24 24 3 11 29 25 24 0 44 42 45 24 24 19 33 19 26 44
split_gain=43.4323 55.5466 44.5283 35.2305 39.7933 29.2405 24.3164 24.2346 21.6362 20.8396 25.7329 19.966 31.6285 20.1699 19.5263 18.7492 18.0994 33.4775 20.4179 50.3406 21.6122 17.786 17.0932 20.2536 16.6551 16.0175 21.9836 15.9517 15.9417 27.0577
threshold=1.0000000180025095e-35 0 2019.5000000000002 1 2 0.16466650000000002 3 0.17257050000000004 8.5000000000000018 1.0000000180025095e-35 0.44927900000000004 0.46774450000000006 4 5 5.5000000000000009 5.5000000000000009 0.15821800000000003 6 7 2022.5000000000002 0.010209500000000002 0.44392250000000005 3.5000000000000004 8 9 84.250000000000014 0.57410300000000014 98.450000000000017 6366.5000000000009 0.089628600000000017
decision_type=2 1 2 1 1 10 1 10 2 2 10 10 1 1 2 2 8 1 1 2 10 8 2 1 1 2 8 2 2 10
left_child=5 2 3 -2 -5 16 27 -6 9 14 22 13 -13 21 -4 -10 18 24 19 -1 -21 -3 -11 -24 -18 -19 -27 -7 -20 -30
right_child=1 11 8 4 7 6 -8 -9 15 10 -12 12 -14 -15 -16 -17 17 25 28 20 -22 -23 23 -25 -26 26 -28 -29 29 -31
leaf_value=-0.00028802206496025677 -0.0031287055109547857 0.0010863017618264036 -7.1562701065553419e-05 -0.0024229592207151737 0.0016086052530522145 0.0019718870141455943 0.00046847767722243147 0.0046368264386849696 -0.00065611060013682251 0.00064866612158472872 0.0010294639165394257 -0.00240797428182064 0.0018844568421075895 -0.0013641986401035865 -0.0015383973008394978 -0.0039324920782578794 -0.0046268060305275057 0.00073281916187602951 0.00021109651178084917 0.013944407795524456 0.0040036935260230498 -0.003821712190115188 0.00058068275991613708 -0.0017677536333493415 -0.0014644897916039946 -0.00095210337164206417 -0.010030662510992713 -0.0030111773014480621 -0.0048977499833172192 -0.00021355692546890268
leaf_weight=4513.3223631531 1455.203311920166 732.26455080509186 16929.945959225297 1826.6772796362638 11053.562102004886 16962.588825047016 41773.426264956594 3054.2465730160475 3842.5973592102528 8343.6842161118984 19464.966596662998 2772.2028533518314 3456.056995600462 16680.716175496578 15860.402173861861 2691.2633421570063 2217.3904323130846 8875.7083169817924 40687.436507612467 213.25468021631241 2729.8569357842207 6227.4130249619484 4775.7059404402971 10584.787727966905 4836.2277897596359 1770.5829589813948 277.0090350061655 591.32493221759796 1526.923314884305 4097.7625576704741
leaf_count=18102 5840 2951 68175 7344 45228 69137 168097 12456 15462 33542 78390 11145 13912 67434 63780 10831 8909 35661 163923 860 11021 25175 19183 42570 19431 7109 1113 2387 6122 16457
internal_value=-1.41515e-05 -0.00040335 -6.35879e-05 0.00131553 0.00172467 0.000370896 0.000863649 0.00226556 -0.000354707 -0.000211733 0.000220796 -0.00153842 -2.23725e-05 -0.00193651 -0.000782048 -0.00201141 -3.61695e-05 -0.000860518 0.000238917 0.00169441 0.00474764 -0.00329603 -0.000442033 -0.00103645 -0.00246953 0.00017823 -0.00220781 0.00180081 3.46855e-06 -0.00149243
internal_weight=260825 129752 99883 17389.7 15934.5 131073 59327.3 14107.8 82493.4 75959.5 43169.1 29868.7 6228.26 23640.4 32790.3 6533.86 71745.5 17976.9 53768.6 7456.43 2943.11 6959.68 23704.2 15360.5 7053.62 10923.3 2047.59 17553.9 46312.1 5624.69
internal_count=1051747 523418 402801 70868 65028 528329 239621 57684 331933 305640 173685 120617 25057 95560 131955 26293 288708 72223 216485 29983 11881 28126 95295 61753 28340 43883 8222 71524 186502 22579
cat_boundaries=0 1 2 3 4 5 6 7 8 9 10
cat_threshold=2 2 2 81 904 274 660 2 560 49
is_linear=0
shrinkage=0.03


Tree=101
num_leaves=31
num_cat=8
split_feature=30 27 32 0 25 26 24 33 40 39 0 33 45 26 51 34 25 36 25 35 29 26 24 24 26 25 25 33 1 13
split_gain=30.6625 31.1865 29.0314 24.4095 40.0145 24.4022 20.138 26.7688 18.4683 18.4275 26.6581 18.0207 16.2434 18.7118 34.5503 17.6335 16.1939 15.1575 15.1314 19.678 14.983 14.9102 14.8952 14.6621 31.0403 20.1903 17.0776 19.7829 16.2149 19.3906
threshold=0.36770300000000006 0.68890200000000013 0.57364950000000003 2023.5000000000002 0 297.50000000000006 1 0.55205950000000004 0.13923450000000001 0.56163150000000017 2019.5000000000002 0.31357900000000005 9.5000000000000018 349.50000000000006 0.0053984999999999736 0.50651500000000016 2 0.05757460000000001 3 0.2802440000000001 0.18919100000000003 2762.5000000000005 4 5 6259.5000000000009 6 7 0.53166800000000014 9.5000000000000018 1.0000000180025095e-35
decision_type=8 10 10 2 1 2 1 8 8 8 2 8 2 2 10 8 1 8 1 8 10 2 1 1 2 1 1 10 2 2
left_child=2 9 3 6 -5 -4 7 16 22 11 -11 -2 13 14 15 -13 -1 -12 -10 -20 -16 -9 -6 -7 26 -26 27 -25 -28 -30
right_child=1 -3 5 4 8 23 -8 21 18 10 17 12 -14 -15 20 -17 -18 -19 19 -21 -22 -23 -24 24 25 -27 28 -29 29 -31
leaf_value=0.0036156296440419738 -0.0033547500901868151 0.0041797164553444462 -0.0015164773639201458 0.0032864603259512627 -0.0015043652782529709 0.0015986575308099232 -0.00012694844238584147 0.00053175230182228399 8.0989068777219075e-05 0.0018310211743696203 -0.0060701053920501503 0.0011566682368082993 -0.0017554175370659709 -0.00021267835875094437 -0.0028582600566335685 -0.0018373221403742872 0.0011810974891418441 -0.00024452637049431883 -0.0014312567568346803 -0.005422990787727326 -0.0080189909768187684 -0.0021172426042038285 -0.0095203517360151098 0.0031656594654439017 0.0010389191039583234 -0.0045019037143485697 0.0018723496593242828 -0.0013723352485615803 0.0013983436314719527 -0.007196631221826468
leaf_weight=3077.3624706417322 2005.8793945610523 1358.4384177625179 3450.7300456464291 1691.1790157258511 427.10535652935505 24160.330004602671 47470.709587022662 5113.5601248592138 4683.1126988828182 7741.3278051018715 416.03526659309864 3920.8339526504278 8310.5234116762877 83172.06015534699 3954.9310799986124 3218.8234966248274 12711.890424534678 10407.650774419308 7630.9842290282249 1309.3608279973269 589.93718752264977 3040.9821161180735 449.85746517777443 1076.0865390747786 898.07440663874149 1675.7711087763309 11523.261315509677 4313.1708844155073 558.26226714253426 400.24609215557575
leaf_count=12387 8136 5853 14073 6798 1716 98384 190973 20752 18807 31427 1669 15764 33485 334393 15907 12962 51130 41817 30649 5261 2377 12308 1808 4323 3608 6726 46738 17452 2250 1616
internal_value=4.44207e-06 -0.000334213 0.000316944 -7.76008e-06 -0.00105966 0.000909467 0.000230348 0.00093956 -0.00157037 -0.000384111 0.000486361 -0.00053806 -0.000482909 -0.000371054 -0.00149548 -0.000189139 0.00166113 -0.000472838 -0.00129621 -0.00201859 -0.00353958 -0.000452845 -0.00579416 0.0010979 0.000503505 -0.00257142 0.000948684 -0.000458551 0.00155777 -0.00217073
internal_weight=260758 125096 135662 87606.1 16191.6 48055.9 71414.5 23943.8 14500.4 123738 18565 105173 103167 94856.6 11684.5 7139.66 15789.3 10823.7 13623.5 8940.35 4544.87 8154.54 876.963 44605.2 20444.9 2573.85 17871 5389.26 12481.8 958.508
internal_count=1051549 503790 547759 352589 65039 195170 287550 96577 58241 497937 74913 423024 414888 381403 47010 28726 63517 43486 54717 35910 18284 33060 3524 181097 82713 10334 72379 21775 50604 3866
cat_boundaries=0 1 2 3 4 5 6 7 8
cat_threshold=2 120 33 392 542 115 21 162
is_linear=0
shrinkage=0.03


Tree=102
num_leaves=31
num_cat=10
split_feature=46 6 31 24 44 8 22 24 18 33 40 38 24 24 40 29 7 43 28 42 26 25 24 25 31 37 42 7 24 28
split_gain=33.0658 32.8552 26.5088 33.7599 25.4172 25.2731 24.6887 35.4599 25.8138 23.0845 19.1053 18.7111 18.5415 17.0327 16.7029 16.6625 17.837 24.6143 20.9325 16.4729 16.4271 16.3097 26.2683 16.161 19.7442 17.6311 15.6254 15.2587 24.8455 16.8365
threshold=1.0000000180025095e-35 2.5000000000000004 0.44898100000000002 0 0.083341300000000021 1.0000000180025095e-35 1 2 3 0.52949900000000005 0.15715750000000003 5211.5000000000009 4 5 0.1605695 0.12151650000000001 1.5000000000000002 0.41393850000000004 0.34967450000000005 0.42046200000000006 6366.5000000000009 6 7 8 0.41201800000000005 0.18672700000000003 0.4853920000000001 1.0000000180025095e-35 9 0.24411200000000002
decision_type=2 2 8 1 10 2 1 1 1 8 10 2 1 1 8 8 2 10 10 10 2 1 1 1 10 8 10 2 1 8
left_child=4 2 3 -2 12 -3 8 -8 9 -6 11 21 -1 14 -11 -9 18 -18 -17 -13 -14 22 26 24 25 -10 -5 28 29 -4
right_child=1 5 27 10 6 -7 7 15 23 13 -12 19 20 -15 -16 16 17 -19 -20 -21 -22 -23 -24 -25 -26 -27 -28 -29 -30 -31
leaf_value=-0.0021070444068721082 -0.0028894610789268848 -0.0040728066978612835 0.0023423789301486105 0.0040645187965774572 -0.00079244574355962416 -0.00091656752050199878 0.0026755283088982966 0.0027823872809339552 -0.0036858392432109659 0.0023268109487110987 -0.0016723203488637956 0.0029899404502412522 4.6955309948680871e-05 -4.6974064345879524e-05 -0.0015090763302459443 0.00099496848548373974 -0.00064440226152681634 -0.0077037354422916015 -0.0068790175942461543 -0.0013704426093841648 -0.0041077721564796409 0.00045124211392770112 -0.0031620645611528915 0.00024016383458355737 0.002171480419551325 0.0054979344538350758 -0.0005794751070436015 0.00073078895901976021 -0.00087511785022745476 -0.0019259019103908862
leaf_weight=4898.5258919745684 5306.8328070789576 3412.4298436045647 4199.360328450799 886.38382618129253 24201.170944154263 7004.0683384239674 10702.073016375303 2519.09629817307 956.84417161345482 6321.2884865701199 9000.5990795940161 822.00040403008461 24940.354763805866 14680.425712421536 1206.4388599693775 11433.405839234591 4138.3303577154875 497.26594699919224 308.3847736120224 13189.975747436285 883.58158093690872 31595.578370913863 3143.3791489899158 11602.681742057204 11574.530237883329 229.12840144336224 2415.7833669781685 31080.754570275545 16536.260301500559 1026.8917792290449
leaf_count=19689 21352 13778 17040 3570 97054 28272 43450 10183 3845 25682 36268 3306 100360 59381 4877 46144 16682 2001 1260 53117 3541 127601 12695 46761 46632 921 9727 125392 66705 4126
internal_value=1.16197e-06 -0.000338487 -0.000196994 -0.000596354 0.000337223 -0.0019543 0.000568456 0.00129622 0.000263623 -0.000151014 -0.000395873 -0.000174577 -0.000417226 0.000546576 0.00170544 0.000511473 0.000160206 -0.00141263 0.000783909 -0.00111192 -9.44637e-05 0.000169954 -0.00120265 0.00105424 0.00179111 -0.00187692 0.000658577 0.00030396 -0.000304266 0.0014945
internal_weight=260714 129620 119204 66360.5 131094 10416.5 100371 29598.6 70772.5 46409.3 61053.7 52053.1 30722.5 22208.2 7527.73 18896.5 16377.4 4635.6 11741.8 14012 25823.9 38041.1 6445.55 24363.2 12760.5 1185.97 3302.17 52843.3 21762.5 5226.25
internal_count=1051412 522949 480899 267636 528463 42050 404873 119720 285153 186994 246284 210016 123590 89940 30559 76270 66087 18683 47404 56423 103901 153593 25992 98159 51398 4766 13297 213263 87871 21166
cat_boundaries=0 1 2 3 4 5 6 7 8 9 10
cat_threshold=2 2 457 131 129 86 10 936 158 37
is_linear=0
shrinkage=0.03


Tree=103
num_leaves=31
num_cat=8
split_feature=32 40 24 30 51 27 37 28 25 53 45 25 24 35 53 25 1 28 28 41 43 46 44 22 45 22 36 37 24 0
split_gain=31.995 31.1846 40.3092 22.7197 24.2386 22.2904 18.7108 17.886 16.6595 19.0028 16.6356 16.0162 25.3519 19.8335 24.2973 18.4232 25.5546 18.3992 16.404 18.6947 19.5087 15.5557 15.491 15.4291 15.0323 14.8992 14.6739 14.6655 15.7675 13.7203
threshold=0.60797550000000011 0.14262250000000001 0 0.33772550000000007 0.019536500000000016 0.59392950000000011 0.17585450000000002 0.29787600000000009 1 9.2035674864217079 8.5000000000000018 2 3 0.24278750000000002 8.1138757641637529 4 8.5000000000000018 0.21063450000000003 0.18880950000000005 4015.5000000000005 0.17895850000000005 1.0000000180025095e-35 0.14744750000000004 5 5.5000000000000009 6 0.15462200000000001 0.14756550000000004 7 2019.5000000000002
decision_type=8 10 1 10 10 10 10 10 1 2 2 1 1 10 2 1 2 10 10 2 10 2 10 1 2 1 10 10 1 2
left_child=1 2 5 -4 -5 6 -1 11 9 -2 -9 12 15 14 -14 16 18 -18 -3 20 -20 22 27 -23 -16 -12 -6 28 -13 -10
right_child=8 7 3 4 26 -7 -8 10 29 -11 25 21 13 -15 24 -17 17 -19 19 -21 -22 23 -24 -25 -26 -27 -28 -29 -30 -31
leaf_value=-0.00047347451831345199 -0.00072635710897633074 -0.00040385530032617859 0.0016688836702481058 0.00047642726931886113 -0.0015891984912342208 -0.0078653376571841127 -0.0033169624530404291 -0.0013892526733402691 0.0017126937746980238 0.0047728723596745376 -0.0019416976737621037 0.0013690760713091455 0.00097621901263293719 -0.0023988154301260284 -0.00056011056892054658 1.614942547767676e-05 0.0033261923659908877 -0.0029522668797148668 -0.0012293037778309819 0.0010391502423176204 0.0059504031898742612 -0.00084178453320376482 0.00034737973843907083 -0.0024819932042755856 -0.0034763461444480529 -0.0098447963276385598 0.00054634292141505223 -0.0018803247193492781 -0.0015834173496164484 0.00053871832439120377
leaf_weight=8102.9962452799082 10932.416318997741 1041.1637632548809 11200.6337274611 60088.599912449718 9353.7497312426567 471.94280871748924 2817.1504886299372 8943.5365992933512 11922.109051123261 592.42086389660835 468.16453711688519 3600.340727314353 8185.2731098681688 4662.8002422302961 6108.304193675518 10048.786545336246 604.57002957165241 1343.3561851084232 379.82942670583725 1577.1644412428141 2757.4483230113983 18335.16274535656 15790.521888911724 7240.8228216171265 2165.9281663447618 415.74682095646858 4166.3226676434278 7906.1594964414835 2948.8275582790375 36640.047425791621
leaf_count=32544 44225 4202 45388 242071 37645 1892 11339 36227 49120 2388 1897 14459 32911 18731 24540 40387 2436 5393 1526 6334 11069 73703 63429 29142 8707 1710 16752 31722 11846 148112
internal_value=-2.31504e-05 -0.000205059 0.000184473 0.000409857 0.000217865 -0.0014895 -0.00121049 -0.000563857 0.000584011 -0.000439523 -0.00178286 -0.000436982 2.98885e-05 -0.000671473 -0.000180374 0.000865962 0.00196871 -0.000986151 0.00297737 0.00373024 0.00507126 -0.000762503 -0.000300782 -0.00130755 -0.0013281 -0.00571346 -0.00092892 -0.00101081 3.46647e-05 0.000827467
internal_weight=260812 200725 96201.4 84809.3 73608.7 11392.1 10920.1 104524 60087 11524.8 9827.45 94696.5 38874.6 21122.3 16459.5 17752.3 7703.53 1947.93 5755.61 4714.44 3137.28 55821.8 30245.8 25576 8274.23 883.911 13520.1 14455.3 6549.17 48562.2
internal_count=1051847 808002 387631 341856 296468 45775 43883 420371 243845 46613 39834 380537 156236 84889 66158 71347 30960 7829 23131 18929 12595 224301 121456 102845 33247 3607 54397 58027 26305 197232
cat_boundaries=0 1 2 3 4 5 6 7 8
cat_threshold=2 130 297 59 9 2 2 302
is_linear=0
shrinkage=0.03


Tree=104
num_leaves=31
num_cat=10
split_feature=32 45 18 26 30 39 18 0 25 25 0 9 24 44 19 25 1 36 30 36 36 7 24 25 24 7 45 24 39 47
split_gain=27.4265 26.089 21.3442 20.5158 18.9792 17.59 19.5291 17.1155 53.8163 47.799 18.8757 18.0237 15.4853 15.5537 15.3394 15.0776 18.9759 18.7971 20.4898 18.8767 15.9858 14.8034 14.2575 19.2059 14.2239 14.1803 18.5011 14.0039 14.796 14.2064
threshold=0.60928500000000019 8.5000000000000018 0 4509.5000000000009 0.37747650000000005 0.51000650000000014 1 2022.5000000000002 2 3 2020.5000000000002 1.0000000180025095e-35 4 0.31927300000000008 7.9500000000000011 5 9.5000000000000018 0.10117850000000002 0.33335150000000008 0.097249250000000009 0.070814900000000014 1.5000000000000002 6 7 8 1.5000000000000002 2.5000000000000004 9 0.50552050000000015 1.0000000180025095e-35
decision_type=8 2 1 2 10 8 1 2 1 1 2 2 1 10 2 1 2 10 10 10 10 2 1 1 1 2 2 1 10 2
left_child=1 2 -1 27 12 6 -2 9 -9 10 -6 -11 13 14 -4 20 17 18 -17 -20 -14 -7 23 -8 -12 26 -10 28 -3 -30
right_child=5 3 4 -5 7 21 22 8 25 11 24 -13 15 -15 -16 16 -18 -19 19 -21 -22 -23 -24 -25 -26 -27 -28 -29 29 -31
leaf_value=0.0020073889818587364 0.0033287132372297719 -0.0042236093085505667 -0.0015621452764193967 -0.003378751456853991 -0.005187184901750453 0.0011008820461408224 0.0004945197259746296 0.0028150302170925293 -0.0011767918161408033 0.001193710555590922 0.00046596962494005944 -0.0002450003076024846 0.0031274914426631614 -0.0023150333722085133 0.001274864879875628 0.0027000048556207355 -0.001525301716053242 0.00053352876393830705 -0.0010132461159409766 -0.0055620842287507381 -0.00082567997565626797 -4.9387879966639777e-05 -4.9764710208783059e-05 -0.0039926370907270425 -0.0038763300970297348 -0.00032888668640068946 -0.003211787166432251 -0.0012621931783705501 0.0040819943890879878 -0.00093621795700410209
leaf_weight=4208.7651457339525 1013.2119054496288 375.86780644953251 1878.0351681113243 3501.9461079537868 2059.947093501687 34756.797871172428 1296.0930114835501 2676.0156418383121 8739.568938985467 10919.452081680298 1589.9435843080282 27679.300336405635 949.05405928194523 1339.5880097597837 18574.397331118584 1121.0913431346416 5462.0227454304695 50926.821457341313 5787.9332507997751 960.79213072359562 25735.145462483168 14106.636884778738 5518.040237724781 2477.3245230019093 1158.5494224131107 5296.8358622938395 7559.1063595712185 10873.848062708974 1339.6107272207737 801.5139278024435
leaf_count=16939 4090 1516 7560 14086 8280 141416 5238 10763 35180 43951 6397 111263 3823 5374 75009 4559 21950 204914 23333 3871 103589 57161 22274 9970 4662 21332 30442 43794 5402 3226
internal_value=-3.73212e-05 -0.000204169 -0.00010073 -0.00133267 -0.000150211 0.000530406 -0.000594206 -0.000547395 -0.00118558 -0.000189799 -0.00300642 0.000161248 8.79615e-05 0.000806103 0.0010127 -8.38923e-05 0.000164667 0.000322268 -0.00104071 -0.00166748 -0.000683365 0.000768208 -0.00102863 -0.00244706 -0.00136813 -0.00168355 -0.00212285 -0.000794706 0.00121231 0.00219079
internal_weight=260683 201515 184622 16892.8 180414 59168.1 10304.7 67678.7 24271.5 43407.2 4808.44 38598.8 112735 21792 20452.4 90942.9 64258.7 58796.6 7869.82 6748.73 26684.2 48863.4 9291.46 3773.42 2748.49 21595.5 16298.7 13390.8 2516.99 2141.12
internal_count=1051364 811215 743191 68024 726252 240149 41572 272270 97717 174553 19339 155214 453982 87943 82569 366039 258627 236677 31763 27204 107412 198577 37482 15208 11059 86954 65622 53938 10144 8628
cat_boundaries=0 1 2 3 4 5 6 7 8 9 10
cat_threshold=64 96 2 2 72 548 588 309 872 72
is_linear=0
shrinkage=0.03


Tree=105
num_leaves=31
num_cat=8
split_feature=46 22 0 24 25 42 9 6 39 35 18 31 42 18 6 37 33 50 41 51 43 41 24 25 18 1 43 35 19 42
split_gain=28.0619 33.8812 36.1561 31.4247 30.0972 24.081 23.4656 24.2028 19.8854 19.6546 18.0001 19.407 17.4007 16.9795 19.6772 15.825 14.9206 19.3261 15.8644 19.8079 16.7589 14.7454 21.0219 33.0197 18.0743 18.665 14.8709 14.8282 14.6153 15.6302
threshold=1.0000000180025095e-35 0 2019.5000000000002 1 2 0.67427250000000016 4.5000000000000009 1.5000000000000002 0.49734950000000006 0.19597700000000004 3 0.45373150000000007 0.64343000000000006 4 2.5000000000000004 0.22585050000000004 0.57410300000000014 -0.17856399999999997 1258.5000000000002 0.002084000000000003 0.41078500000000001 5705.5000000000009 5 6 7 4.5000000000000009 0.14935450000000003 0.26699700000000004 49.850000000000001 0.45706550000000007
decision_type=2 1 2 1 1 10 2 2 10 10 1 8 8 1 2 10 8 8 2 10 10 2 1 1 1 2 10 10 2 10
left_child=16 2 3 -2 -5 6 13 -8 -7 -6 -3 -12 15 -4 -15 -13 21 -18 19 -19 -20 -1 -23 24 -24 -26 -27 28 -28 -30
right_child=1 10 5 4 9 8 7 -9 -10 -11 11 12 -14 14 -16 -17 17 18 20 -21 -22 22 23 -25 25 26 27 -29 29 -31
leaf_value=0.0003193109069958743 -0.0024563923623019358 -0.0018093163697410785 0.0013162838716282586 -0.0024164484805564903 0.0016278630104128967 -0.0075826962673604358 -0.00046110085450156785 -0.0031274458896321747 -0.0015149332410239991 0.0048060828959241852 -0.0011927147203065411 0 0.00601853337771529 9.955950854867931e-05 -0.0021692323390134168 0.0074278529875877021 -0.0032488441723753565 0.0015701830051489541 0.0018606244989018402 -0.00083629388184356627 -0.0011330553536958471 -0.0020273003314225488 0.0057342255369294218 -0.0015586188517298768 -0.0036252682097664009 -0.0054049750242021986 0.0057141628362780868 -0.0030333418656689972 -0.0047397729397041545 0.0027536446417737882
leaf_weight=82213.253578543663 1844.0533163696527 16984.233980208635 9459.6949438303709 1453.2683544903994 11973.940037757158 528.8144398778677 12272.557619825006 4097.9158408492804 6177.1128184944391 2067.0229058116674 8217.9457472115755 3744.2585778236389 594.45820079743862 46211.760738313198 3713.2540195584297 274.69596825540066 975.3965610563755 5386.1443271934986 17285.959372594953 7165.3351863771677 1849.5803704112768 6277.8236171156168 901.22444643080235 4879.7983040064573 642.04065361618996 227.14117847383022 1207.9378572851419 381.80216774344444 304.19397316873074 1316.8784781992435
leaf_count=330340 7415 68605 38061 5833 49037 2129 49341 16481 24883 8410 33266 15074 2390 186004 14944 1106 3932 22000 70488 29094 7517 25196 3625 19617 2584 909 4856 1537 1219 5299
internal_value=3.14627e-05 -0.000281375 -1.5947e-05 0.0012289 0.00167034 -0.000278088 -0.000125098 -0.00113083 -0.00200107 0.00209731 -0.00116873 -0.00031659 0.00123664 0.000151689 -6.86911e-05 0.000517913 0.000341187 0.000896901 0.00102576 0.000194123 0.00156957 0.00015631 -0.000672084 0.000189863 0.00190835 0.0010404 0.00192586 0.00245836 0.00321254 0.00132288
internal_weight=260629 129615 99799.4 17338.3 15494.2 82461.1 75755.2 16370.5 6705.93 14041 29815.6 12831.4 4613.41 59384.7 49925 4018.95 131015 32662.4 31687 12551.5 19135.5 98352.1 16138.8 9861.02 4981.22 4079.99 3437.95 3210.81 2829.01 1621.07
internal_count=1051192 522979 402538 70695 63280 331843 304831 65822 27012 57447 120441 51836 18570 239009 200948 16180 528213 133031 129099 51094 78005 395182 64842 39646 20029 16404 13820 12911 11374 6518
cat_boundaries=0 1 2 3 4 5 6 7 8
cat_threshold=2 2 2 129 113 676 810 114
is_linear=0
shrinkage=0.03


Tree=106
num_leaves=31
num_cat=9
split_feature=11 28 46 0 25 24 38 25 45 24 25 26 7 6 28 24 7 17 34 7 28 25 32 23 51 31 44 29 44 25
split_gain=29.5078 24.9204 20.3027 19.8924 29.5211 34.9982 19.6269 47.3246 15.8774 15.6197 16.1735 18.3601 15.5989 27.4834 15.4213 15.3536 14.8366 14.8125 14.6874 14.6307 16.6704 14.6125 14.1128 14.1016 17.013 16.5806 16.9923 14.018 13.953 13.9288
threshold=5.5000000000000009 0.17131250000000001 1.0000000180025095e-35 2020.5000000000002 0 1 10072.500000000002 2 1.5000000000000002 3 4 7744.5000000000009 1.0000000180025095e-35 1.5000000000000002 0.21911850000000002 5 1.5000000000000002 1.0000000180025095e-35 0.45095400000000002 1.0000000180025095e-35 0.22854650000000001 6 0.45665600000000001 7 0.017306000000000047 0.48370400000000008 0.17719900000000002 0.060167800000000007 0.12833950000000002 8
decision_type=2 8 2 2 1 1 2 1 2 1 1 2 2 2 8 1 2 2 8 2 8 1 8 1 10 10 10 8 10 1
left_child=1 9 6 4 -4 18 27 -8 19 10 15 23 22 -14 -7 -1 -16 -9 -6 20 21 28 -5 25 -25 26 -12 -2 -3 -11
right_child=2 8 3 12 5 14 7 17 -10 29 11 -13 13 -15 16 -17 -18 -19 -20 -21 -22 -23 -24 24 -26 -27 -28 -29 -30 -31
leaf_value=-0.004079286019651413 -0.0062029068979859003 -0.0029572167933602351 -0.0039133598422652384 -0.0033273254657176987 -0.0070404812613618136 0.00017398394660955922 0.0082897541362836735 -0.0037897297782035957 -0.00025787034025420014 0.00118139878093987 0.002601383594607353 -0.0013978940107605405 5.5992083851256141e-05 -0.0022970613361191004 0.0034250791825369106 0.00078799292108606435 -0.00044601516370708214 0.0024644181062214859 -0.0014564365195120223 0.0011646897848016104 -0.0005742524129267267 0.0013648401133937386 -0.0013326369511820874 0.0022203622225717627 -0.0023078692979192983 -0.00024208522832187718 0.0061354992659063698 -0.00010368690025619107 0.00049706011193814713 -0.00051870199534684606
leaf_weight=667.22923216223717 339.06056949496269 1547.690965488553 1612.0354861915112 5193.1964545994997 684.6931366622448 9630.9703886657953 838.91325470805168 694.98361369967461 80537.886750489473 8207.9653166681528 2764.1610886454582 1156.2344618141651 12713.577245235443 6864.6224160939455 3129.0917526036501 4068.8891843259335 1226.3170507252216 658.93638387322426 1158.530208542943 16187.684193611145 17465.788026481867 11116.362677156925 8513.1107240319252 3800.2417112588882 920.53850980103016 872.28162384033203 2273.0401822626591 43437.728680193424 3243.493545293808 9144.1526203602552
leaf_count=2704 1372 6220 6476 20923 2770 39083 3367 2792 323745 33598 11363 4737 51134 27668 12563 16700 4924 2647 4652 65076 70139 44756 34229 15686 3783 3625 9531 174786 13048 37285
internal_value=-5.41459e-05 0.000190833 -0.000469878 -0.00088369 -6.1177e-05 0.000332151 -1.25669e-05 0.00275443 1.87775e-06 0.000915585 0.00157572 0.00217076 -0.00131376 -0.000767743 0.000846861 8.66793e-05 0.00232869 -0.00071978 -0.00353588 0.00042457 6.46051e-05 0.000767904 -0.00209116 0.00256406 0.00133011 0.00354355 0.00420481 -0.000152034 -0.000612388 0.000284041
internal_weight=260669 163974 96695.8 50726.1 17441.6 15829.6 45969.6 2192.83 130099 33874.7 16522.6 11786.5 33284.5 19578.2 13986.4 4736.12 4355.41 1353.92 1843.22 49561 33373.3 15907.5 13706.3 10630.3 4720.78 5909.48 5037.2 43776.8 4791.18 17352.1
internal_count=1051382 661996 389386 204422 70468 63992 184964 8806 522984 139012 68129 48725 133954 78802 56570 19404 17487 5439 7422 199239 134163 64024 55152 43988 19469 24519 20894 176158 19268 70883
cat_boundaries=0 1 2 3 4 5 6 7 8 9
cat_threshold=2 2 522 705 546 512 642 2 817
is_linear=0
shrinkage=0.03


Tree=107
num_leaves=31
num_cat=6
split_feature=28 30 29 24 41 18 1 25 7 25 35 27 42 32 38 25 38 25 42 28 41 51 29 51 35 31 43 32 43 27
split_gain=24.0643 27.2202 22.1044 21.3746 24.9419 24.3963 21.2533 27.8527 18.4625 17.9429 17.6049 17.3665 22.9902 16.6378 14.9877 26.9272 18.3206 26.8306 15.2436 15.1448 14.7626 25.8055 29.9982 20.4063 18.8432 18.6009 15.3839 15.1274 14.4071 14.1386
threshold=0.12380750000000001 0.37368450000000003 0.15789750000000005 0 144.50000000000003 1 9.5000000000000018 2 1.5000000000000002 3 0.064665450000000027 0.6115115000000001 0.5013525000000002 0.56280350000000012 10650.500000000002 4 7904.5000000000009 5 0.5003915000000001 0.22745750000000001 5010.5000000000009 0.011115999999999961 0.1724765 0.012572500000000016 0.14745450000000002 0.46433250000000009 0.27058900000000002 0.5748565000000001 0.41538750000000008 0.42399500000000007
decision_type=8 8 10 1 2 1 2 1 2 1 8 10 10 10 2 1 2 1 10 10 2 10 10 10 10 10 10 8 10 8
left_child=8 2 3 6 -5 13 14 -8 -1 20 -11 29 -13 -6 16 -16 17 18 19 -2 21 22 26 24 -22 -25 -4 -24 -12 -3
right_child=1 11 9 4 5 -7 7 -9 -10 10 28 12 -14 -15 15 -17 -18 -19 -20 -21 23 -23 27 25 -26 -27 -28 -29 -30 -31
leaf_value=0.0020994841251466413 -0.0019844020739027625 -0.0022000718294087679 0.00045719255787109343 -0.0026256837002665715 0.0010796213304786449 0.00054573711869598113 0.0001248965097807874 -0.0049114190966752444 -0.00057837836302491303 -0.0033727257351201835 0.00059089693151604403 0.00071368884607445396 -0.0063600388989779573 0.0032975760665505324 0.011056470476834663 -0.0013496612699965447 -0.0024304397189441394 0.000440837458081283 -0.0036573051676230743 0.004382089183248992 -0.0093715939318449338 -0.0029540317321123236 0.0011379877281993522 -0.0029664367468231765 -0.0029250058994863617 0.0085519469780833569 -0.003414798712015164 0.0060303027818142119 -0.0019956989816920664 -0.00033174943536954472
leaf_weight=8108.7188097685575 971.49100455641747 3792.6441093236208 1618.6963975578547 1922.2549308985472 7235.7266621440649 51408.778032213449 2122.2735796123743 1824.0589387267828 3220.3488970994949 1247.5573777556419 17238.475348889828 688.9571303576231 1003.6218433976173 5331.077413931489 293.35725878179073 317.16665244102478 2569.7480414360762 35678.214736893773 2406.9715547561646 509.79009598493576 543.09618267416954 3480.6756185889244 3011.1098291873932 275.94037440419197 1742.6949604153633 224.48948499560356 2108.2526344507933 706.88906334340572 2177.1049040704966 96825.332725778222
leaf_count=33926 3897 15417 6530 7754 29127 207724 8527 7329 13295 5015 69274 2827 4057 21635 1177 1272 10312 143934 9647 2043 2179 13986 12098 1107 6988 902 8479 2849 8739 389111
internal_value=-1.62386e-05 -7.78164e-05 0.000183602 0.000387041 0.000734967 0.000836645 -0.000103495 -0.00220946 0.00133569 -0.000481841 7.54161e-05 -0.000453623 -0.00346685 0.00202186 9.03407e-05 0.00474573 2.18425e-05 0.000182043 -0.00217896 0.000190874 -0.00132271 -0.000822436 0.000170891 -0.00327545 -0.00448008 0.00216121 -0.00172605 0.00208032 0.000299049 -0.000402535
internal_weight=260606 249276 146966 112591 65897.8 63975.6 46693.1 3946.33 11329.1 34375 20663.1 102311 1692.58 12566.8 42746.7 610.524 42136.2 39566.5 3888.25 1481.28 13711.8 10925.6 7444.95 2786.22 2285.79 500.43 3726.95 3718 19415.6 100618
internal_count=1051157 1003936 592524 454378 266240 258486 188138 15856 47221 138146 83028 411412 6884 50762 172282 2449 169833 159521 15587 5940 55118 43942 29956 11176 9167 2009 15009 14947 78013 404528
cat_boundaries=0 1 2 3 4 5 6
cat_threshold=900 114 110 549 202 2
is_linear=0
shrinkage=0.03


Tree=108
num_leaves=31
num_cat=7
split_feature=32 18 23 22 0 24 39 44 32 11 24 26 26 24 8 30 34 27 7 30 6 34 40 24 11 37 51 43 6 19
split_gain=26.9469 26.0752 25.6782 33.262 24.3041 23.1787 28.6936 21.9946 21.0524 18.1638 17.0738 21.2612 16.6819 16.1526 16.0856 19.6549 15.7576 15.5259 16.6063 14.7877 14.336 15.2528 14.9267 13.7159 13.6751 13.1284 13.058 13.0241 12.7503 12.7482
threshold=0.60221200000000008 0 1 2 2019.5000000000002 3 0.52338750000000012 0.0019990850000000007 0.46694000000000008 7.5000000000000009 4 6162.5000000000009 132.50000000000003 5 1.0000000180025095e-35 0.38158100000000006 0.57388850000000013 0.59837050000000003 1.5000000000000002 0.39808250000000006 1.5000000000000002 0.37668350000000006 0.13389150000000002 6 1.0000000180025095e-35 0.20742150000000004 -0.00037750000000003053 0.16923200000000002 2.5000000000000004 98.550000000000011
decision_type=10 1 1 1 2 1 8 10 8 2 1 2 2 1 2 10 8 10 2 8 2 10 8 1 2 10 10 8 2 2
left_child=1 2 4 10 5 -1 -7 13 -8 -6 19 -12 -9 -2 -3 -16 20 24 29 -4 22 -22 23 -11 -14 -13 -10 -5 -29 -19
right_child=7 14 3 27 9 6 8 12 26 16 11 25 17 -15 15 -17 -18 18 -20 -21 21 -23 -24 -25 -26 -27 -28 28 -30 -31
leaf_value=-0.0022085878174061065 -0.0055240137063549575 -0.00052366529985265191 0.00057588769410267949 0.00063572843102400155 3.3790304381219191e-05 -0.0016518877735865404 0.0050333151111559317 -0.0021853965694129201 0.0028875453579508617 0.0040660816649543676 -0.00057559020517067034 -0.0035326546495198122 0.0017970812167507849 0.00085888135357924632 0.00094897834104611892 -0.0002486200895572535 0.0013691404606678782 0.0026993318976771359 -4.2370409872658047e-05 -0.0020214528288291693 -0.011390564969685038 -0.002840486388583802 -0.0017195301066776133 -0.00083753696279263864 0.00027414308778607753 0.00095904406571772211 -0.00021397319240652521 -0.0020748432168273992 -0.0053680140910495801 -0.0040709306422580518
leaf_weight=1434.3111854493618 901.38818280398846 16840.117368534207 15926.266408905387 1429.8751295655966 43399.646654471755 1672.4815236777067 2352.8780983537436 1803.2946216613054 2870.271005243063 858.54495538771152 25130.864694163203 3741.513763204217 6177.096089437604 574.16929963231087 35774.651032835245 18768.313270673156 1802.9964369833469 7699.4042573422194 3304.1505456566811 2245.778384193778 202.45166075229645 2731.8560406714678 6574.8707971423864 1226.6777423620224 38192.504472360015 681.07360433042049 2095.1961162686348 12816.935901597142 1167.6023237407207 252.68200097978115
leaf_count=5770 3628 67794 64103 5759 174566 6736 9495 7337 11749 3445 101033 15023 24986 2329 144030 75535 7259 32217 13648 9013 823 10984 26419 4928 153984 2731 8548 51715 4748 1035
internal_value=-9.89143e-06 -0.000174829 -0.00042728 -0.00086175 -1.87911e-05 0.00131197 0.00187786 0.000554482 0.00269153 -0.000263638 -0.000469555 -0.00091451 0.000647896 -0.00305486 0.000285802 0.000536342 -0.00122916 0.000740399 0.00173638 0.000252827 -0.00163605 -0.00345164 -0.00101642 0.00118546 0.000486948 -0.00283398 0.00157347 -0.00207378 -0.00235303 0.00247898
internal_weight=260650 201745 130362 63139.9 67222.2 10425.1 8990.83 58904.7 7318.35 56797 47725.5 29553.5 57429.1 1475.56 71383.1 54543 13397.4 55625.8 11256.2 18172 11594.4 2934.31 8660.09 2085.22 44369.6 4422.59 4965.47 15414.4 13984.5 7952.09
internal_count=1051370 812206 524847 254125 270722 42298 36528 239164 29792 228424 191903 118787 233207 5957 287359 219565 53858 225870 46900 73116 46599 11807 34792 8373 178970 17754 20297 62222 56463 33252
cat_boundaries=0 1 2 3 4 5 6 7
cat_threshold=131 2 2 2 90 362 184
is_linear=0
shrinkage=0.03


Tree=109
num_leaves=31
num_cat=6
split_feature=32 6 21 39 44 43 25 21 24 51 27 33 26 26 26 26 25 34 25 50 25 26 42 30 33 37 42 25 39 34
split_gain=22.3399 21.7674 18.0316 18.7579 18.0207 19.3175 16.1836 16.1356 16.076 19.7159 23.533 16.3401 23.4584 16.096 16.0065 15.9993 18.2383 17.6311 19.4395 15.6502 14.2214 14.4296 18.0184 17.2913 16.124 14.1655 13.7777 13.5506 20.3137 14.4069
threshold=0.33484850000000005 2.5000000000000004 0.36500000000000005 0.47748250000000009 0.15241950000000001 0.26735350000000008 0 0.085000000000000006 1 0.017841000000000055 0.58030850000000012 0.54559800000000014 8669.5000000000018 156.50000000000003 4293.5000000000009 4685.5000000000009 2 0.68090150000000016 3 0.03363349999999999 4 2524.5000000000005 0.56348250000000011 0.34513350000000004 0.52388600000000018 0.10851550000000001 0.70179100000000016 5 0.52315950000000011 0.36374550000000005
decision_type=8 2 2 10 10 10 1 2 1 10 10 8 2 2 2 2 1 10 1 10 1 2 10 10 10 10 10 1 10 10
left_child=4 2 3 -2 5 6 26 -8 11 15 -11 20 -13 -12 27 17 -17 -10 -19 -14 21 22 -4 -24 -23 -16 -1 28 -3 -29
right_child=1 14 8 -5 -6 -7 7 -9 9 10 13 12 19 -15 25 16 -18 18 -20 -21 -22 24 23 -25 -26 -27 -28 29 -30 -31
leaf_value=-0.0088198364011784977 -0.0030471101239136584 -0.0030209495291244493 0.001249331236807672 -0.00019669945898483809 0.00032289235842540462 -0.00094312211130558629 -0.0070337405758426307 -0.0002120621188667001 0.00097960821418165102 -0.00062346282211535526 -0.0054732666647523019 0.00032238167416337004 0.0056176645250642677 0.0022338758609959939 0.002380558577710089 -0.0010765389477941352 0.0008075108771831319 -0.0012240088102903239 0.0092424477047087158 -0.00024453698732422076 -9.1582473882122458e-05 -0.0017476767450894785 0.0022070722359525097 -0.0043822599442484809 -0.0063419162424698059 -0.0030784255766828934 -0.0025314754677000445 0.0042210669910147719 0.0045879680510220282 -0.00088151680041529789
leaf_weight=765.36387366056442 2173.5609402060509 443.31743174791336 2869.8773455321789 47018.294726327062 6765.3786616325378 10443.500032246113 400.78400704264641 1419.1054267287254 59017.945525243878 19904.413799777627 254.01041854918003 22190.2965695858 1310.6095470637083 4210.3417971283197 472.90123715996742 7794.6527950912714 11324.687402203679 236.37007917463779 461.12143389880657 581.44197505712509 34472.370190650225 3900.9401355981827 484.67135964334011 1305.9947448670864 843.66317343711853 3838.6835641562939 562.73261712491512 512.25170363485813 1052.2574571222067 13609.745862305164
leaf_count=3097 8741 1786 11528 189305 27180 42143 1618 5725 238671 80048 1044 89810 5322 17356 1911 31475 45722 1030 2021 2358 138376 15649 1945 5248 3391 15442 2271 2075 4242 54862
internal_value=1.55152e-05 9.64739e-05 0.00018246 -0.000323434 -0.00093849 -0.0015685 -0.00363082 -0.00173043 0.000328031 0.000563942 -0.000180789 -2.98676e-05 0.000597509 0.00178526 -0.000852652 0.000794597 3.76556e-05 0.00103643 0.0057771 0.0038028 -0.000374914 -0.00140825 -0.000216757 -0.00258132 -0.00257441 -0.00247148 -0.00614347 -0.000403427 0.00229567 -0.000692957
internal_weight=260641 240284 220355 49191.9 20356.9 13591.5 3147.99 1819.89 171163 103204 24368.8 67959.9 24082.3 4464.35 19929.2 78834.8 19119.3 59715.4 697.492 1892.05 43877.5 9405.15 4660.54 1790.67 4744.6 4311.58 1328.1 15617.6 1495.57 14122
internal_count=1051392 969358 889040 198046 82034 54854 12711 7343 690994 417367 98448 273627 97490 18400 80318 318919 77197 241722 3051 7680 176137 37761 18721 7193 19040 17353 5368 62965 6028 56937
cat_boundaries=0 1 2 3 4 5 6
cat_threshold=169 418 676 802 516 32
is_linear=0
shrinkage=0.03


Tree=110
num_leaves=31
num_cat=7
split_feature=46 22 0 24 35 25 43 31 18 42 39 9 28 11 8 42 26 25 26 35 24 25 1 42 43 27 28 32 35 28
split_gain=24.6703 38.7048 36.0708 24.2704 27.2239 24.1702 24.0028 30.1286 22.6987 21.8579 17.4679 17.4508 15.7183 15.552 16.8233 15.5277 19.6981 17.2803 16.5746 14.8187 14.175 21.3385 16.0258 15.9797 14.3577 17.9349 14.2486 14.0335 18.0076 13.8827
threshold=1.0000000180025095e-35 0 2019.5000000000002 1 0.19597700000000004 2 0.30720150000000007 0.50012800000000002 3 0.67749550000000014 0.49657750000000006 4.5000000000000009 0.11321200000000002 15.500000000000002 1.5000000000000002 0.49060050000000005 12414.500000000002 4 5624.5000000000009 0.39753100000000008 5 6 9.5000000000000018 0.50505250000000013 0.23365300000000003 0.59392950000000011 0.30671100000000007 0.43779750000000006 0.24698650000000003 0.31608550000000007
decision_type=2 1 2 1 10 1 8 10 1 10 10 2 10 2 2 8 2 1 2 8 1 1 2 10 10 10 10 8 10 10
left_child=6 2 3 -2 5 -5 7 12 -3 11 -11 -4 -1 14 19 17 -17 18 -8 -13 21 22 24 -24 25 29 -26 28 -23 -14
right_child=1 8 9 4 -6 -7 15 -9 -10 10 -12 13 20 -15 -16 16 -18 -19 -20 -21 -22 27 23 -25 26 -27 -28 -29 -30 -31
leaf_value=0.0030758693949008778 -0.0020157647968481224 -0.00019802641569071277 0.00011369808524146786 -0.0010501117045864242 0.0046748000862708141 0.0018637528946800052 7.7087891870611532e-05 -0.0023710770980028828 -0.0019005866484569499 -0.0073485915861869009 -0.0014829890894894309 -0.0022822946691529473 0.0045712002700926992 0.0015031276495366653 7.9609309501745606e-05 -0.00066279915740898672 0.0067458517299050797 0.0011074287001200057 -0.0030535260487943375 0.0046278851605038628 0.0004018838080661155 -0.0028351808438550389 -0.0084895928117629318 0.0012023126886246858 0.0022915775527168184 -0.0037855547000510978 -0.0049563799880639244 0.0011164530332236789 0.0024413625732595439 0.012758379480497573
leaf_weight=2559.6356216967106 1827.431610763073 11600.616065040231 59606.036119863391 3447.2180550843477 2255.012808650732 9790.6056209653616 7207.6613482087851 2859.441349491477 18158.700588643551 496.04215727746487 5983.8479918688536 9209.6797970682383 2738.5278846174479 1966.6972096860409 4948.3169502168894 32884.170788347721 322.55590255558491 13569.829224795103 1920.7352634072304 282.5512160807848 49164.511159852147 1977.149739086628 211.70566593110561 519.37794680893421 3481.2553505301476 210.47234818339348 257.35417349636555 10101.148774087429 816.27972148358822 203.69201615452766
leaf_count=10836 7350 46872 239926 14014 9172 40123 29051 11519 73374 1998 24109 37037 11032 7908 19897 132270 1328 54639 7711 1136 197981 7956 859 2095 14088 873 1048 40857 3285 822
internal_value=4.21186e-06 -0.000289181 -5.7522e-06 0.00123844 0.00162478 0.00110325 0.000294625 0.000645058 -0.0012387 -0.000267381 -0.00193983 -0.000124345 0.000764951 -0.000990825 -0.0013328 -0.000175605 -0.000589328 0.000428333 -0.000578503 -0.00207205 0.000679504 0.00134229 0.00260109 -0.00158661 0.00305398 0.00455083 0.00178106 0.000593983 -0.00128161 0.00516061
internal_weight=260578 129573 99813.4 17320.3 15492.8 13237.8 131006 75100.6 29759.3 82493.2 6479.89 76013.3 72241.1 16407.2 14440.5 55905 33206.7 22698.2 9128.4 9492.23 69681.5 20517 7622.39 731.084 6891.3 3152.69 3738.61 12894.6 2793.43 2942.22
internal_count=1051166 522916 402670 70659 63309 54137 528250 303251 120246 332011 26107 305904 291732 65978 58070 224999 133598 91401 36762 38173 280896 82915 30817 2954 27863 12727 15136 52098 11241 11854
cat_boundaries=0 1 2 3 4 5 6 7
cat_threshold=2 2 131 46 676 82 216
is_linear=0
shrinkage=0.03


Tree=111
num_leaves=31
num_cat=5
split_feature=45 21 27 32 30 33 33 24 28 42 24 25 25 33 28 27 21 43 42 26 35 33 51 40 31 26 38 51 24 40
split_gain=23.5091 21.3228 22.7638 20.4074 18.1791 18.9049 16.2271 15.9809 15.3177 14.656 15.045 27.4368 21.7525 17.2081 18.0366 16.4284 15.5429 14.5812 15.6891 14.9927 13.7024 13.1343 13.8258 13.0844 12.942 12.9164 12.7269 12.6163 12.4608 18.0643
threshold=10.500000000000002 0.90500000000000014 0.5709725000000001 0.51595900000000017 0.42425650000000009 0.41915500000000006 0.26726200000000006 0 0.12581150000000005 0.47588000000000003 1 2 3 0.57809900000000003 0.21167650000000002 0.44447350000000002 1.2850000000000004 0.37242750000000008 0.54220550000000012 7061.5000000000009 0.030536100000000004 0.59621350000000006 -0.032927500000000019 0.1605695 0.50847700000000018 608.50000000000011 526.50000000000011 -0.12145249999999998 4 0.13370650000000003
decision_type=2 2 8 10 10 10 10 1 10 10 1 1 1 10 10 10 2 10 10 2 10 8 10 10 10 2 2 10 1 10
left_child=1 3 8 20 23 -6 -2 -7 -3 -10 12 17 -11 14 -13 16 -14 18 19 21 -1 22 -12 -5 28 -18 -25 -8 -22 -30
right_child=6 2 -4 4 5 7 27 -9 9 10 11 13 15 -15 -16 -17 25 -19 -20 -21 24 -23 -24 26 -26 -27 -28 -29 29 -31
leaf_value=-0.0019390663167541602 0.005895516241569634 0.0055468366663510077 0.0012217815194989546 0.00044419821693969888 0.0061086115141288462 -0.0092264195712229661 -0.0069775118009236569 -0.0019406098183677113 0.00086023744590954217 0.0013096542469368583 0.0016354961466863319 0.00056904445937285063 -0.0081032282973315158 -0.0031055343399040659 -0.0013552166088497317 -5.8029230538527778e-05 0.0049718362167343929 0.0028636480515412872 0.0010200745643813847 -0.005407546546369847 -0.0010899652879750197 0.0052143458034653025 -0.0023648437171788963 0.0010926666943695768 0.0031379721918099752 -0.0035673701612983035 -0.001539984538927333 -0.0012708285965835869 0.00090525981966065256 -0.00052351006798291274
leaf_weight=5836.0448334217072 272.97400172054768 467.52710612118244 22460.015169873834 57634.24324066937 228.77551397681236 298.7169576138258 359.2294507920742 2504.1870774179697 18638.064759165049 13369.271481156349 1148.1256312429905 6259.5986180007458 451.45705875754356 3313.3372198045254 14478.551831156015 13476.372915908694 221.39658525586128 2124.2070904076099 7323.4252276718616 658.16875992715359 20129.737184852362 326.06650629639626 2358.0404074788094 2251.5681053102016 902.08058059215546 537.97441554069519 6091.8750311881304 11875.012957155704 10379.539644733071 34087.038430809975
leaf_count=23535 1104 1897 92156 233296 923 1200 1448 10084 74830 53773 4608 25156 1837 13328 58135 54129 894 8536 29416 2645 80991 1312 9466 9105 3623 2197 24505 47853 41763 136999
internal_value=-9.61212e-06 5.42903e-05 0.000372084 -0.000189173 0.000178298 -0.00209086 -0.00127858 -0.00277661 0.000147576 0.000117217 -9.20369e-05 -0.000481445 0.000434179 -0.00109543 -0.000772953 -0.000361149 -0.00370461 0.000575929 0.000161908 -0.00123075 -0.00054508 -0.000501916 -0.00104607 0.000283111 -0.000420332 -0.00102862 -0.000825803 -0.00144251 -0.000470631 -0.000189246
internal_weight=260463 247955 107612 140344 69009.4 3031.68 12507.2 2802.9 85151.6 84684.1 66046 37989.5 28056.5 24051.5 20738.2 14687.2 1210.83 13938 11813.8 4490.4 71334.4 3832.23 3506.17 65977.7 65498.4 759.371 8343.44 12234.2 64596.3 44466.6
internal_count=1050744 1000339 434315 566024 279113 12207 50405 11284 342159 340262 265432 152602 112830 96619 83291 59057 4928 55983 47447 18031 286911 15386 14074 266906 263376 3091 33610 49301 259753 178762
cat_boundaries=0 1 2 3 4 5
cat_threshold=514 538 225 604 530
is_linear=0
shrinkage=0.03


Tree=112
num_leaves=31
num_cat=6
split_feature=39 25 3 28 31 33 35 50 24 1 0 24 0 25 46 24 19 50 53 25 28 33 50 44 42 33 53 34 44 35
split_gain=29.7598 19.8609 19.3949 19.9867 19.117 17.0922 20.3896 20.6739 21.3253 15.0181 17.2005 17.3294 14.604 64.0822 28.6076 22.1148 20.7792 16.7937 16.0814 40.8015 14.3928 18.7239 14.3465 15.0698 13.9575 21.8629 13.8014 23.7256 13.706 22.3256
threshold=0.47748250000000009 0 3.5000000000000004 0.10738100000000002 0.43165300000000001 0.49339900000000009 0.10042000000000002 0.075113000000000027 1 8.5000000000000018 2020.5000000000002 2 2023.5000000000002 3 1.0000000180025095e-35 4 87.65000000000002 0.068730499999999986 9.2312698139584572 5 0.30168150000000005 0.60030500000000009 -0.19079349999999998 0.0027126550000000004 0.59027200000000013 0.45951650000000005 5.2907859277095151 0.41139800000000004 0.17494000000000004 0.25105050000000007
decision_type=8 1 2 8 10 10 8 10 1 2 2 1 2 1 2 1 2 10 2 1 8 10 8 10 8 8 2 8 10 10
left_child=1 -1 4 -4 28 6 -6 8 -8 -7 11 -11 18 14 16 17 -14 -15 20 -20 22 -22 23 -5 -3 -26 27 -24 -2 -30
right_child=2 24 3 12 5 9 7 -9 -10 10 -12 -13 13 15 -16 -17 -18 -19 19 -21 21 -23 26 -25 25 -27 -28 -29 29 -31
leaf_value=-0.0029910424478188091 -0.00087679231171346791 -0.0014273307075465238 0.0020984803379671796 0.0040025802440871693 -0.0022879232966609535 0.0013410619366817091 -0.0020808872948104708 -0.0036995533152211898 0.0011106139868985378 0.0079383738312748045 -0.00097267103362649572 0.00093466272738109584 0.0041153208692336204 4.5764378672602951e-06 4.9297607495270315e-05 -0.001649089681888063 0.01230239814503763 0.0058519354023550806 0.0079166301570468781 -0.0029175470171777305 -0.0017156548686189774 0.0062278529539690347 0.0096552451152239968 -0.0017706669024501853 -0.0037375247643076392 0.0037590519628956762 -5.6023591057821842e-05 0.00096292446693631935 0.00012928692534905641 0.0053896915103208536
leaf_weight=4994.6830912679434 15335.726181447506 3708.738956540823 3383.0764341056347 429.16047957539558 3112.2623505741358 30818.467019096017 2187.8957905620337 1049.4258303940296 12948.527084365487 347.06577827036381 6104.5792923122644 2978.6848234534264 1249.9275849610567 2213.7774337232113 1326.4932025969028 22543.713280543685 367.57183694839478 552.58510619401932 713.61586533486843 537.66823302209377 7129.903559550643 273.09975647926331 294.3575161844492 6335.2080929726362 468.53029841184616 1330.9348241686821 112199.32339034975 6205.5477579832077 8664.639025002718 791.03067147731781
leaf_count=20067 61813 14934 14173 1728 12503 124889 8782 4215 52039 1428 24595 12112 5018 8924 5338 90704 1475 2224 2871 2164 28837 1100 1182 25460 1899 5366 451969 25080 35216 3193
internal_value=-5.91073e-05 -0.00162329 6.48062e-06 -0.000181846 0.000376958 0.000668546 -6.40144e-05 0.000362097 0.000646355 0.00102051 -2.39695e-05 0.00170771 -0.00022958 -0.000849557 0.00332793 -0.00133778 0.00601365 0.00118423 -9.87318e-05 0.00328135 -0.000130863 -0.00141616 -5.47528e-05 -0.00139834 -0.000370554 0.00178754 2.15956e-05 0.00136545 -0.000322197 0.000574097
internal_weight=260596 10502.9 250093 165755 84338.3 59546.9 19298.1 16185.8 15136.4 40248.8 9430.33 3325.75 162372 28254.1 2943.99 25310.1 1617.5 2766.36 134118 1251.28 132867 7403 125464 6764.37 5508.2 1799.47 118699 6499.91 24791.4 9455.67
internal_count=1051298 42266 1009032 668247 340785 240563 77539 65036 60821 163024 38135 13540 654074 113683 11831 101852 6493 11148 540391 5035 535356 29937 505419 27188 22199 7265 478231 26262 100222 38409
cat_boundaries=0 1 2 3 4 5 6
cat_threshold=2 2 64 2 2 778
is_linear=0
shrinkage=0.03


Tree=113
num_leaves=31
num_cat=5
split_feature=39 0 25 23 45 40 41 7 17 46 40 41 27 42 1 35 33 27 51 53 3 50 27 51 42 18 25 8 30 18
split_gain=24.5688 25.8944 38.8169 26.1034 23.305 20.9963 20.9031 19.4921 25.6196 22.348 23.909 22.27 23.4418 20.1672 19.5571 19.4834 19.6578 19.3555 19.0332 19.0134 17.9957 17.7864 17.542 17.4786 17.3747 17.1595 14.41 14.3111 15.468 15.7939
threshold=0.47748250000000009 2019.5000000000002 0 1 9.5000000000000018 0.15364250000000004 4744.5000000000009 1.0000000180025095e-35 1.0000000180025095e-35 1.0000000180025095e-35 0.14868750000000003 594.50000000000011 0.57954000000000006 0.40745350000000008 6.5000000000000009 0.23271750000000002 0.64573200000000008 0.58616950000000012 -0.0007509999999999738 5.7186697390068177 4.5000000000000009 -0.18527599999999994 0.60220900000000011 0.067984000000000058 0.66596150000000021 2 3 1.5000000000000002 0.38158100000000006 4
decision_type=8 2 1 1 2 10 2 2 2 2 8 2 10 10 2 10 10 10 10 2 2 10 8 10 10 1 1 2 10 1
left_child=-1 2 22 15 7 -5 27 9 -9 10 -3 12 -10 -12 -13 16 18 -16 19 -4 -11 -17 -2 -15 -14 -22 -7 28 29 -6
right_child=1 4 3 5 6 26 -8 8 11 20 13 14 24 23 17 21 -18 -19 -20 -21 25 -23 -24 -25 -26 -27 -28 -29 -30 -31
leaf_value=-0.0013797686825718187 -0.0022024658348683054 0.00072118108647119164 0.0042928426798977777 -0.0002536291630482115 0.0035287558519836873 0.0076630210624296057 -0.0032621069069229168 -9.5671471149867194e-05 -6.1164296342385797e-05 -3.2260984653911093e-05 -0.0053012059009327648 0.0017621622802783804 -0.0027153206718050393 -0.00071913881752549156 0.00019783586603976978 0.012029497493936914 0.0041646230304542694 0.0031137577388897632 0 0.0012476517656235581 -0.00061814010390670322 0.0035925349048527419 0.0019402585997039196 0.003967667932884153 -0.012209437747432153 -0.0022176339710770878 0.00064034359410020363 0.00086822366730748282 -0.0028801497654188397 -0.001013323429399141
leaf_weight=10511.274677455425 4802.1093124896288 28179.770152240992 2578.9943951666355 11096.307906270027 827.81859911978245 517.13331063091755 3322.7773276269436 59703.080717161298 5937.1813295483589 17702.48119661212 823.6813622713089 20052.932200580835 696.14470259845257 14237.983932897449 21101.180364772677 268.18578591942787 2353.2082630097866 2270.3373936116695 6687.0776550620794 6653.1256879717112 14651.756715461612 1511.8183704316616 1127.7246923744678 749.62682002782822 235.42860171198845 10376.918064966798 561.155068770051 4084.8733573704958 3306.6068664342165 3787.5929762721062
leaf_count=42301 19350 113545 10531 45201 3330 2105 13378 240396 23853 71369 3314 80760 2819 57244 84794 1089 9916 9307 27224 27139 58990 6155 4657 3027 951 41772 2284 16445 13339 15239
internal_value=4.06816e-05 0.000100491 0.000819947 0.00123071 -2.88387e-05 0.000132618 -0.00115545 5.88187e-05 0.000324099 -0.000277309 0.000196786 0.00082298 -0.000761495 -0.000735884 0.00107433 0.00189641 0.00160155 0.000482739 0.00122007 0.00210269 -0.000766064 0.00489862 -0.0014066 -0.000481973 -0.00517828 -0.00128381 0.00412478 -0.000569294 -0.00131436 -0.000184952
internal_weight=260716 250205 38156.8 32227 212048 12174.6 15329.7 196719 109996 86722.2 43991.1 50293.2 6868.75 15811.3 43424.4 20052.4 18272.4 23371.5 15919.2 9232.12 42731.2 1780 5929.83 14987.6 931.573 25028.7 1078.29 12006.9 7922.02 4615.41
internal_count=1051824 1009523 155651 131644 853872 49590 61731 792141 442880 349261 177130 202484 27623 63585 174861 82054 74810 94101 64894 37670 172131 7244 24007 60271 3770 100762 4389 48353 31908 18569
cat_boundaries=0 1 2 3 4 5
cat_threshold=3 2 212 616 102
is_linear=0
shrinkage=0.03


Tree=114
num_leaves=31
num_cat=6
split_feature=46 23 0 24 35 28 45 44 44 26 6 7 11 51 26 37 24 26 23 44 18 44 1 28 35 1 50 0 24 11
split_gain=24.8787 30.8264 27.1449 21.3875 19.4792 18.102 17.0916 16.4067 15.8547 21.3827 16.3046 19.0701 17.3985 15.577 18.5457 16.9114 15.5752 21.037 19.3861 25.0635 20.5823 18.3526 16.8847 16.2446 16.9748 15.2739 14.8925 14.8756 32.6238 18.7812
threshold=1.0000000180025095e-35 0 2019.5000000000002 1 0.19456700000000002 0.17804550000000005 9.5000000000000018 0.24205850000000004 0.026545500000000003 4293.5000000000009 2.5000000000000004 1.0000000180025095e-35 5.5000000000000009 0.0031770000000000413 581.50000000000011 0.15005050000000003 2 6477.5000000000009 3 0.37834700000000004 4 0.072168150000000014 8.5000000000000018 0.34967450000000005 0.16740450000000004 9.5000000000000018 0.047938000000000015 2022.5000000000002 5 13.500000000000002
decision_type=2 1 2 1 10 8 2 10 8 2 2 2 2 10 2 10 1 2 1 8 1 10 2 8 10 2 10 2 1 2
left_child=5 2 3 -2 7 13 -3 -5 9 -4 11 -10 -12 -1 15 -15 23 18 19 20 21 -18 -19 24 27 -23 -9 29 -29 -7
right_child=1 6 8 4 -6 16 -8 26 10 -11 12 -13 -14 14 -16 -17 17 22 -20 -21 -22 25 -24 -25 -26 -27 -28 28 -30 -31
leaf_value=0.0015049107331233692 -0.0019739029446874659 -0.00090826243295912663 -0.0020702499652237331 0.0015829582172629665 0.0040104844262752251 0.00083732207669342683 -0.003687827731680718 -0.0022148767595030314 -0.00055929433609501998 0.0070948624761772872 -0.00030887268645592955 0.00043757548832324241 -0.0036235778899518238 -0.00044615849792456274 0.00079835414669575139 -0.0056252594326510284 -0.00097860057690260993 -0.0007807905594310906 -0.0003109404931561445 -0.0094596940585679554 -0.0014595361584280357 0.0023534012704647801 -0.0039383653275756421 -0.0033804599496640745 -0.00013573985652480026 -0.0019591268885719056 0.0023028303234159252 0.0044905958901691181 0.00075360649960680664 -0.0039912609966854754
leaf_weight=18545.42713983357 1840.9545742422342 27702.201438844204 5864.3327807337046 10066.318630889058 2258.8034025728703 14921.709920808673 2152.7212029993534 2240.4571315348148 30352.479418218136 234.20138317346573 3638.7964383214712 40062.63303206861 2364.3392956107855 1768.8372179418802 7523.6856423914433 843.20871356129646 2150.7327434718609 6025.014615431428 38528.46890360117 202.3875939399004 2413.3672143816948 10214.676695540547 2055.4392267018557 897.23009949922562 14161.349542677402 786.91004419326782 920.49622289836407 3329.286289870739 5777.0120965987444 757.33353668451309
leaf_count=75828 7405 111899 23659 41202 9198 59954 8748 9163 122157 939 14645 161206 9519 7226 30878 3419 8639 24201 154582 816 9692 41023 8254 3648 56867 3161 3759 13467 23203 3041
internal_value=3.0064e-05 -0.000264284 -1.10624e-05 0.001068 0.00143221 0.000321934 -0.00111004 0.000989926 -0.000238039 -0.00171005 -0.000120111 7.44256e-06 -0.00162052 0.000988072 3.92847e-05 -0.00213406 0.000134712 -0.000160886 5.1121e-05 0.000937592 0.0010765 0.00154429 -0.00158886 0.000598102 0.000690934 0.00204176 -0.000888865 0.00116443 0.00212994 0.000601459
internal_weight=260601 129699 99843.8 17327 15486.1 130902 29854.9 13227.3 82516.8 6098.53 76418.2 70415.1 6003.14 28681.2 10135.7 2612.05 102221 62377 54296.5 15768.1 15565.7 13152.3 8080.45 39843.9 38946.7 11001.6 3160.95 24785.3 9106.3 15679
internal_count=1051398 523499 402852 70727 63322 527899 120647 54124 332125 24598 307527 283363 24164 117351 41523 10645 410548 250368 217913 63331 62515 52823 32455 160180 156532 44184 12922 99665 36670 62995
cat_boundaries=0 1 2 3 4 5 6
cat_threshold=2 2 90 2 202 2
is_linear=0
shrinkage=0.03


Tree=115
num_leaves=31
num_cat=12
split_feature=39 30 25 25 24 34 34 0 23 27 51 25 50 28 27 24 28 18 26 37 34 40 44 24 25 29 24 24 37 25
split_gain=23.9487 21.2191 20.6637 19.6967 39.2876 24.1898 19.4975 17.4363 27.6998 17.2547 17.399 19.3221 21.0133 16.8067 19.2721 15.522 23.6854 13.4676 13.4641 12.4204 12.4015 16.4121 16.1433 12.3584 16.0359 12.2664 12.1987 11.8318 11.5958 13.2002
threshold=0.47748250000000009 0.36770300000000006 0 1 2 0.59147600000000011 0.47637100000000004 2019.5000000000002 3 0.61871000000000009 -0.022647500000000039 4 -0.069437499999999971 0.30467200000000011 0.49959550000000003 5 0.31816550000000005 6 2762.5000000000005 0.13403200000000001 0.37053000000000008 0.12907450000000001 0.2142145 7 8 0.083342150000000018 9 10 0.12278750000000001 11
decision_type=8 10 1 1 1 8 10 2 1 10 8 1 8 10 10 1 10 1 2 10 8 8 10 1 1 10 1 1 10 1
left_child=2 3 -1 4 5 -2 -5 8 9 10 26 12 -12 14 23 16 17 -8 -6 28 21 -9 -23 24 -10 -17 -3 -21 29 -16
right_child=1 7 -4 6 18 -7 15 20 13 -11 11 -13 -14 -15 19 25 -18 -19 -20 27 -22 22 -24 -25 -26 -27 -28 -29 -30 -31
leaf_value=-0.0028399500324298122 -0.00030314408191707451 0.00026538604274981285 -0.00016683183322940124 -0.00040546421908470054 -0.0015916810305820716 0.0039683531146544691 0.0022458709915519062 0.0040171320414756542 0.011040591026189409 0.0052910097130535469 0.010521995889652826 -0.00043037764528012281 0.0015942497405968365 -0.0076603560674348859 0.0015117108703862014 -0.006305953050034974 0.008839924893375364 0.00072032073593779127 -0.0047552615165301296 -0.0011747036483754387 -0.0003560381835781016 -0.0032152531973444636 0.0049069767264685298 0.00054673454577985913 0 0.00024876852494067195 0.0048788344055844717 -0.0061210310757646913 0.0029565470422874868 -0.0027813291030380515
leaf_weight=5005.5261960476637 6144.1677832901478 792.42699071764946 5475.5748159438372 21882.503356814384 3031.200018003583 1475.0211002975702 6016.5365559607744 356.00584922730923 271.53603200614452 1033.5400898605585 300.7898216098547 5294.2582905441523 1147.7976185381413 306.37036064267159 993.50805898010731 255.01374685764313 340.4704525321722 40015.737635403872 2066.9914751797915 1032.9230959564447 98779.772995963693 3369.1944337189198 230.20311088860035 1104.4838287681341 220.458979845047 48789.807329893112 1603.4311726987362 789.25082549452782 755.35680410265923 1763.4722203165293
leaf_count=20112 24729 3200 22068 87892 12283 6046 24408 1437 1088 4436 1221 21421 4664 1241 4048 1043 1372 162328 8344 4181 397250 13717 927 4447 884 196890 6482 3203 3057 7181
internal_value=-4.49066e-05 1.3844e-05 -0.00144963 0.000279553 -0.000840587 0.000520405 0.000401308 -0.00027345 0.000603703 0.00161386 0.00119311 0.000407215 0.00346277 -0.000812025 -0.000501799 0.000586692 0.000980287 0.000921143 -0.0028766 -0.00137078 -0.000422398 -0.00207052 -0.00268381 0.00238019 0.00626957 0.000213648 0.00338913 -0.00338009 -0.000317832 -0.00122805
internal_weight=260643 250162 10481.1 130017 12717.4 7619.19 117300 120145 17409.6 10172.2 9138.7 6742.85 1448.59 7237.36 6930.99 95417.6 46372.7 46032.3 5098.19 5334.51 102735 3955.4 3599.4 1596.48 491.995 49044.8 2395.86 1822.17 3512.34 2756.98
internal_count=1051600 1009420 42180 525335 51402 30775 473933 484085 70754 41424 36988 27306 5885 29330 28089 386041 188108 186736 20627 21670 413331 16081 14644 6419 1972 197933 9682 7384 14286 11229
cat_boundaries=0 1 2 3 4 5 6 7 8 9 10 11 12
cat_threshold=2 512 334 2 272 115 70 204 929 522 992 172
is_linear=0
shrinkage=0.03


Tree=116
num_leaves=31
num_cat=5
split_feature=21 28 39 24 24 54 29 30 27 33 27 37 38 25 9 50 1 33 25 24 40 29 42 54 28 32 44 54 40 21
split_gain=23.7017 20.5099 15.1475 22.046 16.1427 25.5867 25.656 19.328 18.0241 17.1802 16.4002 23.0375 18.3068 19.3339 15.04 14.4627 14.5256 17.8938 17.8383 18.0697 23.3456 17.176 17.6635 21.2736 14.7009 14.3493 14.2703 13.6969 20.4683 13.4989
threshold=0.87500000000000011 0.24708250000000001 0.52147250000000012 0 1 8.5749902856882709 0.14184750000000004 0.3692275000000001 0.57182450000000007 0.56374150000000012 0.51982500000000009 0.085410200000000019 3378.5000000000005 2 6.5000000000000009 -0.050019500000000015 5.5000000000000009 0.42880150000000006 3 4 0.13981450000000004 0.14924050000000003 0.51327600000000018 6.8971996373756754 0.16762750000000001 0.68444800000000006 0.20810850000000003 7.9876942879672272 0.14160850000000005 0.25500000000000006
decision_type=2 10 8 1 1 2 10 10 8 10 10 8 2 1 2 8 2 10 1 1 10 10 10 2 10 10 10 2 8 2
left_child=2 15 3 -1 8 7 -7 -6 9 -4 11 -9 14 -14 27 -2 17 -17 19 -19 -21 26 24 -24 -23 -15 -20 -13 -29 -8
right_child=1 -3 4 -5 5 6 29 10 -10 -11 -12 12 13 25 -16 16 -18 18 21 20 -22 22 23 -25 -26 -27 -28 28 -30 -31
leaf_value=0.00064684549130623057 -3.4996123250454102e-05 -0.00029355466215620927 -0.0012784838482813082 -0.00095266822044943122 0.000823824803015058 0.00041253819471869852 -0.0058100810178471273 -0.0036899256853024855 -0.0048334481737175071 0.0023350147800164003 -0.00077909191806985016 0.002508116461277791 0.0033094960305533323 -0.0012575496103116883 -0.00064518749833210049 0.0043326712462755925 0.00051666880413012573 0.00048124990115682733 0.00053958982553002752 0.0014390626814247724 0.0057613331323747314 -0.00084118584494123844 0.0037346400403592693 -0.0020096435817946669 0.0066925832097809099 0.0053912684916132929 -0.0022586956249217838 -0.0053402837045070884 0.0030201045179056776 -0.0019293167446852613
leaf_weight=9588.3969605118036 23120.800518855453 31557.443360805511 7361.413672760129 40014.746414542198 36435.657117217779 4515.8960670232773 986.76773515343666 1134.6504195481539 1064.6531229019165 1403.6759600639343 18664.303046748042 7670.461005166173 1088.7193880230188 6690.9855239242315 2308.9534372389317 1832.4971631169319 40706.979562282562 2897.5619327276945 4971.6470362842083 2349.5345542132854 2201.3823164105415 294.32492516934872 1050.9484945982695 1283.0110119432211 996.70720724761486 301.10252568125725 2437.6147511452436 521.96736761927605 522.5470017939806 4724.4294040054083
leaf_count=38609 93229 126976 29585 161083 147651 18236 3966 4557 4275 5664 75413 30793 4381 26932 9277 7408 164533 11705 20113 9588 8908 1205 4241 5159 4004 1208 9940 2092 2104 19029
internal_value=3.76865e-05 0.000358005 -0.000217703 -0.000642915 3.09305e-06 0.000135736 -0.00127146 0.000327217 -0.00114715 -0.000695782 -0.000137142 0.000453395 0.000701582 -0.000380067 0.00149706 0.000602728 0.000844838 0.00150076 0.00121771 0.00235159 0.0035311 0.000446616 0.00213953 0.000565562 0.00495391 -0.000963374 -0.000377528 0.0020681 -0.00113246 -0.00260777
internal_weight=260700 115700 144999 49603.1 95396.2 85566.4 10227.1 75339.3 9829.74 8765.09 38903.7 20239.4 19104.7 8080.81 11023.9 84143 61022.2 20315.2 18482.7 7448.48 4550.92 11034.3 3624.99 2333.96 1291.03 6992.09 7409.26 8714.98 1044.51 5711.2
internal_count=1051864 467009 584855 199692 385163 345639 41231 304408 39524 35249 156757 81344 76787 32521 44266 340033 246804 82271 74863 30201 18496 44662 14609 9400 5209 28140 30053 34989 4196 22995
cat_boundaries=0 1 2 3 4 5
cat_threshold=34 2 34 153 646
is_linear=0
shrinkage=0.03


Tree=117
num_leaves=31
num_cat=3
split_feature=32 30 26 25 45 25 26 34 46 36 32 1 44 37 0 3 35 34 44 40 45 27 44 51 25 34 43 27 44 11
split_gain=21.6101 21.0447 18.2723 25.2689 17.1627 16.7731 20.6142 23.2661 18.509 18.6704 17.7551 18.8138 16.5162 16.8003 15.4312 18.1603 15.4756 14.3139 16.4879 16.8757 18.3608 13.6655 17.6137 15.6086 15.1868 13.6559 13.1259 13.1105 19.6541 13.1581
threshold=0.60221200000000008 0.38158100000000006 8331.5000000000018 0 6.5000000000000009 1 2417.5000000000005 0.61847000000000019 1.0000000180025095e-35 0.18760650000000004 0.48968950000000006 9.5000000000000018 0.0034906800000000003 0.083994750000000021 2022.5000000000002 6.5000000000000009 0.11004600000000002 0.60205150000000007 0.30487400000000003 0.10939850000000002 4.5000000000000009 0.53359150000000011 0.38754350000000004 -0.044046499999999982 2 0.49767450000000008 0.30936050000000009 0.55457450000000008 0.16466650000000002 5.5000000000000009
decision_type=8 8 2 1 2 1 2 10 2 10 10 2 8 8 2 2 10 10 10 10 2 10 10 10 1 10 10 10 10 2
left_child=1 5 4 25 27 8 7 14 10 -10 11 -1 13 -2 -7 -16 -17 18 19 -8 -21 22 23 -11 -25 -4 -6 -3 -29 -30
right_child=12 2 3 -5 26 6 17 -9 9 21 -12 -13 -14 -15 15 16 -18 -19 -20 20 -22 -23 -24 24 -26 -27 -28 28 29 -31
leaf_value=0.00045662840379565299 -0.0078474186145404794 -8.6193846543594399e-05 -0.0048023953928852834 -0.0010872968171070066 -0.00055714475993666392 0.00085490294010693549 -0.006615119131720526 -0.0030678266162630051 -0.00055539825714082472 -0.0029943355580294901 0.0015104351700661301 -0.003191566853117537 0.00057516737999714878 -0.00086443960169475169 5.1829519437374808e-05 0.0015490673779368378 -0.0054341535255237449 0.0018751803150774033 -0.0025054515245669742 5.543507016303234e-06 -0.001618925442671941 0.0024938380993755724 0.0078412114197075541 0.0033624705972025181 -0.00091268363946264111 -0.014634387741039718 -0.0023147119434777188 -0.0032242612728029321 0.00260377625166738 -0.002432056850292374
leaf_weight=14240.257745593786 349.25450685620308 43708.412971541286 316.75451320409775 1172.1613844633102 8031.1341647058725 22264.142817944288 418.00244028866291 1765.6280630677938 24044.977906391025 1419.4508432894945 18158.365864396095 1393.3045344799757 59720.592130869627 2750.2111802995205 5156.1537617594004 372.10241070389748 1131.6740306615829 1707.2976750731468 5096.636032640934 18068.764901638031 9550.5298068374395 3572.0424110144377 243.71774925291538 1234.4147631078959 1842.9453029334545 231.40648393332958 7402.0667982846498 3029.203539416194 1189.8705722540617 760.48666982352734
leaf_count=57167 1411 175795 1284 4732 32372 89767 1685 7225 96872 5709 73243 5586 242614 11116 20713 1497 4547 6965 20435 72693 38404 14378 977 4956 7399 928 29845 12196 4857 3066
internal_value=-2.05639e-05 -0.000174816 -0.000612755 -0.0036642 -0.000530251 4.39389e-05 -0.000295957 0.00027019 0.000381095 -0.000130865 0.000872292 0.000129023 0.00046395 -0.00166779 0.000475289 -0.000789073 -0.00368663 -0.00079557 -0.000934249 -0.000647327 -0.000555214 0.00109329 3.07314e-05 -0.000390859 0.000802018 -0.00890294 -0.00140234 -0.00025313 -0.00171147 0.000624118
internal_weight=260342 197522 65841.5 1720.32 64121.2 131680 65530.9 30689.7 66149.5 32357.5 33791.9 15633.6 62820.1 3099.47 28924.1 6659.93 1503.78 34841.2 33133.9 28037.3 27619.3 8312.57 4740.53 4496.81 3077.36 548.161 15433.2 48688 4979.56 1950.36
internal_count=1050434 795293 265075 6944 258131 530218 263931 123749 266287 130291 135996 62753 255141 12527 116524 26757 6044 140182 133217 112782 111097 33419 19041 18064 12355 2212 62217 195914 20119 7923
cat_boundaries=0 1 2 3
cat_threshold=208 218 130
is_linear=0
shrinkage=0.03


Tree=118
num_leaves=31
num_cat=10
split_feature=21 0 25 24 7 32 24 6 26 26 34 46 25 27 33 45 43 24 38 18 43 33 44 31 18 25 42 25 25 38
split_gain=29.2715 17.4681 48.56 29.3468 21.6838 16.7398 16.7286 16.643 19.5123 15.1165 33.7729 16.4107 15.0785 15.8713 14.7046 14.6151 15.8174 15.4719 20.7108 16.2926 16.0419 14.9148 14.5022 14.5004 14.2707 14.486 13.6752 15.4076 13.6562 43.2222
threshold=0.89500000000000013 2019.5000000000002 0 1 1.5000000000000002 0.64321050000000013 2 2.5000000000000004 4509.5000000000009 309.50000000000006 0.53574850000000007 1.0000000180025095e-35 3 0.59837050000000003 0.52180700000000002 9.5000000000000018 0.37083700000000003 4 2240.5000000000005 5 0.14535800000000001 0.33392000000000005 0.37834700000000004 0.47561250000000005 6 7 0.54748750000000013 8 9 9408.5000000000018
decision_type=2 2 1 1 2 8 1 2 2 2 10 2 1 10 10 2 10 1 2 1 10 10 10 8 1 1 10 1 1 2
left_child=1 2 6 23 -5 7 12 -2 -9 10 -3 22 -1 14 -14 17 -17 18 -13 -19 26 -21 28 -4 -24 -26 27 -20 29 -11
right_child=5 9 3 4 -6 -7 -8 8 -10 11 -12 15 13 -15 -16 16 -18 19 20 21 -22 -23 24 -25 25 -27 -28 -29 -30 -31
leaf_value=-0.003369932960651138 0.0003068257020593984 -0.00036451275110311232 -7.9769654766865972e-05 0.0031501669723365024 0.00017180824362126879 0.0012071269477652515 -0.0018455397850522979 -0.00030610065201235753 -0.0038083137592154056 0.00038037432631018168 -0.0039988954744013408 0.0011105501395543471 0.0059669216143658872 0.0080351906834399411 -0.0017010361258378032 -0.0036229634719036783 0.00084856586186381428 0.0016198912328120288 0.0037355125732789676 -0.006259861734778451 -0.00035054366492639599 -0.0011946208434522093 0.0020908541145719752 -0.0056100323525187547 -0.00084223848763595162 -0.0061175744753160337 -0.0057629299709305026 -0.0041880665604249329 -0.00018777383445039425 0.0060120061104646056
leaf_weight=445.17266492545605 89050.684443816543 7246.0641899257898 2449.1736853271723 7782.7114069163799 3097.3741407245398 17059.636637464166 7498.3856433033943 6315.5078110396862 1857.7685022056103 14683.195347800851 3384.4172380566597 8923.7400441020727 335.7177329659462 389.12390661239624 660.33931803703308 2849.1538788974285 934.14858448505402 1821.8097541928291 394.45309215784073 535.68049064278603 15034.243713602424 23192.256473064423 522.9754916280508 516.79101023077965 988.64450025558472 929.47201736271381 971.55897139012814 467.36977608501911 38766.65526394546 1337.3094885200262
leaf_count=1787 358950 29164 9896 31923 12614 69435 30410 25455 7479 59055 13611 35948 1352 1640 2685 11499 3778 7335 1586 2178 60551 93394 2103 2089 3971 3735 3903 1880 156091 5374
internal_value=-1.94328e-05 -0.000300774 0.000454067 0.00158144 0.0023032 0.000340112 -0.00121637 0.000187638 -0.00110692 -0.000443267 -0.00152521 -0.000340591 0.00133969 0.00289199 0.000863552 -0.000710012 -0.00251116 -0.000576563 -5.67233e-05 -0.00109962 -0.000676163 -0.00131046 1.47433e-05 -0.00105461 -0.00224567 -0.00343805 -0.00332507 -0.00053164 0.000116123 0.000852852
internal_weight=260442 146158 23174.8 13846.1 10880.1 114284 9328.74 97224 8173.28 122983 10630.5 112353 1830.35 1385.18 996.057 55124.4 3783.3 51341.1 25791.4 25549.7 16867.6 23727.9 57228.3 2965.96 2441.09 1918.12 1833.38 861.823 54787.2 16020.5
internal_count=1050871 589552 94396 56522 44537 461319 37874 391884 32934 495156 42775 452381 7464 5677 4037 222052 15277 206775 103868 102907 67920 95572 230329 11985 9809 7706 7369 3466 220520 64429
cat_boundaries=0 1 2 3 4 5 6 7 8 9 10
cat_threshold=643 10 68 2 929 67 60 242 174 74
is_linear=0
shrinkage=0.03


Tree=119
num_leaves=31
num_cat=9
split_feature=39 30 44 50 18 24 29 26 30 24 50 38 26 25 18 33 25 36 25 27 44 25 38 33 43 51 25 33 29 38
split_gain=18.319 17.2016 19.8189 17.5184 17.2307 16.7488 24.8594 20.2361 18.6014 16.572 20.0937 18.7975 17.3725 15.8333 15.3105 14.6314 18.9661 15.8169 13.3616 15.7324 15.7261 17.5932 15.2763 13.9777 15.4147 13.8939 13.3234 13.2027 12.7654 15.4649
threshold=0.5674030000000001 0.35891150000000005 0.015317950000000002 -0.19975499999999993 0 1 0.15852350000000001 120.50000000000001 0.31631450000000005 2 0.0070040000000000111 1298.5000000000002 5540.5000000000009 3 4 0.60030500000000009 5 0.16329900000000003 6 0.59392950000000011 0.24205850000000004 7 4115.5000000000009 0.5081365000000001 0.18122650000000004 0.0097480000000000084 8 0.61987300000000012 0.16923250000000004 9931.5000000000018
decision_type=8 8 10 8 1 1 10 2 10 1 8 2 2 1 1 10 1 10 1 10 10 1 2 10 10 10 1 10 10 2
left_child=1 5 -3 15 -5 26 7 -7 -8 -2 11 13 -12 -11 -9 17 -17 -4 22 20 27 -22 -16 -23 -25 -21 28 -20 29 -1
right_child=9 2 3 4 -6 6 8 14 -10 10 12 -13 -14 -15 18 16 -18 -19 19 25 21 23 -24 24 -26 -27 -28 -29 -30 -31
leaf_value=-0.00029141318883975576 -0.00039329629701391212 -0.0017066218201951557 -0.0041156240874270066 0.00075829068248563561 -0.00028303610604004867 -0.00299761025157531 0.001681995261079967 0.0025806570404658395 -0.0011324793403448684 -0.0025470169138420012 0.0023489622013137738 0.001956462386570052 -0.0031467119920228436 0.00031051636446862509 -0.00063079550885728462 0.0083701917230947654 -0.0034550230727194114 -0.00060372466838794724 0.00073979670363265749 0.0041840241063754308 -0.0015631702425833629 0.00057790708437069089 0.001256801855768878 0.00097775114575537544 0.0066077018743997034 0.00047705499316943556 -0.00079595602596419001 -0.0020671754254179913 0.0026581750402244289 0.0056416372559026789
leaf_weight=7915.2904756069183 9353.2512006610632 8555.7593978792429 2432.9285231530666 16513.761460080743 105774.94738565385 1202.3564749062061 2588.6421282589436 4587.0060241222382 11321.576512783766 2456.8176693767309 10022.146422892809 4062.2508872151375 538.77894578874111 5898.9129647314548 10184.712071985006 256.5355528742075 210.8461502045393 2239.0773811489344 15843.758728966117 2641.5808508992195 730.20634803175926 979.50337906181812 6204.7101803869009 638.25748665630817 1498.3024607896805 1418.2301819771528 20342.891723975539 1659.4268033951521 2026.640691280365 413.17259180545807
leaf_count=31869 37816 34519 9782 66501 425982 4867 10417 18553 45591 9983 40889 16487 2177 24060 41193 1034 846 9015 63822 10908 2942 3934 25024 2580 6068 5877 81915 6741 8136 1658
internal_value=4.98916e-07 -9.40857e-05 -0.000308652 -0.000214516 -0.000142117 0.00022206 0.000507885 0.000834325 -0.00060631 0.000668892 0.00110223 0.000281668 0.00206494 -0.000529377 0.000934486 -0.00193029 0.00308828 -0.00244042 0.000752147 0.00118294 0.000855641 0.00259353 8.20305e-05 0.00357134 0.00494361 0.00289775 -0.000349609 0.000471653 0.000524256 1.24834e-06
internal_weight=260512 228180 135984 127428 122289 92196.3 61498.3 47588.1 13910.2 32332.2 22978.9 12418 10560.9 8355.73 46385.7 5139.39 467.382 4672.01 41798.7 25409.3 21349.5 3846.27 16389.4 3116.06 2136.56 4059.81 30698 17503.2 10355.1 8328.46
internal_count=1051186 919774 547679 513160 492483 372095 248517 192509 56008 131412 93596 50530 43066 34043 187642 20677 1880 18797 169089 102872 86087 15524 66217 12582 8648 16785 123578 70563 41663 33527
cat_boundaries=0 1 2 3 4 5 6 7 8 9
cat_threshold=100 896 14 643 66 856 582 1 74
is_linear=0
shrinkage=0.03


Tree=120
num_leaves=31
num_cat=7
split_feature=33 30 51 53 25 46 22 44 26 53 29 11 26 9 35 28 27 44 44 25 24 42 30 28 43 25 43 26 24 24
split_gain=19.878 16.9745 18.274 18.0303 20.5741 16.4366 25.3423 19.2841 19.1597 18.9744 16.1021 15.9153 18.9411 18.5701 18.4473 37.5526 15.904 19.094 22.1257 23.9864 17.2954 15.7989 15.7749 15.4957 16.0245 20.164 15.4461 17.1629 15.25 15.1802
threshold=0.40037450000000008 0.42425650000000009 -0.0063350000000000342 5.7186697390068177 0 1.0000000180025095e-35 1 0.076979300000000014 6696.5000000000009 8.9399086507840693 0.093336250000000009 9.5000000000000018 794.50000000000011 6.5000000000000009 0.14350050000000003 0.29563650000000002 0.67082950000000008 0.30487400000000003 0.21717250000000002 2 3 0.40377250000000003 0.37806250000000002 0.20638750000000003 0.21461750000000004 4 0.20660450000000005 416.50000000000006 5 6
decision_type=8 10 10 2 1 2 1 10 2 2 8 2 2 2 10 10 10 10 10 1 1 10 10 10 10 1 8 2 1 1
left_child=11 5 3 4 -3 7 -7 8 10 -10 -2 12 13 -1 15 29 17 18 21 -20 23 -9 -18 24 25 -19 27 -12 -17 -14
right_child=1 2 -4 -5 -6 6 -8 16 9 -11 26 -13 14 -15 -16 28 22 20 19 -21 -22 -23 -24 -25 -26 -27 -28 -29 -30 -31
leaf_value=0.0020093814189507289 -0.0049610239704406959 0.0085743525563949062 -0.0021599040687623606 -0.00051553225625580572 -0.00049581498896333583 0.00015683896173115914 -0.00093608755274463527 -0.0020219978649727126 -0.0079068522728624 0.0026862103161353693 -0.0014165812421802566 -0.0022648763753536851 0.0051509506880968942 -0.0056738059961272532 -0.0018563898690180966 0.0025382001733331916 0.00076032453725501266 0.0020545535171478473 0.002905442486189336 0.00075290273478638263 -0.0011471662427064778 0.00055788016340151114 0.0077552694545139078 0.0025706835500620335 0.0036593605982880245 -0.0086191066415898798 -0.00025904782182649297 0.0060444196217264807 -0.0065442965184307946 0.00053178552587686962
leaf_weight=3683.367554679513 617.74536468088627 446.76917466521263 5926.5947996079922 4445.811176687479 434.76286119222641 88939.98390994966 24304.980913326144 2210.5972167700529 556.72228911519051 202.22032870352268 431.52008034288883 5322.0915412604809 1154.8641465008259 302.10461765527725 7355.5005991011858 208.00292468070984 629.00185340642929 250.64082387089729 7871.41818331182 11582.95523442328 9582.1213996112347 58028.121549159288 554.27178141474724 2504.5789179056883 308.64950275421143 400.77837716042995 19353.081744506955 742.55149014294147 698.59892404079437 1477.1346623450518
leaf_count=14866 2499 1812 23886 17896 1764 358924 98084 8901 2232 811 1740 21481 4651 1223 29722 849 2709 1016 31825 46818 38529 233981 2458 10056 1260 1621 77847 3001 2868 5942
internal_value=4.72066e-05 0.000123295 -0.00101365 0.000256402 0.00417194 0.000179295 -7.74819e-05 0.000430603 -0.000370075 -0.00504549 -0.000200152 -0.000856368 -0.000350205 0.00141563 -0.00099918 0.000774248 0.000617654 0.000573107 0.000747425 0.00162758 -0.000489304 0.000462612 0.00407353 0.0013204 -0.00189426 -0.00457617 -5.47126e-05 0.00328008 -0.00447005 0.00259508
internal_weight=260528 240326 11253.9 5327.34 881.532 229072 113245 115827 21903.8 758.943 21144.9 20201.7 14879.6 3985.47 10894.1 3538.6 93923.1 92739.9 79693.1 19454.4 13046.8 60238.7 1183.27 3464.65 960.069 651.419 20527.2 1174.07 906.602 2632
internal_count=1051272 969670 45358 21472 3576 924312 457008 467304 88130 3043 85087 81602 60121 16089 44032 14310 379174 374007 321525 78643 52482 242882 5167 13953 3897 2637 82588 4741 3717 10593
cat_boundaries=0 1 2 3 4 5 6 7
cat_threshold=944 2 209 534 300 165 526
is_linear=0
shrinkage=0.03


Tree=121
num_leaves=31
num_cat=11
split_feature=39 24 0 25 38 25 24 25 0 1 24 25 39 31 25 24 38 24 19 13 1 26 42 31 28 0 12 26 24 0
split_gain=19.3242 19.8199 18.4242 81.8096 27.887 50.2002 25.9239 20.7982 94.1413 53.6418 23.5967 27.0407 22.8287 19.4843 19.1783 24.2663 18.85 18.078 20.4467 20.4292 22.3598 19.972 17.3296 16.5349 15.9286 16.7964 17.6193 15.8355 17.8568 28.8565
threshold=0.48312350000000009 0 2023.5000000000002 1 9661.5000000000018 2 3 4 2022.5000000000002 4.5000000000000009 5 6 0.5076075000000001 0.51305000000000012 7 8 6336.5000000000009 9 71.050000000000011 3.5000000000000004 4.5000000000000009 2289.5000000000005 0.36726550000000008 0.39286950000000004 0.13672650000000003 2020.5000000000002 -2.4999999999999996 9037.5000000000018 10 2022.5000000000002
decision_type=8 1 2 1 2 1 1 1 2 2 1 1 10 8 1 1 2 1 2 2 2 2 8 8 8 2 2 2 1 2
left_child=1 -1 4 -4 7 -6 -5 8 12 -10 11 13 24 27 17 23 -12 -8 -19 20 -20 -21 -13 -16 -2 26 -26 28 29 -9
right_child=2 -3 3 6 5 -7 14 10 9 -11 16 22 -14 -15 15 -17 -18 18 19 21 -22 -23 -24 -25 25 -27 -28 -29 -30 -31
leaf_value=-0.0028537769430449838 0.0039095188610047691 -0.00034972333559691844 0.0033278161302169062 0.0012666925028658475 0.0065897379476878432 -0.00052532798696440606 0.00076436254366940906 -0.0017758191638998673 -0.0035815316692491862 0.0059333039236242214 0.00063600920159856346 -0.0042577724661958406 -0.0038611834971125432 0.0055031205400327375 -0.0082129911448987191 -0.002883525727937116 -0.00056762551048256604 -0.00045186327190455372 -0.0094094444739403066 0.0062230398507105277 -0.0029097772400287526 -0.0030724708225059881 -0.00062568660376865419 4.4827700655373812e-06 -0.0091895860344501073 -0.00029153642539264787 -0.0022726009120730647 0.0047617098494313215 0.00057551933758101049 0.0029617322313973717
leaf_weight=4077.5803625881672 520.69433628022671 9492.719908669591 4438.9746768176556 4121.53523029387 1660.4886041581631 1900.3759232610464 5960.7830767482519 7077.0068806409836 688.20015077292919 2292.7995357215405 97072.685035124421 1220.4304035305977 4713.5669295936823 655.45172069966793 227.25874356925488 10156.521190702915 13287.935367047787 8580.49248932302 625.17876045405865 361.54193851351738 2105.6976300626993 478.22720468044281 38504.420668065548 4968.3553500473499 418.66365580260754 3589.77249135077 1672.5904297828674 697.6835635304451 27588.458404138684 1376.5483350604773
leaf_count=16409 2108 38207 17849 16634 6685 7658 24025 28435 2771 9218 393121 4895 18939 2644 915 40891 53524 34494 2513 1455 8471 1922 155081 19993 1681 14432 6708 2821 111285 5541
internal_value=-4.99252e-06 -0.00110717 5.54622e-05 -0.000516553 0.000172912 0.00280389 -0.000972239 0.000126199 -0.00099274 0.00372524 0.000209353 -0.000192971 -0.00228556 0.00038543 -0.00124927 -0.00203011 0.000490758 -0.000584779 -0.00124918 -0.0031583 -0.00441741 0.000901792 -0.000738154 -0.000353036 -0.0010819 -0.00154649 -0.00368287 0.000292974 0.000205249 -0.000998867
internal_weight=260533 13570.3 246962 42024.6 204938 3560.86 37585.6 201377 13896.3 2981 187481 77120 10915.3 37395.1 33464.1 15352.1 110361 18111.9 12151.1 3570.65 2730.88 839.769 39724.9 5195.61 6201.72 5681.03 2091.25 36739.7 36042 8453.56
internal_count=1051325 54616 996709 169162 827547 14343 151313 813204 55857 11989 757347 310702 43868 150726 134679 61799 446645 72880 48855 14361 10984 3377 159976 20908 24929 22821 8389 148082 145261 33976
cat_boundaries=0 1 2 3 4 5 6 7 8 9 10 11
cat_threshold=532 2 834 2 2 674 344 653 200 545 2
is_linear=0
shrinkage=0.03


Tree=122
num_leaves=31
num_cat=12
split_feature=46 23 0 25 24 35 23 18 7 24 24 42 44 24 26 43 25 42 25 18 24 9 6 2 30 44 35 34 1 19
split_gain=19.3107 27.4345 20.8462 21.721 24.0709 20.2518 20.1648 25.7003 23.5362 32.2994 24.448 27.1528 20.2712 20.1837 23.4164 20.2163 21.4113 19.0892 18.9438 17.1217 18.1628 18.0663 26.2129 17.0877 16.5587 15.9227 15.2263 14.8761 20.3927 17.4152
threshold=1.0000000180025095e-35 0 2019.5000000000002 1 2 0.23557150000000002 3 4 1.5000000000000002 5 6 0.57144500000000009 0.099293750000000014 7 5881.5000000000009 0.23245800000000003 8 0.67749550000000014 9 10 11 4.5000000000000009 1.5000000000000002 4.5000000000000009 0.3852250000000001 0.26673250000000004 0.12556300000000001 0.5269910000000001 4.5000000000000009 58.850000000000001
decision_type=2 1 2 1 1 10 1 1 2 1 1 10 8 1 2 8 1 10 1 1 1 2 2 2 10 8 8 8 2 2
left_child=6 2 3 -2 -5 27 8 13 10 -10 11 12 -1 15 -15 16 24 19 -7 20 26 -21 -23 -16 -8 -3 -4 28 29 -6
right_child=1 25 17 4 5 18 7 -9 9 -11 -12 -13 -14 14 23 -17 -18 -19 -20 21 -22 22 -24 -25 -26 -27 -28 -29 -30 -31
leaf_value=-0.00090079647243665299 -0.0025429633690538618 -0.0012050351694210335 0.00054193196365934248 -0.0019266840531593325 0.011676877168762746 -0.0012782842457609985 0.0058029183176662516 0.00076252668327334049 0.0019667803806841214 -0.0015282549631189829 0.0010128100075981695 0.00031510092375112785 0.0067974058666820832 -0.00031225414732105903 -0.0032443942151117316 1.734404520177936e-05 0.00035034433694084978 -0.0017281607580130246 0.0080388475607490323 0.00011756737556420684 -0.00018689449407219868 -0.0003297496386433749 -0.003191008156362756 -0.00011843924982725964 -0.0025319463542746419 0.0013557929385379429 0.0061897738893763798 0.0007882353505634475 0.0019121105728013388 0.0019040069414893068
leaf_weight=355.43251468241215 1426.0524196773767 27446.226153939962 704.82006540894508 1820.8345085382462 407.01458337903023 256.63356176018715 1690.3053136616945 32639.105854988098 3660.065917506814 6735.3383242189884 22492.930289596319 1400.5945745110512 1988.5415633171797 37876.802230909467 4693.0667008757591 12651.415790215135 2133.4295291751623 6457.2343225330114 778.43430817127228 56764.993500262499 1766.4396783560514 11749.116891250014 3828.8192893415689 2398.0819990634918 238.54422304034233 2360.9795324206352 1151.3936343789101 9581.5237700939178 2744.2006189078093 289.59110386669636
leaf_count=1429 5726 110834 2841 7325 1640 1042 6837 131526 14757 27207 90823 5658 8257 152549 18857 51104 8620 26024 3179 228537 7098 47246 15407 9636 963 9648 4641 39544 11052 1167
internal_value=5.70708e-05 -0.000202499 3.59074e-05 0.000982677 0.00130241 0.0017242 0.000314055 8.16942e-05 0.000911452 -0.000294186 0.00139025 0.00363446 0.00561763 -0.000278183 -0.000609333 0.00061076 0.00245162 -0.000162527 0.00576798 -2.8987e-05 0.00197941 -0.000130308 -0.00103541 -0.00219199 0.00472979 -0.00100107 0.00404396 0.00140055 0.00309475 0.00768259
internal_weight=260488 129534 99727.1 17304.3 15878.2 14057.4 130954 94320.8 36632.9 10395.4 26237.5 3744.57 2343.97 61681.6 44968 16713.7 4062.28 82422.8 1035.07 75965.6 3622.65 72342.9 15577.9 7091.15 1928.85 29807.2 1856.21 13022.3 3440.81 696.606
internal_count=1051174 522951 402469 70675 64949 57624 528223 380092 148131 41964 106167 15344 9686 248566 181042 67524 16420 331794 4221 305770 14580 291190 62653 28493 7800 120482 7482 53403 13859 2807
cat_boundaries=0 1 2 3 4 5 6 7 8 9 10 11 12
cat_threshold=2 2 2 2 131 480 9 82 496 528 80 589
is_linear=0
shrinkage=0.03


Tree=123
num_leaves=31
num_cat=5
split_feature=28 39 8 45 53 25 0 50 3 30 28 21 2 40 0 30 25 44 42 42 25 42 18 36 26 25 31 42 43 9
split_gain=22.5531 20.5038 19.2291 26.6643 17.8006 21.0495 24.5323 18.5316 16.3197 14.2495 14.4087 13.5237 14.6226 13.4825 13.0752 14.2178 12.4406 12.5969 12.32 13.9831 12.0932 19.3379 11.9922 13.2444 11.7176 12.3419 12.1385 11.7033 11.6845 11.5481
threshold=0.073738700000000004 0.47748250000000009 1.5000000000000002 9.5000000000000018 8.3969446124606559 0 2022.5000000000002 -0.073474499999999957 1.5000000000000002 0.40638500000000005 0.30671100000000007 0.32500000000000007 5.5000000000000009 0.12408850000000002 2021.5000000000002 0.35891150000000005 1 0.31610800000000006 0.71074600000000021 0.67427250000000016 2 0.68460800000000011 3 0.19646000000000002 4623.5000000000009 4 0.44633700000000004 0.59858450000000019 0.48183850000000006 2.5000000000000004
decision_type=8 8 2 2 2 1 2 8 2 8 10 2 2 10 2 8 1 10 10 10 1 8 1 8 2 1 10 10 10 2
left_child=16 -2 3 4 11 6 14 18 -4 10 13 12 20 -9 -6 -16 -1 -18 19 28 21 -3 23 -11 26 -26 27 -5 -7 -17
right_child=1 2 8 24 5 7 -8 9 -10 22 -12 -13 -14 -15 15 29 17 -19 -20 -21 -22 -23 -24 -25 25 -27 -28 -29 -30 -31
leaf_value=0.00024314545647385633 -0.0013501099716268163 0.0010147894219439285 0.0015779704423532239 -0.0029870854627224151 0.0016201218672375617 -0.0022190635403337524 0.0025845868197217643 0.0071699584938217289 0.00024182323254944512 -0.0025868802890508975 -0.0028730291758613082 0.00033628680742165123 0.0012229786011693513 -0.00015342489315956913 0.00045940930806872199 -0.0075214399442679186 0.0020108045776974157 0.007747383825578936 0.002977169195929566 -0.0082799043507095094 -0.0014296437773651043 -0.0046377964951991382 -0.0062516809273471157 0.0021143654773316143 -0.0062191200994876948 -0.0016083352579866188 0.00016578542071671488 -3.0453447946482571e-05 0.0029786531342180568 -0.0010817938251646644
leaf_weight=1000.6013041585684 10297.261242315173 4460.6999445557594 9316.8947629034519 3628.306550860405 1033.5712360739708 7896.1341361701488 3928.1842725276947 224.7970355451107 71160.852680802345 2258.9783948510885 1780.5049605071545 82672.501264721155 3529.1388863623142 31076.941103324294 778.4152674973011 611.45652009546757 767.28767445683479 655.50593973696232 425.46600793302059 328.78017228841782 11676.722384333611 616.6326814442873 560.95117379724979 698.81354613602161 895.37092162668705 1351.6785532534122 4013.6968129426241 1834.2396164238453 402.07572604715824 445.59676611423492
leaf_count=4242 41431 17961 37644 14627 4156 31757 15802 908 286968 9094 7214 334137 14219 125059 3123 2461 3168 2910 1715 1325 47017 2483 2260 2819 3605 5444 16182 7412 1620 1796
internal_value=-1.13907e-05 -3.8589e-05 1.58478e-05 -0.000167481 -6.319e-05 -0.000513149 0.00104137 -0.000745373 0.000396935 -0.000443802 -0.000249634 0.000165758 -0.000527769 -9.91908e-05 -0.00105797 -0.00258253 0.00286724 0.00465289 -0.00196165 -0.00220964 -0.000898496 0.000319426 -0.00225903 -0.00146007 -0.00154705 -0.00349954 -0.00107995 -0.00200034 -0.00196262 -0.00484588
internal_weight=260328 257905 247607 167130 155406 52450.7 6797.22 45653.4 80477.7 36601 33082.2 102956 20283.2 31301.7 2869.04 1835.47 2423.39 1422.79 9052.46 8626.99 16754.1 5077.33 3518.74 2957.79 11723.3 2247.05 9476.24 5462.55 8298.21 1057.05
internal_count=1050559 1040239 998808 674196 626926 211109 27338 183771 324612 147354 133181 415817 81680 125967 11536 7380 10320 6078 36417 34702 67461 20444 14173 11913 47270 9049 38221 22039 33377 4257
cat_boundaries=0 1 2 3 4 5
cat_threshold=2 417 560 172 593
is_linear=0
shrinkage=0.03


Tree=124
num_leaves=31
num_cat=4
split_feature=46 0 24 0 43 41 29 30 31 22 24 43 29 42 34 31 41 35 0 42 35 31 43 40 30 42 24 0 42 39
split_gain=24.9756 21.2451 19.3641 26.5594 34.7309 20.2686 24.4458 17.5522 17.3999 16.9133 17.0014 20.4647 16.7715 16.4669 16.1134 26.1422 22.4032 20.9865 15.7987 19.8122 16.7769 15.7213 20.4164 17.9667 17.8523 17.3161 15.8503 48.7245 15.7239 14.1318
threshold=1.0000000180025095e-35 2023.5000000000002 0 2022.5000000000002 0.24032800000000001 7889.5000000000009 0.1270975 0.33899250000000009 0.43709350000000008 1 2 0.49356700000000003 0.13517950000000004 0.51840400000000009 0.54170950000000018 0.44541900000000006 270.50000000000006 0.075614650000000019 2019.5000000000002 0.6684055000000001 0.19597700000000004 0.50012800000000002 0.30720150000000007 0.14218050000000002 0.41942500000000005 0.49060050000000005 3 2022.5000000000002 0.47374900000000003 0.49734950000000006
decision_type=2 2 1 2 10 2 10 10 10 1 1 10 10 10 10 8 2 10 2 10 10 10 8 10 10 10 1 2 10 8
left_child=21 2 3 4 -2 9 -7 -8 -5 18 14 12 -12 -3 15 -11 -16 -18 20 -20 -4 22 24 25 26 -24 27 28 -1 -21
right_child=1 13 5 8 -6 6 7 -9 -10 10 11 -13 -14 -15 16 -17 17 -19 19 29 -22 -23 23 -25 -26 -27 -28 -29 -30 -31
leaf_value=-0.0049732721014709418 -0.0058300370330745168 -0.00015620394702440998 0.00077665061041501718 -0.0032759205932674194 -0.0010918187222103645 0.0063590004695958007 0.0025244967516273613 -0.0035610032184725674 0.0031473343958116893 -0.00027157761071406776 -0.0043606191648819115 0.0028312318510785276 -0.0012571085740350236 -0.0018644936752445814 -0.0080774576621898062 0.0038233257577188857 0.0032053047128157764 -0.001600096122445943 0.00027820585160477049 -0.0071223909035539679 0.0035931946559471088 -0.0013596751165620407 0.0015161791815510419 -0.00055701832461256583 -0.00097953853524998351 -0.00011494118452483821 0.00069773554009835829 0.0051877030046906542 0.00069587857739205478 -0.0012160204748649383
leaf_weight=532.02801479399204 1732.8186915665865 8798.2757507413626 13249.722983166575 484.21901917457581 7186.0600201189518 281.80571834743023 484.80513897538185 3165.4179405272007 1669.4893903136253 3826.1028601676226 2044.8713451325893 869.94034421443939 6924.2224714905024 12143.545750766993 378.12294571101665 2201.4505545645952 1054.9266787618399 3578.2421682775021 52365.812866806984 396.34552796185017 2232.5162374079227 4852.6164481341839 9806.9845892488956 29709.20347456634 5207.4607258290052 14462.657898440957 61055.225537076592 2801.892284527421 2466.3734556734562 4642.0930188447237
leaf_count=2130 6988 35409 54259 1948 28911 1143 1954 12736 6723 15460 8259 3499 28012 48981 1527 8853 4306 14529 210809 1596 9102 19559 39607 119451 20954 58234 246855 11317 9901 18699
internal_value=2.16228e-05 -0.000273276 -0.000104492 -0.00129278 -0.0020174 3.00429e-05 -0.00207882 -0.00274313 0.00168673 0.000118865 -0.000633411 -0.00153945 -0.00196925 -0.00114835 0.000172874 0.00122019 -0.00108048 -0.000498117 0.000334779 0.000104804 0.00118535 0.000314084 0.000378793 -6.18587e-05 0.000709268 0.000543039 0.000841298 0.00234093 -0.00030401 -0.00169055
internal_weight=260605 129711 108769 11072.6 8918.88 97696.4 3932.03 3650.22 2153.71 93764.4 20877.9 9839.03 8969.09 20941.8 11038.8 6027.55 5011.29 4633.17 72886.5 57404.3 15482.2 130894 126042 53978.8 72063 24269.6 66855.5 5800.29 2998.4 5038.44
internal_count=1051711 523703 439313 44570 35899 394743 15833 14690 8671 378910 84445 39770 36271 84390 44675 24313 20362 18835 294465 231104 63361 528008 508449 217292 291157 97841 270203 23348 12031 20295
cat_boundaries=0 1 2 3 4
cat_threshold=2 2 109 2
is_linear=0
shrinkage=0.03


Tree=125
num_leaves=31
num_cat=2
split_feature=21 39 30 28 8 18 7 29 50 19 13 51 51 36 9 1 18 39 19 42 44 19 50 43 19 33 8 33 43 35
split_gain=24.5014 18.7411 16.7677 16.4892 16.9308 18.6283 15.7705 14.5789 15.3378 14.3237 14.0837 13.7725 15.6526 14.8962 19.2085 13.772 13.6656 13.554 13.4869 13.2766 13.6767 12.6576 12.5472 12.2847 12.2541 16.4453 15.7327 12.2181 15.1852 12.1789
threshold=0.90500000000000014 0.47748250000000009 0.44663450000000005 0.29787600000000009 1.0000000180025095e-35 0 1.0000000180025095e-35 0.13776750000000001 -0.1186695 50.750000000000007 -9.4999999999999982 -0.19052450000000001 -0.048182000000000023 0.05413550000000001 3.5000000000000004 8.5000000000000018 1 0.47460600000000003 91.15000000000002 0.43927050000000006 0.31610800000000006 78.050000000000011 0.11090650000000003 0.30150950000000004 53.750000000000007 0.57298300000000013 1.5000000000000002 0.60030500000000009 0.47756800000000005 0.097154800000000013
decision_type=2 8 10 10 2 1 2 8 10 2 2 8 10 10 2 2 1 8 2 10 10 2 8 10 2 8 2 10 10 8
left_child=1 9 7 4 5 15 29 19 10 -1 -9 -6 16 14 -14 17 -13 -2 -19 -3 -21 -12 -4 -15 25 26 -22 28 -17 -7
right_child=3 2 22 -5 11 6 -8 8 -10 -11 21 12 13 23 -16 27 -18 18 -20 20 24 -23 -24 -25 -26 -27 -28 -29 -30 -31
leaf_value=-0.0034775364655399814 -0.0031033656914565984 0.0017139712035198012 -0.0034941263951245006 -0.0010643037376227309 -0.0068701255727901395 0.00017653334448397857 -2.7445938018439163e-05 0.0053834286439105317 -0.00026394679795185231 -0.00053380953316446906 -0.00083910675554280383 0.0029507745022919552 -0.0054021770361392715 0.0010233699838138096 0.0019091735201745951 -0.0016072451101001857 0.00092826976277501764 0.0010309104149211919 -0.0061279576621830747 0.00021704901617333112 -0.00374347854205328 -0.0030927619130992792 0.00047919022930322121 4.1490733202359697e-05 0.00022829701313827546 -0.0073012362913260969 0.0024178526221380696 0.0023856841370010584 0.0066401006753872898 -0.0026337567382340348
leaf_weight=2831.0120701044798 765.99321928620338 4857.0908282846212 2370.630686506629 7404.0069859176874 210.55612789094448 1850.1157463490963 9249.8958859443665 253.39160354435444 73629.550800189376 3193.7207048684359 5830.6413875371218 4764.1844475418329 838.48728476464748 25847.742476403713 515.59640571475029 5446.6892677694559 8397.5263839811087 20203.690593838692 235.57319918274879 45976.015573099256 1012.109733954072 3699.4906287193298 1005.0061451792717 20731.095080584288 1766.6185034066439 609.43096685409546 581.23654693365097 937.16864739358425 204.4590308368206 5322.8131277561188
leaf_count=11400 3082 19917 9561 29977 847 7481 37321 1019 296590 12859 23485 19178 3395 104568 2079 21920 33795 81638 949 185772 4065 14893 4058 83566 7125 2473 2334 3832 821 21485
internal_value=-2.96124e-05 -0.000284168 -0.00021418 0.000302874 0.000399115 -4.7702e-05 -0.000848982 -0.000162901 -0.00041276 -0.00192308 -0.00152922 0.000721859 0.000748851 0.000496274 -0.00259805 0.000424877 0.00166609 0.000797937 0.000946046 0.000216854 7.05678e-05 -0.0017178 -0.00230292 0.000587035 -0.0016174 -0.00310954 -0.00147677 -0.000770482 -0.00130018 -0.00190495
internal_weight=260542 147616 141591 112926 105522 44216.4 16422.8 138216 83413.1 6024.73 9783.52 61305.2 61094.6 47932.9 1354.08 27793.6 13161.7 21205.3 20439.3 54802.5 49945.4 9530.13 3375.64 46578.8 3969.4 2202.78 1593.35 6588.32 5651.15 7172.93
internal_count=1051485 595551 571292 455934 425957 178529 66287 557673 335987 24259 39397 247428 246581 193608 5474 112242 52973 85669 82587 221686 201769 38378 13619 188134 15997 8872 6399 26573 22741 28966
cat_boundaries=0 1 2
cat_threshold=148 76
is_linear=0
shrinkage=0.03


Tree=126
num_leaves=31
num_cat=2
split_feature=21 34 29 25 38 38 7 44 32 44 46 34 41 29 29 35 44 51 32 23 31 35 32 51 41 33 50 50 21 28
split_gain=20.8548 16.7401 14.5257 21.0929 21.0913 18.2644 19.0337 13.9753 16.4717 16.1584 14.1469 17.647 15.8848 20.1101 15.4918 14.846 16.979 15.5285 14.4798 14.3933 14.0149 13.9612 15.5078 13.9221 27.644 23.2118 18.3564 14.9557 14.8719 13.803
threshold=0.90500000000000014 0.6031930000000002 0.13726750000000001 0 9408.5000000000018 2361.5000000000005 1.5000000000000002 0.13933500000000001 0.50543550000000015 0.10657350000000002 1.0000000180025095e-35 0.53777700000000006 1189.5000000000002 0.15454050000000005 0.16229550000000001 0.30810150000000008 0.24205850000000004 0.086964500000000014 0.60544850000000017 1 0.49448850000000005 0.13811450000000003 0.63903200000000016 0.0053984999999999736 496.50000000000006 0.49528250000000007 0.03363349999999999 -0.011033000000000041 1.2650000000000003 0.16949450000000002
decision_type=2 8 8 1 2 2 2 10 10 10 2 8 2 10 10 8 10 10 10 1 10 10 10 10 2 10 10 10 2 10
left_child=2 23 3 4 -1 6 -5 8 9 -4 20 12 13 -12 -15 17 -17 -13 19 -14 -9 22 29 24 26 -25 27 -2 -27 -10
right_child=1 -3 7 5 -6 -7 -8 10 21 -11 11 15 18 14 -16 16 -18 -19 -20 -21 -22 -23 -24 25 -26 28 -28 -29 -30 -31
leaf_value=-0.0019925127846005912 0.0017182257545381857 0.0012704637485047208 -0.0009484393104925642 0.0012823511444911117 0.0060158538381592658 -0.00033013512539495409 -0.0003623932685734485 0.0005188338346435509 0.0061704135001940628 -0.0028091348243775402 -0.000967381609391113 -0.0017333264009086551 -0.00026427184593358263 0.0077971115417381611 0.0020032460637501534 -0.011069940099177337 -0.00025396945692280655 0.0032573116586994558 0.0026546252456382258 -0.0028777563091899935 -0.0023785779177321839 -0.0011056444213243621 -0.0011539251107023163 -0.0021326861918529454 0.00019861798883300102 0.0010081226279516826 -8.2489990931660813e-05 0.0049778608809276283 -0.00056443784112999399 0.0010787032320430327
leaf_weight=5530.6150855273008 3062.4007905721664 14572.672270074487 17305.279222905636 21947.847262501717 308.19697815179825 21510.360495045781 8862.8552759587765 25038.305405303836 528.0158106982708 5588.8804114758968 1559.1604537069798 8035.4624460935593 6963.6408181935549 556.47777915000916 1723.1178059875965 310.28819580376148 234.2289836704731 596.64625756442547 1091.5681924372911 2620.0752532482147 1592.6561535894871 7444.357401445508 2830.0238291174173 5482.5412390381098 62351.486200168729 8791.8055968731642 2346.249544352293 2215.2582207769156 14063.870575800538 5340.0596062391996
leaf_count=22230 12344 59873 69734 89192 1240 86668 35872 100882 2151 22525 6270 32483 27949 2236 6929 1252 946 2405 4380 10545 6412 29974 11410 22064 251205 35355 9481 8936 56530 21471
internal_value=1.43292e-05 0.000321337 -0.000220403 0.000148201 -0.00155912 0.000339615 0.000808269 -0.000460645 -0.000886721 -0.00140429 -0.00012949 -0.000663191 -9.99143e-06 0.0016422 0.00343913 -0.0016927 -0.00649903 -0.00138389 -0.000607213 -0.000982574 0.00034418 -0.000150696 0.000663257 0.000180311 0.0004077 -0.000380103 0.00211297 0.00309417 3.92135e-05 0.00154489
internal_weight=260404 112886 147518 58159.9 5838.81 52321.1 30810.7 89358.2 39036.6 22894.2 50321.6 23690.7 14514 3838.76 2279.6 9176.63 544.517 8632.11 10675.3 9583.72 26631 16142.5 8698.1 98313.6 69975.4 28338.2 7623.91 5277.66 22855.7 5868.08
internal_count=1050944 455788 595156 235202 23470 211732 125064 359954 157265 92259 202689 95395 58309 15435 9165 37086 2198 34888 42874 38494 107294 65006 35032 395915 281966 113949 30761 21280 91885 23622
cat_boundaries=0 1 2
cat_threshold=2 2
is_linear=0
shrinkage=0.03


Tree=127
num_leaves=31
num_cat=13
split_feature=39 29 3 0 23 25 0 25 24 46 25 44 1 25 24 24 39 0 24 24 27 46 28 1 24 11 38 39 18 25
split_gain=20.284 17.1542 15.9043 17.8032 31.1817 22.6763 59.4274 53.5067 36.7668 35.3792 33.9793 32.6851 25.1181 22.2601 37.2859 20.6172 17.6554 17.6532 81.1342 32.082 22.195 19.7958 21.5184 19.4106 21.6963 20.5233 17.2025 17.1525 16.8839 16.354
threshold=0.47748250000000009 0.15733800000000003 2.5000000000000004 2019.5000000000002 0 1 2022.5000000000002 2 3 1.0000000180025095e-35 4 0.24205850000000004 4.5000000000000009 5 6 7 0.55760850000000006 2022.5000000000002 8 9 0.59510050000000014 1.0000000180025095e-35 0.28825750000000006 5.5000000000000009 10 15.500000000000002 9791.5000000000018 0.5076075000000001 11 12
decision_type=8 8 2 2 1 1 2 1 1 2 1 10 2 1 1 1 10 2 1 1 8 2 10 2 1 2 2 8 1 1
left_child=1 -1 -2 4 13 6 8 9 10 12 -5 -11 26 14 -4 -9 -10 19 21 20 -7 22 -19 29 -25 -26 -8 -12 -23 -21
right_child=2 -3 3 5 -6 17 7 15 16 11 27 -13 -14 -15 -16 -17 -18 18 -20 23 -22 28 -24 24 25 -27 -28 -29 -30 -31
leaf_value=-0.0019730815026313894 0.00048246058705577887 0.00091510936890062153 -0.0016185249834630893 0.0026734733821996357 -0.00057850569564110602 -0.0014589456598753155 -0.0016482776823008906 0.0032420640882128531 -0.001377355697385162 0.00031280172131835398 0.00046025045057080077 0.0099023328114577185 0.0071146983820920533 0.00046075786797974343 0.0036839927314094236 -0.00077093531611422403 -0.0054505630761836317 0.0033786562067811914 -0.0012272867251726803 -0.0002054922567219104 -0.0081364324205055391 0.0040046233607416368 0.011857492117686691 0.00049054403937564444 -0.00089257312784812122 0.0036116962936224351 0.0080491050372823465 -0.0037484423767414217 -0.00090668303315650297 0.0015679433872483974
leaf_weight=8049.6418759673834 56560.084714725614 2385.3003438860178 1474.6495216488838 4395.3579996675253 12070.098131671548 8164.7823534160852 574.03240488469601 1462.7757484316826 9022.4344575405121 2678.8951691389084 2112.6760918349028 361.53374566137791 2962.5229531526566 9827.6142590045929 6024.6766799688339 5234.3044087141752 1077.3987275511026 2640.03148406744 46584.44658485055 7463.70511944592 474.00000096857548 931.65108788013458 302.32458074390888 22799.529212668538 28066.492774710059 935.66600380837917 226.0747516900301 1467.4528703689575 1866.3766546547413 12417.522815525532
leaf_count=32398 228696 9610 6002 17714 49060 32805 2306 5888 36264 10789 8494 1451 11902 40069 24757 21056 4328 10664 187496 30086 1900 3751 1221 91744 113235 3763 908 5898 7515 50052
internal_value=-1.41123e-05 -0.00130993 3.98312e-05 -8.93205e-05 0.000590297 -0.000211169 0.000510846 0.00201726 -0.000612477 0.0038879 0.000907238 0.00147158 0.00584007 0.00140618 0.00263633 0.000105696 -0.00181453 -0.000383282 -0.000812172 -0.00010354 -0.00182938 0.00254794 0.00427123 0.000104338 -0.000201012 -0.000745607 0.00107425 -0.00125466 0.000731508 0.000901415
internal_weight=260614 10434.9 250179 193619 29397 164222 31575.5 13500.1 18075.3 6803.06 7975.49 3040.43 3762.63 17326.9 7499.33 6697.08 10099.8 132647 52324.8 80321.7 8638.78 5740.38 2942.36 71682.9 51801.7 29002.2 800.107 3580.13 2798.03 19881.2
internal_count=1051822 42008 1009814 781118 119888 661230 126998 54300 72698 27356 32106 12240 15116 70828 30759 26944 40592 534232 210647 323585 34705 23151 11885 288880 208742 116998 3214 14392 11266 80138
cat_boundaries=0 1 2 3 4 5 6 7 8 9 10 11 12 13
cat_threshold=2 3 2 368 1 284 18 10 2 2 540 108 532
is_linear=0
shrinkage=0.03


Tree=128
num_leaves=31
num_cat=2
split_feature=0 38 39 40 36 46 6 18 50 36 48 6 34 30 41 11 41 44 28 39 35 50 13 42 19 40 18 36 36 39
split_gain=18.8167 23.3578 34.3757 20.383 19.3276 16.1653 14.0752 13.7817 13.3167 15.5392 21.3047 19.0616 25.3006 18.3173 14.4382 13.9526 15.4589 12.6752 12.6075 13.607 14.3193 13.6394 14.9689 14.1612 13.3045 12.6243 12.5386 12.3555 19.4973 13.4531
threshold=2023.5000000000002 9661.5000000000018 0.51127900000000015 0.13276350000000001 0.12071650000000002 1.0000000180025095e-35 2.5000000000000004 0 -0.12895549999999995 0.18148800000000001 1.0000000180025095e-35 1.0000000180025095e-35 0.53227600000000008 0.33999400000000007 509.50000000000006 9.5000000000000018 65.500000000000014 0.14199450000000005 0.27176550000000005 0.50906950000000017 0.2772695 -0.12120399999999996 -1.0000000180025095e-35 0.51759900000000003 99.450000000000017 0.13235400000000003 1 0.17148100000000002 0.21692400000000003 0.53498550000000011
decision_type=2 2 10 8 8 2 2 1 8 10 2 2 8 10 2 2 2 10 10 8 10 10 2 10 2 8 1 10 10 8
left_child=1 6 -3 -2 5 -5 7 -1 -9 10 13 12 -12 -10 -14 -11 -17 -6 19 24 21 22 -21 -23 -15 -22 -4 -19 -29 -30
right_child=3 2 26 4 17 -7 -8 8 9 15 11 -13 14 18 -16 16 -18 27 -20 20 25 23 -24 -25 -26 -27 -28 28 29 -31
leaf_value=0.0018396048154124844 0.0016590027734145242 0.0063619510319401938 0.0071528555122507753 0.0021707551446733262 -0.0016592033469962156 -0.00076508273249136297 -0.00071606659737706363 -0.00065654947284692414 0.0011557455124004015 0.0009986768598914677 -4.5506002922183736e-05 -0.00016609023951866947 -0.0066523606986048514 -0.00056519513218642858 -0.0024359416476627447 0.0066413298009557328 -0.00097394176282452434 -0.0015461025251316475 -0.00084197144488386885 -0.00012337561569086223 0.0019394946559616914 0.00090611200822683278 0.0057715852890706087 -3.1174742668338628e-05 -0.0068312132920558049 -0.0051380374401596906 -0.0003801384555423975 0.0010352939660693171 -0.00096031367902291154 -0.0070161205486918149
leaf_weight=4318.2576754689217 3469.2209699600935 1325.5123823285103 205.78059959411621 3445.1079873144627 15459.757926180959 3284.8315722346306 17767.595784306526 17665.933404579759 17780.720544174314 31420.544907957315 4157.4090726524591 26337.369406715035 915.29273672401905 10155.994950860739 3906.6850385963917 247.53054335713387 5325.2618531286716 6545.7069454044104 11186.046050205827 664.9619120657444 314.8771830201149 26843.738842770457 894.6430965512991 31435.621656820178 312.68367850780487 752.52568016946316 2137.0063332170248 7392.3135007768869 4419.2633738219738 356.70173779129982
leaf_count=17445 13948 5335 830 13907 62320 13243 71667 71142 72306 126566 16691 106320 3710 40861 15842 1002 21424 26334 45085 2696 1271 108871 3643 126910 1256 3026 8611 29712 17753 1433
internal_value=1.73157e-05 0.000132986 0.0025058 -0.000545229 -0.000733021 0.000733637 9.18301e-05 0.000165744 0.000127475 0.000207889 5.90188e-05 -0.000574375 -0.00176812 0.00028226 -0.00324615 0.00075295 -0.000626917 -0.00102277 9.37442e-05 0.000240841 0.000412893 0.000474825 0.00324357 0.000400053 -0.00075712 -0.0030226 0.000305913 -0.000495225 6.78526e-05 -0.001423
internal_weight=260445 216072 3668.3 44372.9 40903.7 6729.94 212404 194636 190318 172652 135659 35316.8 8979.39 100342 4821.98 36993.3 5572.79 34173.7 82561.1 71375 60906.4 59839 1559.61 58279.4 10468.7 1067.4 2342.79 18714 12168.3 4775.97
internal_count=1051160 872510 14776 178650 164702 27150 857734 786067 768622 697480 548488 142563 36243 405925 19552 148992 22426 137552 333619 288534 246417 242120 6339 235781 42117 4297 9441 75232 48898 19186
cat_boundaries=0 1 2
cat_threshold=64 66
is_linear=0
shrinkage=0.03


Tree=129
num_leaves=31
num_cat=8
split_feature=30 51 30 26 25 24 11 51 25 27 53 51 28 53 25 29 42 53 6 24 24 3 43 18 24 9 40 42 12 7
split_gain=15.4254 17.0157 22.4998 18.86 21.1091 22.2558 20.4989 19.8817 18.9963 17.6375 18.2947 17.2813 20.7669 16.0854 16.0355 29.6887 27.9258 19.5944 17.0467 22.53 20.6228 15.9454 15.4104 14.861 14.1174 15.4759 17.1053 14.0695 13.9211 13.9044
threshold=0.36842450000000004 0.015691500000000028 0.42258350000000006 912.50000000000011 0 1 8.5000000000000018 -0.0011114999999999873 2 0.53187550000000006 6.8870421070975647 0.03924250000000002 0.32182250000000007 9.1361016205905674 3 0.16408250000000005 0.45141150000000002 8.9634802919966585 1.5000000000000002 4 5 2.5000000000000004 0.30046850000000008 6 7 1.5000000000000002 0.13499150000000001 0.48459150000000006 -6.4999999999999991 1.5000000000000002
decision_type=8 10 10 2 1 1 2 10 1 8 2 10 10 2 1 10 10 2 2 1 1 2 10 1 1 2 10 10 2 2
left_child=21 3 -3 4 9 -6 7 13 -8 -2 -11 12 -4 23 15 16 -5 -17 20 22 28 29 -20 -7 -9 26 -26 -22 -16 -1
right_child=1 2 11 14 5 6 8 24 -10 10 -12 -13 -14 -15 18 17 -18 -19 19 -21 27 -23 -24 -25 25 -27 -28 -29 -30 -31
leaf_value=0.0011778497440195195 0.00023041003928358041 -0.0005540363473004069 -0.0066995344757183163 0.004156699058776238 0.0023104876782836441 0.0037546017025346708 -0.0038007636488610131 0.0018139056093846001 0.00011140807654044735 0 -0.0054428353681777314 -0.0012415814031876413 0.0027420897786943226 -0.0050788199342524506 -0.0040019167303153988 0.0020150139641964097 -0.00064299819677893048 0.0085351699912905015 0.0014583107994166305 -0.0026581618328612366 0.00053952786125131531 2.2750509089587473e-05 -0.0016287195939762556 0.0011041268607504351 -0.0077281514865418033 0.00070580952537080866 -0.00093699884813621282 -0.0012597320283409194 0.00087799081347728276 -0.0001485661568521089
leaf_weight=23390.044135913253 3683.3617279678583 28191.700853690505 1417.7430984526873 1239.9146281331778 7451.6162311136723 2731.5081322193146 1746.3516321480274 1045.5902115702629 3027.727459743619 982.72394891083241 1303.003587782383 2216.1641521155834 239.34975592792034 302.37683583796024 544.13026589155197 1480.0291546434164 8913.0049931406975 585.5756211578846 2799.0095367133617 7162.6357777863741 5106.1546274572611 103993.20065958798 3021.4380927085876 6510.5934265106916 684.77051791548729 866.47162944078445 672.32184351980686 16416.063624098897 12669.768828287721 10164.7281691432
leaf_count=94739 14836 113413 5710 5057 30114 11023 7026 4225 12191 3977 5230 8939 971 1220 2184 5961 35853 2363 11334 28921 20732 420044 12163 26274 2776 3495 2707 66109 51018 41048
internal_value=-1.16327e-05 -0.000255824 -0.000850068 -4.59597e-05 0.000554263 0.000936884 0.000351931 0.000978599 -0.00132259 -0.00104523 -0.00311615 -0.00299491 -0.00531523 0.00167127 -0.000356994 0.000611156 -5.28316e-05 0.0038876 -0.000605542 -0.00153347 -0.000257925 0.000206533 -0.000138813 0.00189694 -0.00103421 -0.00238504 -0.00439527 -0.000831061 0.000673401 0.000775168
internal_weight=260559 123011 32065 90946.1 31008.4 25039.3 17587.7 12813.6 4774.08 5969.09 2285.73 3873.26 1657.09 9544.48 59937.7 12218.5 10152.9 2065.6 47719.2 12983.1 34736.1 137548 5820.45 9242.1 3269.15 2223.56 1357.09 21522.2 13213.9 33554.8
internal_count=1051653 495822 129033 366789 125094 101051 70937 51720 19217 24043 9207 15620 6681 38517 241695 49234 40910 8324 192461 52418 140043 555831 23497 37297 13203 8978 5483 86841 53202 135787
cat_boundaries=0 1 2 3 4 5 6 7 8
cat_threshold=10 84 193 66 43 456 89 544
is_linear=0
shrinkage=0.03


Tree=130
num_leaves=31
num_cat=4
split_feature=32 11 36 36 44 18 26 51 46 49 24 0 43 43 29 29 21 39 34 33 44 24 42 26 31 30 2 25 29 31
split_gain=17.3524 15.6028 14.8675 17.7992 16.3453 13.9894 18.1818 14.8518 14.0225 16.5135 15.8486 16.0371 27.041 16.8373 15.1115 20.162 13.9002 14.7626 15.9408 16.6412 15.1537 13.9213 13.7977 15.9827 16.0825 14.9949 16.5527 15.9766 13.749 13.6779
threshold=0.33184500000000006 1.0000000180025095e-35 0.13028750000000003 0.14710800000000004 1.0000000180025095e-35 0 1294.5000000000002 -0.028300499999999947 1.0000000180025095e-35 1.0000000180025095e-35 1 2022.5000000000002 0.19367750000000003 0.23690050000000004 0.18124050000000005 0.14423450000000002 1.0000000180025095e-35 0.44998700000000008 0.44029000000000001 0.6389935000000001 0.18005050000000003 2 0.41669700000000004 2701.5000000000005 0.43274950000000006 0.32209850000000007 2.5000000000000004 3 0.060167800000000007 0.4681570000000001
decision_type=8 2 10 10 10 1 2 10 2 2 1 2 10 10 8 10 2 8 8 10 10 1 10 2 10 10 2 1 8 10
left_child=2 -2 -1 -4 -5 6 7 -3 28 10 11 13 -13 -10 15 16 -12 -18 -19 -20 21 -21 -17 -24 -25 -26 27 -27 -7 -11
right_child=1 5 3 4 -6 8 -8 -9 9 29 14 12 -14 -15 -16 22 17 18 19 20 -22 -23 23 24 25 26 -28 -29 -30 -31
leaf_value=0.00058289037535585748 0.00058813760203553923 0.0014403814689330679 -0.004461744585665838 0.0056498019641115695 -0.0012493658007320468 -0.004624954333812264 0.0012437039446082762 -0.0011580742278581579 -0.0059046585720093662 -0.002453158048637064 -0.0034055460359651061 0.0065900466412189256 -0.0010461332926903408 -0.0016532778580554163 0.0014712752286144908 0.0012810735895888521 -0.0049832636650396873 0.0024970181491182565 -8.5676318552030997e-05 -0.00045342833606593514 -0.00041486715459481749 0.0044388800770095117 -0.00043767193869359436 -0.0039328979982981502 -0.0073146508536544533 0.004525516132057204 -0.0019822761111703206 -0.00057606827213807943 0.00016248665478695671 0.0010972592803640221
leaf_weight=4175.8904044181108 42871.253573715687 2770.4664503335953 1579.4032761156559 314.64832527935505 9947.564736366272 539.92032472789288 15769.847528487444 6870.4137214571238 1038.405352011323 5562.5374028682709 952.39723314344883 504.96934780478477 2326.8222148269415 4549.521991148591 4862.9766260385513 2421.9197185635567 474.73291167616844 2807.4478589147329 32050.399017468095 688.02038387954235 1608.6833185851574 2083.7386198490858 14802.167477488518 2771.5976513177156 352.23790274560452 773.77133846282959 5128.3380585461855 1826.6760047227144 86846.887773051858 1169.7559907883406
leaf_count=16833 173351 11169 6380 1273 40142 2197 63592 27761 4182 22480 3834 2031 9368 18293 19586 9717 1913 11322 129439 2798 6663 8549 59657 11165 1437 3114 20636 7344 350259 4721
internal_value=5.59521e-06 6.84e-05 -0.000950762 -0.00149414 -0.00103332 -4.20079e-05 0.000615633 -0.000408038 -0.000137086 -0.000402767 -0.000285066 -0.00151736 0.000310512 -0.00245142 -0.000143414 -0.000258157 0.000168137 0.000254847 0.000319363 0.000150532 0.00188452 0.00322886 -0.000876609 -0.0010816 -0.00195674 -0.00127404 -0.000992133 0.000949037 0.000132406 -0.00183159
internal_weight=260443 244426 16017.5 11841.6 10262.2 201555 25410.7 9640.88 176144 88757.1 82024.8 8419.72 2831.79 5587.93 73605.1 68742.1 40665.4 39713 39238.3 36430.8 4380.44 2771.76 28076.7 25654.8 10852.6 8081.02 7728.79 2600.45 87386.8 6732.29
internal_count=1051206 986578 64628 47795 41415 813227 102522 38930 710705 358249 331048 33874 11399 22475 297174 277588 164518 160684 158771 147449 18010 11347 113070 103353 43696 32531 31094 10458 352456 27201
cat_boundaries=0 1 2 3 4
cat_threshold=112 2 168 148
is_linear=0
shrinkage=0.03


Tree=131
num_leaves=31
num_cat=6
split_feature=8 45 34 28 11 42 51 31 44 26 34 31 34 24 26 20 18 7 45 24 18 46 13 11 42 25 44 25 26 1
split_gain=17.2277 16.1495 19.1029 15.393 12.5832 12.9028 13.8454 13.2754 12.902 12.0329 16.1249 13.2546 12.0317 12.0257 12.0778 13.3567 11.9691 11.5634 17.5469 15.8238 14.6746 14.0167 17.7326 15.7802 12.9815 18.1422 17.5551 14.0532 18.7442 14.9652
threshold=1.5000000000000002 9.5000000000000018 0.6442730000000001 0.17723800000000003 1.0000000180025095e-35 0.6164765000000002 0.038206000000000025 0.40487000000000001 0.55437550000000013 362.50000000000006 0.53948650000000009 0.55600400000000005 0.60205150000000007 0 1068.5000000000002 92.750000000000014 1 1.0000000180025095e-35 1.5000000000000002 2 3 1.0000000180025095e-35 -2.4999999999999996 2.5000000000000004 0.5013525000000002 4 0.16466650000000002 5 1734.5000000000002 4.5000000000000009
decision_type=2 2 8 10 2 10 8 8 10 2 10 10 10 1 2 2 1 2 2 1 1 2 2 2 10 1 10 1 2 2
left_child=1 3 13 9 5 6 7 -2 -6 10 11 -1 -11 16 15 -15 -3 19 -19 21 -21 22 -5 -24 25 -22 -27 29 -29 -26
right_child=4 2 -4 17 8 -7 -8 -9 -10 12 -12 -13 -14 14 -16 -17 -18 18 -20 20 24 -23 23 -25 27 26 -28 28 -30 -31
leaf_value=0.0018006682326431127 0.0055140492905855348 -0.0011161580392369602 0.0035384354407808887 -0.0031912191161818843 0.0001644036062429285 0.0035057960896303958 0.0039772587938250959 0.00017565939432036409 0.0061952301759813965 0.00028159126385817162 -0.0019178820316997115 -0.0056745842834256405 0.0015774763217783984 0.0003877299272413531 -0.003191083636107686 -0.0060257716494180949 0.0026128490417889772 0.00083869728476237656 -0.00026285279344013483 -0.0015814071419803309 0.0031312108622202801 -0.0019223669336101473 -0.0012203186904568451 0.0012202973455920077 -0.0061984273744756365 -0.0016374981004235766 0.0015188631613087462 0.0011833867181831306 -0.00092695779005078365 -0.0011123543565006977
leaf_weight=2365.3850188404322 437.95643745362759 3611.8548733741045 706.92946138978004 1765.7429237663746 71936.542953848839 1899.6019711643457 1110.0604570508003 8910.5671550482512 318.00646081566811 19509.149254366755 3949.4908349663019 230.25173345208168 9686.7701265364885 2003.0394778549671 4653.6942446231842 338.0377601981163 970.27304467558861 17117.53748242557 54264.836575254798 5455.1932478845119 2650.6102262884378 11490.931929811835 4474.4014954417944 5093.6318935155869 621.97446705400944 2735.8379645049572 3758.01075540483 7283.9192984849215 7880.7098533809185 3301.1852354556322
leaf_count=9601 1787 14567 2888 7093 290223 7684 4495 36008 1289 79317 16184 939 40282 8081 18749 1363 3912 68824 218141 21931 10640 46269 17993 20471 2501 10989 15095 29293 31685 13279
internal_value=-8.19317e-06 -0.000177491 -0.00122667 -9.85273e-05 0.000343436 0.00122838 0.00081098 0.000430647 0.000191618 0.000451557 -0.000708499 0.00112023 0.000712692 -0.00152107 -0.00230275 -0.00053207 -0.000314848 -0.000252494 9.03488e-07 -0.000573083 -0.000158556 -0.00118289 -0.000431242 7.58068e-05 0.000115915 0.00104597 0.000184055 -0.000328111 8.46889e-05 -0.00192555
internal_weight=260532 175919 12283.8 163636 84612.7 12358.2 10458.6 9348.52 72254.5 35741 6545.13 2595.64 29195.9 11576.9 6994.77 2341.08 4582.13 127895 71382.4 56512.1 33687.4 22824.7 11333.8 9568.03 28232.2 9144.46 6493.85 19087.8 15164.6 3923.16
internal_count=1051573 710087 49560 660527 341486 49974 42290 37795 291512 146323 26724 10540 119599 46672 28193 9444 18479 514204 286965 227239 135413 91826 45557 38464 113482 36724 26084 76758 60978 15780
cat_boundaries=0 1 2 3 4 5 6
cat_threshold=75 137 706 35 11 258
is_linear=0
shrinkage=0.03


Tree=132
num_leaves=31
num_cat=1
split_feature=30 38 29 3 43 39 30 19 51 29 43 26 11 10 51 26 6 18 38 34 35 29 26 51 9 34 28 51 34 42
split_gain=16.7513 18.2946 17.0713 16.8546 16.3662 14.3932 14.1597 15.892 18.9303 14.3955 14.0449 18.5527 14.2312 17.7187 13.7421 13.2204 18.7489 15.6432 12.6735 16.0206 13.6317 11.5044 15.6709 11.3286 11.285 11.8919 11.7804 11.6312 14.6052 18.1634
threshold=0.37270400000000009 243.50000000000003 0.078468050000000011 2.5000000000000004 0.31654500000000008 0.48312350000000009 0.42088650000000005 79.550000000000011 -0.010823499999999984 0.15265350000000003 0.35559350000000006 496.50000000000006 14.500000000000002 8.5000000000000018 -0.0007509999999999738 5540.5000000000009 2.5000000000000004 0 700.50000000000011 0.46947200000000006 0.080178550000000015 0.097566300000000009 284.50000000000006 -0.048897500000000003 6.5000000000000009 0.60456300000000007 0.19269150000000004 -0.07301050000000002 0.47928250000000006 0.48628300000000008
decision_type=8 2 10 2 8 10 10 2 10 10 10 2 2 2 8 2 2 1 2 8 10 10 2 10 2 10 10 10 10 10
left_child=2 -2 14 18 5 -3 21 8 -8 -10 11 -6 13 -13 -1 -5 17 -17 -4 20 -20 22 -7 -14 25 26 -19 -28 29 -29
right_child=1 4 3 15 10 6 7 -9 9 -11 -12 12 23 -15 -16 16 -18 24 19 -21 -22 -23 -24 -25 -26 -27 27 28 -30 -31
leaf_value=0.0025391994030007068 0.0011113636625835052 -0.0023759851365699213 -0.00050745138020231529 0.00020922264027085479 0.00067130456408914351 -0.0021101692470992953 0.0014823306041426444 -0.0030550567878845471 -0.0030331575202291071 0.001279248878754177 -0.00048550735802955732 -0.0022079616511911306 -0.012688991931491832 0.0054679885032973439 -0.0052408892847700412 0.0039535276482409497 -0.0038686919755851197 -0.0019868538940860736 0.0052518876768333873 0.0013061817334568872 -0.0012680409810496387 0.00015044816752637308 0.0039445265025638528 -0.0033993599878114375 -0.0036031466412036707 0.0023507626766618669 0.0030174119847473308 -0.00035184970808658475 0.0001365219744157106 -0.0062193193737199596
leaf_weight=258.18642504513264 7918.3498109430075 2301.8274277448654 5592.277169033885 92391.413656562567 2411.6318790912628 502.200822904706 2998.6134371459484 2545.9297690838575 2409.8191048800945 966.11454635858536 32056.94135299325 9137.8850008249283 200.6345656812191 273.97995746135712 878.64590580761433 707.32189738750458 1495.9108222275972 4066.5637710541487 309.44398702681065 26650.454516023397 3612.9769778251648 44864.790924608707 1550.1238476485014 319.17650842666626 1027.9075406640768 1329.7816774398088 976.48365184664726 1202.7330707758665 8572.2883510142565 794.92911785840988
leaf_count=1057 32054 9285 22743 373283 9701 2028 12083 10263 9712 3899 128998 36781 809 1102 3579 2848 6009 16445 1241 107825 14500 180624 6693 1285 4130 5456 3911 4818 34438 3186
internal_value=3.43877e-06 -0.000276752 0.000210152 0.000238366 -0.000384268 -5.24943e-05 4.28737e-05 -0.00105188 -0.000246072 -0.00179013 -0.000817996 -0.00167875 -0.00225245 -0.00197966 -0.0034456 5.70526e-05 -0.000638288 -0.000377381 0.000801828 0.00104232 -0.000742414 0.000251716 0.00244744 -0.00709455 -0.000552038 -0.000364879 -0.000598503 -0.00010655 -0.000398763 -0.00270751
internal_weight=260325 110458 149867 148730 102540 58139.4 55837.6 8920.48 6374.55 3375.93 44400.2 12343.3 9931.68 9411.86 1136.83 112565 20173.9 18678 36165.2 30572.9 3922.42 46917.1 2052.32 519.811 17970.7 16942.8 15613 11546.4 10570 1997.66
internal_count=1050786 445317 605469 600833 413263 234587 225302 35957 25694 13611 178676 49678 39977 37883 4636 454524 81241 75232 146309 123566 15741 189345 8721 2094 72384 68254 62798 46353 42442 8004
cat_boundaries=0 1
cat_threshold=17
is_linear=0
shrinkage=0.03


Tree=133
num_leaves=31
num_cat=10
split_feature=18 46 31 24 43 31 24 22 34 3 25 38 45 7 33 25 8 42 44 20 24 36 1 51 43 25 51 18 42 24
split_gain=19.2476 18.2801 16.6965 19.2032 16.3005 20.2425 14.6362 14.1683 17.1365 13.9753 16.0377 14.0987 15.1786 14.6851 16.7084 14.0943 17.0601 13.497 13.4788 15.3503 13.3029 13.4849 13.159 12.814 12.6206 12.5942 12.9607 11.7727 11.6114 11.5639
threshold=0 1.0000000180025095e-35 0.46903550000000005 1 0.30720150000000007 0.50012800000000002 2 3 0.37053000000000008 3.5000000000000004 4 2331.5000000000005 6.5000000000000009 1.0000000180025095e-35 0.36749700000000002 5 1.0000000180025095e-35 0.44392250000000005 0.21855500000000003 49.45000000000001 6 0.10016200000000001 5.5000000000000009 -0.1676395 0.14172350000000003 7 -0.0025285000000000164 8 0.62555500000000008 9
decision_type=1 2 10 1 8 10 1 1 8 2 1 2 2 2 10 1 2 8 10 2 1 10 2 10 10 1 8 1 10 1
left_child=-1 4 3 7 5 29 23 8 -3 10 -5 20 13 -13 -15 -14 -17 -9 -12 -20 25 -22 -7 28 -21 26 -11 -8 -4 -2
right_child=1 2 6 9 -6 22 27 17 -10 11 18 12 15 14 -16 16 -18 -19 19 24 21 -23 -24 -25 -26 -27 -28 -29 -30 -31
leaf_value=0.0016652192417027374 0.00120400741295632 -0.0075417321209737386 -0.00046410593569924251 -0.00058826883950433007 -0.00017979348835902382 0.00038977838437233433 -0.00053851092035537423 0.0013368302881176289 -0.00061385901844009984 -0.0043747764283772099 0.0015641875246012796 -0.0013029800766335121 -9.7948775107484501e-06 -0.0040432776342955489 0.00048634021048600345 -0.0054325699601415452 -0.0017268844277718307 -0.0030375643335450219 -0.0019875125813193823 -0.0037736832134383177 -0.00099972900530021468 0.0010153547759307322 -0.0037410072050357871 -0.00025544045062394528 0.0027697702855199943 -0.00018064021214326753 -0.00026250243026304835 0.0014684640831673541 -0.010329235320454173 0.00035709700475667879
leaf_weight=6086.5597898513079 20564.85953630507 326.90776650607586 221.06850352883339 9922.326709702611 54510.477385759354 1188.0403315871954 3395.9921939522028 709.35176308453083 14056.594263389707 1577.4803450256586 10283.972840219736 12523.338493451476 1958.4021834135056 782.64699426293373 10803.725852325559 1748.0606517493725 3210.2427980005741 5293.9494971185923 2457.0245537012815 314.90142686665058 3931.0532193779945 12306.895870044827 1624.6318918466568 9172.9575705975294 1525.8383716791868 6940.3988551795483 1253.5736408829689 11331.276886224747 219.48646834492683 49920.571330115199
leaf_count=24573 83263 1334 896 40156 219481 4802 13742 2863 56616 6354 41554 50438 7903 3169 43474 7055 12948 21453 9937 1270 15948 49719 6532 37056 6182 28047 5056 45844 886 201589
internal_value=-2.72862e-08 -4.01206e-05 -0.000296232 -0.00046495 0.000212666 0.000504935 0.000409011 -0.00128855 -0.000774941 -0.000258433 0.000339969 -0.000516098 -0.000947919 -0.00059066 0.000176813 -0.00218809 -0.00303575 -0.00251528 0.000973385 -0.000431193 0 0.000525257 -0.001987 -0.000499248 0.00162977 -0.000874874 -0.00255765 0.00100357 -0.00548321 0.00060488
internal_weight=260163 254076 126267 101927 127809 73298.1 24340.8 20386.8 14383.5 81539.9 24504.1 57035.8 31026.4 24109.7 11586.4 6916.71 4958.3 6003.3 14581.7 4297.76 26009.4 16237.9 2812.67 9613.51 1840.74 9771.45 2831.05 14727.3 440.555 70485.4
internal_count=1050140 1025567 509900 411476 515667 296186 98424 82266 57950 329210 99099 230111 124987 97081 46643 27906 20003 24316 58943 17389 105124 65667 11334 38838 7452 39457 11410 59586 1782 284852
cat_boundaries=0 1 2 3 4 5 6 7 8 9 10
cat_threshold=64 18 712 2 60 35 164 515 12 82
is_linear=0
shrinkage=0.03


Tree=134
num_leaves=31
num_cat=8
split_feature=18 32 26 0 25 25 38 25 32 31 35 29 19 29 25 9 7 19 25 33 50 29 25 37 40 34 25 21 35 44
split_gain=17.4114 15.7419 19.5329 15.1174 67.2312 21.0694 27.0347 15.4104 15.3112 28.0051 18.7589 15.0581 14.1719 16.5503 14.14 14.0196 19.017 15.6668 14.952 15.34 13.9176 13.8527 18.6058 30.4696 13.93 13.6056 15.2673 13.6935 13.583 13.2092
threshold=0 0.5545000000000001 376.50000000000006 2023.5000000000002 1 2 10210.500000000002 3 0.42713350000000005 0.46774450000000006 0.19163500000000003 0.14729650000000002 90.65000000000002 0.16229550000000001 4 1.0000000180025095e-35 1.5000000000000002 99.750000000000014 5 0.52388600000000018 -0.045012000000000017 0.17531400000000003 6 0.18602350000000004 0.15001050000000002 0.53853800000000007 7 1.0000000180025095e-35 0.21635550000000001 0.072168150000000014
decision_type=1 10 2 2 1 1 2 1 8 10 10 10 2 10 1 2 2 2 1 10 10 10 1 10 10 10 1 2 10 10
left_child=-1 3 25 5 -5 -2 8 -8 9 11 -10 14 13 20 -7 18 28 29 -4 -20 -13 22 23 -12 -23 26 -3 -27 -17 -18
right_child=1 2 15 4 -6 6 7 -9 10 -11 21 12 -14 -15 -16 16 17 -19 19 -21 -22 24 -24 -25 -26 27 -28 -29 -30 -31
leaf_value=0.00082297313903823997 0.0004677024973981181 -0.0019558064126082046 5.3871749789033114e-05 0.0030839518970035475 -0.0014258952976391099 0.00036971575323068752 -0.00088186552192187032 0.0070536142199811172 -0.00049781140246184035 0.0013146070526513208 0.00041179490387122862 -0.0039009586776229547 -0.0048634164573234783 -0.0003467123082521058 -0.0015955141531438955 0.00063613754505617267 0.00085339648480515433 0.005821587421799548 0.0035720180959097421 0.0011026282082401023 0.00013916302977534222 0.0045736364042907457 0.0010650664022419569 -0.0054912019467158275 -0.00078957716604532763 -0.0078328896086956382 0.0024871334443526644 -0.0014090350388130692 -0.0014065192210240055 -0.0013541787955265508
leaf_weight=20129.010321840644 36454.966265872121 1131.6805895417929 9823.3130984902382 3352.5628518462181 25496.150759473443 5658.7677011191845 318.99913585186005 669.39024493098259 42168.668541029096 3898.8843426257372 2455.297366335988 3551.1205201894045 1645.8630921989679 3846.3513374775648 7802.606168076396 35373.454114884138 3027.568000420928 313.23336738348007 2795.3509295880795 12323.659383147955 960.36624792218208 1478.1636929959059 9498.2358556985855 1149.4883314818144 603.93886575102806 311.59555780887604 1752.7859404683113 7129.4707892537117 3183.639531776309 12225.608103334904
leaf_count=81250 146722 4556 39849 13480 102626 22768 1285 2691 169822 15659 9885 14287 6638 15521 31392 143370 12212 1260 11237 50372 3879 5945 38248 4623 2426 1256 7054 29077 12846 49418
internal_value=-2.41326e-05 -9.5226e-05 0.000220104 -0.000282093 -0.000899917 -0.000135928 -0.000393048 0.00452954 -0.000451038 -0.0010351 -0.000171812 -0.00142692 -0.00230987 -0.00180186 -0.000768173 0.000380645 0.000108815 -0.000775396 0.000969215 0.00156076 -0.00303477 0.000731423 0.000367302 -0.00146118 0.00300469 -0.00100606 0.000735237 -0.00168511 0.000466602 -0.000913954
internal_weight=260530 240401 89391.4 151010 28848.7 122161 85706.1 988.389 84717.8 27364 57353.8 23465.1 10003.7 8357.84 13461.4 79065.8 54123.5 15566.4 24942.3 15119 4511.49 15185.1 13103 3604.79 2082.1 10325.5 2884.47 7441.07 38557.1 15253.2
internal_count=1051654 970404 362507 607897 116106 491791 345069 3976 341093 110144 230949 94485 40325 33687 54160 320564 219106 62890 101458 61609 18166 61127 52756 14508 8371 41943 11610 30333 156216 61630
cat_boundaries=0 1 2 3 4 5 6 7 8
cat_threshold=84 2 112 133 644 71 520 202
is_linear=0
shrinkage=0.03


Tree=135
num_leaves=31
num_cat=7
split_feature=21 23 9 24 18 33 37 35 24 43 19 25 38 42 50 25 40 29 29 50 42 27 37 29 43 28 28 25 28 27
split_gain=15.2427 18.6195 17.2579 16.297 14.4371 14.2054 13.5217 12.8625 15.5369 18.9958 14.6234 17.1726 13.7341 13.198 12.6502 14.6866 12.5519 12.2118 11.8352 11.9721 11.7398 12.0816 11.5549 15.4874 14.8474 16.6828 13.7261 18.7584 12.9277 13.8585
threshold=0.89500000000000013 0 4.5000000000000009 1 2 0.33392000000000005 0.092338600000000007 0.059114700000000006 3 0.12233550000000001 54.750000000000007 4 3651.5000000000005 0.39989800000000003 -0.093506500000000006 5 0.15553150000000002 0.18587550000000003 0.14375050000000003 0.099760000000000029 0.47817850000000006 0.52475900000000009 0.081108500000000014 0.13626050000000003 0.29477500000000006 0.12380750000000001 0.27993800000000008 6 0.22854650000000001 0.56494600000000006
decision_type=2 1 2 1 1 10 10 10 1 10 2 1 2 10 8 1 8 8 10 10 10 10 10 10 10 10 10 1 10 10
left_child=1 5 3 4 -2 17 -6 13 9 -9 18 12 -12 -7 15 -5 -16 -1 19 -11 21 -13 28 24 -24 -26 -27 -28 29 -10
right_child=2 -3 -4 14 6 7 -8 8 22 10 11 20 -14 -15 16 -17 -18 -19 -20 -21 -22 -23 23 -25 25 26 27 -29 -30 -31
leaf_value=-0.0027441416064070772 0.001566180478613705 -0.00051930555746023917 -0.00067861363834680684 0.00098282095507337686 0.0023958492191309437 0.0062529519429432769 0.0002837898342125718 0.0056959563893871652 0.0040982077896634011 -0.0020857673058722942 -0.002228308134054763 -0.0032138521263838076 0.0023960142773301885 0.0010249424077724899 -7.7836358493424893e-07 -0.002083900611466339 0.0013245857768352401 0.0021057979597969055 0.00092753066889695907 0.0038667662903590387 -0.002769546062921359 -0.011340846227390832 0.00034042323547518142 1.3627196943044596e-05 0.0088039045123150979 0.0013438934287961545 -0.0013499593139590998 0.0083474971448382323 -0.0060809428432668251 -0.0030159274807502836
leaf_weight=2501.4798338115215 15852.82346239686 70178.093037158251 14300.883552119136 1986.6666219681501 2993.315979629755 457.53461343050003 31299.293421894312 382.55685277283192 397.34880758821964 3065.6106599867344 1554.6300738304853 339.15954118967056 912.56918044388294 8782.3368171602488 35496.203854843974 4670.3429351300001 7838.8183230757713 564.97864802181721 3895.1180562078953 331.65874151885509 1831.3249992579222 350.2442023307085 9651.116828173399 32022.911852240562 320.71855062246323 6533.9949535727501 252.54805052280426 577.78702372312546 516.92669536173344 635.98342728614807
leaf_count=10136 64171 283013 57637 7994 12239 1871 126560 1541 1598 12340 6261 1361 3668 35451 143185 18803 31558 2283 15664 1335 7375 1411 39228 129088 1346 26354 1016 2324 2076 2643
internal_value=3.59945e-05 -0.000167005 0.00029534 0.000434749 0.000816826 0.000158441 0.000469078 0.000243073 9.05259e-05 -0.000848681 -0.00105703 -0.00230882 -0.000502848 0.00128901 5.06994e-05 -0.00116581 0.000238348 -0.00183961 -0.000196115 -0.00149293 -0.00404384 -0.00741726 0.000324867 0.000405595 0.00112777 0.00211213 0.00181316 0.00545173 -0.00221989 -0.000247426
internal_weight=260495 146057 114438 100137 50145.4 75878.5 34292.6 72812.1 63572.2 12662.9 12280.3 4987.93 2467.2 9239.87 49992 6657.01 43335 3066.46 7292.39 3397.27 2520.73 689.404 50909.3 49359.1 17336.2 7685.05 7364.33 830.335 1550.26 1033.33
internal_count=1051530 589383 462147 404510 202970 306370 138799 293951 256629 50956 49415 20076 9929 37322 201540 26797 174743 12419 29339 13675 10147 2772 205673 199356 70268 31040 29694 3340 6317 4241
cat_boundaries=0 1 2 3 4 5 6 7
cat_threshold=2 217 114 10 899 70 800
is_linear=0
shrinkage=0.03


Tree=136
num_leaves=31
num_cat=12
split_feature=18 40 24 1 9 25 24 25 51 26 26 25 24 26 0 24 24 1 38 25 4 12 9 51 38 36 24 32 33 38
split_gain=14.7628 13.3423 28.0328 22.2914 24.2019 22.3838 21.1129 23.2195 20.8921 19.4292 19.1282 18.0319 22.4829 17.2111 16.9151 23.906 21.0931 16.6825 17.635 20.158 21.4743 16.4827 15.648 18.9725 15.3694 15.3401 14.687 14.5348 17.2475 15.4265
threshold=0 0.14277450000000005 1 8.5000000000000018 3.5000000000000004 2 3 4 0.0024240000000000377 553.50000000000011 8496.5000000000018 5 6 539.50000000000011 2022.5000000000002 7 8 4.5000000000000009 124.50000000000001 9 10 8.5000000000000018 1.5000000000000002 -0.0927785 212.50000000000003 0.18425550000000004 11 0.33184500000000006 0.56752650000000016 899.50000000000011
decision_type=1 10 1 2 2 1 1 1 8 2 2 1 1 2 2 1 1 2 2 1 1 2 2 10 2 8 1 8 10 2
left_child=-1 2 10 4 6 -6 25 -8 9 21 -2 -5 -13 -10 16 -16 -7 18 -9 20 -20 22 23 -4 -11 -3 -25 -27 29 -29
right_child=1 3 8 11 5 14 7 17 13 24 -12 12 -14 -15 15 -17 -18 -19 19 -21 -22 -23 -24 26 -26 27 -28 28 -30 -31
leaf_value=0.0013778251591488242 -0.0014464875486705753 -0.00091562534271709363 0.010519301450659234 -0.00033836963361270434 -0.0019018368743894116 -0.00087581044810372793 -0.00066510462141189006 0.0047566844014960202 -0.0012095598533850048 -0.0021301370935226677 0.0045247714867116097 -0.0032954306528595037 -0.00085244793139829095 0.00010865844635311331 0.0013160691312089248 -0.0018360490728226424 0.0024848183361631452 0.001395916145265713 -0.0073148472996130039 0.00022780195486669694 -0.00018698927063379536 -0.0052803528414217676 0.00092344657343497851 -0.00064166176072159549 0.00043806705299610218 -0.0031612789011447851 0.003424385133524571 0.0044373085869809595 -0.0039144943546654074 0.0007568481638179224
leaf_weight=6111.0536886453629 12509.330840334296 19187.786551848054 289.21603108942509 15689.546884357929 11037.062388747931 2997.1822248846292 9464.7099107056856 566.72208891808987 12169.822347521782 2176.7005531340837 497.11959710717201 5613.8239517658949 8715.6311948746443 33178.428614616394 3025.7421696484089 7478.31370267272 3776.6810686290264 24353.987473070621 760.91774074733257 4639.2210665494204 775.74114498496056 300.07836309075356 7841.7029426544905 990.96875001490116 53373.715814828873 841.99096201360226 3912.409670740366 1225.0971222668886 598.70262315869331 6433.9601856023073
leaf_count=24674 50303 77437 1166 63171 44427 12079 38102 2302 49286 8817 2013 22599 35094 134369 12175 30122 15203 98095 3064 18682 3127 1207 31705 4032 215895 3409 15870 4945 2426 25888
internal_value=-7.735e-05 -0.000112486 0.000104531 -0.000329842 -0.000108724 -0.000847176 0.000194562 0.000633476 0.000255036 0.000584358 -0.00121403 -0.00104446 -0.00181374 -0.000244499 -0.000170315 -0.00092559 0.000996083 0.0010298 -0.000286673 -0.000756411 -0.00371924 0.00161318 0.00177537 0.00305486 0.000336784 -0.000433806 0.00260231 0.000578356 0.000964304 0.00135097
internal_weight=260533 254422 127239 127183 97163.8 28315 68848.8 40561.3 114233 68884.8 13006.5 30019 14329.5 45348.3 17277.9 10504.1 6773.86 31096.6 6742.6 6175.88 1536.66 13334.4 13034.3 5192.59 55550.4 28287.5 4903.38 9099.75 8257.76 7659.06
internal_count=1051684 1027010 514663 512347 391483 114006 277477 163372 462347 278692 52316 120864 57693 183655 69579 42297 27282 125270 27175 24873 6191 53980 52773 21068 224712 114105 19902 36668 33259 30833
cat_boundaries=0 1 2 3 4 5 6 7 8 9 10 11 12
cat_threshold=64 2 210 596 6 118 673 522 195 192 2 33
is_linear=0
shrinkage=0.03


Tree=137
num_leaves=31
num_cat=7
split_feature=45 37 30 51 28 33 18 38 25 42 36 28 25 30 1 39 37 2 28 29 32 42 46 22 25 24 29 18 7 0
split_gain=18.4172 15.268 14.1614 14.1302 13.8204 21.3383 15.972 13.4038 25.0381 14.6853 13.378 12.9373 15.9524 13.0676 15.8679 12.7471 14.8903 17.085 12.4769 12.3622 12.3447 12.3276 11.2992 19.2806 22.3116 33.0476 20.4216 14.3083 14.1809 20.6574
threshold=8.5000000000000018 0.15837800000000005 0.42088650000000005 -0.010390499999999995 0.30949500000000002 0.60217050000000005 0 288.50000000000006 1 0.57769100000000007 0.15855650000000002 0.27788800000000008 2 0.43602150000000006 8.5000000000000018 0.51398650000000012 0.15927150000000004 3.5000000000000004 0.30949500000000002 0.078468050000000011 0.58660250000000014 0.38253950000000009 1.0000000180025095e-35 3 4 5 0.083342150000000018 6 1.0000000180025095e-35 2019.5000000000002
decision_type=2 10 8 10 10 10 1 2 1 10 10 10 1 10 2 8 10 2 10 8 10 10 2 1 1 1 10 1 2 2
left_child=2 21 4 7 6 -6 -1 8 9 -4 20 12 -9 14 -13 -5 17 -17 -19 -14 -3 -2 23 26 25 -25 -8 -28 29 -24
right_child=1 10 3 15 5 -7 22 11 -10 -11 -12 13 19 -15 -16 16 -18 18 -20 -21 -22 -23 28 24 -26 -27 27 -29 -30 -31
leaf_value=0.0018427626707425379 0.0051340470827900319 -0.0059642153311368056 0.0019200972089311122 -0.0041317396998371619 -0.0013311371483565421 0.0079860611510986813 -0.0051184700105645379 -0.0056859831427014144 -0.0014482784924010493 0.012854417488980734 -0.0012497208531469888 0.0067356836733598897 0.0058303353001751537 -0.00061520915704496083 -0.0022590514569625938 -0.0039873725101635627 0.0014547561703690663 -0.0012167195468117283 0.0048791807353874067 -0.0010985266904681586 -0.00032742324331976481 -0.00036717888596064948 0.00091547063209189785 0.0016315082923438304 0.0016422417631256848 -0.0017749982504393182 0.00072289076968659615 -0.00014667418142171721 0.00019988132997956543 -0.00079357477149834667
leaf_weight=4939.0440924018621 374.08598028123379 1158.2249121069908 198.11960172653198 1642.3708857446909 8223.4279336631298 223.59179894626141 667.61322428286076 649.23027068376541 474.43325300514698 273.59366945922375 7029.1679147034883 638.07470931112766 247.29047812521458 1098.872518196702 235.85782688856125 2029.7290911525488 1477.0057045072317 1591.9132621586323 369.69016732275486 3005.1380830109119 517.3986432403326 12684.803241848946 7648.608200699091 4994.4009727686644 18044.048989549279 5235.4398254603148 25332.226025313139 51803.076299026608 60162.608675166965 37502.466541275382
leaf_count=19946 1521 4670 803 6639 33330 903 2725 2611 1923 1109 28346 2584 997 4454 957 8183 5957 6408 1494 12084 2085 51187 31298 20224 73101 21099 102140 208849 242794 151035
internal_value=-2.21337e-05 -0.000857602 5.39224e-05 -0.000873884 0.000111571 -0.00107821 0.000158181 9.75452e-05 0.00340904 0.00819375 -0.00183105 -0.000432171 -0.00143692 0.00153892 0.00427454 -0.00180955 -0.00110473 -0.00205977 -4.68998e-05 -0.000555897 -0.00424526 -0.000206151 0.000118562 0.00033717 0.00100816 -0.000108989 9.29137e-05 0.000138605 -0.000101338 -0.000503356
internal_weight=260472 21763.7 238708 13931.3 224777 8447.02 216330 6820.61 946.147 471.713 8704.79 5874.46 3901.66 1972.81 873.933 7110.71 5468.34 3991.33 1961.6 3252.43 1675.62 13058.9 211390 106077 28273.9 10229.8 77802.9 77135.3 105314 45151.1
internal_count=1051456 87809 963647 56203 907444 34233 873211 27522 3835 1912 35101 23687 15692 7995 3541 28681 22042 16085 7902 13081 6755 52708 853265 428138 114424 41323 313714 310989 425127 182333
cat_boundaries=0 1 2 3 4 5 6 7
cat_threshold=64 944 520 2 166 229 60
is_linear=0
shrinkage=0.03


Tree=138
num_leaves=31
num_cat=7
split_feature=39 30 51 24 25 6 42 52 25 24 29 24 3 24 36 44 18 39 19 12 40 31 42 34 35 42 20 50 50 21
split_gain=14.0342 13.3534 15.5312 16.0543 17.1363 12.7212 14.6585 14.2614 14.7376 13.5488 13.3952 12.8154 12.6645 12.4575 11.5518 11.892 11.6574 10.895 10.198 10.1127 11.7594 10.0094 11.3053 9.76702 10.4201 9.68878 11.8449 15.2653 12.025 14.9487
threshold=0.47748250000000009 0.43602150000000006 -0.014655000000000027 0 1 2.5000000000000004 0.43755900000000009 6.6220709878569881 2 3 0.15821800000000003 4 3.5000000000000004 5 0.11128800000000001 0.15241950000000001 6 0.51485150000000013 91.550000000000011 -1.0000000180025095e-35 0.15001050000000002 0.44990800000000003 0.5289870000000001 0.45717800000000003 0.18433850000000004 0.41669700000000004 41.750000000000007 -0.026307000000000021 0.025002500000000014 0.67500000000000016
decision_type=8 10 10 1 1 2 10 2 1 1 10 1 2 1 10 10 1 10 2 2 10 10 10 8 8 8 2 8 10 2
left_child=-1 5 -3 -4 -5 12 10 8 11 -9 -7 -8 25 23 15 -11 19 -15 -6 -16 -21 22 -17 -10 -25 26 27 -2 -28 -30
right_child=1 2 3 4 18 6 7 9 13 14 -12 -13 -14 17 16 21 -18 -19 -20 20 -22 -23 -24 24 -26 -27 28 -29 29 -31
leaf_value=-0.0011090034493555631 0.001004862757433321 0.00019495463142062857 -0.0075387168621420912 0.00038337443655040245 -0.0024283415097926418 0.0033458150638792585 0.0040652355164302071 -0.0025344617346144231 0.0094760061585672344 0.0033557115353442034 -0.0025687745998235912 -0.0028479747154026179 -4.8235921244998989e-05 -0.0060355293360771127 -0.0018615905289068753 -0.0082688554656266868 -0.0018422999828985147 0.0012701850877122375 -0.0076753292985237108 0.0060459779456769639 -0.0021584147161990371 0.0033050414152222176 0.00029046733892607545 0.0048347093829107738 -0.001542114143600407 0.00052302641811133863 -0.0011522324791504522 -0.0056118727961727583 -0.0019735133217148137 0.0046410512769573791
leaf_weight=10498.949710607529 479.41931459307671 3501.7471685111523 498.00256365537643 1662.4670143723488 1252.4361464679241 1381.8787784278393 280.76580552756786 5585.4529509395361 250.42260403931141 1147.8359819501638 450.6260489076376 1315.0481806397438 146945.85151833296 226.81605087220669 502.87392583489418 256.44051007926464 5323.7031579911709 907.63646280765533 469.81350496411324 524.13919897377491 215.72334949672222 266.463971555233 284.54486861824989 716.91706390678883 328.66038431227207 70334.359833940864 2643.6896070092916 865.02259315550327 463.08085040748119 876.68911246955395
leaf_count=42272 1951 14150 2006 6709 5058 5602 1134 22528 1013 4624 1814 5310 592768 915 2026 1034 21460 3663 1894 2112 869 1076 1145 2895 1325 284292 10778 3527 1881 3580
internal_value=-3.46334e-05 1.03859e-05 -0.00124594 -0.00255232 -0.00177628 4.87697e-05 -0.000676374 -0.000935947 0.000633406 -0.00138601 0.00187321 -0.00159 0.000113952 0.00210365 -0.000625428 0.00138933 -0.00123124 -0.000174634 -0.00386551 0.00136434 0.00361436 -0.00137105 -0.00373494 0.0041028 0.00280297 0.000429326 -0.000801591 -0.00323314 1.33612e-05 0.00233314
internal_weight=260457 249959 7384.47 3882.72 3384.72 242574 19965.9 18133.4 4026.27 14107.2 1832.5 1595.81 222608 2430.45 8521.72 1955.29 6566.44 1134.45 1722.25 1242.74 739.863 807.449 540.985 1296 1045.58 75662.3 5327.9 1344.44 3983.46 1339.77
internal_count=1051411 1009139 29817 15667 13661 979322 80545 73129 16255 56874 7416 6444 898777 9811 34346 7879 26467 4578 6952 5007 2981 3255 2179 5233 4220 306009 21717 5478 16239 5461
cat_boundaries=0 1 2 3 4 5 6 7
cat_threshold=514 421 201 816 72 541 116
is_linear=0
shrinkage=0.03


Tree=139
num_leaves=31
num_cat=8
split_feature=39 29 32 24 25 0 24 24 34 26 21 50 23 30 25 43 35 35 25 0 29 28 1 24 13 27 36 31 50 29
split_gain=15.9364 15.4601 14.1646 16.8901 15.0875 28.0515 27.0817 23.8923 25.1346 22.1407 15.8803 15.0805 14.9262 13.7925 21.8549 29.6346 16.3147 28.8843 15.0919 24.2363 15.9886 13.6872 14.551 21.1753 14.2512 15.7411 16.8724 18.6128 13.4381 15.42
threshold=0.47748250000000009 0.15733800000000003 0.60928500000000019 0 1 2022.5000000000002 2 3 0.52576200000000017 120.50000000000001 3.2650000000000001 0.15832000000000002 4 0.38901850000000004 5 0.47206250000000005 0.23557150000000002 0.28931550000000006 6 2023.5000000000002 0.16969800000000002 0.32182250000000007 9.5000000000000018 7 4.5000000000000009 0.52061500000000016 0.12479500000000002 0.41828350000000009 -0.33678849999999994 0.14398650000000005
decision_type=8 8 8 1 1 2 1 1 10 2 2 10 1 10 1 10 8 10 1 2 10 10 2 1 2 10 10 10 10 10
left_child=1 -1 3 11 28 7 -7 -6 9 12 -8 13 -9 18 15 16 -15 -18 19 -2 -21 22 24 -24 -11 26 -26 -28 29 -5
right_child=2 -3 -4 4 5 6 10 8 -10 21 -12 -13 -14 14 -16 -17 17 -19 -20 20 -22 -23 23 -25 25 -27 27 -29 -30 -31
leaf_value=-0.0017630679533935116 0.00056571741417740047 0.00096272893885941354 0.000477733518089903 -0.0091451814891690807 -0.001416600426192325 0.0011286293261313976 -0.0013736233541975641 0.0082814385017017707 -0.00055194482295298198 0.00076458647154261305 -0.0060509583237943736 0.0081339309267157416 0.001274600032763656 0.00096293464519781892 -0.0020000723646167971 -0.0074679693812399663 0.012956069722103053 -0.0001320171626139431 0.001262402418452559 -0.0011483439853669643 -0.0068383033756206227 -0.003536778397774892 -0.0056858713302479066 0.00020169811913795346 -0.0005614971548786687 0.00033250081096767209 0.001244142237334463 0.011251146457808019 0.00019710332240826695 0.00077066511467608625
leaf_weight=8089.8126204758883 7802.7110907435417 2418.9187262803316 56476.594066753983 294.84779253602028 9780.8556976020336 4059.9465052485466 27613.490184172988 577.83410210907459 22175.621041253209 21577.764916971326 670.70913325250149 229.57720640301704 541.70282720029354 2752.6202814877033 4576.932423517108 326.28959999978542 300.18908154964447 294.76374799013138 19089.41699001193 1296.2414064258337 688.21813927590847 687.61911222338676 716.57126279175282 2199.7170590162277 262.70770673453808 817.94582496583462 253.64916022121906 537.91436506807804 63079.798422381282 257.69191819429398
leaf_count=32565 31527 9747 229643 1186 39330 16361 111147 2327 89810 86634 2698 926 2179 11075 18430 1314 1210 1189 77086 5215 2767 2791 2884 8825 1054 3281 1020 2159 253974 1038
internal_value=1.14525e-05 -0.00113269 5.9691e-05 -6.21961e-05 -0.00019946 -0.000444176 -0.00115665 -6.04678e-05 0.00020269 0.000797804 -0.0014857 0.000510484 0.00493028 0.000462021 -0.000617535 0.00109936 0.00195259 0.0064534 0.000771549 -0.000183967 -0.00314408 0.000625158 0.000735227 -0.00125782 0.000984495 0.00349772 0.00591714 0.00809906 0.00015572 -0.00448747
internal_weight=260449 10508.7 249940 193463 156106 92474 32344.1 60129.9 50349 28173.4 28284.2 37357 1119.54 37127.4 8250.8 3673.86 3347.57 594.953 28876.6 9787.17 1984.46 27053.9 26366.3 2916.29 23450 1872.22 1054.27 791.564 63632.3 552.54
internal_count=1051392 42312 1009080 779437 628698 372500 130206 242294 202964 113154 113845 150739 4506 149813 33218 14788 13474 2399 116595 39509 7982 108648 105857 11709 94148 7514 4233 3179 256198 2224
cat_boundaries=0 1 2 3 4 5 6 7 8
cat_threshold=72 202 2 2 2 561 105 513
is_linear=0
shrinkage=0.03


Tree=140
num_leaves=31
num_cat=8
split_feature=39 38 25 18 25 24 13 10 24 3 51 32 37 29 24 30 43 1 25 0 28 51 37 26 36 20 25 20 29 28
split_gain=15.9296 14.4363 28.9862 21.9096 16.6543 20.6965 17.9024 16.8464 20.315 20.1795 23.1472 19.0484 16.054 18.1094 15.2619 28.6024 16.4999 14.6472 25.9046 13.9012 13.7096 15.3321 15.2559 17.3951 15.8194 13.5023 15.654 16.6005 15.272 22.988
threshold=0.47748250000000009 5745.5000000000009 0 1 2 3 -8.4999999999999982 3.5000000000000004 4 8.5000000000000018 -0.12657249999999995 0.37057850000000003 0.16467100000000004 0.12572000000000003 5 0.33772550000000007 0.28525550000000005 9.5000000000000018 6 2022.5000000000002 0.30322100000000002 -0.020234499999999985 0.11944900000000001 779.50000000000011 0.13162000000000004 50.050000000000004 7 58.95000000000001 0.14113850000000003 0.30168150000000005
decision_type=8 2 1 1 1 1 2 2 1 2 8 8 8 10 1 8 8 2 1 2 8 8 8 2 8 2 1 2 10 8
left_child=-1 4 -3 -4 7 6 19 12 11 10 -10 -9 13 -2 -5 -16 -17 25 -19 -6 -7 -22 23 -23 -24 28 27 -27 29 -8
right_child=1 2 3 14 5 20 17 8 9 -11 -12 -13 -14 -15 15 16 -18 18 -20 -21 21 22 24 -25 -26 26 -28 -29 -30 -31
leaf_value=-0.0011434246658313574 0.0003671383914236888 0.00023982747995457087 0.0001438210148466888 -0.0027648791064963894 -0.0069977561487369203 0.00040156962933438875 0.00069959068154539623 0.0081840647743886483 -0.010342972552430892 -0.0043087145714312018 -3.5584216138539524e-05 0.00090950706405142198 8.694331279721189e-05 0.0022691067725110949 0.0027184731041778806 -2.1014630163899763e-05 -0.0026222938873826491 0.0004569848453357843 -0.0040466158107265492 0.0018692993328322017 -0.0033178560155136113 -0.00049437242107761698 0.0066364924774479335 -0.010658440416615587 0.00012838240576086069 0.0013974056485566112 -0.00021253768821794767 -0.0025196217584578158 -0.0004049385210770844 0.0071622895865840024
leaf_weight=10480.814239859581 7082.1977792680264 32791.838187411427 8698.2745404392481 7156.7926921844482 625.64966323971748 86780.650361791253 13462.125647246838 372.47418037056923 199.60112436115742 1423.6288946270943 6299.7798868864775 2486.9534600377083 9616.8442311137915 12587.695640578866 1602.1304282099009 3615.3268805146217 5675.1153531074524 2121.3666555434465 2471.3278402686119 205.10296434164047 1920.9925158768892 509.41229917109013 417.28083145618439 217.15188403427601 1730.6376843452454 1143.9991822391748 15518.19422365725 6159.744407504797 16593.856569439173 512.7963609546423
leaf_count=42199 28943 132028 35025 28800 2516 351204 54353 1500 804 5731 25431 10033 38749 50826 6489 14555 22853 8530 9936 825 7812 2053 1684 876 6988 4606 62549 24785 66789 2071
internal_value=2.08507e-06 5.02419e-05 -0.000357316 -0.00109014 0.00017781 3.2765e-05 -0.000406107 0.00072122 -0.00029013 -0.00107443 -0.000361372 0.00186864 0.00109483 0.00158598 -0.00168615 -0.000972184 -0.00161358 -0.000342839 -0.00196874 -0.00477375 0.000314973 -0.00124447 0.000132741 -0.00360462 0.00141417 -0.000202314 -0.000754698 -0.00189906 0.000209136 0.000940366
internal_weight=260480 249999 59539.5 26747.6 190459 150390 58814.2 40069.2 10782.4 7923.01 6499.38 2859.43 29286.7 19669.9 18049.4 10892.6 9290.44 57983.4 4592.69 830.753 91576.1 4795.48 2874.48 726.564 2147.92 53390.7 22821.9 7303.74 30568.8 13974.9
internal_count=1051543 1009344 239750 107722 769594 607577 236960 162017 43499 31966 26235 11533 118518 79769 72697 43897 37408 233619 18466 3341 370617 19413 11601 2929 8672 215153 91940 29391 123213 56424
cat_boundaries=0 1 2 3 4 5 6 7 8
cat_threshold=299 120 80 646 196 480 46 515
is_linear=0
shrinkage=0.03


Tree=141
num_leaves=31
num_cat=6
split_feature=23 18 0 25 33 35 36 43 42 21 19 37 51 29 50 32 29 34 50 25 38 38 1 31 25 36 43 43 42 25
split_gain=14.9777 23.7473 21.4773 36.0029 22.0155 20.8889 19.5956 18.1008 17.0203 16.705 14.4574 14.2562 14.9454 13.9161 13.8215 13.683 13.4884 21.2953 13.4653 14.6241 13.1328 14.3493 13.0671 22.2433 13.3556 13.5518 12.6359 12.2659 15.208 13.6951
threshold=0 1 2019.5000000000002 2 0.31357900000000005 0.25543750000000004 0.14378050000000003 0.23913350000000003 0.37788300000000002 0.81500000000000006 75.350000000000009 0.10348400000000001 -1.0000000180025095e-35 0.1270975 -0.13199649999999999 0.80116300000000018 0.11573850000000001 0.47563700000000003 -0.034853499999999975 3 1649.5000000000002 998.50000000000011 7.5000000000000009 0.4565645000000001 4 0.10617950000000001 0.38992150000000009 0.14935450000000003 0.53810250000000004 5
decision_type=1 1 2 1 8 10 10 8 10 2 2 8 10 10 8 10 10 8 10 1 2 2 2 10 1 10 10 10 10 1
left_child=2 14 3 -1 -4 11 7 15 -3 -10 13 12 -5 -7 22 16 17 -6 19 -19 21 -11 24 26 -2 -26 -24 28 -8 -29
right_child=1 8 4 5 6 10 27 -9 9 20 -12 -13 -14 -15 -16 -17 -18 18 -20 -21 -22 -23 23 -25 25 -27 -28 29 -30 -31
leaf_value=-0.00097452601053900335 0.00072062570801901572 0.0034937257974378758 -0.0038869436588053084 0.0050515266465092105 0.0095751781399078442 0.015044187690535572 0.0010108643960520828 -3.8316517731172806e-06 -0.00061585642079051975 0.00043267469287197878 0.00075690881349852032 0.00094184788469365026 0.0012981161884274364 0.0054566936164847863 -0.00049861899941537277 0.0041313771187006685 -0.0017944916595144518 -0.007740739443129422 0.0018021534789017511 3.130559968533113e-05 0.00093769588524924966 -0.0018348968608359296 0.00025467945843669253 -0.0049374134480004179 -0.00012253872695221506 -0.0050070774050982592 0.0067565732590006604 0.0011601848440144149 -0.0022457458492147948 0.00018836157400726228
leaf_weight=6137.1174586862326 665.57564349472523 1382.6232684850693 1284.2472772449255 1778.2934447973967 216.73413896560669 199.86002324521542 2125.5978095680475 34545.70119510591 17937.572963520885 7591.8630921691656 352.45659996569157 12863.067606523633 2124.5093899816275 492.10196197032928 64961.234291762114 408.30693642795086 12405.358468428254 344.28458143770695 1222.544306576252 548.54062357544899 22423.153521165252 3741.5069228261709 1337.927551433444 648.51643104851246 666.84407362341881 2384.2759559452534 337.31859058141708 20754.572324603796 3242.1754522323608 35415.159460157156
leaf_count=24943 2679 5585 5212 7369 871 814 8540 139397 72274 30735 1431 52608 8791 2012 262112 1643 49921 1384 4935 2206 90391 15125 5388 2611 2687 9601 1360 83545 13022 142610
internal_value=-2.93182e-05 -0.000267955 0.000187447 0.0010032 1.35331e-05 0.00168602 5.89412e-05 -0.000383851 0.000211649 0.000123129 0.00580716 0.00142752 0.00301859 0.00832201 -0.000626837 -0.00124848 -0.00140037 0.000682858 -0.000226329 -0.00303415 0.00051672 -0.000313564 -0.00200089 -0.000221729 -0.00310411 -0.00393763 0.00159148 0.000416984 -0.000950723 0.000548265
internal_weight=260539 124078 136461 23947.4 112513 17810.3 111229 49691.5 53076.7 51694.1 1044.42 16765.9 3902.8 691.962 71001.7 15145.8 14737.5 2332.1 2115.37 892.825 33756.5 11333.4 6040.46 2323.76 3716.7 3051.12 1675.25 61537.5 5367.77 56169.7
internal_count=1051802 500548 551254 97968 453286 73025 448074 200357 214110 208525 4257 68768 16160 2826 286438 60960 59317 9396 8525 3590 136251 45860 24326 9359 14967 12288 6748 247717 21562 226155
cat_boundaries=0 1 2 3 4 5 6
cat_threshold=2 129 131 538 96 210
is_linear=0
shrinkage=0.03


Tree=142
num_leaves=31
num_cat=9
split_feature=46 22 44 3 44 24 44 31 43 38 31 24 24 34 26 25 38 33 25 33 43 36 31 44 25 38 25 24 35 35
split_gain=18.4417 15.0077 14.877 16.4069 14.2716 21.073 21.1969 17.6547 20.1538 17.3043 13.8102 21.97 19.4938 14.0302 14.9909 13.5957 22.5956 13.5219 13.1541 12.9096 16.7679 13.7834 14.9432 14.0366 13.7021 15.2897 13.5875 12.8619 17.3962 16.0584
threshold=1.0000000180025095e-35 0 0.26673250000000004 8.5000000000000018 0.16466650000000002 1 0.37834700000000004 0.47500250000000005 0.24585200000000004 2180.5000000000005 0.46774450000000006 2 3 0.51066100000000014 2313.5000000000005 4 9408.5000000000018 0.35225000000000006 5 0.41476400000000008 0.44862150000000006 0.18512500000000001 0.43473550000000005 0.20948250000000004 6 5382.5000000000009 7 8 0.28637550000000006 0.18780950000000005
decision_type=2 1 10 2 8 1 10 8 10 2 10 1 1 8 2 1 2 8 1 10 10 10 10 10 1 2 1 1 10 10
left_child=4 19 3 10 15 7 17 8 -6 -8 11 -3 13 14 -12 16 -1 -7 -11 -2 21 24 -23 -24 -21 27 -25 -26 29 -29
right_child=1 2 -4 -5 5 6 9 -9 -10 18 12 -13 -14 -15 -16 -17 -18 -19 -20 20 -22 22 23 26 25 -27 -28 28 -30 -31
leaf_value=-0.00055919762088337888 -0.0010688358108239446 -0.00016956944409122753 0.0014450640609591202 -0.0039653712253859778 0.0014136771487937214 0.0059689246970591288 0.00089093106605874297 -0.0024162632867224115 -0.0010786221624263792 0.00037812552804267902 0.0038203753715152105 -0.0021431016983998619 0.0022714941589461724 -0.0037083981155723359 -0.0023225570148630694 0.00017340099446639385 -0.005651772006139557 0.0010411029066011853 -0.0052013115222768165 -0.0011144215592900225 0.0017787595848831601 -0.00053927402161349904 0.002217581481050575 0.0017502428986874755 0.00088168283067702896 -0.0010466339391951292 -0.0013955642834300656 -0.00038200200401639404 -0.0053171189623876652 0.0017354579859619665
leaf_weight=13907.108972191811 10619.186329588294 9660.4554594755173 2333.1153497844934 1630.4161910116673 5718.3956492245197 507.33768689632416 1551.6268543452024 3063.4277666211128 5955.4710679203272 547.92587631940842 695.30393360555172 10792.420509755611 2723.2191343903542 1214.8253307640553 725.32005503773689 56835.480502933264 830.27792546153069 40764.526936590672 1188.5875638872385 13363.593828111887 4711.3929327875376 5856.1180879920721 6639.7087738066912 2345.9295515269041 16158.256333127618 10849.261130005121 2579.6222791671753 22272.488242059946 579.82530315220356 3764.4080035984516
leaf_count=56027 42896 39030 9545 6589 23029 2036 6283 12330 23978 2201 2799 43685 10965 4887 2916 228880 3340 165211 4776 53903 19089 23565 26730 9439 65622 43665 10375 89908 2333 15165
internal_value=-3.02913e-06 -0.00025693 -0.000848052 -0.00104424 0.000248013 0.000592217 0.000917522 -0.000389689 0.000139701 -0.00139546 -0.000858125 -0.00121371 0.000493381 -0.00133662 0.000664655 -3.675e-05 -0.000848655 0.00110283 -0.00345368 -8.01425e-05 3.73608e-05 -5.95416e-05 0.000691652 0.00131751 -0.000255373 -4.04659e-05 9.7499e-05 0.000214079 -0.000190391 -7.45434e-05
internal_weight=260385 129515 29775.1 27442 130870 59297.3 44560 14737.3 11673.9 3288.14 25811.5 20452.9 5358.67 2635.45 1420.62 71572.9 14737.4 41271.9 1736.51 99739.8 89120.6 84409.2 17421.4 11565.3 66987.8 53624.2 4925.55 42775 26616.7 26036.9
internal_count=1051197 523106 120416 110871 528091 239844 180507 59337 47007 13260 104282 82715 21567 10602 5715 288247 59367 167247 6977 402690 359794 340705 70109 46544 270596 216693 19814 173028 107406 105073
cat_boundaries=0 1 2 3 4 5 6 7 8 9
cat_threshold=2 770 233 904 132 146 10 62 85
is_linear=0
shrinkage=0.03


Tree=143
num_leaves=31
num_cat=11
split_feature=46 22 31 26 31 28 33 25 24 0 40 44 24 25 31 42 24 0 24 25 25 1 0 31 26 25 44 25 1 19
split_gain=13.6693 22.7189 16.5066 16.1121 18.5778 19.5201 19.3386 18.3228 18.1673 17.3932 16.2324 16.0675 19.412 15.432 17.5431 15.8088 15.2571 26.1966 41.9809 42.6077 40.166 21.9615 23.9604 17.8246 17.0412 16.8077 16.7557 15.6832 15.2373 14.756
threshold=1.0000000180025095e-35 0 0.50012800000000002 3887.5000000000005 0.46406050000000004 0.27788800000000008 0.48369550000000006 1 2 2019.5000000000002 0.14673850000000002 0.19747650000000003 3 4 0.42177350000000008 0.65698200000000007 5 2022.5000000000002 6 7 8 4.5000000000000009 2023.5000000000002 0.46312350000000008 6259.5000000000009 9 0.072168150000000014 10 6.5000000000000009 94.350000000000009
decision_type=2 1 10 2 10 8 8 1 1 2 8 8 1 1 8 10 1 2 1 1 1 2 2 10 2 1 10 1 2 2
left_child=2 -2 11 4 5 28 -6 -5 10 -8 -7 16 -13 -14 -15 -16 17 20 21 -20 -1 22 -19 -21 27 -26 -23 -18 29 -3
right_child=1 3 -4 7 6 8 9 -9 -10 -11 -12 12 13 14 15 -17 24 18 19 23 -22 26 -24 -25 25 -27 -28 -29 -30 -31
leaf_value=-0.0023381753520521457 2.2816109750554907e-05 -0.0010068705665187607 -0.001473992642442737 -0.0004995464206752735 0.0038030667399849452 0.0025543591354127387 -0.0043009888885688361 -0.0037442083388712975 -0.0044075055616842451 0.00070561907300664565 -0.0034126155362818383 0.002107268066755286 0.0014599334583294246 0.0023079445664193061 -0.00031853929489161417 0.007189909947850303 0.00046522177093806505 -0.0063174450991536511 0.0055394712277432668 -0.00096756286782052046 0.00049955621054714175 0.010957976120308995 0.0047620030829982896 0.0018362305647783672 -0.00031939079730929559 -0.0042041628674319561 0.0046308380971862495 -0.00076642707004697449 0.00053717321673021955 -0.0056198964855793659
leaf_weight=5579.7682792842388 99719.278785064816 5871.7280309051275 4856.3845572918653 2940.2129633426666 1512.9326400458813 838.95928277075291 741.89198054373264 3432.94279704988 2562.3650353401899 3851.7784644961357 795.20729547739029 8065.3385838419199 10018.920274034142 2766.9828436523676 21270.520550057292 252.15540124475956 18807.203591883183 311.61659596860409 1372.7664392888546 6532.3929388970137 22723.766785174608 476.31325146555901 394.49642384052277 2962.673225402832 2122.7474350333214 1933.1711119860411 2034.143573731184 18369.413108080626 6537.6228828728199 700.96528093516827
leaf_count=22430 402615 23714 19577 11901 6096 3425 3002 13896 10485 15488 3274 33239 40422 11110 85709 1016 75794 1250 5519 26256 91542 1923 1594 11924 8568 7799 8238 74114 26368 2824
internal_value=2.43069e-05 -0.000194064 0.000240662 -0.000921068 -0.000555194 -0.0010579 0.000864447 -0.00225961 -0.00283942 -9.87164e-05 -0.000329844 0.000307024 0.000782979 0.000469879 5.97078e-05 -0.000228188 6.54602e-05 0.000465352 0.00152263 0.00062483 -5.96534e-05 0.00452732 -9.12321e-05 -8.91605e-05 -0.000344943 -0.00219126 0.00585488 -0.000142638 -0.00048484 -0.00150574
internal_weight=260357 129506 130851 29786.6 23413.5 17306.8 6106.6 6373.16 4196.53 4593.67 1634.17 125994 42373.9 34308.6 24289.7 21522.7 83620.5 42387.9 14084.4 10867.8 28303.5 3216.57 706.113 9495.07 41232.5 4055.92 2510.46 37176.6 13110.3 6572.69
internal_count=1051112 523088 528024 120473 94676 70090 24586 25797 17184 18490 6699 508447 171496 138257 97835 86725 336951 170676 56704 43699 113972 13005 2844 38180 166275 16367 10161 149908 52906 26538
cat_boundaries=0 1 2 3 4 5 6 7 8 9 10 11
cat_threshold=2 78 109 65 88 410 2 2 66 271 362
is_linear=0
shrinkage=0.03


Tree=144
num_leaves=31
num_cat=6
split_feature=21 30 25 24 32 32 19 28 25 21 36 33 28 3 34 8 9 25 19 50 32 19 50 35 33 18 43 44 25 43
split_gain=15.3521 12.2524 15.3998 12.5418 11.4256 11.9199 16.6598 11.1314 22.8855 15.945 11.6844 21.2682 20.2188 13.3852 13.7232 13.7997 12.4117 13.9138 18.7519 11.3186 11.8762 15.9957 10.9834 10.8706 13.4114 10.8322 11.8877 10.8253 13.8112 10.3798
threshold=0.88500000000000012 0.33772550000000007 0 1 0.44843700000000003 0.43316150000000003 78.050000000000011 0.28998900000000005 2 2.3450000000000002 0.1857425 0.45131300000000002 0.2789310000000001 3.5000000000000004 0.6293915000000001 1.0000000180025095e-35 4.5000000000000009 3 27.750000000000004 -0.053294999999999947 0.52533850000000004 43.650000000000013 0.085855499999999987 0.2401925 0.51858150000000014 4 0.30568650000000003 0.040916900000000006 5 0.42846200000000007
decision_type=2 8 1 1 10 10 2 10 1 2 8 8 8 2 10 2 2 1 2 10 10 2 10 10 10 1 10 10 1 10
left_child=1 2 3 -1 5 6 -4 10 9 19 13 -12 27 29 15 16 23 25 -19 -9 -21 -22 -16 -15 -25 -18 -27 28 -13 -2
right_child=7 -3 4 -5 -6 -7 -8 8 -10 -11 11 12 -14 14 22 -17 17 18 -20 20 21 -23 -24 24 -26 26 -28 -29 -30 -31
leaf_value=-4.6074264577910965e-05 0.000798506639644095 -0.000371328076014702 0.00056652019390232968 0.0023206257316482014 0.00022060064838387098 -0.006750694113828796 -0.0046937191284515505 0.004519725566816327 -0.0020133450587981805 -0.0042285237768874195 -0.00039796551428640894 0.0023477516720917455 0.0076234146908258126 -0.00039285158962278218 0.00073446458601960783 0.00010535469182622389 0.0011111139457098268 -0.0080895679911280362 -0.0013635334427396773 -0.00068797968777935443 -0.0020559215607479091 0.007341929295891475 0.0047718343546185359 -0.006474578086501653 0 -0.0076933222213486519 0.0013414907860623874 0.0014794359837306545 -0.0037356089531641839 -0.0012593728806188826
leaf_weight=3265.5097430497408 26556.850666642189 123839.7972805351 1669.293848529458 5170.2184362858534 10620.316659659147 394.49719868600368 793.60358856618404 937.51661203801632 5539.0309343785048 455.9366147518158 8412.877976372838 547.10398890078068 460.80473026633263 14886.083323657513 3506.8807684034109 26636.744457885623 1031.8060146719217 760.02922648191452 757.34351301193237 1736.6692289561033 247.96204303205013 444.92733868956566 738.4351853877306 606.79402500391006 537.5296588987112 329.08072006702423 206.98311585187912 16120.508042559028 819.46325707435608 2392.4860281199217
leaf_count=13286 107555 499461 6722 20921 43072 1587 3196 3798 22425 1851 33817 2219 1850 60040 14461 107353 4156 3056 3046 7027 999 1793 3024 2437 2172 1326 833 64941 3306 9687
internal_value=-5.11027e-05 -0.000255499 0.00039768 0.00140225 -0.0002299 -0.00191408 -0.00111994 0.000208437 -0.000781851 0.000997413 0.00029678 0.00084379 0.00142749 0.000113726 -0.000183052 -0.000335012 -0.000950131 -0.00269459 -0.00473044 0.00172005 0.000623144 0.00394128 0.00144666 -0.000612077 -0.00342926 -0.000665592 -0.00408534 0.00126123 -0.00128856 0.000627286
internal_weight=260423 145753 21913.4 8435.73 13477.7 2857.39 2462.9 114670 9362.04 3823.01 105308 26360.8 17947.9 78947 49997.7 45752.4 19115.6 3085.24 1517.37 3367.08 2429.56 692.889 4245.32 16030.4 1144.32 1567.87 536.064 17487.1 1366.57 28949.3
internal_count=1051417 588245 88784 34207 54577 11505 9918 463172 37893 15468 425279 106133 72316 319146 201904 184419 77066 12417 6102 13617 9819 2792 17485 64649 4609 6315 2159 70466 5525 117242
cat_boundaries=0 1 2 3 4 5 6
cat_threshold=848 169 596 920 149 616
is_linear=0
shrinkage=0.03


Tree=145
num_leaves=31
num_cat=7
split_feature=46 43 31 30 22 43 8 11 30 27 43 21 39 24 42 25 25 0 24 43 0 42 36 43 33 0 26 7 25 24
split_gain=16.1511 18.7888 21.72 21.333 16.8158 17.7961 16.3814 15.6065 15.0691 14.1485 13.3233 13.2673 12.9056 12.897 26.3934 12.8351 12.8141 15.887 19.5735 20.6626 21.2018 19.4946 16.2997 15.8432 14.2044 18.9362 15.6024 14.6205 13.933 13.7539
threshold=1.0000000180025095e-35 0.30720150000000007 0.50012800000000002 0.42425650000000009 0 0.21722100000000003 1.0000000180025095e-35 1.0000000180025095e-35 0.31631450000000005 0.56862850000000009 0.048507900000000007 0.92500000000000016 0.5674030000000001 1 0.45604450000000002 2 3 2023.5000000000002 4 0.25937550000000004 2022.5000000000002 0.46075350000000009 0.15372050000000004 0.2776840000000001 0.53858600000000012 2022.5000000000002 65.500000000000014 1.5000000000000002 5 6
decision_type=2 8 10 10 1 8 2 2 8 10 10 2 8 1 8 1 1 2 1 10 2 10 8 10 8 2 2 2 1 1
left_child=1 2 3 6 16 9 10 11 15 -6 -1 -7 -4 -10 -15 -9 17 18 19 20 -2 22 -19 -21 25 26 -20 -26 -23 -18
right_child=4 -3 12 -5 5 7 -8 8 13 -11 -12 -13 -14 14 -16 -17 29 21 24 23 -22 28 -24 -25 27 -27 -28 -29 -30 -31
leaf_value=-0.0053614498908912548 -0.0059398699905585791 -0.000215764989262141 -0.0027262698019962076 -0.0014564235396180697 0.0015802585571137188 -0.0010425829504069023 0.0010789842373311609 0.0078617746687445252 -0.00056105337379582963 -0.0017971020131237006 0.00019226911074155689 0.0023475893387725701 0.0038342432227023433 0.00013833413675564294 -0.0029796227123139209 -0.0018415391067280109 4.6909951985238484e-05 -0.0021858917359112899 0.008864515544192493 0.0051625497282188123 0.0024992998512776907 -0.00010703423882202169 0.0043462899450911708 -0.00081771532110311784 0.00063682236009076265 -0.00037108341026410396 0.0016261608050420501 -0.0012320369343695092 -0.0027606599785952716 -0.00097284049037988166
leaf_weight=392.25159984827042 1246.5789416730404 55909.298169121146 2585.3172389864922 4210.1598585546017 3988.9061249941587 2421.9859058111906 44561.880643516779 264.46080985665321 5997.123883575201 1540.4885698407888 23004.353355556726 1808.3181676119566 295.08896268904209 3174.9701042771339 10341.751198798418 209.73969009518623 24771.995343446732 509.43770009279251 272.07017187774181 463.48540890216827 333.58185635507107 3266.7459038794041 1017.1371990442276 2736.9488545954227 12841.778043150902 4939.2872882038355 15254.077818498015 5325.1516632288694 3987.385106086731 22812.686619758606
leaf_count=1576 5025 225140 10406 16953 16062 9803 180173 1063 24335 6242 93035 7323 1200 12782 41870 845 100125 2048 1096 1866 1340 13155 4080 11004 52294 19853 61324 21581 16074 91988
internal_value=-3.46192e-05 0.000200179 0.000510441 0.00061275 -0.000272245 -0.000898339 0.000741439 -0.00124934 -0.00159995 0.00063344 9.72017e-05 0.000400156 -0.00204047 -0.00172957 -0.00224349 0.00364868 -8.52598e-05 0.000238969 0.000474867 -0.00133164 -0.004138 -0.000923422 0.00214679 4.30026e-05 0.000699442 0.00124166 0.00175662 8.7252e-05 -0.00157428 -0.000441473
internal_weight=260484 130958 75049.1 72168.6 129526 29747.7 67958.5 24218.3 19988 5529.39 23396.6 4230.3 2880.41 19513.8 13516.7 474.2 99778.3 52193.7 43413 4780.6 1580.16 8780.71 1526.57 3200.43 38632.4 20465.4 15526.1 18166.9 7254.13 47584.7
internal_count=1051661 528483 303343 291737 523178 120325 274784 98021 80895 22304 94611 17126 11606 78987 54652 1908 402853 210740 175383 19235 6365 35357 6128 12870 156148 82273 62420 73875 29229 192113
cat_boundaries=0 1 2 3 4 5 6 7
cat_threshold=2 97 626 481 2 129 841
is_linear=0
shrinkage=0.03


Tree=146
num_leaves=31
num_cat=9
split_feature=39 45 45 20 12 24 18 18 42 25 21 6 34 29 0 24 23 8 30 51 36 34 25 21 25 38 36 18 34 41
split_gain=15.4259 11.2769 13.0137 15.2328 17.9768 15.3039 14.7785 14.5671 13.9022 16.6338 14.2257 13.0059 39.0372 16.5325 15.8705 24.7616 18.3628 18.1651 16.1687 15.9592 15.2507 14.6052 15.5225 12.9979 12.8907 16.3955 13.7646 13.3361 12.8895 12.7934
threshold=0.47748250000000009 1.5000000000000002 1.0000000180025095e-35 18.750000000000004 2.5000000000000004 0 1 2 0.51682150000000016 3 1.0250000000000001 1.0000000180025095e-35 0.53227600000000008 0.12342700000000001 2019.5000000000002 4 5 1.5000000000000002 0.36770300000000006 0.0079799999999999888 0.19646000000000002 0.60205150000000007 6 0.87500000000000011 7 9791.5000000000018 0.05757460000000001 8 0.47563700000000003 8496.5000000000018
decision_type=8 2 2 2 2 1 1 1 8 1 2 2 8 10 2 1 1 2 10 8 10 8 1 2 1 2 8 1 8 2
left_child=-1 2 3 4 -2 6 -5 -4 10 28 -8 12 29 -14 15 -13 20 18 21 -18 -17 22 -16 -9 25 27 -26 -19 -10 -3
right_child=1 11 7 5 -6 -7 8 23 9 -11 -12 14 13 -15 17 16 19 24 -20 -21 -22 -23 -24 -25 26 -27 -28 -29 -30 -31
leaf_value=-0.0011071397447399401 -0.0029289530233909916 0.0007151559532221093 0.0026116125383250873 -0.0014551078376243793 -0.00024204897794665147 -0.00010611461509120161 0.0031488443172163066 4.0462731305129978e-05 0.0072433136832451813 -9.552973868573381e-05 0.00054188343105168897 -0.00049659847685332853 -0.005188311128578758 -0.0017530546718081479 -0.0011466731467644786 0.0022404005658973334 0.00166294753790317 0.0019168571447715911 -0.00081915943598800315 -0.0017066504747651186 0.0083256649084722401 0.0015626315186004949 0.00023542322948604091 0.0013736281989630249 -0.0043018943309478036 0.0045100691562475594 7.702240958748495e-05 4.3903415847991482e-05 0.0015631854537019384 -0.0041061268632826727
leaf_weight=10470.449409916997 2857.7926815748215 8010.5312725454569 3644.9436277300119 2041.0698863267899 10494.502888828516 30538.7602943331 4988.7930668890476 16030.249834522605 481.13328690826893 8321.8029865175486 3077.5249803811312 8375.9281636923552 1720.9166481047869 4909.414125546813 10458.856970027089 6945.5110897570848 2988.600617647171 5677.1693125814199 40001.075728312135 2185.1514971852303 393.79490742087364 4933.825994476676 24177.916237086058 11221.525757104158 661.63615554571152 1153.2842325866222 22933.682112336159 8679.6869024336338 1494.8277831375599 523.78264825046062
leaf_count=42163 11531 32177 14730 8257 42335 123340 20192 64756 1938 33648 12458 34035 7011 19857 42089 28519 12186 22874 161104 8899 1605 20097 97326 45364 2665 4646 92395 34964 6054 2102
internal_value=2.06379e-05 6.80184e-05 0.000325002 8.13173e-05 -0.000819902 0.000318148 0.000954085 0.000831082 0.00122433 0.000490438 0.00215851 -8.98913e-05 -0.000924208 -0.00265115 5.64897e-07 0.000763238 0.00160797 -0.00013344 -0.000393818 0.000233827 0.00257426 3.54212e-05 -0.000181372 0.000590398 0.000395598 0.00106704 -4.50077e-05 0.000788231 0.00295537 0.000414403
internal_weight=260394 249924 95192.9 64296.2 13352.3 50943.9 20405.2 30896.7 18364.1 10297.8 8066.32 154731 15164.6 6630.33 139566 20889 12513.1 118677 79571.7 5173.75 7339.31 39570.6 34636.8 27251.8 39105.5 15510.1 23595.3 14356.9 1975.96 8534.31
internal_count=1051317 1009154 384603 259753 53866 205887 82547 124850 74290 41640 32650 624551 61147 26868 563404 85244 51209 478160 320616 21085 30124 159512 139415 110120 157544 62484 95060 57838 7992 34279
cat_boundaries=0 1 2 3 4 5 6 7 8 9
cat_threshold=92 33 100 528 658 2 548 394 120
is_linear=0
shrinkage=0.03


Tree=147
num_leaves=31
num_cat=8
split_feature=46 6 44 29 25 43 44 53 32 3 29 42 30 24 25 31 30 25 35 20 24 44 34 18 25 44 43 50 34 24
split_gain=19.3953 18.3512 16.5742 15.7125 15.2056 17.3247 18.4046 17.1025 13.3205 12.1755 16.3788 16.2961 19.316 19.0432 20.1857 16.9242 15.856 14.9871 17.4257 17.0014 14.6153 14.4485 14.2155 16.0676 14.31 13.6676 13.4203 13.0621 12.9117 15.277
threshold=1.0000000180025095e-35 2.5000000000000004 0.17719900000000002 0.18387200000000004 0 0.39782150000000005 0.39940200000000009 9.2035674864217079 0.49305450000000006 5.5000000000000009 0.078468050000000011 0.59471600000000013 0.41119750000000005 1 2 0.41646000000000011 0.42794300000000002 3 0.14980300000000002 13.450000000000001 4 0.16367350000000003 0.40022350000000007 5 6 0.079578750000000018 0.30568650000000003 0.041418499999999976 0.40022350000000007 7
decision_type=2 2 8 10 1 10 10 2 10 2 10 10 10 1 1 10 10 1 8 2 1 10 8 1 1 10 10 10 10 1
left_child=2 -2 9 4 7 6 -6 -4 -8 11 -11 12 15 14 -14 -1 22 18 26 -20 21 -19 24 -24 -13 -15 -17 -27 -18 -30
right_child=1 -3 3 -5 5 -7 8 -9 -10 10 -12 16 13 25 -16 17 28 20 19 -21 -22 -23 23 -25 -26 27 -28 -29 29 -31
leaf_value=-0.0033941487182872626 -0.00015364737133704212 -0.0014705699417651872 -4.2642105230478014e-05 -0.0017361615992346564 0.0015841967433781485 -0.0026985265247265662 -0.00376463800407216 0.003827659710056074 0.00067534691175302405 -0.004704890846925598 0.00048746841770608117 0.0021270517554837286 -4.4968137296353208e-05 -0.0049381090334107425 0.011306610340449573 -0.0049935219356365889 0.0017536725892747386 -0.0034005046991400128 -0.0053064312456089771 0.0016617273197661018 -0.00071371699258546454 0.0027552701491771422 0.0025921002163738134 0.0002788041265042731 -0.0066280130699597701 0.0048756675286494499 -0.00055375635167484829 -0.003275450079869879 0.001729125575085008 -0.0063621511112737896
leaf_weight=2346.8301578313112 119157.89628237486 10358.205437943339 19801.650601863861 2328.4486940354109 26271.610460713506 976.75741900503635 1007.5843418240547 1080.1074807196856 1504.2739856094122 551.84649601578712 33767.257790759206 259.45974338054657 236.13204760849476 343.31302759051323 339.05240620672703 686.32635404169559 452.11708195507526 3953.3054046332836 330.29362612962723 5328.6089591830969 8584.3630693405867 368.09407682716846 4048.5321090072393 8210.0298715680838 430.25452029705048 536.70075343549252 5791.706615447998 256.32035508751869 277.25983887910843 778.94115082919598
leaf_count=9446 481263 41900 79973 9368 106589 3922 4048 4350 6088 2226 135837 1052 948 1381 1363 2767 1833 15918 1326 21432 34638 1481 16357 33165 1757 2158 23340 1030 1116 3143
internal_value=9.03497e-07 -0.000259233 0.000258623 0.000668018 0.000779247 0.00121464 0.00134916 0.000156559 -0.00109611 -1.94698e-05 0.000402698 -0.00035279 -0.000762144 0.00232205 0.00669742 -0.000956198 0.00046915 -0.000726152 2.88116e-05 0.00124712 -0.00143722 -0.00286106 0.000810125 0.00104803 -0.00336121 1.03356e-05 -0.00103086 0.00220096 -0.00243392 -0.00425467
internal_weight=260363 129516 130847 52970.4 50642 29760.2 28783.5 20881.8 2511.86 77876.7 34319.1 43557.6 29101 1711.52 575.184 27389.5 14456.6 25042.7 12136.9 5658.9 12905.8 4321.4 12948.3 12258.6 689.714 1136.33 6478.03 793.021 1508.32 1056.2
internal_count=1051215 523163 528052 214338 204970 120647 116725 84323 10136 313714 138063 175651 117228 6880 2311 110348 58423 100902 48865 22758 52037 17399 52331 49522 2809 4569 26107 3188 6092 4259
cat_boundaries=0 1 2 3 4 5 6 7 8
cat_threshold=523 285 650 810 53 78 534 42
is_linear=0
shrinkage=0.03


Tree=148
num_leaves=31
num_cat=4
split_feature=46 6 28 18 7 28 45 25 50 42 26 25 9 43 25 37 44 51 38 43 33 39 51 37 33 2 27 42 38 34
split_gain=17.1631 15.5504 14.0636 13.3352 13.3075 20.1578 17.3996 14.2832 17.9036 14.1681 15.7697 13.8312 13.1302 13.7021 12.4504 16.8032 14.0498 16.6113 15.0401 16.0949 11.8803 14.7858 16.796 11.5952 12.1824 11.5557 17.0612 12.8429 14.506 13.1753
threshold=1.0000000180025095e-35 2.5000000000000004 0.073738700000000004 0 1.0000000180025095e-35 0.25295300000000004 1.5000000000000002 1 -0.19079349999999998 0.45504550000000005 912.50000000000011 2 1.0000000180025095e-35 0.30936050000000009 3 0.11770800000000002 0.19044850000000005 -0.03676349999999997 8192.5000000000018 0.26957200000000009 0.46577550000000006 0.53015150000000011 0.011606500000000021 0.097535700000000017 0.48575900000000005 3.5000000000000004 0.58191850000000012 0.51759900000000003 4728.5000000000009 0.48839650000000007
decision_type=2 2 8 1 2 10 2 1 10 10 2 1 2 10 1 8 10 8 2 10 8 8 8 8 10 2 10 10 2 10
left_child=2 4 -1 -3 5 14 -6 8 -8 20 11 -11 -12 -14 15 -2 17 25 -18 -20 -7 22 -22 -13 -25 26 27 -16 29 -29
right_child=1 3 -4 -5 6 9 7 -9 -10 10 12 23 13 -15 16 -17 18 -19 19 -21 21 -23 -24 24 -26 -27 -28 28 -30 -31
leaf_value=0.0034069617627479776 -0.0052960652023077261 0.00048552964371790581 0.00021177237756334687 -0.0019793354116609172 0.0009803750751461802 0.0050793827842377844 -0.0030167399860172449 -0.00056078321710573218 0.00067651814888107324 0.0014691861405814659 -0.0007942018127655309 -0.0079763618620525261 -0.0052597370705029008 -0.0020718593774492521 0.0046509911459460688 -0.00060809517031462927 -0.0004765927055188131 0.00097058926431318516 -0.0068750287914506056 0.00066236041339190336 -0.0088089340922540265 0.0038270295170996942 0.001374151582371622 -0.0029070501974448855 0.0026612808379610372 -0.0020646672084777343 -0.0040752922799157732 0 -0.0040274895489379762 0.0070516062031278593
leaf_weight=1250.2358505129814 946.82805547118187 2621.2382809668779 129481.23236812651 7783.5277143716812 16380.146721690893 477.01825201511383 1250.7963425964117 30222.750215679407 19857.843623772264 1855.6859920024872 2146.1725416630507 264.42906613647938 2399.2823065370321 2554.3977685123682 814.50032289326191 2569.8843404054642 12217.562033459544 15931.99653570354 699.16566771268845 388.8169679492712 289.62714134156704 381.5685810148716 280.52827617526054 1153.2154700905085 501.86014533042908 3322.9034703075886 594.12661115825176 851.95576506853104 530.41691748797894 324.13456435501575
leaf_count=5405 3804 10594 522198 31493 66190 1920 5046 122020 80141 7491 8669 1066 9705 10344 3270 10322 49476 64457 2811 1566 1162 1529 1126 4669 2019 13383 2416 3423 2133 1307
internal_value=0 -0.000244528 0.000242636 -0.00135696 -0.000147148 -0.000510715 0.00012892 -0.000142241 0.000455639 -0.00157021 -0.00194025 -0.000364001 -0.00277365 -0.00362419 -0.000177244 -0.0018769 -8.18761e-06 0.000450091 -0.00078086 -0.00415945 0.00122356 -0.000687494 -0.00376534 -0.00214784 -0.00119874 -0.000833162 0.000471583 0.0015586 5.95129e-05 0.00193375
internal_weight=260344 129612 130731 10404.8 119208 51496.1 67711.5 51331.4 21108.6 12303.8 10875 3775.19 7099.85 4953.68 39192.3 3516.71 35675.6 22370 13305.5 1087.98 1428.74 951.724 570.155 1919.5 1655.08 6438.04 3115.13 2521.01 1706.51 1176.09
internal_count=1051155 523552 527603 42087 481465 208068 273397 207207 85187 49700 43963 15245 28718 20049 158368 14126 144242 90389 53853 4377 5737 3817 2288 7754 6688 25932 12549 10133 6863 4730
cat_boundaries=0 1 2 3 4
cat_threshold=54 450 625 2
is_linear=0
shrinkage=0.03


Tree=149
num_leaves=31
num_cat=8
split_feature=23 18 22 2 37 51 24 33 25 35 27 30 33 39 30 25 24 38 29 51 40 44 44 1 44 1 31 7 36 22
split_gain=10.6555 25.3141 15.6621 15.4403 17.9449 17.1779 22.4018 15.139 15.0348 14.6922 16.0871 13.4153 25.8684 13.3559 13.3443 11.9269 18.3245 18.0784 14.0958 16.4085 15.0206 12.2921 14.809 12.1635 13.0621 11.9719 12.6532 11.698 20.9634 18.7578
threshold=0 1 2 3.5000000000000004 0.25878250000000008 0.031053999999999974 3 0.31357900000000005 4 0.07427110000000002 0.57488100000000009 0.42794300000000002 0.5812710000000002 0.53551650000000006 0.36132600000000009 5 6 6139.5000000000009 0.12740750000000003 -0.059233500000000015 0.13256550000000003 0.15888450000000001 0.28261250000000004 9.5000000000000018 0.13844900000000002 8.5000000000000018 0.46030850000000006 1.5000000000000002 0.18637200000000001 7
decision_type=1 1 1 2 10 10 1 8 1 10 10 8 10 8 10 1 1 2 10 10 10 10 10 2 10 2 10 2 10 1
left_child=7 2 3 15 5 9 14 13 -8 -5 -11 -3 -13 -1 -7 17 23 18 19 -2 -20 -22 -23 -17 -25 26 -21 29 -29 -9
right_child=1 11 -4 4 -6 6 8 27 -10 10 -12 12 -14 -15 -16 16 -18 -19 20 25 21 22 -24 24 -26 -27 -28 28 -30 -31
leaf_value=-0.0051103502604904136 0.0060651242777045684 0.00040796491383380439 -0.0013660120821882137 -0.0019537328943543789 0.0060575872855624224 0.0061609247026902176 0.0019034021280620803 0.00014202316754079221 -0.0030485590681907505 -0.0003426898612246726 0.0018734597359217732 -0.00061086336113065501 -0.0093403581291021144 0.00072603806176967751 0.0014660136814193872 0.0015559945479510316 -0.0010701724656875774 -0.0040304880143452078 -0.0047364002823671479 -0.0027701381574753935 -0.0025089007305001136 0.002090274582911251 -0.0024366025608446454 0.0017715735449725766 -0.0077069190704105121 0.0046667373060968395 0.0029205591659410171 -0.00060169365456820133 0.0010560969029119614 0.0010884397023340571
leaf_weight=900.17950649559498 450.48233027756214 50356.199787288904 16936.487408101559 3813.3193595260382 456.50118453800678 1152.4894496649504 1187.1034097522497 70340.400538474321 1005.8453271090984 15154.326258063316 3655.1082418859005 2376.2070127278566 349.49346765875816 564.65578393638134 1074.4930765330791 4983.2963688075542 9651.7374058663845 2180.503349840641 1217.0155273377895 1307.5376965850592 2606.8238049298525 1703.5826019346714 1045.1582676321268 237.71072061359882 275.0352241396904 370.27358321845531 473.58068612217903 29890.780084744096 8900.5734792053699 25793.754283934832
leaf_count=3661 1818 203152 68520 15384 1832 4692 4781 284151 4049 60828 14971 9604 1411 2284 4320 20115 38878 8772 4910 5295 10482 6882 4197 957 1109 1496 1934 120663 35830 104473
internal_value=2.47181e-06 -0.000198653 -0.000569497 -0.000319176 0.000177921 7.6898e-05 0.00178768 0.000185576 -0.000358907 -0.000256213 8.65947e-05 0.000296432 -0.00175021 -0.00284325 0.00389668 -0.000836057 -0.00028169 -0.00157105 -0.000983833 0.000876782 -0.00172502 -0.00103283 0.000357331 0.0010968 -0.00326975 -0.000202618 -0.00123786 0.000218744 -0.000220492 0.000396294
internal_weight=260411 124020 70938.4 54001.9 27499.2 27042.7 4419.93 136390 2192.95 22622.8 18809.4 53081.9 2725.7 1464.84 2226.98 26502.7 15147.8 11355 9174.45 2601.87 6572.58 5355.56 2748.74 5496.04 512.746 2151.39 1781.12 134926 38791.4 96134.2
internal_count=1051451 500389 286222 217702 110857 109025 17842 551062 8830 91183 75799 214167 11015 5945 9012 106845 61059 45786 37014 10543 26471 21561 11079 22181 2066 8725 7229 545117 156493 388624
cat_boundaries=0 1 2 3 4 5 6 7 8
cat_threshold=2 129 2 94 334 549 338 2
is_linear=0
shrinkage=0.03


Tree=150
num_leaves=31
num_cat=6
split_feature=10 51 41 31 29 24 27 33 31 25 25 1 29 37 39 37 33 44 28 36 25 30 24 37 40 13 2 40 32 25
split_gain=12.882 14.5144 33.6188 27.8955 19.6683 18.9671 17.802 16.6403 15.8175 18.8439 15.7727 15.9134 15.5425 14.7624 14.6939 21.2779 14.4329 20.0639 14.1645 13.7596 13.6926 19.5729 16.1251 14.9381 15.0544 14.6286 14.2482 14.171 13.5106 13.1908
threshold=4.5000000000000009 0.0027980000000000231 496.50000000000006 0.42488050000000005 0.18387200000000004 0 0.53187550000000006 0.43991700000000006 0.48848150000000007 1 2 6.5000000000000009 0.083342150000000018 0.19549750000000002 0.56818400000000013 0.11342350000000002 0.31357900000000005 0.16082150000000003 0.19569000000000003 0.12908550000000005 3 0.44663450000000005 4 0.12372150000000001 0.13895250000000001 4.5000000000000009 4.5000000000000009 0.18404200000000001 0.80116300000000018 5
decision_type=2 10 2 10 10 1 8 10 10 1 1 2 10 10 8 8 10 8 10 10 1 10 1 10 10 2 2 10 10 1
left_child=1 2 6 7 12 -4 14 29 9 13 -8 -12 -5 -6 19 -16 17 -2 -11 -1 21 23 27 24 -18 -25 -24 -22 -14 -3
right_child=16 3 5 4 8 -7 10 -9 -10 18 11 -13 28 -15 15 -17 20 -19 -20 -21 22 -23 26 25 -26 -27 -28 -29 -30 -31
leaf_value=0.00026713820316066596 -0.004896121334725053 -0.0081726920943728226 0.00068921094899458484 -0.005016520522757288 -0.0075472398534537216 -0.00015301115647203351 0.001977563760593925 -0.0010422908903185532 -0.0042800588961765451 -0.0053045615322486932 0.00032364308813023117 -0.0035396605987448072 0.00019808402094003498 0.0009155829249427054 0.010645378967183957 0.002957593435970136 -0.0013545330617487005 0.0033267061374884876 0.0024927215179651814 0.0027257174027860457 -0.00069002093740488913 -0.0076649529985212163 -5.0567753510962812e-05 -0.002211711664926167 0.0022091173197973197 0.00053678341327833201 0.0016373316204241805 -0.0077407554315282517 0.0034029873070844734 -0.0016029629394159694
leaf_weight=3436.2390412539244 1298.9976560622454 536.5138316899538 34424.725399255753 502.15789586305618 480.58465833961964 79796.179375559092 3663.5759060233831 15574.476836442947 1584.7032485157251 240.50635987520218 4096.6431563198566 1246.017139673233 56065.80631570518 290.54444859921932 419.41382546722889 1502.0942844599485 1977.7742581069469 329.19544571638107 1443.8494700193405 5181.1100616157055 12108.073488488793 396.64808242022991 12809.584920495749 7444.6058325469494 2297.3755341023207 2252.7079110443592 6909.1577927023172 260.20769082009792 1208.0061530768871 617.00080098211765
leaf_count=13816 5272 2179 139571 2034 1933 321526 14975 62884 6366 972 16715 5033 226676 1167 1686 6033 7995 1329 5799 20831 48807 1600 51623 29968 9256 9069 27834 1048 4896 2505
internal_value=6.95673e-06 0.00010749 0.000297654 -0.00021599 7.76735e-05 0.00010062 0.00144739 -0.0013028 -0.00194439 -0.000421425 0.000463567 -0.000572156 0.000219686 -0.00427349 0.00228493 0.0046652 -0.000436289 -0.00321214 0.00134615 0.00174925 -0.000338155 -0.00110732 5.77165e-06 -0.000918206 0.000553692 -0.00157017 0.000539212 -0.000841942 0.00026638 -0.00478237
internal_weight=260394 212310 133766 78544.2 61816.2 114221 19545.1 16728 4040.19 2455.48 9006.24 5342.66 57776 771.129 10538.9 1921.51 48084.3 1628.19 1684.36 8617.35 46456.1 14369.1 32087 13972.5 4275.15 9697.31 19718.7 12368.3 57273.8 1153.51
internal_count=1051398 857597 540186 317411 249843 461097 79089 67568 16237 9871 36723 21748 233606 3100 42366 7719 193801 6601 6771 34647 187200 57888 129312 56288 17251 39037 79457 49855 231572 4684
cat_boundaries=0 1 2 3 4 5 6
cat_threshold=73 84 312 704 78 897
is_linear=0
shrinkage=0.03


Tree=151
num_leaves=31
num_cat=3
split_feature=45 7 18 8 19 18 26 6 51 33 40 38 29 39 30 32 51 27 51 30 26 25 29 32 19 35 33 39 38 21
split_gain=14.0761 20.4837 15.0643 25.2453 18.2121 13.5737 16.647 19.4222 12.6268 19.3741 16.2646 15.7125 13.725 11.8514 11.7248 16.7915 12.6476 14.5868 16.0494 22.1164 14.2414 13.177 13.4656 12.6377 12.2128 14.9056 11.7337 12.3508 16.2344 12.2467
threshold=1.5000000000000002 1.0000000180025095e-35 0 1.5000000000000002 81.15000000000002 1 5223.5000000000009 2.5000000000000004 0.019536500000000016 0.61569650000000009 0.14868750000000003 138.50000000000003 0.16229550000000001 0.49074250000000003 0.38794250000000002 0.35149950000000008 -0.0071609999999999998 0.5709725000000001 0.043277500000000059 0.32906050000000003 1258.5000000000002 2 0.12538550000000001 0.66815500000000017 21.850000000000005 0.26339700000000005 0.55360200000000015 0.52701850000000017 7455.5000000000009 0.6150000000000001
decision_type=2 2 1 2 2 1 2 2 10 10 10 2 10 8 10 8 10 10 10 10 2 1 10 10 2 10 10 10 2 2
left_child=1 2 4 -4 13 6 8 -8 10 -10 -2 -12 -11 -1 16 -16 -7 18 26 -20 -21 -19 23 -23 25 -17 -18 28 -28 -29
right_child=5 -3 3 -5 -6 14 7 -9 9 12 11 -13 -14 -15 15 24 17 21 19 20 -22 22 -24 -25 -26 -27 27 29 -30 -31
leaf_value=-0.0014342271547161819 0.00028990721216077192 0.00087657109163318707 -0.0012880221323856378 0.00054216505954477498 -0.00094127905222813799 0.0008574052045145624 -0.00090711034404071891 -0.0040472910460287569 -0.0015577781367385293 0.00092762251187082461 0.0028130265511843388 -0.00098922330522961503 -0.0044442018826960023 0.0008383348473889003 -0.0026206781287685748 -0.0020861219508790853 -0.00046450350100331935 -0.00057119434994018059 -0.0080253757191133864 -0.0015064212118218476 0.0026567109927473249 -0.0021234527523464886 0.0039197887742873465 0.0045120487506872678 0.00038857513515935349 0.0042718331160675463 -0.0020183647780693034 0.00031284359346047687 0.0050129312619637215 -0.0049660083025810306
leaf_weight=2215.1978580802679 42103.73685477674 32148.126079469919 17261.418290287256 11143.173993840814 7897.9805130660534 24476.562390103936 14204.76162032783 2033.4090351462364 13243.771548122168 5460.9918304085732 1029.5059428215027 17519.863360732794 460.2469120323658 28440.84759555757 2856.4318173676729 3742.0228010714054 8608.0464026778936 2187.9537780582905 223.88993594050407 980.40337525308132 2897.9584424644709 835.04701384902 2040.0878084152937 370.24241289496422 11366.510533645749 358.61454869806767 1368.3892110586166 489.23462638258934 372.75950746238232 1848.0237587988377
leaf_count=8920 170200 129901 69719 45004 31866 98750 57258 8194 53290 22174 4173 70590 1856 114993 11557 15060 34562 8994 900 3944 11674 3430 8364 1557 45766 1444 5499 1968 1500 7451
internal_value=-2.70528e-05 0.000254121 -4.43067e-05 -0.000568799 0.000341407 -0.000200239 -0.000426861 -0.00130286 -0.000248284 -0.000919541 -3.5652e-05 -0.000776157 0.000502978 0.000673017 0.000134135 -0.000508199 0.000386862 -0.000130116 -0.000568594 0.00105833 0.00159624 0.00121881 0.00242851 -5.41801e-05 -0.000115701 -0.00152007 -0.00109716 -0.0024238 -0.000489813 -0.00384924
internal_weight=260185 99106.7 66958.6 28404.6 38554 161078 96056.3 16238.2 79818.1 19165 60653.1 18549.4 5921.24 30656 65022.2 18323.6 46698.6 22222 16788.7 4102.25 3878.36 5433.33 3245.38 1205.29 15467.1 4100.64 12686.5 4078.41 1741.15 2337.26
internal_count=1050558 400403 270502 114723 155779 650155 387735 65452 322283 77320 244963 74763 24030 123913 262420 73827 188593 89843 67498 16518 15618 22345 13351 4987 62270 16504 50980 16418 6999 9419
cat_boundaries=0 1 2 3
cat_threshold=196 133 169
is_linear=0
shrinkage=0.03


Tree=152
num_leaves=31
num_cat=0
split_feature=30 28 39 19 42 36 36 34 13 43 34 1 6 26 38 8 11 33 20 44 43 42 51 30 13 33 27 37 37 1
split_gain=13.0688 14.0076 14.4689 13.3771 14.9752 13.0946 12.6549 12.4062 13.828 11.3832 10.9551 10.7053 10.2808 16.2302 9.51255 14.6971 11.8285 13.7658 11.5877 11.2891 11.9231 10.8517 10.3082 10.6855 9.8085 9.65257 12.111 10.7389 9.84783 9.4988
threshold=0.33772550000000007 0.11321200000000002 0.47748250000000009 41.150000000000013 0.61536650000000004 0.22526550000000004 0.16503300000000001 0.42175400000000002 2.5000000000000004 0.27058900000000002 0.68090150000000016 8.5000000000000018 2.5000000000000004 4293.5000000000009 5745.5000000000009 1.5000000000000002 9.5000000000000018 0.36749700000000002 5.1500000000000012 0.33943000000000006 0.21332100000000004 0.46667100000000006 -0.050569500000000038 0.40285150000000008 11.500000000000002 0.60456900000000002 0.54482850000000005 0.14521350000000002 0.058997550000000003 7.5000000000000009
decision_type=8 8 8 2 8 10 10 10 2 10 10 2 2 2 2 2 2 10 2 8 10 10 10 10 2 10 10 10 10 2
left_child=7 -2 3 5 11 -3 -6 8 -1 -10 12 -5 14 -14 16 19 -4 -18 -19 20 22 -22 -16 29 25 28 -27 -28 -20 -24
right_child=1 2 10 4 6 -7 -8 -9 9 -11 -12 -13 13 -15 15 -17 17 18 24 -21 21 -23 23 -25 -26 26 27 -29 -30 -31
leaf_value=-0.00017563921075784366 0.0013902183824497404 -0.0034551732135536307 0.00030370508595732706 -0.0019749166423741818 0.0051239211111064574 0.003400783308177949 -0.0019075203869320309 0.00070378529682250891 -0.0017044897122310315 -0.009725460921464639 -0.0024821841818073384 0.0018459733858600851 -0.00021302756737982744 -0.002412573036650989 0.0033537614250461955 0.00046585376121886346 -0.0028467549821783013 0.00091540366409964633 -0.0070324802800153189 -0.0029801959670435678 0.00044965833091579853 -0.001130459875768524 -0.00053598278404519623 -0.0034045835950040279 0.0043253658072643832 0.0040868406152344272 0.00095083527222999454 -0.0055982648919455369 -0.00097258239183871235 0.0028532093515153032
leaf_weight=2256.3636425882578 6054.6376967281103 2854.3470320403576 118496.19921167195 3193.1111548542976 706.38122805953026 268.08943156898022 331.66302561759949 37319.433638200164 397.80476272106171 277.82758378982544 1614.9249414205551 821.4018726348877 13942.183493286371 3865.068629488349 1106.6324583888054 14693.39351336658 1962.3256126493216 5813.9328728467226 245.21393159031868 1818.8327428102493 4865.6601309478283 19421.091944873333 1861.2815059274435 656.69170440733433 341.18734641373158 771.65121954679489 850.14091058075428 301.34127753973007 12136.646800890565 1224.6536996811628
leaf_count=9118 25575 11493 477767 12843 2845 1081 1340 151367 1605 1122 6547 3302 56219 15569 4447 59134 7930 23371 986 7301 19555 78246 7482 2643 1373 3097 3448 1222 48788 4921
internal_value=5.85457e-05 -3.21777e-05 -7.25493e-05 -0.00131016 -0.000348882 -0.00285423 0.00284948 0.000555611 -0.00131897 -0.00507542 -2.32687e-05 -0.00118487 -3.65584e-06 -0.00069245 6.19368e-05 -0.000314186 0.000183992 -0.000447273 -0.00021529 -0.000685427 -0.000540853 -0.000812644 0.000813847 5.27428e-05 -0.000666272 -0.000788306 0.00118023 -0.000747163 -0.00109669 0.000800771
internal_weight=260470 220219 214164 8174.99 5052.56 3122.44 1038.04 40251.4 2932 675.632 205989 4014.51 204374 17807.3 186567 45648.2 140919 22422.4 20460.1 30954.8 29136 24286.8 4849.26 3742.63 14646.2 14305 1923.13 1151.48 12381.9 3085.94
internal_count=1051737 888525 862950 32904 20330 12574 4185 163212 11845 2727 830046 16145 823499 71788 751711 183729 567982 90215 82285 124595 117294 97801 19493 15046 58914 57541 7767 4670 49774 12403
is_linear=0
shrinkage=0.03


Tree=153
num_leaves=31
num_cat=6
split_feature=31 30 46 42 22 19 31 41 25 31 44 27 43 30 25 8 31 44 41 25 44 31 41 39 25 25 41 33 45 41
split_gain=13.1365 19.3214 15.1919 14.3494 14.6779 14.0214 13.886 15.5514 19.6087 12.542 12.4988 12.7058 11.8832 15.3914 17.7761 16.3733 18.4403 14.3824 14.2202 15.2149 15.2896 12.0805 11.8809 11.8261 11.7214 11.6897 17.7278 16.2132 15.3628 13.3536
threshold=0.50012800000000002 0.33899250000000009 1.0000000180025095e-35 0.42046200000000006 0 81.550000000000011 0.50847700000000018 1224.5000000000002 1 0.48370400000000008 0.26673250000000004 0.55354300000000012 0.30792000000000003 0.42425650000000009 2 1.0000000180025095e-35 0.4804190000000001 0.008112415000000003 6477.5000000000009 3 0.063361350000000011 0.39112650000000004 1865.5000000000002 0.51343850000000002 4 5 8034.5000000000009 0.49094200000000005 1.0000000180025095e-35 7450.5000000000009
decision_type=10 10 2 10 1 2 10 2 1 10 10 10 10 10 1 2 10 10 2 1 10 10 2 10 1 1 2 10 2 2
left_child=1 -1 12 5 25 -4 -2 -8 -9 10 -6 24 13 14 17 23 -17 -3 -14 -20 -21 -15 -7 -16 -12 26 28 -28 -5 -27
right_child=6 2 3 4 9 22 7 8 -10 -11 11 -13 18 21 15 16 -18 -19 19 20 -22 -23 -24 -25 -26 29 27 -29 -30 -31
leaf_value=0.00065715243846183535 -0.0024261631937227339 0.0079764137963755158 0.0017486765625792705 -0.0028989244944118246 -0.0013629105744360282 -0.004133776627387651 -0.000817134808810302 0.0079607289332085107 -0.0011140320073605326 0.003842351298497141 0.006655605000820396 -0.0022107352757269518 2.5422283929775827e-05 0.00037302469593519311 -0.0020527423995431882 0.00084303569911140159 -0.0031058748263876994 0.001294599740395857 0.0029182768688984571 -0.0080407500626164391 -0.0015426835049602962 -0.0028268203256851337 0.0012187478857511121 -6.4410691636115121e-05 0 9.1077577899168104e-05 0.0090228554841525841 1.8962793571950251e-05 -0.0006347540979829094 -0.0014910592173333415
leaf_weight=37179.629104465246 4105.1608149409294 294.45679479837418 5178.5306063890457 3660.0043080449104 21633.637529596686 770.2872618585825 4247.8002874702215 433.84927880764008 402.56646211445332 450.94351443648338 496.96100677549839 530.98718050122261 39735.771885439754 2008.9836649596691 3683.1967035382986 25330.429796680808 1105.2107365876436 15816.691996201873 633.61725804209709 345.43838573992252 5850.759769141674 2213.8787466585636 707.23179239034653 10110.332477971911 460.13179102540016 56628.000514388084 287.80871689319611 490.05407421290874 10446.949932292104 5241.7905173152685
leaf_count=150792 16535 1189 21016 14752 87550 3118 17192 1740 1614 1812 1996 2137 159876 8097 14822 102353 4444 63964 2547 1388 23523 8911 2854 40914 1851 228475 1157 1977 42091 21125
internal_value=-1.48168e-05 2.58132e-05 -8.36837e-05 -0.000336645 -0.000426354 0.00101063 -0.00112879 -7.45369e-05 0.00365051 -0.00108142 -0.00117923 0.00146839 0.000168656 0.00044585 0.000577169 0.000238725 0.000676473 0.00141916 -0.000191222 -0.0014555 -0.00191042 -0.00129824 -0.00155419 -0.000597847 0.00354132 -0.000224748 -0.000979247 0.00341068 -0.0012248 -4.25398e-05
internal_weight=260481 251292 214112 106983 100327 6656.05 9189.38 5084.22 836.416 23572.7 23121.7 1488.08 107129 60563.2 56340.3 40229.2 26435.6 16111.1 46565.6 6829.82 6196.2 4222.86 1477.52 13793.5 957.093 76754.6 14884.8 777.863 14107 61869.8
internal_count=1051812 1014731 863939 431911 404923 26988 37081 20546 3354 95346 93534 5984 432028 244694 227686 162533 106797 65153 187334 27458 24911 17008 5972 55736 3847 309577 59977 3134 56843 249600
cat_boundaries=0 1 2 3 4 5 6
cat_threshold=2 376 200 2 167 10
is_linear=0
shrinkage=0.03


Tree=154
num_leaves=31
num_cat=6
split_feature=30 13 25 24 38 24 43 44 34 1 37 50 33 50 25 7 50 42 21 42 24 8 27 43 41 29 25 38 34 42
split_gain=13.0529 12.9565 17.2455 15.1171 13.2228 13.0625 11.7519 12.5528 12.3675 13.6617 11.6764 12.0609 11.3649 10.9032 10.3479 10.2922 13.383 10.1676 10.0088 11.8499 14.5153 15.3388 19.5728 15.3081 19.8255 13.3413 12.6739 14.1812 13.0951 19.5776
threshold=0.33899250000000009 1.0000000180025095e-35 0 1 841.50000000000011 2 0.17895850000000005 0.18310000000000004 0.47563700000000003 7.5000000000000009 0.11342350000000002 1.0000000180025095e-35 0.48154300000000005 -0.05446900000000001 3 1.5000000000000002 -0.058848500000000019 0.62026450000000011 0.89500000000000013 0.45604450000000002 4 1.0000000180025095e-35 0.56637400000000004 0.31763350000000007 7061.5000000000009 0.20755850000000003 5 10502.500000000002 0.48839650000000007 0.59108250000000007
decision_type=8 2 1 1 2 1 10 10 10 2 8 10 8 10 1 2 8 10 2 10 1 2 10 10 2 10 1 2 10 10
left_child=1 3 5 12 -5 -3 7 -4 9 14 11 -6 -1 -7 -8 16 -14 -9 -2 -20 21 22 25 -23 -25 -21 27 -22 -28 -30
right_child=18 2 6 4 10 13 8 17 -10 -11 -12 -13 15 -15 -16 -17 -18 -19 19 20 26 23 -24 24 -26 -27 28 -29 29 -31
leaf_value=0.0057915801613090514 -0.00026716058346520205 0.0046761078073850092 0.0054280472663518643 -0.00091547370331869363 0.00090581727497334146 0.0037120485863795763 -0.00079071534172637213 0.0012560151283755804 -0.00058497622806351595 0.00035152518158193936 0.00059751777416300171 0.0054062653154155014 -0.00095946121140998467 -0.00031466890941737858 -0.0067171144790370164 -0.00026866054156552468 0.0036016119007879254 -0.0035761679325791232 0.00096117693338359134 -0.001005548050654295 0.00041589081449294307 0.0013939324169693413 0.0014099681389575774 0.00034200026718838461 -0.0042549861094697116 0.0061116660126532768 4.8643851171708279e-05 -0.0051820572306010854 -0.0021673285850054565 0.00023143852396417998
leaf_weight=727.11782085895538 121903.41353987157 937.21325807273388 501.37189818918705 4445.1209293007851 1199.6683973670006 794.00869135558605 409.75183887779713 1778.1483765542507 9895.2633193135262 638.44042634963989 13073.125222444534 996.95164576172829 717.5278332978487 2471.2594792097807 902.93781089782715 1539.8142777383327 2779.529893040657 498.66480258107185 13664.885879740119 12949.586566373706 14540.927758395672 16564.998390138149 4531.257709145546 7412.1663639396429 949.19938468933105 237.42945279181004 8722.4746132791042 415.50077395141125 9853.4193972051144 4410.2639409154654
leaf_count=2925 491728 3825 2030 18073 4875 3221 1645 7192 40121 2568 52770 4056 2920 10046 3635 6259 11374 2030 55347 52118 58563 66983 18540 29887 3840 956 35086 1671 39701 17757
internal_value=8.45806e-06 0.000477634 -0.000117757 0.000918724 0.000520405 0.00157118 -0.000606018 0.00114371 -0.00101959 -0.00320411 0.000940801 0.0029666 0.0022701 0.000655823 -0.00495309 0.00175714 0.00265718 0.000181204 -8.75765e-05 0.000144376 5.47127e-06 0.000385563 -0.000287895 0.000865608 -0.000177611 -0.000873769 -0.00042092 0.00025719 -0.000863347 -0.00142365
internal_weight=260461 44305.9 18827.1 25478.9 19714.9 4202.48 14624.6 2778.19 11846.4 1951.13 15269.7 2196.62 5763.99 3265.27 1312.69 5036.87 3497.06 2276.81 216156 94252.1 80587.2 42644.6 17718.3 24926.4 8361.37 13187 37942.6 14956.4 22986.2 14263.7
internal_count=1051742 179565 76313 103252 79774 17092 59221 11252 47969 7848 61701 8931 23478 13267 5280 20553 14294 9222 872177 380449 325102 172324 71614 100710 33727 53074 152778 60234 92544 57458
cat_boundaries=0 1 2 3 4 5 6
cat_threshold=24 69 552 6 601 177
is_linear=0
shrinkage=0.03


Tree=155
num_leaves=31
num_cat=8
split_feature=18 39 24 44 0 32 36 2 25 34 52 25 42 46 24 29 40 52 44 34 44 25 3 25 38 7 34 39 24 19
split_gain=11.4816 21.0977 18.4814 17.1713 13.8665 15.2369 13.8559 17.2923 14.0546 13.5262 12.8474 15.4593 14.8284 11.8226 13.4197 25.5009 17.7762 16.5404 14.6763 12.6355 11.7784 11.5739 11.346 11.2913 14.4241 12.2274 11.2687 12.8797 13.208 14.2185
threshold=0 0.52431550000000005 1 0.058683700000000012 2019.5000000000002 0.81980550000000008 0.089316400000000004 5.5000000000000009 2 0.48246800000000006 6.0946971662386806 3 0.43083700000000008 1.0000000180025095e-35 4 0.16560600000000003 0.15106750000000005 7.7027818978739102 0.12333550000000001 0.42587500000000006 0.16574000000000003 5 3.5000000000000004 6 5382.5000000000009 1.0000000180025095e-35 0.60205150000000007 0.50424950000000013 7 35.95000000000001
decision_type=1 8 1 10 2 10 10 2 1 8 2 1 10 2 1 8 10 2 8 8 8 1 2 1 2 2 8 10 1 2
left_child=13 3 4 10 9 6 7 8 -6 -3 11 -2 -12 -1 15 16 22 18 21 -18 -20 -17 -15 24 -24 -25 -5 28 -28 -30
right_child=1 2 -4 26 5 -7 -8 -9 -10 -11 12 -13 -14 14 -16 17 19 -19 20 -21 -22 -23 23 25 -26 -27 27 -29 29 -31
leaf_value=0.00059454362253697694 0 0.0050349410517712056 -0.00023223313343225319 -0.00053087563352997836 -0.0081236990858810174 0.0060950768837681451 0.00044183489896021887 0.0027129914214209156 -0.0017561973873586507 0.0012314477283375247 0.0036603834025652647 -0.0052380757602671383 -0.0014665278630014915 0.0023834959150181145 -0.00045567411820714756 0.0060735886732488208 0.004554591589653845 0 0.014202529222917886 -0.0029506026363368097 0.005618546606185615 -0.0004290385990132359 -0.00058079842730748203 -0.0010123896339045851 -0.0070253698167756619 0.0024514833328924211 0.0010565528277600947 0.0021045229446040236 -0.0084769597449408703 -0.00099509953409579553
leaf_weight=42960.790808036923 730.28433035314083 955.90211102366447 64892.440486639738 51145.970294877887 355.81989657878876 400.88228204846382 28985.740403056145 670.34840595722198 2390.1418801397085 7404.47062048316 536.71008343994617 1645.0636237114668 7915.4763347655535 2519.148542329669 30226.377028882504 457.71605540812016 217.2397872209549 854.25762099027634 225.16332380473614 2145.5491089969873 467.64660447835922 504.30520609021187 1655.5360449105501 1596.5353217124939 386.50429719686508 2122.0199979692698 1620.4471571296453 3292.4769034385681 322.43934069573879 811.20810467004776
leaf_count=173424 2951 3842 262140 205752 1434 1619 116977 2706 9647 30495 2160 6639 31949 10188 122145 1850 880 3455 907 8632 1887 2035 6682 6444 1555 8559 6593 13436 1300 3281
internal_value=-4.10086e-05 -0.000181391 8.28492e-05 -0.000593843 0.00058019 0.000301169 0.000228003 -0.00157628 -0.00263611 0.00167157 -0.00169 -0.00364389 -0.00113624 0.000241672 -0.000107076 0.000691569 4.74875e-05 0.00341099 0.00515845 -0.00224298 0.00850066 0.00270149 0.000705315 -2.4219e-05 -0.0018149 0.000954052 -0.00038572 0.000836799 -0.000668505 -0.00313868
internal_weight=260415 174076 106056 68020.1 41163.3 32802.9 32402.1 3416.31 2745.96 8360.37 10827.5 2375.35 8452.19 86338.8 43378 13151.6 10642.5 2509.09 1654.83 2362.79 692.81 962.021 8279.74 5760.6 2042.04 3718.56 57192.5 6046.57 2754.09 1133.65
internal_count=1051564 702921 428860 274061 166720 132383 130764 13787 11081 34337 43699 9590 34109 348643 175219 53074 42940 10134 6679 9512 2794 3885 33428 23240 8237 15003 230362 24610 11174 4581
cat_boundaries=0 1 2 3 4 5 6 7 8
cat_threshold=108 340 18 340 552 782 84 339
is_linear=0
shrinkage=0.03


Tree=156
num_leaves=31
num_cat=9
split_feature=11 46 23 18 24 1 25 28 26 26 44 45 24 43 30 24 25 25 24 11 28 42 27 50 50 3 13 32 43 42
split_gain=17.3913 11.1107 15.3317 14.3321 13.2299 16.3299 25.5633 15.2612 12.7351 12.5828 16.2763 12.5002 14.5077 12.2893 22.8028 13.4434 12.7235 12.1538 17.355 18.6234 19.8788 15.807 15.4791 17.0413 15.201 14.2476 14.4171 15.4064 13.0149 14.1491
threshold=1.0000000180025095e-35 1.0000000180025095e-35 0 1 2 9.5000000000000018 3 0.073738700000000004 5460.5000000000009 6477.5000000000009 0.097092700000000018 1.5000000000000002 4 0.45319600000000004 0.35528150000000008 5 6 7 8 15.500000000000002 0.20428350000000003 0.47666100000000006 0.4528100000000001 -0.017200999999999991 0.0036739999999999833 3.5000000000000004 1.0000000180025095e-35 0.57837200000000011 0.41244900000000007 0.51840400000000009
decision_type=2 2 1 1 1 2 1 10 2 2 10 2 1 10 10 1 1 1 1 2 8 8 8 10 8 2 2 10 10 10
left_child=-1 4 13 11 5 7 -7 -2 -8 -9 -11 12 -4 17 15 -15 -16 -3 24 20 -20 -22 23 -23 28 26 27 -24 -19 -30
right_child=1 2 3 -5 -6 6 8 9 -10 10 -12 -13 -14 14 16 -17 -18 18 19 -21 21 22 25 -25 -26 -27 -28 -29 29 -31
leaf_value=0.00056016063371145904 0.0043655124914856415 0.00026260812313674484 -0.002503816876783394 -0.00015455313971955522 0.00039771978224835869 -0.0067752363786432405 0.00028449266157875398 0 -0.0062610152837136923 -0.0066278427630200925 -0.001017597765071112 -0.0023229693572075849 0.00077969864094026419 0.0058922716138086178 -0.0031102339663411564 -0.0001784446435507039 0.0011010682766391642 -0.00019628512510387844 -8.0737666736796778e-05 0.0030607254564491704 0.00029573233791549159 0.0048320251857993735 2.7376139589001609e-05 -0.0020378789100948301 0.0011411257019993011 -0.0028338567943525278 -0.0028240190962179881 0.0077176432086493753 -0.0055793282400837703 0.0028356879950408656
leaf_weight=43995.556765556335 667.06443251669407 30991.186822861433 1914.9879118055105 10975.9129961133 63790.439002946019 851.28880576789379 1853.5112960934639 34385.121929898858 308.36207713186741 524.85949301719666 4187.9500325918198 8496.9566094875336 3228.987340182066 1180.5202933102846 904.24032638967037 447.99412098526955 2162.6435086429119 8467.1300487518311 11542.136768043041 1013.5287393927574 3052.8703016936779 589.53443218767643 1376.662000015378 710.38451988995075 8755.271918296814 11239.051228433847 1326.6277206242085 281.58441582322121 819.93706625699997 222.89729100465775
leaf_count=177999 2937 125055 7750 44400 257290 3430 7473 138577 1243 2107 16879 34404 13044 4821 3645 1815 8726 34160 46797 4086 12252 2392 5533 2879 35381 45223 5333 1133 3311 904
internal_value=1.6367e-05 -9.4124e-05 -0.000306134 -0.000965606 0.000123839 -0.000283894 -0.00241268 -0.000121734 -0.000639706 -0.000199389 -0.00165258 -0.00161453 -0.000440949 -0.000114954 0.00137557 0.00424163 -0.000139191 -0.000202435 -0.000494753 -0.00092556 -0.0010613 -0.00166881 -0.00205707 0.00105866 0.000238035 -0.00234409 -0.000488911 0.00136289 -0.000590081 -0.00374903
internal_weight=260265 216270 109701 24616.8 106569 42778.2 3013.16 39765 2161.87 39097.9 4712.81 13640.9 5143.98 85084.2 4695.4 1628.51 3066.88 80388.8 49397.6 31132.4 30118.9 18576.7 15523.8 1299.92 18265.2 14223.9 2984.87 1658.25 9509.96 1042.83
internal_count=1050979 872980 443044 99598 429936 172646 12146 160500 8716 157563 18986 55198 20794 343446 19007 6636 12371 324439 199384 125628 121542 74745 62493 5271 73756 57222 11999 6666 38375 4215
cat_boundaries=0 1 2 3 4 5 6 7 8 9
cat_threshold=2 129 773 644 530 358 200 197 600
is_linear=0
shrinkage=0.03


Tree=157
num_leaves=31
num_cat=7
split_feature=28 33 7 43 2 30 39 7 25 13 31 25 1 18 53 25 1 0 27 25 33 18 31 42 31 50 35 53 25 42
split_gain=13.7481 12.7612 12.5318 15.3942 12.6715 12.372 14.6904 12.5442 14.8195 15.087 11.4894 11.9066 11.1593 11.9227 10.9842 37.9944 19.9188 20.18 21.6939 19.4467 13.4268 12.6543 15.1197 11.4925 11.3831 11.2414 10.9631 10.8047 10.2967 10.2312
threshold=0.12380750000000001 0.40037450000000008 1.5000000000000002 0.11852650000000002 1.5000000000000002 0.33772550000000007 0.48048050000000003 1.0000000180025095e-35 0 1.5000000000000002 0.48848150000000007 1 8.5000000000000018 2 8.6563462490234908 3 4.5000000000000009 2022.5000000000002 0.51545500000000011 4 0.41915500000000006 5 0.41784100000000007 0.61403800000000008 0.50012800000000002 0.14074050000000007 0.25750100000000004 9.2312698139584572 6 0.58434050000000004
decision_type=10 10 2 10 2 10 10 2 1 2 10 1 2 1 2 1 2 2 10 1 10 1 10 10 10 10 10 2 1 10
left_child=2 -2 10 -4 -5 -3 7 8 -7 -10 -1 -12 -9 -14 24 16 27 18 -18 20 -19 -17 25 29 -8 -23 -22 -16 -26 -21
right_child=1 5 3 4 -6 6 14 12 9 -11 11 -13 13 -15 15 21 17 19 -20 23 26 22 -24 -25 28 -27 -28 -29 -30 -31
leaf_value=0.0020368757600836363 -0.00070863270412266745 0.00055079405055778264 -0.0065986957428877165 -0.0042731920864135468 0.0010543281207378043 0.00083992519604193675 0.00015252051984788212 -0.0010771226913771209 -0.0024850967744187778 -0.0078745121162477408 -0.007292884179076131 0.00059213947383807966 -0.0035645008416055057 0.0042977888260146667 -0.0030238038943896811 -7.6768250795366009e-05 -0.0030038985495064244 0.011953177634598569 0.0018051470989289358 0.00096009438313073838 0.0047378109320215306 -0.0039687958140243642 -0.0010197218005893948 -0.0041673967110867228 0.0007406979023626088 0.0018712702131019946 -0.00021551096509409866 0.0025063074466497234 -0.004977808035348215 0.0073967673160832657
leaf_weight=7341.9711666852236 22790.782729580998 35444.374179124832 335.29458893835545 478.64563553035259 2408.7041566222906 781.28807385265827 136996.25752528012 3616.170178592205 1866.1546372622252 637.46758639812469 229.1675801128149 578.06069774925709 211.30203279852867 753.34500122070312 1394.6212486922741 10907.386616900563 1397.8786964863539 201.95131775736809 2119.9625664055347 2090.8691479563713 2324.5451369434595 2653.2175449877977 19537.312839657068 344.22552984952927 447.73473644256592 324.76601609587669 471.97523820400238 403.32305556535721 725.68696542084217 248.90565475821495
leaf_count=30905 92135 143555 1372 1979 9989 3144 551872 14541 7501 2563 943 2412 849 3027 5608 43874 5631 814 8513 8407 9340 10679 78606 1386 1802 1307 1898 1622 2922 1001
internal_value=1.44882e-05 -3.20435e-05 0.00103447 -0.000541827 0.000157269 3.60922e-05 -5.95446e-05 -0.00132874 -0.00274377 -0.00386168 0.00166148 -0.00171076 -0.000306344 0.00254645 -4.68443e-06 -0.000415199 0.00111231 0.00167936 -9.82259e-05 0.00278455 0.00444133 -0.000918859 -0.00132519 0.00089973 0.000127083 -0.0033206 0.00389178 -0.0017645 -0.00281003 0.00166623
internal_weight=260063 248692 11371.8 3222.64 2887.35 225901 190456 7865.73 3284.91 2503.62 8149.2 807.228 4580.82 964.647 182591 44420.9 10998.3 9200.31 3517.84 5682.47 2998.47 33422.7 22515.3 2684 138170 2977.98 2796.52 1797.94 1173.42 2339.77
internal_count=1050197 1002597 47600 13340 11968 910462 766907 31625 13208 10064 34260 3355 18417 3876 735282 178686 44220 36990 14144 22846 12052 134466 90592 10794 556596 11986 11238 7230 4724 9408
cat_boundaries=0 1 2 3 4 5 6 7
cat_threshold=849 131 24 3 2 120 297
is_linear=0
shrinkage=0.03


Tree=158
num_leaves=31
num_cat=4
split_feature=3 41 25 18 42 34 6 36 20 50 18 51 41 50 3 41 42 0 25 53 41 51 32 41 50 39 51 19 44 27
split_gain=13.1212 12.0119 25.9664 20.5244 15.9756 13.9819 12.5805 20.8278 15.8628 11.9438 11.1193 11.1113 20.2807 27.7249 15.4151 14.2189 14.8023 14.3599 18.8729 13.9567 14.8804 13.4659 13.3913 13.2176 17.8363 13.1046 13.1172 13.2577 13.2074 12.8419
threshold=2.5000000000000004 5376.5000000000009 0 1 0.4998820000000001 0.54465250000000009 1.5000000000000002 0.21440350000000002 90.950000000000017 0.06731000000000005 2 -0.010390499999999995 270.50000000000006 -0.0052805000000000759 6.5000000000000009 1206.5000000000002 0.55697500000000011 2019.5000000000002 3 6.7135633652932718 132.50000000000003 -0.094983499999999985 0.61255650000000006 2497.5000000000005 0.038486499999999986 0.55055250000000011 0.0075144999999999804 97.250000000000014 0.12333550000000001 0.45435850000000005
decision_type=2 2 1 1 10 10 2 10 2 10 1 8 2 10 2 2 10 2 1 2 2 10 10 2 10 8 10 2 10 10
left_child=-1 9 4 -4 -3 -6 -5 8 -8 11 -11 12 13 21 -15 25 23 18 -18 -16 -21 -2 -20 24 -17 26 27 28 -13 -19
right_child=1 2 3 6 5 -7 7 -9 -10 10 -12 15 -14 14 19 16 17 29 22 20 -22 -23 -24 -25 -26 -27 -28 -29 -30 -31
leaf_value=0.00033763860788062937 0.0069341425232339257 0.00434828595518126 0.00069165501405912258 -0.0010201886758947822 -0.0025319003154051487 0.0042294518045766219 -0.0013855610973693975 -0.0075067636717510702 -0.0077613167897185352 0.0036795986459511542 0.00030498415456810826 -0.0013153128108861632 -7.2862693531278936e-05 0.0061957286074004704 0.0045059008234796562 0.00069485139046054792 -0.0093286266009629751 -0.0023831636516541826 -0.0030504366093162347 0.0020372368102729321 -0.0085105121673917719 -0.0011220940168194179 0.0040493430647599582 -0.001302331879239236 -0.0027087641931528082 -9.459617623583185e-05 -0.0019058253535938075 -0.0037753383641974956 0.0011284568268632588 0.0011127555567821471
leaf_weight=58928.696986928582 201.39441075921059 1365.6642196029425 5019.9236433953047 15914.332585841417 846.60929501056671 403.23941767215729 4017.4627853184938 710.90816974639893 385.61919935047626 888.81211544573307 38300.667701110244 3768.2244043797255 55971.04814966023 1424.9533330053091 586.18942902982235 9083.7861774414778 265.76822249591351 1005.7587119489908 662.16531969606876 281.48571288585663 202.32008646428585 2109.4821580648422 368.88817022740841 11073.036167189479 1630.7740928083658 11941.063122466207 13782.264832288027 946.7862700521946 4210.9661333858967 14131.760400786996
leaf_count=238406 811 5493 20239 64155 3400 1630 16195 2860 1553 3584 154519 15201 225816 5767 2377 36684 1087 4082 2705 1135 815 8513 1551 44667 6602 48531 55560 3816 17003 56956
internal_value=-5.59448e-05 -0.0001712 -0.000740062 -0.00102695 0.00209943 -0.000321632 -0.00143882 -0.00273714 -0.00195566 -7.66736e-05 0.000383578 -0.000211863 8.72444e-05 0.00195705 0.0041491 -0.000461732 -6.18808e-05 0.000616939 -0.00240315 0.00138585 -0.00233731 -0.000398942 -0.000472334 -0.000575304 0.000173403 -0.000901902 -0.00132503 -0.000424553 -2.19314e-05 0.000878074
internal_weight=260430 201501 28663.8 26048.2 2615.51 1249.85 21028.3 5113.99 4403.08 172838 39189.5 133648 60776.9 4805.83 2494.95 72871.2 38221.9 16434.3 1296.82 1070 483.806 2310.88 1031.05 21787.6 10714.6 34649.3 22708.2 8925.98 7979.19 15137.5
internal_count=1051713 813307 115525 105002 10523 5030 84763 20608 17748 697782 158103 539679 245234 19418 10094 294445 154334 66381 5343 4327 1950 9324 4256 87953 43286 140111 91580 36020 32204 61038
cat_boundaries=0 1 2 3 4
cat_threshold=2 51 64 130
is_linear=0
shrinkage=0.03


Tree=159
num_leaves=31
num_cat=9
split_feature=32 31 20 25 35 33 24 27 40 25 29 24 31 3 30 31 25 42 24 30 44 38 40 33 40 23 25 45 24 42
split_gain=10.5707 10.4716 10.2237 25.6663 15.2098 16.1079 13.6609 17.3659 13.5453 12.5737 21.6578 16.7505 19.5981 17.9673 13.5691 12.8752 12.5712 11.8048 11.3036 19.1075 11.1202 10.8845 14.5475 14.4036 10.826 10.7225 12.8454 21.1591 10.5737 10.3646
threshold=0.60797550000000011 0.49985800000000008 67.15000000000002 0 0.16315400000000002 0.62760050000000012 1 0.54425150000000011 0.14160850000000005 2 0.13206850000000001 3 0.41739300000000007 6.5000000000000009 0.36462950000000005 0.42720350000000001 4 0.72751650000000001 5 0.32353500000000007 0.31927300000000008 2210.5000000000005 0.14474350000000005 0.70848300000000008 0.15875850000000005 6 7 1.5000000000000002 8 0.51840400000000009
decision_type=10 8 2 1 10 10 1 10 8 1 10 1 10 2 10 10 1 10 1 10 10 2 10 10 8 1 1 2 1 10
left_child=1 -1 9 4 5 24 25 -8 29 14 18 12 -12 -14 17 16 -13 -2 -11 -20 -16 23 -23 -7 -4 -5 27 -27 -6 -9
right_child=2 -3 3 6 28 21 7 8 -10 10 11 15 13 -15 20 -17 -18 -19 19 -21 -22 22 -24 -25 -26 26 -28 -29 -30 -31
leaf_value=-6.38931056801549e-05 0.0016525602530118981 -0.0011375018833278778 -7.0133296704245524e-05 0.0011201371618697301 -7.5716142292752564e-05 0.0065199726109838934 -0.00057825551310673436 -0.0023377029611228901 -0.0013012981287306409 0.00013991029592657771 -0.0029478287199885891 0.0046553280896569852 0.0042027889526050554 0.00014926966693002075 -0.00011710102408283245 -0.00083823737018155959 -0.0014781316003028872 0.0063488599191755197 0.0049901709941064729 -0.0027113794350055453 0.0035535424169254501 -0.0029457182684117862 0.0055136931846925547 -0.0019768809178366147 -0.005258367819561449 0.0010207808513740919 8.7639194454853538e-05 -0.0074526469983612047 0.0056103412154223323 -0.0078021334785062972
leaf_weight=196056.54636080563 10333.55640630424 8535.4307455867529 3615.021417081356 2861.1846174448729 412.16023191809654 848.60650329291821 2497.7159388661385 493.29281911253929 932.87021669745445 3493.1933918148279 579.6532323807478 844.68567399680614 3027.9417851120234 1480.8381800800562 7311.6442157626152 4823.7405052632093 449.82238040864468 508.40378606319427 307.2717574685812 4005.9389982670546 822.37297087907791 505.45107841491699 282.63803952932358 219.71561050415039 400.8961665481329 433.93909803032875 1790.216329395771 654.66747115552425 983.78837403655052 963.90349732339382
leaf_count=790200 42205 34382 14609 11642 1672 3513 10039 2007 3770 14419 2335 3420 12315 5975 29556 19535 1808 2074 1270 16353 3468 2069 1145 900 1617 1766 7245 2656 3991 3948
internal_value=-8.84991e-06 -0.000108846 0.000356679 -0.00023326 0.00113742 0.000463252 -0.00117351 -0.00233799 -0.00417119 0.000635376 8.79943e-05 0.000934467 0.00220376 0.00287911 0.00118148 -0.000120246 0.00252692 0.00187724 -0.00112312 -0.00214771 0.000251498 0.00277471 5.96227e-05 0.00474383 -0.000599061 -0.000173654 -0.00147036 -0.00401717 0.00395306 -0.00598145
internal_weight=260477 204592 55885.1 17896.1 7268.28 5872.33 10627.8 4887.78 2390.07 37989.1 19013.1 11206.7 5088.43 4508.78 18976 6118.25 1294.51 10842 7806.4 4313.21 8134.02 1856.41 788.089 1068.32 4015.92 5740.01 2878.82 1088.61 1395.95 1457.2
internal_count=1051904 824582 227322 72589 29516 23853 43073 19764 9725 154733 77430 45388 20625 18290 77303 24763 5228 44279 32042 17623 33024 7627 3214 4413 16226 23309 11667 4422 5663 5955
cat_boundaries=0 1 2 3 4 5 6 7 8 9
cat_threshold=312 865 541 179 416 401 2 132 148
is_linear=0
shrinkage=0.03


Tree=160
num_leaves=31
num_cat=2
split_feature=46 6 8 0 25 25 43 53 37 13 32 44 50 1 33 35 37 34 51 26 42 53 28 12 27 2 29 26 36 21
split_gain=12.6292 12.9553 14.3436 11.9319 19.941 16.8616 16.9538 15.0464 20.2352 19.5565 14.5583 14.112 13.831 14.4857 13.8435 15.4622 13.6653 12.8726 12.8352 12.1671 11.9606 11.7898 11.7749 11.7068 11.2811 13.6715 12.2271 14.4925 11.2425 14.8534
threshold=1.0000000180025095e-35 2.5000000000000004 1.0000000180025095e-35 2023.5000000000002 0 1 0.10750800000000001 8.7333524057109901 0.21435950000000004 3.5000000000000004 0.26975050000000006 0.097092700000000018 0.097719500000000029 7.5000000000000009 0.54290600000000011 0.10327050000000002 0.13847750000000003 0.44956600000000008 -0.099935999999999983 1369.5000000000002 0.4129540000000001 9.1760076915568316 0.12380750000000001 -1.0000000180025095e-35 0.5084295000000002 2.5000000000000004 0.15110950000000004 3042.5000000000005 0.089316400000000004 1.2050000000000003
decision_type=2 2 2 2 1 1 10 2 10 2 8 8 10 2 8 10 10 8 10 2 10 2 10 2 10 2 10 2 8 2
left_child=-1 3 -3 4 7 6 -5 12 9 11 -8 17 13 14 16 19 -2 -9 -7 -16 -20 -6 -4 -21 -18 -26 -27 -28 29 -15
right_child=1 2 22 5 21 18 10 8 -10 -11 -12 -13 -14 28 15 -17 24 -19 20 23 -22 -23 -24 -25 25 26 27 -29 -30 -31
leaf_value=0.00018327924913831396 -0.00069250207746617779 -0.0028602681293303004 0.0051433291074660138 0.0059572457613353497 -0.00034169430426780081 -0.0052232678074858952 -0.0054866078569462493 0.0080723404751304288 0.0055708490126367121 -0.0086336018656038762 6.0780739556968187e-05 -0.0024402933728760682 0.0026088836584872988 -0.003595070294225467 -0.00079988716410422727 -0.0023146001264496645 0.00011325636442913193 -8.2811068895020308e-05 0.002890735030281691 -0.0007338142704477091 -0.0016517953064275341 0.0027079854173407006 -0.00074433495779895097 0.0064807713140059156 0.0060072544622882928 -0.00036979339130547949 0.0077598873575837812 -0.0016510579176593904 0.0019557303310194108 0.0042792825159387836
leaf_weight=130939.35111090541 3153.5440304875374 3371.6443385630846 316.51915976405144 416.98990970849991 68845.473021820188 856.81450897455215 444.0935439914465 233.18715576827526 357.21212854981422 345.9445973187685 8752.3647336065769 2090.4691626131535 3624.8853198736906 752.32148118317127 1489.1119258254766 3625.3016931712627 1981.7159260362387 636.7481164932251 549.41541063785553 318.75208449363708 8303.9924875348806 1155.188831910491 6666.8112249076366 518.15758153796196 952.9419083148241 1117.0999413579702 452.73134918510914 209.2659325748682 7755.1531830728054 296.33847497403622
leaf_count=528552 12695 13654 1308 1679 278222 3462 1806 944 1437 1392 35258 8420 14644 3055 6082 14765 7981 2562 2203 1298 33486 4658 26941 2112 3826 4491 1821 839 31339 1204
internal_value=-2.43836e-05 -0.000234439 -0.00125252 -0.000145743 -1.34483e-05 -0.000828104 6.03664e-05 0.000634446 -0.00116213 -0.00190301 -0.000205541 -0.00109842 0.000886699 0.000609111 9.41846e-07 -0.00108832 0.000828839 0.00208905 -0.00170886 0.000810587 -0.00136563 -0.000290783 -0.000471089 0.00370444 0.00185278 0.00310209 0.00152167 0.00474582 0.00155997 -0.00133549
internal_weight=260530 129590 10355 119235 99911.5 19323.7 9613.45 29910.9 3663.56 3306.35 9196.46 2960.4 26247.3 22622.4 13818.6 5951.32 7867.3 869.935 9710.22 2326.02 8853.41 70000.7 6983.33 836.91 4713.76 2732.04 1779.1 661.997 8803.81 1048.66
internal_count=1052136 523584 41903 481681 403787 77894 38743 120907 14755 13318 37064 11926 106152 91508 55910 24257 31653 3506 39151 9492 35689 282880 28249 3410 18958 10977 7151 2660 35598 4259
cat_boundaries=0 1 2
cat_threshold=112 143
is_linear=0
shrinkage=0.03


Tree=161
num_leaves=31
num_cat=5
split_feature=0 25 36 38 25 25 0 1 42 40 24 36 50 29 38 24 0 1 44 0 28 12 36 29 51 29 48 40 26 19
split_gain=11.9863 68.5177 26.4753 20.2214 45.0536 33.5221 89.9348 50.5314 26.128 27.6975 17.8712 17.3643 16.0209 18.8568 15.9904 31.4024 27.6623 18.3143 15.7305 14.5986 19.8716 16.7552 13.5935 13.4121 15.7155 12.4803 12.4479 17.1906 14.1269 14.9493
threshold=2023.5000000000002 0 0.11844400000000001 9661.5000000000018 1 2 2022.5000000000002 4.5000000000000009 0.48377350000000002 0.13570450000000003 3 0.11128800000000001 0.12461600000000005 0.12572000000000003 2092.5000000000005 4 2022.5000000000002 4.5000000000000009 0.14199450000000005 2020.5000000000002 0.12760350000000001 -1.4999999999999998 0.31296650000000009 0.20755850000000003 -0.0007509999999999738 0.16359350000000003 1.0000000180025095e-35 0.098107250000000021 2470.5000000000005 1.0000000180025095e-35
decision_type=2 1 8 2 1 1 2 2 8 8 1 8 10 10 2 1 2 2 10 2 8 2 10 8 10 10 2 10 2 2
left_child=3 -2 12 5 -5 6 8 -8 11 10 -10 -1 -3 -14 15 16 -7 -18 22 20 -11 -22 -4 26 -25 -23 28 -28 29 -17
right_child=1 2 18 4 -6 14 7 -9 9 19 -12 -13 13 -15 -16 23 17 -19 -20 -21 21 25 -24 24 -26 -27 27 -29 -30 -31
leaf_value=-0.0025092158560582026 0.0030932893678146363 0.0015282022077858122 -0.0019976649587773359 0.0054452806624016399 -0.0012010175327857588 -0.0016709050575990697 -0.0027885299245365269 0.0058462771947490073 -0.00012401047505176848 0.00195239576126365 -0.0077744127248122281 0.0015153367860636729 0.0044891273058176038 -0.0057269031292065242 -5.4025967748597789e-05 -0.0031751390506814287 -0.0046233600380369477 0.0047135324429910799 -0.00055309494191310661 -0.00092561770502357034 -0.0062622405051159088 -0.0030475930904709575 0.0040940020078515833 0.0065591374089736575 -0.0010751988717788449 0.0036108702531942225 -0.0032397798094722882 0.000261073923442697 9.1049450424337614e-05 0.0012277043424394362
leaf_weight=1469.1934527605772 4491.9272092878819 5604.1237214952707 14862.264358058572 1946.1088530123234 1713.0422509759665 8915.2823071330786 818.28102664649487 2332.0386551618576 367.39787067472935 620.30494366586208 1317.4650627374649 2793.0436972975731 217.29675272107124 597.28962424397469 98114.366921558976 699.10382485389709 224.71929576992989 1052.0552941709757 18310.982761725783 5519.0561124831438 1597.2289251834154 3376.9645144790411 331.30725239217281 720.34127950668335 354.75429606437683 267.36060644686222 1333.8530940562487 22551.590616390109 15247.039886668324 42475.483295381069
leaf_count=5918 18071 22640 59959 7840 6908 35865 3297 9383 1476 2497 5292 11225 874 2404 395496 2816 903 4250 73646 22208 6428 13564 1341 2916 1436 1076 5418 91241 61739 172840
internal_value=3.57042e-05 -0.000412928 -0.000808953 0.000128172 0.00233876 8.98735e-05 -0.00106321 0.00359339 -0.00191263 -0.00257795 -0.00617394 0.00012025 0.000953011 -0.00295854 0.000213275 0.000493881 -0.00107607 0.00303976 -0.0011477 -0.00204147 -0.00308594 -0.00368869 -0.00186208 0.00068622 0.00401619 -0.00254831 0.000642298 6.39349e-05 0.00087823 0.0011555
internal_weight=260241 44415.2 39923.3 215826 3659.15 212167 20478.3 3150.32 17328 13065.8 1684.86 4262.24 6418.71 814.586 191689 93574.2 10192.1 1276.77 33504.6 11380.9 5861.86 5241.55 15193.6 83382.2 1075.1 3644.33 82307.1 23885.4 58421.6 43174.6
internal_count=1050967 178935 160864 872032 14748 857284 82364 12680 69684 52541 6768 17143 25918 3278 774920 379424 41018 5153 134946 45773 23565 21068 61300 338406 4352 14640 334054 96659 237395 175656
cat_boundaries=0 1 2 3 4 5
cat_threshold=2 842 2 48 2
is_linear=0
shrinkage=0.03


Tree=162
num_leaves=31
num_cat=9
split_feature=45 39 26 24 21 39 25 1 25 24 34 34 30 34 24 37 32 44 45 25 18 25 36 30 44 40 19 21 27 18
split_gain=15.8669 18.5106 13.0703 12.7258 10.853 17.0714 14.3103 13.9751 16.872 17.3906 13.6695 12.8063 13.2142 12.0591 14.9231 13.338 13.1396 13.8902 11.7849 12.1874 12.1613 11.7736 13.1045 12.184 13.3069 11.7663 15.4827 11.347 11.1127 10.5398
threshold=10.500000000000002 0.52194050000000003 4509.5000000000009 0 0.88500000000000012 0.44998700000000008 1 5.5000000000000009 2 3 0.40657500000000008 0.43916400000000005 0.40082750000000006 0.39382000000000006 4 0.19722450000000002 0.35149950000000008 0.22129250000000003 1.0000000180025095e-35 5 6 7 0.23440350000000001 0.3721060000000001 0.094877800000000026 0.12371000000000001 43.350000000000001 0.92500000000000016 0.51808650000000012 8
decision_type=2 10 2 1 2 10 1 2 1 1 8 8 10 10 1 8 10 10 2 1 1 1 8 10 10 10 2 2 10 1
left_child=4 -2 -3 -4 -1 6 28 8 11 10 -10 -7 -13 14 15 -11 17 -15 25 20 -20 -12 23 -23 -25 26 -18 -22 -6 -21
right_child=1 2 3 -5 5 7 -8 -9 9 13 21 12 -14 16 -16 -17 18 -19 19 29 27 22 -24 24 -26 -27 -28 -29 -30 -31
leaf_value=-0.0001182409860647972 -0.0026180328912404727 0.00034146102781323857 0.00050883219002595078 -0.0053638042033645524 -0.0038584662660634014 0.0079370603759878512 -0.0053673639198968184 8.5608396342506081e-05 -0.0039025642701194796 0.011216048972778945 0.0033967818323054227 0.0028242319832871396 -0.0032952878584249158 -0.0043218874548617697 -0.00029026400010178423 0.0029510136695185272 -0.0089275273415024368 0.0024138990578523108 0.0034919194688147887 0.0010885055716346001 0.0065383847979341471 -0.0017767950068750683 0.0073285440518952027 -0.0029816443181061966 0.0049029227468535743 -0.00028260974244503938 -0.0010953943266883172 4.9810010110542753e-05 0.0055773193930510031 -0.00081573649326620562
leaf_weight=138868.296468243 4349.8207477778196 6786.3412155807018 564.58207410573959 771.32386218011379 201.50199818611145 387.75020845234394 854.23365324735641 72829.397977501154 331.37073791027069 254.46726457774639 3619.9803905785084 2814.5902944654226 351.03970789909363 1123.3861424177885 784.64756354689598 615.16759726405144 350.02457247674465 356.39022509753704 2268.0938782989979 4858.400915235281 262.59872904419899 1377.6570530533791 240.77656182646751 262.24744153022766 671.95139014720917 4882.0381323993206 670.30205292999744 2914.7875063419342 242.3600322753191 5632.1896342039108
leaf_count=560624 17558 27384 2279 3104 812 1560 3441 294160 1352 1028 14730 11432 1413 4525 3183 2499 1425 1431 9174 19602 1064 5592 973 1056 2718 19692 2738 11788 979 22723
internal_value=4.92665e-06 -0.00103892 -0.000188889 -0.00290018 5.75498e-05 0.00028146 -0.00313226 0.000322909 0.000815365 0.000592017 0.00197289 0.00277376 0.00213369 0.000230335 0.0027035 0.00537253 5.33664e-05 -0.0026778 0.000240147 0.000665339 0.00181503 0.0022981 0.000710056 2.25346e-06 0.0026551 -0.000902523 -0.00382983 0.000599276 0.00120252 6.35554e-05
internal_weight=260498 12472.1 8122.25 1335.91 248026 109157 1298.1 107859 35029.9 31476.5 6503.98 3553.38 3165.63 24972.5 1654.28 869.635 23318.2 1479.78 21838.4 15936.1 5445.48 6172.61 2552.63 2311.86 934.199 5902.36 1020.33 3177.39 443.862 10490.6
internal_count=1052039 50325 32767 5383 1001714 441090 5232 435858 141698 127293 26421 14405 12845 100872 6710 3527 94162 5956 88206 64351 22026 25069 10339 9366 3774 23855 4163 12852 1791 42325
cat_boundaries=0 1 2 3 4 5 6 7 8 9
cat_threshold=75 301 16 80 771 200 14 905 45
is_linear=0
shrinkage=0.03


Tree=163
num_leaves=31
num_cat=4
split_feature=45 31 50 31 33 50 42 39 37 36 25 42 30 30 46 34 33 43 39 37 42 11 25 43 26 28 33 25 25 0
split_gain=11.9517 9.48749 15.9309 19.1652 11.7046 13.9521 9.22418 11.3557 10.8618 12.7692 13.3297 12.4633 10.2361 8.19039 9.35648 11.4445 8.85863 9.62428 7.9734 8.44359 11.9415 8.54453 7.87062 7.83948 7.80569 7.78872 11.7061 10.0501 9.00621 8.08146
threshold=10.500000000000002 0.49854950000000003 -0.10022049999999998 0.50847700000000018 0.45840850000000005 -0.047019999999999944 0.43755900000000009 0.52194050000000003 0.21552800000000003 0.16123700000000002 0 0.47282050000000003 0.33653850000000002 0.41714600000000007 1.0000000180025095e-35 0.57267750000000006 0.54173650000000018 0.37083700000000003 0.59096650000000006 0.20655750000000003 0.50704450000000012 9.5000000000000018 1 0.15331300000000003 1932.5000000000002 0.22012450000000003 0.58969950000000015 2 3 2022.5000000000002
decision_type=2 10 10 10 10 10 10 10 10 8 1 10 10 10 2 8 10 10 8 10 10 2 1 10 2 10 10 1 1 2
left_child=1 -1 -3 18 22 -6 -2 13 9 10 23 -11 -12 14 15 16 17 -8 19 21 -21 -4 -5 -9 -10 26 28 -27 -7 -29
right_child=6 2 3 4 5 25 7 8 24 11 12 -13 -14 -15 -16 -17 -18 -19 -20 20 -22 -23 -24 -25 -26 27 -28 29 -30 -31
leaf_value=9.7502212049718106e-05 0.0016126553401215875 -0.0031056342042280151 -0.0017938359676712432 0.0011273539166395832 0.0063859351380355393 0.00054088749994281001 -4.9488647619359803e-05 0.0063363473388106314 -0.0010378074222369043 -0.0041952245204346416 0.0029468208406055975 0.0025128119485727314 -0.0031208824643726577 0.0019392224248417985 -0.0046644133000128089 0.002911420203075644 -0.0068527108228213949 -0.0061045829951286105 0.0039159167803689389 0.0073455237476045872 -0.0010071746088018798 -0.0065560523947097958 0.0079320551331796829 0.00013211734539231743 -0.0087529087055958112 -0.0025260189878385077 0.0015796274282154177 0.005523558105351354 -0.0061266371875306662 -0.00052909177880872192
leaf_weight=236854.10031606257 1184.9443427175283 2174.2483307570219 3625.7372640222311 302.72451271116734 330.76096764206886 263.6679757386446 1022.9686845391989 203.06132024526596 260.6530534029007 278.7558207064867 272.76703153550625 2013.9861751645803 2336.3835652768612 339.19175633788109 1530.5863516330719 408.28184624016285 356.0252710878849 308.30209265649319 233.70031379163265 202.74733777344227 595.96915352344513 379.12293350696564 362.04486781358719 1766.8643274307251 230.69569937884808 355.28377416729927 570.39704386889935 560.44115607440472 546.15352518856525 292.6017879396677
leaf_count=956627 4793 8784 14625 1216 1335 1063 4110 818 1051 1122 1106 8123 9414 1380 6206 1646 1428 1242 954 815 2393 1529 1456 7127 930 1428 2353 2254 2204 1173
internal_value=1.19172e-05 5.77425e-05 -0.000811586 -0.000228685 0.00144334 0.00061135 -0.000892395 -0.00115742 -0.000455007 -0.000141461 -0.00106039 0.00167975 -0.00246298 -0.00245283 -0.0028732 -0.00154582 -0.00264536 -0.00148481 -0.00142445 -0.00169279 0.00109522 -0.00225671 0.00503289 0.00079151 -0.00475199 -0.000121481 -0.00167026 0.00162261 -0.0039936 0.00337835
internal_weight=260163 247650 10795.6 8621.35 3584.08 2919.31 12513.5 11328.5 7363.17 6871.82 4579.08 2292.74 2609.15 3965.36 3626.16 2095.58 1687.3 1331.27 5037.28 4803.58 798.716 4004.86 664.769 1969.93 491.349 2588.55 1380.22 1208.33 809.822 853.043
internal_count=1050705 1000209 43582 34798 14482 11810 50496 45703 29691 27710 18465 9245 10520 16012 14632 8426 6780 5352 20316 19362 3208 16154 2672 7945 1981 10475 5620 4855 3267 3427
cat_boundaries=0 1 2 3 4
cat_threshold=804 43 532 592
is_linear=0
shrinkage=0.03


Tree=164
num_leaves=31
num_cat=5
split_feature=3 28 27 34 24 8 27 35 32 36 51 34 28 29 52 29 34 24 27 30 2 34 1 21 35 24 20 0 24 24
split_gain=11.2636 12.1468 12.1384 22.6299 13.5436 12.1177 12.8399 16.0932 12.473 13.4392 12.1375 11.9721 10.8758 13.4373 22.1047 10.935 12.5251 10.8664 10.2477 9.8957 14.2012 16.3319 13.8382 14.5188 12.0512 17.751 12.4889 10.4334 14.8063 13.2349
threshold=1.5000000000000002 0.10738100000000002 0.64443000000000017 0.59039350000000013 0 1.0000000180025095e-35 0.48374050000000007 0.12832250000000003 0.60544850000000017 0.083472650000000023 -0.088902499999999982 0.50496250000000009 0.30322100000000002 0.11668650000000001 6.1257762875041957 0.071468200000000009 0.59894400000000003 1 0.41021250000000004 0.33393850000000008 1.5000000000000002 0.42175400000000002 9.5000000000000018 0.41500000000000004 0.17673100000000003 2 4.7500000000000009 2022.5000000000002 3 4
decision_type=2 10 10 10 1 2 8 10 10 8 8 10 10 10 2 10 10 1 10 10 2 8 2 2 10 1 2 2 1 1
left_child=5 -2 12 -4 -5 6 7 -1 9 17 -8 -10 15 14 -14 16 -3 -7 -11 20 24 -22 27 -24 26 -26 -17 28 -23 -29
right_child=1 2 3 4 -6 8 10 -9 11 18 -12 -13 13 -15 -16 19 -18 -19 -20 -21 21 22 23 -25 25 -27 -28 29 -30 -31
leaf_value=-0.0017200584903317832 0.0013916895200743078 -0.0011681377149167472 0.0028286644723243826 -0.0025905856520536683 -0.01055286067130696 -0.0079402993004427432 0.0060199743493619352 0.0041037736441543208 -0.0031700246597488498 -0.0048233143668483924 -0.0008976430850826492 0.0030859471287293704 -8.8815457315450614e-05 -0.001257556604061866 0.0083885056534319536 -0.0089076766834220982 -0.0091944555496083664 -0.0002128075183897649 0.00095813634791344431 -4.9371361348139113e-05 -0.0038391047376632359 0.0033142227784687325 0.0040997939651819457 -0.0037685356885370342 -0.0032002287381718256 0.0033982495920954515 -0.0015572072635604819 -0.0011665649018933499 0.00039609635341907523 0.0030013791333065765
leaf_weight=651.47014501690865 5317.7168321013451 720.52912713587284 404.82121139764786 555.90495532751083 317.27512700855732 269.94379407167435 230.67061848938465 1199.3697417974472 291.98754544556141 276.61077816784382 8493.6357671916485 3463.086096405983 1393.4786287844181 11358.068796619773 340.38762356340885 227.49578683078289 233.78068248927593 421.82495519518852 14911.358023896813 185244.18031992018 620.56299157440662 1823.0972844809294 265.69080722332001 943.92314219474792 549.84192937612534 1033.9501305967569 2455.5871949195862 789.83339659869671 10937.457027003169 4653.6689712256193
leaf_count=2632 22448 2903 1646 2295 1290 1093 926 4843 1172 1119 34375 14231 5623 46140 1380 920 942 1705 60133 746126 2495 7470 1072 3818 2215 4196 9991 3178 44401 18872
internal_value=4.65375e-05 -2.48189e-05 -5.84681e-05 -0.00297077 -0.0056942 0.000591185 -0.000225156 0.00203822 0.00103235 0.00066186 -0.000709297 0.00258937 -4.16482e-05 -0.000880547 0.00156977 1.03961e-05 -0.00318836 -0.00341004 0.000849935 2.51525e-05 0.000594408 0.000929854 0.00108441 -0.00200966 -0.000973128 0.00108809 -0.00220087 0.00129195 0.000818947 0.00239418
internal_weight=260397 230187 224870 1278 873.18 30210 10575.1 1850.84 19634.8 15879.7 8724.31 3755.07 223592 13091.9 1733.87 210500 954.31 691.769 15188 209545 24301.1 20034.2 19413.7 1209.61 4266.88 1583.79 2683.08 18204.1 12760.6 5443.5
internal_count=1051650 929421 906973 5231 3585 122229 42776 7475 79453 64050 35301 15403 901742 53143 7003 848599 3845 2798 61252 844754 98628 81306 78811 4890 17322 6411 10911 73921 51871 22050
cat_boundaries=0 1 2 3 4 5
cat_threshold=372 897 240 96 592
is_linear=0
shrinkage=0.03


Tree=165
num_leaves=31
num_cat=5
split_feature=28 25 19 31 32 45 7 39 15 51 26 23 1 11 38 32 26 25 11 26 25 44 25 31 39 43 17 36 51 50
split_gain=10.125 16.4045 9.73414 9.65569 9.48567 9.05522 16.6591 15.1067 13.8948 13.8867 17.9788 18.442 17.9029 18.0555 16.6729 17.1964 15.4604 17.2103 14.9559 14.2354 15.8959 14.6622 15.1002 13.9475 12.5877 12.4542 12.0841 12.365 12.9281 12.0827
threshold=0.073738700000000004 0 75.750000000000014 0.47983750000000008 0.20112350000000004 1.5000000000000002 1.0000000180025095e-35 0.5393595000000001 1.0000000180025095e-35 0.002084000000000003 567.50000000000011 1 6.5000000000000009 9.5000000000000018 381.50000000000006 0.60221200000000008 6696.5000000000009 2 15.500000000000002 469.50000000000006 3 0.12333550000000001 4 0.49021600000000004 0.50253300000000012 0.31132150000000008 1.0000000180025095e-35 0.20794300000000002 0.0035374999999999717 0.014928499999999985
decision_type=8 1 2 10 8 2 2 10 2 8 2 1 2 2 2 10 2 1 2 2 1 10 1 10 8 10 2 8 10 10
left_child=1 -1 3 -3 -2 6 24 8 -8 12 11 14 13 19 -11 -16 -14 -18 -15 21 25 -7 23 -23 -6 -21 -26 -28 29 -29
right_child=4 2 -4 -5 5 9 7 -9 -10 10 -12 -13 16 18 15 -17 17 -19 -20 20 -22 22 -24 -25 26 -27 27 28 -30 -31
leaf_value=0.0047958295376605443 -0.0014925827110354849 0.0026095017945985668 -0.0050499451738680269 -0.0039779324837544523 -0.0011187717831096827 0.00052302982255955296 0.00087538742421394103 -0.000100226750519525 0.0028687280736785915 0.001763735564382988 -0.00023605909693975776 -0.0026475298187834261 -0.00011950545254129381 -0.0016516071133882101 -0.0023726514142424259 0.0014435233907545884 0.0030807509441733963 -0.002168632495765203 0.0021173173265082346 -0.0030810917984530105 0.00070209479715747632 0.0072879091580826125 0.0017301143443343592 -0.001175273745190004 0.00052121447982624665 0.00080801731842028814 -0.00062730185375451904 0.0016627295195041204 0.0045939292132326373 -0.0020963638992181621
leaf_weight=1008.5167251825333 4007.4255176782608 862.04494145512581 291.97065134346485 255.1915732473135 8843.3774150162935 3037.0588759034872 16172.522053495049 11321.539203822613 3935.9370068013668 2165.5799716711044 48229.537870675325 6387.1504205018282 43122.652120515704 5276.2995541393757 3954.0375940948725 1440.2695602029562 605.56513075530529 5991.9500294178724 1146.0653093457222 1886.7807821780443 29378.359026759863 1108.2476230561733 2007.2264222055674 200.14074800908566 29308.75038459897 1200.7560493350029 23123.245588690042 2169.3137034624815 791.36798983812332 1185.4474198967218
leaf_count=4340 16193 3733 1227 1056 35611 12268 65182 45911 15861 8793 194666 25764 173914 21256 15932 5827 2439 24119 4616 7620 118558 4503 8122 812 118430 4832 93451 8737 3187 4772
internal_value=-2.66068e-05 0.00190427 -0.000182335 0.00107144 -4.48395e-05 -2.18616e-05 0.000206164 0.000773854 0.00126742 -0.000162597 -0.00051117 -0.00146011 6.53273e-05 0.000497401 -0.000452271 -0.00134795 -0.000327224 -0.0016797 -0.000973702 0.000741618 0.000486176 0.00204151 0.00342165 0.00592553 -6.61325e-05 -0.00155455 9.79195e-05 -0.000355939 0.0011496 0.000324785
internal_weight=260414 2417.72 1409.21 1117.24 257997 253989 96851.5 31430 20108.5 157138 62176.6 13947 94961.1 45240.9 7559.89 5394.31 49720.2 6597.52 6422.36 38818.6 32465.9 6352.67 3315.61 1308.39 65421.5 3087.54 56578.1 27269.4 4146.13 3354.76
internal_count=1051732 10356 6016 4789 1041376 1025183 391142 126954 81043 634041 250982 56316 383059 182587 30552 21759 200472 26558 25872 156715 131010 25705 13437 5315 264188 12452 228577 110147 16696 13509
cat_boundaries=0 1 2 3 4 5
cat_threshold=594 2 2 512 389
is_linear=0
shrinkage=0.03


Tree=166
num_leaves=31
num_cat=7
split_feature=3 24 53 40 36 2 29 27 34 25 31 25 51 32 43 25 26 27 25 31 0 18 27 50 24 36 32 35 39 34
split_gain=11.0802 9.43044 28.9242 14.5692 14.7969 14.8517 14.0728 14.764 14.1789 13.7107 13.6951 15.6807 12.8124 12.4691 11.9727 12.6188 11.6193 13.0732 13.9883 12.3659 11.2572 12.8229 11.0735 10.8531 12.6891 12.3586 10.7695 10.5371 10.5268 10.4918
threshold=2.5000000000000004 0 7.4088335054073786 0.13553400000000002 0.13344150000000002 4.5000000000000009 0.18919100000000003 0.42859300000000006 0.52097950000000004 1 0.43886950000000008 2 0.021699500000000042 0.40089300000000005 0.30869300000000005 3 1528.5000000000002 0.52103750000000015 4 0.46903550000000005 2020.5000000000002 5 0.57182450000000007 -0.073474499999999957 6 0.16503300000000001 0.50990200000000019 0.19456700000000002 0.57249900000000009 0.5965100000000001
decision_type=2 1 2 10 8 2 8 10 10 1 10 1 8 10 10 1 2 10 1 10 2 1 8 10 1 10 10 10 10 10
left_child=1 2 12 -3 5 10 16 13 9 -9 14 -12 -1 -8 20 -16 17 18 19 27 -5 -22 -4 -20 -25 -26 -17 -6 -18 -13
right_child=-2 3 22 4 6 -7 7 8 -10 -11 11 29 -14 -15 15 26 28 -19 23 -21 21 -23 -24 24 25 -27 -28 -29 -30 -31
leaf_value=-0.0049170257079889567 -6.9169914000558494e-05 0.0012659646537655778 0.0012899124447972115 0.0014217982324849373 -0.0033528264456659895 0.00084047239591043712 -0.0020869169501249517 -0.0044569450392085144 -0.0054190385438816621 0.0025973570974929137 0.0014669527714120595 -0.0030109282677596087 0.00080875948986926282 -0.012082506150828842 -0.0022716873097881327 -0.013885323797663364 0.00029879555140302483 0.00041276946835595369 5.3292807096695402e-05 0.0065303297062239644 -0.0055820199671841415 0.0021180497649929591 -0.0042433704282070902 0.0091104952155977425 0.0006658450297517825 0.0066243288638747309 -0.0053245277447877123 0.0042065813388348352 0.0059397039963912015 0.0023096061216130084
leaf_weight=1575.7324960827827 201475.60689990222 16490.703005865216 3515.9872303158045 727.97203461825848 624.10763341188431 3636.3096871972084 279.59744001924992 305.62885427474976 392.00504112243652 1090.0844331085682 2069.4304070025682 1961.4108234345913 440.53355973958969 197.4865487664938 704.15681435167789 217.79790113866329 16613.957109615207 2842.6775693148375 414.41311898827553 224.70498821139336 695.35359174013138 257.63211084902287 353.91184851527214 601.35118672251701 638.99972748756409 637.38735511898994 395.31445033848286 220.23296478390694 300.9732164144516 392.99433135986328
leaf_count=6340 813280 67194 14178 2993 2512 14708 1129 1228 1576 4377 8379 7905 1779 800 2838 878 66998 11499 1667 902 2808 1040 1425 2416 2567 2558 1593 886 1218 1608
internal_value=3.64615e-05 0.000398782 -0.00073727 0.000525753 0.000190038 -0.000724496 0.000589675 -0.00166138 -0.000388422 0.00101164 -0.0014953 -0.000425876 -0.0036518 -0.00633668 -0.00306121 -0.00520791 0.000811682 0.00192318 0.00319017 0.000298928 -0.00135487 -0.00350511 0.000773239 0.00450248 0.00549074 0.00364484 -0.00833187 -0.00133776 0.000401975 -0.00209939
internal_weight=260294 58818.8 5886.17 52932.7 36442 11058.4 25383.6 2264.8 1787.72 1395.71 7422.06 4423.84 2016.27 477.084 2998.23 1317.27 23118.8 6203.87 3361.2 1069.05 1680.96 952.986 3869.9 2292.15 1877.74 1276.39 613.112 844.341 16914.9 2354.41
internal_count=1051279 237999 23722 214277 147083 44750 102333 9110 7181 5605 30042 17892 8119 1929 12150 5309 93223 25007 13508 4300 6841 3848 15603 9208 7541 5125 2471 3398 68216 9513
cat_boundaries=0 1 2 3 4 5 6 7
cat_threshold=2 80 872 118 22 200 41
is_linear=0
shrinkage=0.03


Tree=167
num_leaves=31
num_cat=8
split_feature=46 30 6 18 7 24 28 0 25 18 26 28 7 27 26 19 38 24 25 42 42 39 42 35 24 24 42 36 29 42
split_gain=14.2458 11.9649 14.6645 16.2162 14.9182 14.6423 18.0104 13.4505 24.8705 19.5937 15.2543 13.0532 17.2395 13.5157 16.3911 13.4515 19.5894 14.4219 17.8722 12.443 13.4658 12.7052 12.1507 12.092 14.3137 11.5607 11.5587 11.4519 19.7099 13.3956
threshold=1.0000000180025095e-35 0.33393850000000008 1.5000000000000002 0 1.0000000180025095e-35 1 0.21323750000000005 2022.5000000000002 2 3 456.50000000000006 0.20366650000000003 1.5000000000000002 0.56797500000000012 4344.5000000000009 49.850000000000001 138.50000000000003 4 5 0.45604450000000002 0.34822650000000005 0.5592410000000001 0.39083550000000006 0.2590940000000001 6 7 0.34822650000000005 0.17512800000000003 0.13652350000000005 0.69270950000000009
decision_type=2 10 2 1 2 1 10 2 1 1 2 10 2 10 2 2 2 1 1 10 10 10 10 10 1 1 10 8 10 10
left_child=-1 -2 4 -4 5 6 -3 8 -7 10 -9 12 15 22 -15 16 -6 -18 -19 20 -5 27 -13 24 -23 -14 -10 28 -21 -30
right_child=1 2 3 19 11 7 -8 9 26 -11 -12 13 25 14 -16 -17 17 18 -20 21 -22 23 -24 -25 -26 -27 -28 -29 29 -31
leaf_value=0.00026216229404450405 0.00059880682133020926 9.0876833849686065e-05 0.00079094632376830107 -0.0053553866426901001 0.0079830043617776288 -0.0016924084142552729 -0.0027788574761669215 -0.0053588688305736031 -0.0063036116449800396 -0.0025803363534963419 0.0004157480555762024 0.0042557633994728646 0.00083727359190265691 0.001037515156830429 0.0092520754675894414 0.0014285265260003662 -0.0037112567494771279 0.0026585402478350433 -0.0024081529265930651 -0.00096011110294375273 0.0010477169322469474 0.0032103706403800031 0.00045707821027082373 -0.0052747993211258257 -0.00073313088449993632 -0.0022249957082381539 0.000820134473939159 -0.0006667398628237048 -0.0038079334776891637 0.0017576942092565749
leaf_weight=130881.21909628808 15534.73211158812 3244.8421288579702 4472.2059233486652 321.21273383498192 210.51192446053028 4843.1544267833233 4922.8949531018734 440.04299359023571 203.59581784904003 4541.0103265941143 5816.3127731531858 780.42794854938984 1395.379136249423 578.21017400920391 359.22698843479156 5352.8922339379787 1436.5076620280743 1207.2851976007223 1274.3191505968571 5241.9116958081722 3262.1043757647276 1224.3324999064207 25726.914958611131 345.24018429219723 2477.6448480337858 5128.2496837228537 17262.123559474945 5527.4216362982988 6011.5318367034197 406.81416669487953
leaf_count=528366 63095 13083 18062 1291 861 19551 19864 1776 819 18295 23426 3131 5643 2339 1459 21762 5817 4893 5183 21138 13201 4958 103482 1393 10036 20740 69861 22354 24300 1647
internal_value=4.13233e-05 -0.000181556 -0.000288158 -0.000866886 -8.77054e-05 -0.000496405 -0.0016335 -0.000214283 0.000205219 -0.00108383 2.4179e-06 0.000299844 -0.000379803 0.000697289 0.00423672 0.000434405 -0.000847345 -0.00133518 4.57451e-05 -0.00116674 0.00046137 -0.00144347 0.000570519 6.15844e-05 0.000571212 -0.00156743 0.000733888 -0.00179956 -0.00233368 -0.00344984
internal_weight=260430 129549 114014 29290.4 84723.9 41274 8167.74 33106.2 22308.9 10797.4 6256.36 43449.9 16005.1 27444.8 937.437 9481.52 4128.62 3918.11 2481.6 24818.2 3583.32 21234.9 26507.3 4047.22 3701.98 6523.63 17465.7 17187.7 11660.3 6418.35
internal_count=1051826 523460 460365 118380 341985 166675 32947 133728 90231 43497 25202 175310 64899 110411 3798 38516 16754 15893 10076 100318 14492 85826 106613 16387 14994 26383 70680 69439 47085 25947
cat_boundaries=0 1 2 3 4 5 6 7 8
cat_threshold=112 514 10 212 534 419 161 48
is_linear=0
shrinkage=0.03


Tree=168
num_leaves=31
num_cat=9
split_feature=20 0 25 24 37 24 32 42 25 51 24 41 40 25 51 33 24 51 41 25 33 31 25 33 11 42 27 28 43 28
split_gain=11.0935 21.7948 16.7298 14.6161 15.4107 13.5845 12.5909 12.1765 21.9262 14.6895 11.8379 16.6009 14.4629 12.6751 11.316 11.1504 10.862 15.2564 14.7387 13.5651 12.8858 13.3475 13.2201 14.0305 12.255 11.7417 11.5813 11.251 11.1052 10.9472
threshold=91.350000000000009 2019.5000000000002 0 1 0.12626800000000002 2 0.62558400000000003 0.73981950000000019 3 -0.0067619999999999894 4 9924.5000000000018 0.13750550000000003 5 0.0038959999999999555 0.54919300000000015 6 -0.0035865000000000475 270.50000000000006 7 0.59075300000000019 0.43139100000000002 8 0.56839850000000014 4.5000000000000009 0.48181300000000005 0.53145250000000011 0.14845750000000005 0.32244950000000006 0.2001185
decision_type=2 2 1 1 10 1 8 8 1 10 1 2 8 1 8 8 1 10 2 1 10 10 1 10 2 10 10 10 8 10
left_child=6 2 5 4 -4 -2 16 -3 -9 -10 12 14 13 15 -12 -8 17 18 19 -1 21 22 -19 -24 -22 -21 28 -23 -26 -29
right_child=1 7 3 -5 -6 -7 10 8 9 -11 11 -13 -14 -15 -16 -17 -18 20 -20 25 24 27 23 -25 26 -27 -28 29 -30 -31
leaf_value=-0.001205308469197353 0.0061631313454672248 -0.00096966953022039834 -0.0083665102510526064 0.0010165677242169034 0.001395337787446767 0.00080756334035312271 -0.0055067958385841232 0.0077763860945342248 0.0031019524226720708 -0.0056109032522934314 0.0010133239894867703 -0.0056616599770819278 0.0019832778484381642 0.0011847253550672648 -0.00026570329123939561 -0.00052457489428595072 -0.00020033072819778544 0.0011212218700683591 0.00054546174880251014 -6.0580315004128914e-05 0.0023154402988613712 -0.0054662968886893043 -0.0020202158103291025 -0.0072625674481352773 0.0063791447582803931 0.0062193545495366565 -0.0024062065835148108 0.0016867365144212527 -0.0022523835703201706 -0.00048696312832020172
leaf_weight=454.75960749387741 921.57229369878769 27402.296764418483 343.28697146475315 2396.4878535121679 241.80705025792122 834.88209971785545 512.9110891520977 394.30723601579666 363.45379835367203 326.14663729071617 10321.797315940261 432.614835947752 8807.5656602084637 3789.1286858022213 15621.606106415391 1956.2263624221087 130007.84000456333 1007.8120566159487 32003.031861141324 341.54293628036976 2837.4058770984411 343.1560533195734 3766.695665165782 528.85060895979404 320.28724245727062 1098.8871941864491 1272.0045605003834 2720.3889665156603 220.64232794940472 8890.4279328137636
leaf_count=1834 3750 110305 1388 9728 975 3376 2069 1589 1464 1316 42280 1758 35599 15462 63657 8005 524270 4059 129062 1384 11575 1402 15160 2132 1284 4434 5164 10995 886 35690
internal_value=-1.93511e-05 -0.000531443 0.00134958 -1.54337e-05 -0.00422279 0.0036591 5.53897e-05 -0.000845471 0.00226081 -0.000967958 0.00052827 0.000143414 0.001199 9.19463e-05 0.00024207 -0.00157073 -4.99216e-05 0.000299914 0.000698984 0.00327067 -0.00031608 -0.000694828 -0.00194741 -0.00267102 0.00108254 0.00468007 -0.000831174 -0.000136266 0.00281023 2.0051e-05
internal_weight=260480 33224.2 4738.04 2981.58 585.094 1756.45 227256 28486.2 1083.91 689.6 41441.9 26376 15065.8 6258.27 25943.4 2469.14 185814 55805.9 33898.2 1895.19 21907.7 17257.3 5303.36 4295.55 4650.34 1440.43 1812.93 11954 540.93 11610.8
internal_count=1052052 133891 19217 12091 2363 7126 918161 114674 4369 2780 168830 107695 61135 25536 105937 10074 749331 225061 136714 7652 88347 69438 21351 17292 18909 5818 7334 48087 2170 46685
cat_boundaries=0 1 2 3 4 5 6 7 8 9
cat_threshold=305 136 604 73 658 657 200 202 144
is_linear=0
shrinkage=0.03


Tree=169
num_leaves=31
num_cat=8
split_feature=23 18 46 24 45 43 45 39 31 38 40 25 24 24 19 29 10 24 26 33 36 37 33 25 48 28 6 9 44 2
split_gain=11.6808 27.6672 18.4254 21.2147 16.0697 15.5277 15.1364 14.2581 12.6168 12.4254 16.913 13.1703 18.8469 14.2526 19.9996 14.425 17.851 12.8173 13.2107 12.0499 13.2263 18.3654 16.7399 13.9073 13.4182 17.7423 20.9745 13.185 12.4036 12.107
threshold=0 1 1.0000000180025095e-35 2 9.5000000000000018 0.30150950000000004 4.5000000000000009 0.54084850000000018 0.4259825000000001 1649.5000000000002 0.15749850000000001 3 4 5 94.750000000000014 0.14924050000000003 5.5000000000000009 6 243.50000000000003 0.31357900000000005 0.18512500000000001 0.19980450000000002 0.54844100000000007 7 1.0000000180025095e-35 0.23640850000000005 1.0000000180025095e-35 3.5000000000000004 0.14287100000000005 4.5000000000000009
decision_type=1 1 2 1 2 8 2 10 10 2 8 1 1 1 2 10 2 1 2 8 10 10 10 1 2 10 2 2 10 2
left_child=19 2 3 5 -4 8 -7 -5 -2 10 -3 12 -11 -13 -15 16 -16 -12 -19 -1 24 27 29 -24 -21 26 28 -22 -26 -23
right_child=1 9 4 7 -6 6 -8 -9 -10 11 17 13 -14 14 15 -17 -18 18 -20 20 21 22 23 -25 25 -27 -28 -29 -30 -31
leaf_value=-0.0025182069764960401 -0.0010354697723218176 -0.0008703500809954729 -0.0011741717037786514 -0.00088935773168245422 -0.0046451036217641925 -0.0014938496227232913 0.0019957626873595875 0.00032892672336437762 0.002891846628550623 0.0041180272938880925 0.0029222719012089934 0.0013610216331958161 0.0009118310000354109 9.0737273473759489e-05 -0.0085122047661293967 -0.0070560694555100402 0.0015069937970505795 -0.0071219685784158016 0.00045884333883466937 0.00027014711857430477 0.001992674037857228 0.0002690176941412501 0.0067262934902291831 0.00088466106407107442 -0.0010122569095315415 0.00055458215441002131 -0.00049443379995853535 0.00013341938017033081 -0.0043255795549110836 -0.0016399392667188022
leaf_weight=1459.4992264360189 890.89639723300934 12957.584894120693 16232.756673842669 34767.993283912539 1302.2691274434328 3112.3443669080734 1739.6523741036654 11463.353891208768 3940.165787935257 2053.5577686727047 2158.8169054090977 7144.6875969171524 8538.4606358706951 13850.652429327369 210.11473083496094 621.37211041152477 630.63641960918903 226.40343599021435 2074.6069039106369 73427.993532091379 11669.717711955309 9176.8418630808592 539.43617443740368 1172.3953626006842 1835.3535321354866 9806.3214094936848 15565.268271312118 4913.9185869395733 2364.8590905219316 4419.0783589482307
leaf_count=5929 3598 52467 65662 140019 5317 12548 7003 46402 15898 8271 8701 28768 34401 55917 848 2501 2540 918 8356 297264 47053 36917 2187 4746 7412 39443 62963 19786 9583 17781
internal_value=-2.83639e-06 -0.000213768 -0.000585435 -0.000318698 -0.00143441 0.000956212 -0.000236032 -0.000586499 0.00216121 0.000326616 -0.00032055 0.000668683 0.00154056 0.00025518 -0.000259547 -0.00359342 -0.000982742 0.00126963 -0.000281117 0.00018864 0.000218205 0.000752109 7.9166e-07 0.00279591 5.25861e-05 -0.000486585 -0.00100467 0.00144369 -0.00288666 -0.000349469
internal_weight=260267 123916 73449.4 55914.4 17535 9683.06 4852 46231.3 4831.06 50466.9 17417.4 33049.5 10592 22457.5 15312.8 1462.12 840.751 4459.83 2301.01 136351 134891 31891.4 15307.8 1711.83 103000 29571.8 19765.5 16583.6 4200.21 13595.9
internal_count=1051199 500135 296447 225468 70979 39047 19551 186421 19496 203688 70442 133246 42672 90574 61806 5889 3388 17975 9274 551064 545135 128470 61631 6933 416665 119401 79958 66839 16995 54698
cat_boundaries=0 1 2 3 4 5 6 7 8
cat_threshold=2 145 18 11 33 14 714 88
is_linear=0
shrinkage=0.03


Tree=170
num_leaves=31
num_cat=5
split_feature=46 22 43 50 34 31 29 36 18 6 44 44 34 40 50 37 25 33 24 37 28 26 26 26 30 50 40 24 19 36
split_gain=11.7417 18.0818 16.2574 13.1549 16.7661 12.3855 15.7947 16.0959 13.0777 15.2005 11.0423 16.659 12.6894 12.1917 12.2874 11.9586 11.4132 13.8931 14.3355 14.0404 14.7812 12.9131 14.2352 16.4178 14.6791 14.9306 12.0037 11.9403 11.6371 13.2363
threshold=1.0000000180025095e-35 0 0.21192200000000003 -0.10822749999999999 0.58752750000000009 0.48370400000000008 0.15396250000000003 0.17398200000000005 1 2.5000000000000004 0.21717250000000002 0.37834700000000004 0.55440950000000011 0.16304450000000001 -0.087313499999999974 0.16784050000000003 2 0.42504350000000007 3 0.24219800000000002 0.23054850000000002 1035.5000000000002 2497.5000000000005 4685.5000000000009 0.36690150000000005 0.03288449999999999 0.14632350000000002 4 33.150000000000013 0.12126150000000001
decision_type=2 1 8 10 10 10 10 10 1 2 8 10 8 8 10 10 1 10 1 10 10 2 2 2 10 10 8 1 2 10
left_child=10 -2 3 -3 -5 8 -7 -8 -4 -10 -1 16 13 14 -13 -15 -12 18 -18 20 21 27 24 26 -23 -26 -24 -19 -22 -30
right_child=1 2 5 4 -6 6 7 -9 9 -11 11 12 -14 15 -16 -17 17 19 -20 -21 28 22 23 -25 25 -27 -28 -29 29 -31
leaf_value=6.3741113626077634e-05 2.2589066544303498e-05 -0.0024381466233908172 -0.00039052323918901255 0.0024939057114106568 -0.0019663207928367343 0.0047985100008211467 -0.0061792036170109695 0.0031195074818290585 -0.0015622168029141461 -0.0050602045390076393 0.0016786158341754638 -0.0068263956570174585 0.0013559785878204549 0.0067325384877834826 -0.0016518888909399577 -0.0020029787258583477 0.0062862479268679002 0.00088330314136114544 0.0004213317353337881 -0.0047923140817710125 -0.003493798038502294 0.0049294862821620726 0.00058611502957087158 0.0020659565840659517 0.0030760037689397373 -0.0048563149596799098 -0.0038001824538739662 -0.0031294737053334672 0.0029899575848763679 -0.0012296831563681295
leaf_weight=95419.017047300935 99631.666082888842 962.46708929538727 8835.3610039204359 3206.3877230137587 983.3481429964304 693.54126279056072 341.5179545879364 319.14347384870052 13153.827795878053 1230.8282525539398 12113.844475403428 485.16191160678864 1704.8228682875633 279.16255550086498 2954.934956163168 272.44757701456547 709.5036101937294 1558.7309388518333 822.10234043002129 484.35120034217834 1257.5377695709467 1797.0995339304209 1320.9262048751116 3235.3402294069529 602.41726732254028 326.35155323147774 961.05030804872513 1140.5653468966484 902.8652657866478 2550.3325200974941
leaf_count=384839 402407 3887 35780 12924 3982 2792 1373 1283 53254 5038 49104 1949 6937 1120 11871 1094 2854 6357 3301 1945 5045 7301 5409 13181 2460 1335 3877 4631 3627 10216
internal_value=3.1702e-05 -0.000170864 -0.000820191 0.000708116 0.00143926 -0.00114188 0.00163457 -0.00164831 -0.00130529 -0.00186331 0.000232113 0.000684043 -0.000799161 -0.00172744 -0.00239568 0.00237636 0.000968792 0.000479021 0.00320844 0.000217863 0.000375696 0.000981897 0.00157274 0.000688851 0.00334805 0.000249881 -0.0012506 -0.000811065 -0.0010258 -0.000116108
internal_weight=260257 129358 29726.4 5152.2 4189.74 24574.2 1354.2 660.661 23220 14384.7 130899 35479.5 5696.53 3991.71 3440.1 551.61 29783 17669.2 1531.61 16137.6 15653.2 10942.5 8243.19 5517.32 2725.87 928.769 2281.98 2699.3 4710.74 3453.2
internal_count=1051173 522720 120313 20793 16906 99520 5448 2656 94072 58292 528453 143614 22971 16034 13820 2214 120643 71539 6155 65384 63439 44551 33563 22467 11096 3795 9286 10988 18888 13843
cat_boundaries=0 1 2 3 4 5
cat_threshold=2 106 209 905 433
is_linear=0
shrinkage=0.03


Tree=171
num_leaves=31
num_cat=6
split_feature=46 6 8 33 44 31 42 6 25 24 24 44 25 45 3 38 22 51 25 35 29 36 20 38 33 28 21 19 29 6
split_gain=12.2043 14.0793 16.0404 14.5324 11.3669 10.8788 17.1653 16.9229 16.6537 16.7008 13.5294 14.2948 15.5167 12.8186 15.5973 12.7537 12.2203 12.1343 12.8959 17.5062 23.6487 14.4394 12.2725 15.7094 11.701 12.2964 11.561 18.0446 11.4626 11.6351
threshold=1.0000000180025095e-35 2.5000000000000004 1.0000000180025095e-35 0.37693050000000006 0.20496000000000003 0.44898100000000002 0.51840400000000009 1.0000000180025095e-35 0 1 2 0.33132100000000003 3 1.0000000180025095e-35 5.5000000000000009 4115.5000000000009 4 -0.0025285000000000164 5 0.21635550000000001 0.13726750000000001 0.099326400000000023 93.450000000000017 2210.5000000000005 0.53166800000000014 0.27993800000000008 0.38500000000000006 81.950000000000017 0.15396250000000003 1.0000000180025095e-35
decision_type=2 2 2 8 10 10 10 2 1 1 1 10 1 2 2 2 1 8 1 10 10 10 2 2 8 10 2 2 10 2
left_child=-1 5 4 -4 -3 6 7 -2 9 -8 11 12 15 14 -7 -10 -17 18 21 22 -21 -9 -20 -24 25 -14 -26 -28 -12 -30
right_child=1 2 3 -5 -6 13 8 17 10 -11 28 -13 24 -15 -16 16 -18 -19 19 20 -22 -23 23 -25 26 -27 27 -29 29 -31
leaf_value=0.00020225408114732995 0.00094843868241089419 -0.0018528653045660926 -0.0061339425922814885 -0.00010791391926409225 -0.0057510248853270603 0.00031167802114734822 0.00030443601129386162 -0.0044050453662540286 0.0040149171255151224 -0.0028786300140281459 -0.0012751591249390033 -0.0056308469853023485 0.0020376118307084815 0.0004956744409645434 -0.001658125488126461 0.0023957415284286418 -0.0047644871172826432 -0.0015640356442348405 0.00086122284439241659 0.0028269849588835705 -0.0057716884084853337 0.002821248226567063 0.0012587424780646902 -0.0092103706333651076 -0.0047946840327638017 -0.0023424596107976324 -0.0015695806738492608 0.0081121428171876397 0.0017140731799617055 -0.0010034168878616067
leaf_weight=130890.14557516575 13629.692093864083 2424.9016033411026 378.81599080562592 6591.9823272228241 954.43119686841965 8253.5393121242523 1995.211518779397 274.44897592067719 1882.0190416276455 5626.655218988657 16193.661667823792 321.09592424333096 2461.3941832184792 38089.525466620922 6410.283689185977 561.32574678957462 342.16132040321827 5948.2964525222778 4261.2818433344364 388.29948851466179 1053.6337943524122 2229.4040376842022 245.07458299398422 258.12242102622986 767.08830714225769 745.0108100771904 1266.9996507018805 197.42069257795811 2704.7682441920042 2963.7336012721062
leaf_count=528428 55110 9839 1555 26652 3853 33405 8047 1107 7610 22704 65310 1291 9902 153893 25887 2256 1393 24064 17257 1566 4247 8988 989 1039 3097 3042 5164 800 10924 11981
internal_value=-1.88518e-06 -0.000208575 -0.00127 -0.000442188 -0.00296682 -0.000116029 -0.000371936 0.00018681 -0.000788341 -0.00204236 -0.000472021 0.000537558 0.000784679 0.00020511 -0.000547538 0.00259984 -0.000289621 -0.000519364 0.000190899 -0.00053906 -0.00343432 0.00200488 0.000331354 -0.00407504 -0.000145033 0.00100931 -0.00181689 -0.000230013 -0.000868057 0.000288185
internal_weight=260310 129420 10350.1 6970.8 3379.33 119070 66316.8 28288.3 38028.5 7621.87 30406.7 8544.52 8223.42 52753.3 14663.8 2785.51 903.487 14658.6 8710.27 6206.41 1441.93 2503.85 4764.48 503.197 5437.91 3206.4 2231.51 1464.42 21862.2 5668.5
internal_count=1051400 522972 41899 28207 13692 481073 267888 114367 153521 30751 122770 34555 33264 213185 59292 11259 3649 59257 35193 25098 5813 10095 19285 2028 22005 12944 9061 5964 88215 22905
cat_boundaries=0 1 2 3 4 5 6
cat_threshold=10 296 592 81 2 35
is_linear=0
shrinkage=0.03


Tree=172
num_leaves=31
num_cat=2
split_feature=30 34 31 44 31 34 42 11 1 42 19 28 39 13 38 18 39 39 20 30 38 50 51 31 18 44 45 43 28 11
split_gain=10.1152 14.4106 12.1514 10.496 10.1758 14.6747 9.89786 15.3168 11.244 13.6857 13.2956 11.3862 12.3634 9.86292 9.6298 19.5376 11.8036 11.51 13.4146 12.4067 11.2735 11.0498 10.6669 9.90652 9.40885 9.68914 10.7553 14.1554 9.03542 8.90579
threshold=0.33899250000000009 0.42175400000000002 0.43396350000000006 0.30169950000000006 0.49854950000000003 0.55386050000000009 0.39083550000000006 9.5000000000000018 8.5000000000000018 0.61162700000000003 44.050000000000004 0.23008200000000004 0.52877350000000012 2.5000000000000004 5807.5000000000009 0 0.52656550000000013 0.49508050000000009 93.850000000000009 0.35672650000000006 3494.5000000000005 -0.079306999999999947 -0.13230399999999998 0.41421950000000002 1 0.075958200000000017 1.0000000180025095e-35 0.20016650000000005 0.27788800000000008 5.5000000000000009
decision_type=10 10 10 10 10 10 10 2 2 10 2 10 8 2 2 1 10 8 2 10 2 10 10 10 1 10 2 10 10 2
left_child=1 2 -1 13 14 -6 7 -3 -8 -10 -11 12 -12 -4 17 22 -17 18 24 -20 -21 -18 -16 -24 -2 -26 28 -28 -27 -19
right_child=4 6 3 -5 5 -7 8 -9 9 10 11 -13 -14 -15 15 16 21 29 19 20 -22 -23 23 -25 25 26 27 -29 -30 -31
leaf_value=0.0037579405116023846 0.0032160454139365615 -0.0024461477675351067 -0.0019514553538776333 0.001947085752507693 -0.00079377233574869891 -0.0063412930126939679 0.00089722169213218459 0.0055448313543883807 0.00042351313556424254 0.00060043094086094059 -0.0099837209147156346 -0.00062699431686847435 -0.0028675964699770608 -0.0066100935622970631 0.0019702825334532549 0.00089332690172980547 0.0018209988304311512 0.0002704251912653797 0.0021434274990253421 -0.0055381610398461071 0.001732754061376379 -0.0013846358337452943 -0.0025556275102183073 -0.00083693030860758333 -0.002208465278377883 -0.0024113141514623009 -0.0019664808611073946 0.0011113951436853434 0.0040388113475307826 -0.00020431049003306464
leaf_weight=334.41962625086308 585.30692088603973 1824.5035586357117 1800.3714796900749 441.29079315066338 2004.7839321792126 549.77064900100231 30706.006396919489 240.12038837373257 6018.9884376227856 903.10769811272621 405.23733764886856 582.90363270044327 518.62064968049526 542.29559816420078 1091.4424786269665 11443.277984961867 1199.3721180558205 92240.674837842584 307.41390657424927 1228.3218581527472 218.89211665093899 4848.6477338820696 3435.92383672297 26237.982527911663 2741.8981166779995 2347.3437830805779 1753.8387509435415 5688.1429623067379 207.27305418252945 57814.647951304913
leaf_count=1352 2357 7348 7278 1778 8078 2227 124655 973 24363 3647 1629 2338 2122 2190 4405 46077 4828 373151 1234 4957 883 19519 13858 105659 11066 9444 7056 22904 841 233003
internal_value=-3.88966e-05 0.000373763 -0.00158923 -0.00224567 -0.000123729 -0.00200543 0.000523174 -0.00149557 0.000630549 -0.000337344 -0.00224829 -0.0039734 -0.00604356 -0.00304973 -0.000101034 -0.000473835 0.000325464 7.73396e-06 -0.000782094 -0.00324837 -0.00441643 -0.000743387 -0.000929034 -0.00103719 -0.000454398 -0.00062815 -0.000191792 0.000381508 -0.00187212 8.73145e-05
internal_weight=260263 44317.9 3118.38 2783.96 215945 2554.55 41199.5 2064.62 39134.9 8428.86 2409.87 1506.76 923.858 2342.67 213390 48256.6 17491.3 165134 15078.4 1754.63 1447.21 6048.02 30765.3 29673.9 13323.8 12738.5 9996.6 7441.98 2554.62 150055
internal_count=1051220 179673 12598 11246 871547 10305 167075 8321 158754 34099 9736 6089 3751 9468 861242 194346 70424 666896 60742 7074 5840 24347 123922 119517 53668 51311 40245 29960 10285 606154
cat_boundaries=0 1 2
cat_threshold=131 80
is_linear=0
shrinkage=0.03


Tree=173
num_leaves=31
num_cat=7
split_feature=23 18 34 30 42 51 24 31 54 28 39 37 13 24 1 37 29 39 54 36 39 36 36 31 24 24 42 24 28 51
split_gain=10.0065 27.7106 15.4822 25.2641 13.2795 12.93 12.0177 12.2997 13.8225 13.3964 11.9259 14.1727 13.1022 12.1307 13.1803 14.5397 11.886 11.6577 12.1606 11.5404 11.4665 11.2819 23.2727 16.0356 17.6889 14.1262 14.0436 14.065 18.6647 22.1226
threshold=0 1 0.58544550000000017 0.42794300000000002 0.67427250000000016 0.070289999999999977 2 0.47243550000000006 8.2426247494510534 0.20929150000000005 0.51226650000000007 0.15067000000000005 -9.4999999999999982 3 9.5000000000000018 0.13519550000000005 0.1615675 0.47748250000000009 6.5005383555981231 0.17221350000000002 0.54665150000000018 0.18512500000000001 0.21571950000000004 0.47121400000000008 4 5 0.6003345000000001 6 0.2024755 -0.038184500000000003
decision_type=1 1 10 10 10 10 1 10 2 10 10 10 2 1 2 10 10 8 2 10 8 8 8 8 1 1 10 1 10 10
left_child=4 2 -2 20 21 6 17 -8 -9 -10 11 -6 -12 14 -14 -16 -13 18 -3 -11 -4 -1 26 25 -25 -24 -23 -28 -29 -30
right_child=1 5 3 -5 10 -7 7 8 9 19 12 16 13 -15 15 -17 -18 -19 -20 -21 -22 22 23 24 -26 -27 27 28 29 -31
leaf_value=6.7840928560470527e-05 0.00067219723234653386 0.00096999043844548695 0.0001258051333571134 -0.011249965322659556 -0.00077109856504560374 0.0011042619122596743 -0.00073959888482293319 -0.0013122257987797864 -0.010036631076365614 -0.0056862078558839301 0.0071019959034747835 -0.0093027755222455637 0.00070507125113835332 -0.0017641038516167007 2.4897243174834438e-05 -0.0099638809360560292 -0.0021375982842927431 -0.00014510082306912184 -0.0043845325493248851 -0.00068246922134607591 -0.0028607717841157478 0.0019935323467954987 -0.0019109162784531411 -0.0028982291662487561 0.0027376584311179257 0.00019296951068097676 0.0022466816610048463 0.0033063828844247063 -0.0085331793254612466 -0.00083009755373920783
leaf_weight=92002.468565061688 33762.877092421055 550.39506751298904 4865.7827647179365 203.60027052462101 1261.773805975914 4055.5753022879362 32489.952572137117 5618.4938726574183 305.29603503644466 825.37443490326405 203.84016482532024 433.11415535211563 5946.4541412442923 4217.1145122647285 295.91710317134857 224.34052327275276 429.07311445474625 37735.865963608027 1178.6498367190361 863.63977178931236 1508.1144320070744 12547.778431087732 4619.870344132185 596.42308713495731 2775.0595029890537 7501.3373840600252 1268.248126655817 484.41702109575272 505.61650711297989 1018.6943124830723
leaf_count=372135 135927 2223 19853 822 5090 16389 130908 22651 1226 3311 821 1744 24124 17042 1194 903 1735 152600 4751 3465 6230 50576 18614 2410 11186 30241 5100 1958 2037 4101
internal_value=-3.79754e-05 -0.000233129 0.000412175 -0.000917056 0.000139255 -0.000544774 -0.000629309 -0.000995231 -0.00208286 -0.0042337 -0.000771615 -0.00282842 -0.000366951 -0.000514215 0.000298939 -0.00425747 -0.00579143 -0.000256349 -0.00266402 -0.00315113 -0.000577151 0.000235622 0.000727506 -9.72195e-05 0.0017296 -0.000608121 0.00153669 -0.000203684 -0.0017691 -0.00341661
internal_weight=260295 123964 40340.4 6577.5 136332 83623.2 79567.7 40102.8 7612.8 1994.31 13011.6 2123.96 10887.7 10683.8 6466.71 520.258 862.187 39464.9 1729.04 1689.01 6373.9 123320 31317.4 15492.7 3371.48 12121.2 15824.8 3276.98 2008.73 1524.31
internal_count=1051367 500356 162832 26905 551011 337524 321135 161561 30653 8002 52653 8569 44084 43263 26221 2097 3479 159574 6974 6776 26083 498358 126223 62451 13596 48855 63772 13196 8096 6138
cat_boundaries=0 1 2 3 4 5 6 7
cat_threshold=2 108 91 665 72 166 556
is_linear=0
shrinkage=0.03


Tree=174
num_leaves=31
num_cat=6
split_feature=8 6 41 34 24 14 23 24 7 42 43 30 34 46 21 30 40 11 21 36 24 43 32 25 38 37 25 21 37 50
split_gain=8.45786 14.0949 20.4759 14.8368 12.2162 11.7884 14.813 13.0493 12.7569 12.2506 12.1925 11.7635 11.2715 13.0723 13.822 12.5613 11.4988 11.3496 11.25 13.9759 14.329 13.561 12.0722 16.1686 11.2325 11.1076 13.3736 10.9278 10.8751 10.6355
threshold=1.0000000180025095e-35 2.5000000000000004 7450.5000000000009 0.44417800000000002 0 1.0000000180025095e-35 1 2 1.0000000180025095e-35 0.67749550000000014 0.23690050000000004 0.30860700000000002 0.45717800000000003 1.0000000180025095e-35 0.42500000000000004 0.39234600000000003 0.13214350000000005 2.5000000000000004 0.81500000000000006 0.064900000000000013 3 0.33398750000000005 0.24764150000000004 4 1503.5000000000002 0.087930000000000022 5 1.2250000000000003 0.21835050000000003 0.20586650000000004
decision_type=2 2 2 8 1 2 1 1 2 8 10 10 10 2 2 10 10 2 2 8 1 8 8 1 2 10 1 2 10 10
left_child=1 5 3 4 -3 6 7 11 -7 29 -11 -1 -5 -14 15 -15 17 -16 -2 -20 22 -22 23 -21 -18 27 -27 -13 -10 -9
right_child=18 2 -4 12 -6 8 -8 9 28 10 -12 25 13 14 16 -17 24 -19 19 20 21 -23 -24 -25 -26 26 -28 -29 -30 -31
leaf_value=0.005629372189896089 -6.7968854488124216e-05 -0.00030377939774821328 -0.0072493494116815556 0.004130582494876728 -0.0071143852083846697 -0.0015249773615618183 -0.00037223502843404787 0.0010673034707978733 -0.00030189054783824512 0.00011446329117216405 -0.0053036806006333675 0.00076505679343644639 0.000588922084757255 -0.010005819236403124 -0.0092470452616989895 -0.00054895004371555253 0.005400329455217262 -0.00077533886356377364 -0.0015926089185123373 0.00090434908050007919 0.0012789674396405796 0.00014936230134059126 6.6814406688181613e-05 -0.0092080330639821815 -0.0011319655124267106 0.0016615866427721624 -0.0015009623325804703 0.0085417538708517579 0.0032556550750006568 0.0052955609658862958
leaf_weight=281.3121465742588 99803.499794468284 419.99232251942158 515.70984224975109 442.28810501098633 589.44689624011517 9679.2095866948366 30449.11777330935 19125.738191246986 10107.578828454018 1362.1836690455675 506.8597444742918 801.95160181820393 2727.3141617625952 351.11226014792919 264.82110187411308 207.97906216979027 303.49107682704926 323.31215159595013 2950.6162592768669 267.55654445290565 26119.311514794827 15193.194479614496 26413.22850972414 282.85297311842442 1031.2535194754601 1449.3482114970684 6670.4850154817104 204.96470971405506 834.24499979615211 552.28344339132309
leaf_count=1141 402955 1707 2080 1788 2403 39100 122914 77410 40820 5511 2049 3243 10982 1415 1072 844 1227 1307 11944 1082 105710 61304 106638 1143 4166 5844 26900 828 3356 2225
internal_value=1.36955e-05 -0.000222993 -0.00149794 -0.00104509 -0.00439293 -0.000111026 9.69652e-05 0.000559456 -0.000731751 0.000966548 -0.00134498 -0.000370354 -0.000439804 -0.000835757 -0.00241216 -0.00656299 -0.00118135 -0.00466825 0.000137319 0.000425382 0.000513097 0.000864099 -2.39288e-05 -0.00440994 0.000339686 -0.000560763 -0.000932167 0.00239843 -2.70911e-05 0.00118829
internal_weight=260232 89202 7176.72 6661.01 1009.44 82025.3 61404.2 30955.1 20621 21547.1 1869.04 9408.06 5651.57 5209.28 2481.97 559.091 1922.88 588.133 171030 71226.8 68276.1 41312.5 26963.6 550.41 1334.74 9126.75 8119.83 1006.92 10941.8 19678
internal_count=1051108 360332 28991 26911 4110 331341 248065 125151 83276 87195 7560 37956 22801 21013 10031 2259 7772 2379 690776 287821 275877 167014 108863 2225 5393 36815 32744 4071 44176 79635
cat_boundaries=0 1 2 3 4 5 6
cat_threshold=649 2 26 308 361 528
is_linear=0
shrinkage=0.03


Tree=175
num_leaves=31
num_cat=7
split_feature=31 44 54 24 40 46 24 18 33 6 0 25 27 31 37 42 37 29 39 39 44 39 25 38 21 27 31 25 27 25
split_gain=10.1354 13.2141 13.6976 12.7525 12.4755 11.6634 14.1728 13.0152 13.4468 11.8058 13.092 16.0427 14.8011 21.1511 13.7176 12.5575 13.2998 11.4117 11.3228 12.1541 11.0892 10.5768 12.2147 11.4589 17.5438 15.0588 10.5715 15.2693 13.7909 11.2189
threshold=0.49985800000000008 0.035719250000000001 7.7365253895008914 0 0.13636650000000003 1.0000000180025095e-35 1 2 0.63047150000000007 1.5000000000000002 2023.5000000000002 3 0.49830300000000005 0.43165300000000001 0.13578900000000002 0.4634970000000001 0.16830700000000001 0.20755850000000003 0.49997600000000003 0.49657750000000006 0.049718350000000008 0.48048050000000003 4 1209.5000000000002 0.44500000000000006 0.49357850000000009 0.4681570000000001 5 0.51591600000000015 6
decision_type=10 10 2 1 8 2 1 1 10 2 2 1 10 10 8 8 10 10 10 8 8 10 1 2 2 10 10 1 10 1
left_child=5 3 -3 -2 -4 -1 7 8 -7 10 17 15 -13 -14 -15 16 -12 -8 19 -17 -20 -11 -23 25 -25 -24 29 -28 -29 -9
right_child=1 2 4 -5 -6 6 9 26 -10 21 11 12 13 14 -16 18 -18 -19 20 -21 -22 22 23 24 -26 -27 27 28 -30 -31
leaf_value=0.00019911268814768579 0.0020787329424612048 -0.00080904332900500581 0.0014945201156721035 -0.0027750115193333155 -0.0046952579395182735 0.00010283488745139409 0.00034905550500003042 -0.00061001236166043158 0.0052835899478500675 -0.0038407684188600322 -0.0036242445615090506 0.0020170797315229123 -0.0045419306828672163 -0.0052806186774785905 0.0011467274114152458 -0.0025732929475525252 0.0045375482812106092 0.0047723567068781864 -0.0084966333678750342 0.0062424499793504703 -0.0029791676749370325 0.0019290922789719789 0.0044853384493087753 -0.002768843413566595 -0.00044059202922465824 -0.00013754334785690925 0.0019087401162507138 -0.0040836324987626078 0.00023255497979086538 -0.0018789124191243769
leaf_weight=125405.92941312492 1953.3786311596632 5534.5630583316088 342.10513786971569 632.00702349841595 1750.7580088675022 6640.6457808315754 53710.3984285146 13228.881415978074 481.92720727622509 871.57012763619423 290.65330831706524 2452.3856008946896 1071.2130189836025 334.89537601172924 2542.5255844146013 358.46773242950439 452.68532298505306 528.36134327948093 386.1266226619482 225.87781524658203 2488.7729172855616 1736.9010363221169 740.25287427008152 4132.9418467730284 9997.8193951398134 4249.7379076331854 2577.976057767868 1011.0530515313148 1907.5103875398636 12142.099037736654
leaf_count=506324 7895 22380 1375 2556 7021 26773 217298 53405 1959 3521 1167 9924 4305 1349 10230 1447 1816 2136 1563 911 10038 7010 2996 16693 40415 17257 10384 4067 7708 49002
internal_value=-4.29675e-05 -0.000969187 -0.00159869 0.000876096 -0.00366846 -4.99421e-06 -0.000210725 -0.000693679 0.000459018 9.58931e-07 0.00020411 -0.000758888 0.000183728 -0.000947525 0.00038353 -0.00219606 0.00130426 0.000392959 -0.00296371 0.00079782 -0.00373873 -0.000603829 -0.000466598 -0.000686705 -0.00112412 0.000544524 -0.000960712 0.00022707 -0.00125077 -0.0012196
internal_weight=260180 10212.8 7627.43 2585.39 2092.86 249968 124562 37990.1 7122.57 86571.6 64842.4 10603.6 6401.02 3948.63 2877.42 4202.58 743.339 54238.8 3459.25 584.346 2874.9 21729.2 20857.7 19120.8 14130.8 4989.99 30867.5 5496.54 2918.56 25371
internal_count=1050925 41227 30776 10451 8396 1009698 503374 153298 28732 350076 262184 42750 25808 15884 11579 16942 2983 219434 13959 2358 11601 87892 84371 77361 57108 20253 124566 22159 11775 102407
cat_boundaries=0 1 2 3 4 5 6 7
cat_threshold=632 146 98 353 2 307 236
is_linear=0
shrinkage=0.03


Tree=176
num_leaves=31
num_cat=2
split_feature=23 18 30 33 0 42 36 42 0 27 31 36 35 37 36 29 45 42 38 36 19 31 37 40 27 21 10 42 27 35
split_gain=9.31541 17.6353 17.0256 17.3193 16.1331 14.8356 13.6682 12.8467 20.9089 12.5275 18.3548 15.2368 13.42 13.635 12.4177 12.1328 11.6574 12.6367 14.23 11.504 14.3345 11.4733 15.5369 11.2745 11.8343 11.5673 12.1338 11.2651 11.1556 12.9231
threshold=0 1 0.42088650000000005 0.57410300000000014 2019.5000000000002 0.67427250000000016 0.15397800000000003 0.70179100000000016 2022.5000000000002 0.62142700000000006 0.41921550000000002 0.22526550000000004 0.098955500000000016 0.11122150000000001 0.2952685000000001 0.11523250000000002 1.0000000180025095e-35 0.37311600000000006 1649.5000000000002 0.22431700000000002 9.9500000000000011 0.47008950000000005 0.19792750000000003 0.13481050000000003 0.47214500000000004 1.635 1.5000000000000002 0.58826650000000014 0.50002000000000013 0.28220200000000006
decision_type=1 1 10 10 2 10 10 10 2 10 10 10 8 10 10 10 2 10 2 10 2 10 10 10 10 2 2 10 10 10
left_child=4 -2 7 15 9 6 -6 16 -9 11 -11 -1 13 -12 -7 -4 -3 -18 -19 20 -8 -21 -23 24 -20 26 -26 -27 29 -24
right_child=1 2 3 -5 5 14 19 8 -10 10 12 -13 -14 -15 -16 -17 17 18 23 21 -22 22 28 -25 25 27 -28 -29 -30 -31
leaf_value=0.00049148351038060532 -0.00045906290865096419 -0.00050800631480223764 -0.0044891195797111356 -0.0070565505330052666 -0.00018400280792659854 -0.00092099954804348736 -0.00077583638865492597 0.0012285792135045034 0.0083867518995437533 0.0062820843934378451 0.00029987554912375353 0.0050429770694287324 0.0029077657603494523 -0.0089395640354962332 -0.008240064637509259 0.00013312703305486484 0.004334488410866099 -0.00039537199417285601 -0.0030196268345121782 -0.00084754229226732369 0.00095980260767178339 0.0075020878366542261 0.0070376252050062945 0.00062273888849828402 0.005924509489622953 -0.0018014929506597261 0.0016688392145887687 0.0057892293016019091 -0.0013466495722996201 -0.0021215385820564175
leaf_weight=20269.779136374593 73482.152452722192 11846.703284293413 653.12927778065205 479.22111882269382 53085.385428458452 9244.4463724046946 4869.1522707045078 2177.0099236667156 443.33138431608677 907.67323631048203 533.73196409642696 683.34633593261242 1368.2621048390865 190.83943296968937 211.79012830555439 2260.4548808783293 790.44965472817421 10672.572782590985 318.69002339243889 8588.1939164102077 34437.127667024732 338.70259679853916 382.83457778394222 17379.380767554045 1371.8679117411375 697.73774117231369 1122.7879602462053 231.79497015476227 1074.4872627109289 208.10615347325802
leaf_count=82537 296609 47834 2635 1934 214133 37264 19596 8789 1786 3956 2248 2778 5791 800 857 9142 3185 43153 1287 34573 138694 1365 1537 70040 5550 2815 4527 938 4325 835
internal_value=2.56957e-05 -0.00016244 0.000269088 -0.00178071 0.000196855 4.59709e-05 0.000150659 0.000417692 0.0024593 0.000903771 0.00271894 0.000642054 0.00115249 -0.00211922 -0.00109066 -0.000896294 0.000296456 0.000589867 0.000495429 0.000507284 0.000743991 -0.000368221 0.00166904 0.000946942 0.0024426 0.00296193 0.00402545 7.17485e-05 0.000453416 0.00376719
internal_weight=260321 123927 50445.1 3392.81 136394 112440 102984 47052.3 2620.34 23953.6 3000.51 20953.1 2092.83 724.571 9456.24 2913.58 44432 32585.3 31794.8 49898.6 39306.3 10592.3 2004.13 21122.3 3742.88 3424.19 2494.66 929.533 1665.43 590.941
internal_count=1051513 500224 203615 13711 551289 453179 415058 189904 10575 98110 12795 85315 8839 3048 38121 11777 179329 131495 128310 200925 158290 42635 8062 85157 15117 13830 10077 3753 6697 2372
cat_boundaries=0 1 2
cat_threshold=2 145
is_linear=0
shrinkage=0.03


Tree=177
num_leaves=31
num_cat=3
split_feature=30 33 29 38 6 8 7 28 24 39 0 24 37 32 33 20 51 29 34 36 34 45 28 20 41 30 34 29 24 30
split_gain=9.65038 12.2603 12.1196 9.85688 9.67183 25.1081 12.4568 16.6888 17.2615 14.4659 16.5594 18.0536 16.5526 14.5469 13.5435 13.1278 12.7514 15.2135 15.5441 11.9895 11.6209 11.4004 11.2962 13.1794 11.4626 11.1951 11.0864 11.8808 10.9731 11.1039
threshold=0.33899250000000009 0.37693050000000006 0.19071100000000002 227.50000000000003 1.5000000000000002 1.0000000180025095e-35 1.0000000180025095e-35 0.15705450000000001 0 0.50607400000000013 2019.5000000000002 1 0.10009800000000001 0.14550250000000003 0.51115250000000012 31.150000000000002 -0.017914499999999996 0.12740750000000003 0.45837550000000005 0.18358450000000001 0.37053000000000008 1.5000000000000002 0.21496300000000002 58.95000000000001 7317.5000000000009 0.34435700000000008 0.68090150000000016 0.12151650000000001 2 0.39234600000000003
decision_type=8 10 10 2 2 2 2 10 1 8 2 1 8 8 8 2 8 10 10 10 8 2 10 2 2 10 8 10 1 10
left_child=1 2 3 -1 6 20 9 8 -8 -2 11 14 -12 19 -11 -10 17 18 -15 -14 -6 -9 23 -7 -25 -19 27 -17 29 -27
right_child=4 -3 -4 -5 5 22 7 21 15 10 12 -13 13 16 -16 26 -18 25 -20 -21 -22 -23 -24 24 -26 28 -28 -29 -30 -31
leaf_value=0.00079507386546460979 -0.0011212080002544768 0.00056726695767723295 0.0022291140600084465 -0.0044626780362837125 -0.0057611057263898561 0.001311254361115923 -0.0033758380504668598 0.0010506585161005112 0.0020922601358500346 0.0047224053087829123 -0.0016435503528537784 -0.00016166186205064816 0 0.0040867566158961617 0.0013360644307835524 -0.0043507246424643641 0.00047871381550814156 -0.0031966462050743265 -8.1258873274686996e-06 -0.0099981432740555137 -0.0011272966042444211 0.00024024014449404847 -0.0003791967512834681 -6.7981257214201271e-05 -0.0051001315926763385 0.0022381117225024694 0.0029163587783427062 -0.00061668812090265909 -0.00097876434396625199 -0.0016053667323842017
leaf_weight=426.59984484314919 12394.10340000689 42070.206335484982 507.69682908058167 1181.8914249241352 501.02207094430923 10515.396913558245 1937.0921354442835 23068.793917149305 1717.3425914794207 1549.9245970100164 6380.5926870852709 4977.3214476406574 203.53265541791916 1169.8886545747519 3509.8394480347633 990.80166445672512 26306.832675352693 1672.492490619421 2839.8461652696133 235.70376448333263 18700.727773040533 48833.222848445177 21161.287594079971 5763.1785185486078 436.56538404524326 2093.8894447684288 585.37137912213802 3487.7448125630617 13930.492431029677 987.31099094450474
leaf_count=1743 49922 170600 2051 4770 2053 42574 7875 92852 7090 6247 25777 20432 821 4697 14415 4158 105992 6728 11468 954 75474 196469 85260 23289 1758 8429 2500 14327 56076 3978
internal_value=5.0633e-05 0.000454609 -0.00176852 -0.00305073 -3.18923e-05 -0.00036694 8.82963e-05 0.00035013 -0.000887975 -0.000181082 -3.65673e-06 0.00111754 -0.000205845 -1.96034e-05 0.00237679 -0.000166486 2.86713e-05 -0.000491691 0.00118129 -0.00543658 -0.00125065 0.000500702 8.03347e-05 0.000663857 -0.00042946 -0.000852461 -0.000939537 -0.00145183 -0.000619707 0.000993233
internal_weight=260137 44186.4 2116.19 1608.49 215950 57078.2 158872 80620.4 8718.35 78251.8 65857.7 10037.1 55820.6 49440 5059.76 6781.26 49000.8 22693.9 4009.73 439.236 19201.7 71902 37876.4 16715.1 6199.74 18684.2 5063.92 4478.55 17011.7 3081.2
internal_count=1050779 179164 8564 6513 871615 230408 641207 325271 35950 315936 266014 41094 224920 199143 20662 28075 197368 91376 16165 1775 77527 289321 152881 67621 25047 75211 20985 18485 68483 12407
cat_boundaries=0 1 2 3
cat_threshold=394 460 144
is_linear=0
shrinkage=0.03


Tree=178
num_leaves=31
num_cat=1
split_feature=42 1 0 42 2 26 2 37 35 51 2 36 19 44 37 50 26 36 30 42 10 1 26 28 18 36 44 33 11 37
split_gain=10.1274 15.7659 17.7711 23.8897 17.5972 16.9943 14.9419 15.0603 14.8436 14.6488 20.4176 13.6152 13.3045 13.1432 12.5703 12.1048 16.1697 12.5447 15.8072 16.011 12.0365 16.4714 12.4216 14.4291 14.2416 13.6675 13.173 14.7981 11.9987 11.9044
threshold=0.5013525000000002 9.5000000000000018 2022.5000000000002 0.51401100000000011 1.5000000000000002 1977.5000000000002 1.5000000000000002 0.11031150000000002 0.28501400000000005 0.020589499999999986 2.5000000000000004 0.17944450000000003 32.250000000000007 0.19171850000000004 0.31319200000000008 -0.19975499999999993 1224.5000000000002 0.090762000000000023 0.35528150000000008 0.48986750000000007 2.5000000000000004 9.5000000000000018 1258.5000000000002 0.12760350000000001 0 0.089316400000000004 0.35866250000000005 0.47763750000000005 6.5000000000000009 0.11393850000000001
decision_type=10 2 2 10 2 2 2 8 10 10 2 10 2 10 10 8 2 8 10 10 2 2 2 8 1 10 10 10 2 10
left_child=6 4 5 -4 -2 8 20 12 13 -7 -11 -6 -8 28 15 16 -9 18 -17 -20 21 22 23 -1 -25 -24 -27 -28 -3 -5
right_child=1 2 3 29 11 9 7 14 -10 10 -12 -13 -14 -15 -16 17 -18 -19 19 -21 -22 -23 25 24 -26 26 27 -29 -30 -31
leaf_value=-0.0034244027473375907 -0.00076544894924887585 -0.0021468031486504098 -0.0079283247615286809 0.0067970363748968612 -0.00010866506400490674 -0.002197719805085447 -0.00048545271997213919 0.0015345331203692365 -0.0062846428064083576 0.0012154251434346619 -0.009590869378957206 0.00056819895143526207 0.0016491458793408257 0.0026473853418197885 0.0073300052439741028 0.00059639217535964874 -0.0050308119597912496 2.4466167478887145e-06 -0.0029735541013844371 -0.012215559300038909 -0.00012415329082707767 0.0052701590978808397 0.0056957075147659004 0.0054068156878909869 -0.00050066301079321749 0.00080335547895789359 0.0033870164964182577 -0.0056504828933478749 0.0011664282318852037 0.0011083110198351269
leaf_weight=255.90690207481384 26553.468906253576 2615.9892862290144 225.25062943994999 418.28515404462814 95568.143297836185 4454.9475911706686 3697.8111237734556 500.40091305971146 371.30282272398472 209.09588702023029 573.80958077311516 37117.080602243543 8911.2845243513584 1207.4038681685925 200.07294212281704 809.68877333402634 991.76128169894218 56992.906418070197 817.52580119669437 216.27891162037849 4635.2431840598583 1054.789750829339 442.88417053222656 1563.7431820780039 472.26075351238251 5276.0676184743643 215.19239600002766 611.97524979710579 1560.4264719933271 1650.9498511105776
leaf_count=1085 107239 10546 905 1687 386218 17950 15039 2021 1497 845 2311 149604 36459 4849 805 3276 3989 230010 3285 870 18701 4246 1798 6305 1904 21305 863 2478 6282 6661
internal_value=-9.94256e-06 -0.00014347 -0.00113627 0.00125656 -6.04193e-05 -0.00163864 0.000252493 7.7475e-05 -0.000506551 -0.0028758 -0.00667296 8.04619e-05 0.0010208 -9.92096e-05 -0.000118579 -0.000144142 -0.00281038 -7.58737e-05 -0.00250952 -0.00496573 0.00113131 0.00172245 0.001294 0.00319647 0.00404718 0.000622176 0.000246483 -0.00325945 -0.00090176 0.00228091
internal_weight=260192 172526 13287.5 2294.49 159239 10993 87665.8 73137.7 5755.12 5237.85 782.905 132685 12609.1 5383.82 60528.6 60328.6 1492.16 58836.4 1843.49 1033.8 14528.1 9892.82 8838.03 2291.91 2036 6546.12 6103.24 827.168 4176.42 2069.24
internal_count=1051033 696594 53533 9253 643061 44280 354439 295754 23174 21106 3156 535822 51498 21677 244256 243451 6010 237441 7431 4155 58685 39984 35738 9294 8209 26444 24646 3341 16828 8348
cat_boundaries=0 1
cat_threshold=136
is_linear=0
shrinkage=0.03


Tree=179
num_leaves=31
num_cat=3
split_feature=46 19 26 34 29 50 50 44 9 39 25 36 27 50 51 26 29 9 37 25 3 18 34 42 44 27 29 12 35 37
split_gain=7.84134 13.867 10.3824 18.549 14.6772 13.6318 19.4389 16.3655 16.0995 12.0914 12.0799 12.0502 13.7365 11.7844 10.9914 36.4487 21.2151 14.9874 14.096 17.9299 13.2744 13.0993 12.7512 12.6601 12.1335 14.993 16.1236 12.5533 12.4906 17.1512
threshold=1.0000000180025095e-35 0.15000000000000005 5705.5000000000009 0.54656150000000003 0.1292095 -0.033179499999999966 -0.077681500000000001 0.096036650000000015 2.5000000000000004 0.51785800000000004 0 0.13702100000000003 0.53700950000000003 -0.020798999999999981 0.0010890000000000068 1294.5000000000002 0.17369500000000002 1.5000000000000002 0.14013500000000004 1 9.5000000000000018 2 0.53019250000000018 0.76552450000000005 0.047500750000000008 0.49357850000000009 0.16229550000000001 -1.0000000180025095e-35 0.22460450000000001 0.13254750000000001
decision_type=2 2 2 10 10 10 10 10 2 8 1 10 10 10 10 2 10 2 10 1 2 1 10 10 10 10 10 2 10 10
left_child=2 -2 14 5 -5 6 -4 -8 10 -10 -7 12 -6 -12 18 16 20 -18 19 -1 21 -16 -23 24 25 26 -17 -28 -26 -30
right_child=1 -3 3 4 11 8 7 -9 9 -11 13 -13 -14 -15 15 23 17 -19 -20 -21 -22 22 -24 -25 28 -27 27 -29 29 -31
leaf_value=-0.00012193471439458503 -0.0024373294218382477 -0.00011035494644464123 -0.0018746155016429672 -0.0027441014488612859 0.0024758852787879182 -0.00079927024586153538 -0.0043328645744202254 0.0028841657526247461 0.0025469092794436895 -0.0015926930510229296 -0.0080220274417488538 0.0028776505221134105 -0.0021494773962609632 -0.0028715483119700134 -0.00010362777957991461 0.0029727776941466844 -0.0051817337054737905 -0.0010658939150341683 0.00019186149445087156 0.0016214234397844919 0.0060281498150754204 0.00044135309123807272 -0.0028402762821661048 0.0074527806487345305 0.00055890418298111435 -0.0041993194441003138 0.0021047119299523022 -0.0072621442873487766 -0.0027928857283065103 0.0036742695786802287
leaf_weight=7568.0012767761946 2346.1810445040464 127093.61194248497 2094.0422542989254 823.67305713891983 1057.727992400527 2594.7483147978783 316.56493121385574 2305.5750935673714 1189.660013794899 1349.8936365395784 454.02912469208241 2803.2618255019188 1265.9315956383944 3876.9501868337393 10622.743795081973 916.08288298547268 1723.810707911849 1521.4726798832417 40839.375842526555 17567.301164716482 263.30571472644806 1451.9074963629246 3847.1119543462992 243.68767027556896 19724.02067103982 1005.5783719271421 204.24628002941608 323.32137574255466 427.84296432137489 2416.9513119757175
leaf_count=30587 9464 513651 8413 3349 4330 10430 1270 9263 4775 5421 1820 11433 5161 15566 42930 3676 6935 6128 164542 71207 1062 5830 15574 990 79790 4047 821 1299 1728 9712
internal_value=1.25922e-05 -0.00015282 0.000176515 -0.000449515 0.000953318 -0.00104034 0.00027177 0.00199749 -0.00169716 0.000335431 -0.00244663 0.00155444 -3.06443e-05 -0.00341571 0.00029068 -7.19836e-05 -0.00104938 -0.00326412 0.0005368 0.00109597 -0.000602918 -0.000715578 -0.00193208 0.000678636 0.000610568 -0.00138923 0.000552054 -0.00358785 0.000829077 0.00268919
internal_weight=260239 129440 130799 20132.1 5950.59 14181.5 4716.18 2622.14 9465.28 2539.55 6925.73 5126.92 2323.66 4330.98 110667 44692.1 19430.4 3245.28 65974.7 25135.3 16185.1 15921.8 5299.02 25261.7 25018 2449.23 1443.65 527.568 22568.8 2844.79
internal_count=1051204 523115 528089 81231 24273 56958 18946 10533 38012 10196 27816 20924 9491 17386 446858 180522 78459 13063 266336 101794 65396 64334 21404 102063 101073 9843 5796 2120 91230 11440
cat_boundaries=0 1 2 3
cat_threshold=298 262 198
is_linear=0
shrinkage=0.03


Tree=180
num_leaves=31
num_cat=5
split_feature=8 45 37 25 37 31 51 32 50 25 44 37 32 39 53 30 20 26 9 44 25 53 25 37 33 37 18 7 46 43
split_gain=11.0585 13.5225 15.5279 16.8885 13.0263 13.7243 12.8032 10.8982 10.1783 14.3332 15.6577 11.1939 9.76711 9.62905 10.6411 9.50459 9.26814 9.13873 8.799 8.59365 13.18 8.48763 15.8296 16.118 14.1348 13.416 10.8091 12.1383 15.065 15.5816
threshold=1.5000000000000002 9.5000000000000018 0.16682150000000004 0 0.13160500000000003 0.44600250000000002 0.059320500000000033 0.20112350000000004 -0.061165499999999977 1 0.14104700000000003 0.15440300000000004 0.6113805000000001 0.53827350000000018 6.8870421070975647 0.37240750000000006 82.450000000000017 750.50000000000011 15.500000000000002 0.032479450000000007 2 8.6563462490234908 3 0.22259700000000002 0.58206650000000015 0.19872500000000001 4 1.0000000180025095e-35 1.0000000180025095e-35 0.32371950000000005
decision_type=2 2 10 1 8 10 10 8 10 1 10 10 10 10 2 10 2 2 2 10 1 2 1 8 10 10 1 2 2 8
left_child=1 7 4 -4 5 13 15 19 16 12 11 -11 -10 14 -3 -7 -6 -16 21 20 -1 26 23 24 25 -23 27 28 -9 -30
right_child=-2 2 3 -5 8 6 -8 18 9 10 -12 -13 -14 -15 17 -17 -18 -19 -20 -21 -22 22 -24 -25 -26 -27 -28 -29 29 -31
leaf_value=-0.0051028585066390936 0.00027632368670662779 0.00032712331895063724 0.00033282326022814681 -0.0038611086480507687 0.0018527154333774581 -0.0016083005938826982 0.0067525538062930225 -4.3469765612756956e-05 -0.004355387133672655 0.0071143034906406338 -0.0010190827648826283 -0.00032330423273450821 0.0023010668294979001 -0.00086599439190289211 -0.00085816549391116352 0.0044459592824096774 0.008619143688036025 -0.0076833701322481735 -0.005351817213033531 -0.003049333600059421 0.0038247715159044496 -0.0016312074449080899 5.0797553839338515e-05 0.0018357754039781049 0.00064357771591056173 -0.0049615384085063162 0.00026432395403768838 0.00015826960439894577 -0.00086048934100624308 -0.0036190685247746378
leaf_weight=206.69153274595737 84547.626422300935 283.86939065158367 1221.1365116536617 2869.4649702757597 892.81441406905651 1328.1021708548069 247.26470209658146 7971.6187845468521 832.28119117021561 546.12408193945885 918.07540857791901 260.86790160834789 251.62627306580544 1091.1566652357578 241.15483893454075 278.7216167896986 233.64981172978878 792.61544814705849 277.01615728437901 1883.4020862281322 444.11636763811111 8969.9968560487032 22979.953869819641 1371.0487605333328 2108.3540980815887 1251.7645204365253 89395.632807120681 18616.075933039188 4985.2253203094006 2960.7479884624481
leaf_count=839 341484 1149 4934 11595 3607 5358 997 32235 3358 2205 3703 1053 1018 4420 976 1126 943 3201 1119 7601 1801 36088 92562 5520 8545 5037 361461 75224 20175 11958
internal_value=-5.46363e-06 -0.000141226 -0.00110099 -0.00261109 -0.000343185 -0.00149432 0.000431663 -6.88512e-05 0.000896299 -6.02378e-05 0.00162403 0.0046807 -0.00275507 -0.00298791 -0.00471642 -0.000533157 0.00330193 -0.00612723 -3.78955e-05 -0.00201992 0.000913588 -2.84436e-05 -0.000429426 -0.00123603 -0.0015814 -0.00204331 9.00064e-05 -0.000360328 -0.00096887 -0.00189312
internal_weight=260258 175711 12288.9 4090.6 8198.32 4262.88 1854.09 163422 3935.44 2808.97 1725.07 806.992 1083.91 2408.8 1317.64 1606.82 1126.46 1033.77 160887 2534.21 650.808 160610 36681.1 13701.2 12330.1 10221.8 123929 34533.7 15917.6 7945.97
internal_count=1051292 709808 49643 16529 33114 17227 7481 660165 15887 11337 6961 3258 4376 9746 5326 6484 4550 4177 649924 10241 2640 648805 147752 55190 49670 41125 501053 139592 64368 32133
cat_boundaries=0 1 2 3 4 5
cat_threshold=392 778 100 720 41
is_linear=0
shrinkage=0.03


Tree=181
num_leaves=31
num_cat=3
split_feature=30 34 33 43 43 43 33 7 38 35 38 43 38 26 33 7 36 23 30 2 30 37 36 25 25 3 28 42 27 20
split_gain=8.27511 13.0998 12.7298 13.9803 14.0643 10.7988 10.911 11.088 9.90575 15.3154 9.3016 8.89377 10.6966 14.6116 12.1517 11.4538 11.2647 16.6649 12.431 12.6192 15.8463 12.1085 19.7658 16.1902 12.4623 13.724 15.1111 12.0839 11.309 15.8444
threshold=0.33772550000000007 0.46806300000000006 0.43378250000000007 0.2428585 0.18298050000000002 0.18494900000000003 0.40545850000000005 1.0000000180025095e-35 41.500000000000007 0.039802000000000011 3151.5000000000005 0.12608950000000005 6906.5000000000009 594.50000000000011 0.53577500000000011 1.0000000180025095e-35 0.1857425 0 0.32813450000000005 4.5000000000000009 0.31792000000000004 0.168687 0.15689850000000002 1 2 4.5000000000000009 0.19886500000000004 0.63637700000000008 0.56932000000000016 64.15000000000002
decision_type=8 10 8 10 10 10 10 2 2 8 2 10 2 2 10 2 10 1 10 2 10 10 10 1 1 2 10 10 10 2
left_child=1 2 5 4 -4 10 7 -7 9 -2 -1 -3 16 -14 -15 -16 21 18 19 -18 -21 24 23 -23 25 26 -13 -24 29 -26
right_child=8 11 3 -5 -6 6 -8 -9 -10 -11 -12 12 13 14 15 -17 17 -19 -20 20 -22 22 27 -25 28 -27 -28 -29 -30 -31
leaf_value=0 -0.0057192742240571555 0.0026271029995832418 -0.0014382943207991185 -4.8285438314465997e-05 -0.006558225944478132 -0.0057426389495693368 0.0024377293486013501 0.00025724874354737082 -6.3936614054406029e-05 0.0024872503673426596 0.0077740108351787175 0.00090103111068485717 -0.0030491506054770288 0.00050426194949645064 0.0060408156711299716 0.0020100737061317436 0.0068128699012289674 -0.00035809057879712306 0.00095712145850962893 -0.0029817630030211559 0.0071280099584486358 0.0080047233639133127 -0.0022355905321672404 -0.00075121202006612315 -0.0026836602355928326 -2.9310336820678379e-05 0.0047941443697679552 -0.0081388709043250223 0.00054295128914330388 0.00085831433065480052
leaf_weight=252.89228722453117 218.8950719088316 1962.7157600820065 1165.3231491148472 1969.7729768753052 848.75806617736816 451.9629985243082 809.68848583102226 686.20694202184677 217453.96964178979 2410.964460209012 325.52803637087345 2245.3916043490171 500.00139001011848 1980.0121261328459 1070.3413591235876 1646.3429594784975 1022.7654071450233 2372.838947609067 1461.6714718192816 332.51773372292519 233.98085065186024 265.7704816609621 1749.9843467622995 580.90027168393135 3227.8916731923819 4016.2167813330889 1521.0523162931204 386.57508924603462 5383.4150886833668 1735.380565226078
leaf_count=1015 888 7973 4695 7940 3412 1823 3256 2768 877628 9787 1306 9291 2017 7943 4364 6702 4141 9577 5902 1350 949 1076 7089 2356 12996 16377 6140 1556 22141 6981
internal_value=3.05182e-05 0.000426325 -0.000803306 -0.00186154 -0.00361731 0.000853853 -0.000202104 -0.00210783 -4.16581e-05 0.00178705 0.00444413 0.000664834 0.000542284 0.00178768 0.0023106 0.00361408 0.00029709 0.00151624 0.00298272 0.00482155 0.00115675 -1.48566e-05 -0.00178631 0.0020659 0.000275233 0.00118202 0.00248376 -0.00332763 -0.000404836 -0.00143942
internal_weight=260290 40205.9 6510.13 3983.85 2014.08 2526.28 1947.86 1138.17 220084 2629.86 578.42 33695.8 31733.1 5196.7 4696.7 2716.68 26536.4 5423.77 3050.94 1589.26 566.499 21112.6 2983.23 846.671 18129.3 7782.66 3766.44 2136.56 10346.7 4963.27
internal_count=1051439 163136 26215 16047 8107 10168 7847 4591 888303 10675 2321 136921 128948 21026 19009 11066 107922 21919 12342 6440 2299 86003 12077 3432 73926 31808 15431 8645 42118 19977
cat_boundaries=0 1 2 3
cat_threshold=2 609 92
is_linear=0
shrinkage=0.03


Tree=182
num_leaves=31
num_cat=9
split_feature=8 49 34 27 37 25 50 42 28 26 40 31 38 2 33 25 24 44 40 34 33 24 25 25 25 24 27 3 38 25
split_gain=10.5117 9.84598 15.8166 13.3411 12.7026 12.3309 12.1982 11.6234 9.92742 11.2314 9.79054 9.71499 9.42139 8.91205 10.3582 8.89981 14.7138 13.3255 8.82205 17.9741 14.8695 11.9503 13.5047 10.8422 10.7967 13.7664 8.79371 8.71946 8.71654 19.542
threshold=1.5000000000000002 1.0000000180025095e-35 0.65806150000000019 0.59392950000000011 0.18138800000000002 0 -0.14902899999999994 0.50320450000000017 0.19092350000000005 4199.5000000000009 0.12722550000000002 0.42054050000000004 2210.5000000000005 1.5000000000000002 0.45008600000000004 1 2 0.11647900000000001 0.16964100000000001 0.43916400000000005 0.51929300000000012 3 4 5 6 7 0.50061600000000006 7.5000000000000009 8192.5000000000018 8
decision_type=2 2 8 10 10 1 10 10 10 2 10 10 2 2 10 1 1 10 10 8 10 1 1 1 1 1 10 2 2 1
left_child=1 28 3 4 8 -6 -7 -5 9 11 -9 -3 -4 -8 -15 16 -10 -18 -2 23 24 22 -22 -20 25 -21 -27 -17 -1 -30
right_child=18 2 12 7 5 6 13 10 15 -11 -12 -13 -14 14 -16 27 17 -19 19 20 21 -23 -24 -25 -26 26 -28 -29 29 -31
leaf_value=5.2073923347978922e-05 0.00039588633086054694 -0.0015106359702506394 0.0065952842588606073 -0.00027127246266720172 -0.0061316140261916206 -0.0085011133584722565 -0.0049186369932079539 -0.0012258200716611821 0.0006955300843804735 -0.0028621001691381005 -0.009257690949249664 0.0039148111342029264 -0.0009464356809150544 0.0029728790290318406 -0.0015934074701166518 0.00037851011158959404 -0.0007591504678338913 -0.0085205768318329777 -5.647988813261872e-06 0.0039544887333087054 -0.0020366920745364713 -0.0034038727448116742 0.0051393715103811672 -0.0077038437305374918 0.0034809075844373628 0.00097067582227545275 -0.0068168990948339388 -0.0024159462823859662 0.0011855750051573599 -0.0012185356195846991
leaf_weight=144390.42171385884 79186.603814721107 373.56950338184834 396.09505136311054 417.31840209662914 636.20541326701641 201.27534383535385 395.15407460927963 210.78336645662785 606.71766357123852 400.49733600020409 446.90695188939571 1302.9340485185385 226.76352570950985 684.80426555871964 1274.528444737196 4648.3711943626404 343.03220361471176 505.59273208677769 266.60184778273106 316.31842909753323 563.96491953730583 1491.4427151232958 384.46504034101963 489.5347316712141 1236.1198365688324 200.99351750314236 336.36594988405704 1276.1470149159431 3933.9958484619856 13175.92195661366
leaf_count=583474 319880 1501 1631 1705 2571 817 1596 869 2446 1608 1817 5251 920 2783 5131 18740 1386 2037 1080 1271 2279 6013 1551 1981 4972 810 1350 5147 15843 53110
internal_value=4.12834e-05 -9.0712e-05 -0.000843859 -0.00105806 -0.000781913 -0.00241833 -0.00144654 -0.00426822 -0.000225811 0.00160037 -0.00674622 0.00268748 0.00381027 -0.00082683 0 -0.000744281 -0.00283664 -0.00536915 0.000316408 -0.000868134 -0.000145249 -0.00174111 0.000871224 -0.0051414 0.00170343 -0.00086898 -0.00378918 -0.000218906 -2.36068e-05 -0.000663926
internal_weight=260319 175847 14346.7 13723.8 12648.8 3191.97 2555.76 1075.01 9456.86 2077 657.69 1676.5 622.859 2354.49 1959.33 7379.86 1455.34 848.625 84472.4 5285.81 4529.67 2439.87 948.43 756.137 2089.8 853.678 537.359 5924.52 161500 17109.9
internal_count=1051570 710383 57956 55405 51014 12898 10327 4391 38116 8360 2686 6752 2551 9510 7914 29756 5869 3423 341187 21307 18246 9843 3830 3061 8403 3431 2160 23887 652427 68953
cat_boundaries=0 1 2 3 4 5 6 7 8 9
cat_threshold=80 9 354 163 426 913 642 553 10
is_linear=0
shrinkage=0.03


Tree=183
num_leaves=31
num_cat=8
split_feature=33 18 24 4 29 37 50 24 31 29 33 24 50 26 26 31 28 26 51 26 26 50 50 19 24 44 50 24 24 37
split_gain=7.80828 13.5778 14.1326 8.77424 8.68689 9.71037 10.5837 13.1176 10.41 10.1583 9.24889 14.0827 16.4222 15.3749 14.2214 11.0113 9.75194 9.20103 8.66225 28.7253 27.9294 18.7562 26.3867 19.9399 17.0323 21.2776 18.194 14.8395 14.6004 21.2651
threshold=0.6376075000000001 0 1 2 0.060167800000000007 0.12626800000000002 0.20586650000000004 3 0.42893100000000001 0.16560600000000003 0.64298350000000004 4 0.07955199999999997 3324.5000000000005 4870.5000000000009 0.43001850000000003 0.22854650000000001 192.50000000000003 0.0024240000000000377 539.50000000000011 553.50000000000011 -0.0017545000000000197 0.047938000000000015 85.350000000000009 5 0.032479450000000007 0.054635499999999955 6 7 0.10114550000000001
decision_type=10 1 1 1 10 10 10 1 10 10 10 1 10 2 2 10 10 2 10 2 2 10 10 2 1 10 10 1 1 10
left_child=18 2 3 -2 -3 10 7 9 -9 -7 -6 12 14 17 -12 -14 -15 -13 20 -20 21 -1 23 -23 25 -24 -27 -22 -21 -30
right_child=1 4 -4 -5 5 6 -8 8 -10 -11 11 13 15 16 -16 -17 -18 -19 19 28 27 22 24 -25 -26 26 -28 -29 29 -31
leaf_value=0.00019574122494482796 0.0021472507816508025 -0.0046943804538803133 0.0037365407316024301 -0.0059792129770475768 0.003523534150114273 -0.0014470484088461269 -0.005143448095576029 0.0035462567012243995 -0.00010862665963344635 -0.0081441521089659352 0.0012174867498478627 0.0022258228218739063 0 0 -0.005716002539871411 0.006662451807869155 0.0070584062061301725 -0.002718471762668801 -0.0015062665745557543 0.00055046272272645371 0.00026486256472535587 0.00395637124145425 -0.0028441283358032867 -0.00025547886671351341 -0.0013200476467865952 -0.0044695417524128287 0.0039319045042179451 -0.0003816064399760127 -0.0021507711249090767 -0.00013261694022588698
leaf_weight=14273.494536742568 223.22621738910675 310.28021903336048 2001.8786537796259 243.20528118312359 1114.0043029338121 1567.0418640971184 423.49640670418739 912.91872049868107 2932.4119993895292 235.88748532533646 3453.8108301311731 390.30078648030758 301.4409590959549 430.32146990299225 284.4980816245079 808.4529295116663 300.06415298581123 2228.9164455384016 15046.756332471967 23316.289405539632 53517.582522571087 5161.0086273550987 678.07074521481991 1241.2756848186255 2835.8799492120743 251.77754029631615 2336.6565987020731 79179.943491280079 5345.7729301005602 39061.121485799551
leaf_count=57714 910 1283 8232 990 4544 6442 1708 3718 11998 960 14518 1594 1249 1751 1198 3315 1219 9056 60693 93982 216056 20881 2732 5013 11448 1020 9444 319154 21577 157533
internal_value=-2.65009e-05 0.000573215 0.00263664 -0.00199476 0.000244493 0.000347113 -0.000583053 -0.000233265 0.000751418 -0.002339 0.00095684 0.000603231 0.00163657 -0.000885831 0.000677646 0.00484358 0.00293609 -0.00196856 -7.15945e-05 -0.000320655 5.74868e-05 0.000941341 0.00178976 0.00313536 0.000372271 0.00184891 0.00309889 -0.000120665 -5.6738e-05 -0.000376285
internal_weight=260408 18162.2 2468.31 466.431 15693.8 15383.6 6071.76 5648.26 3845.33 1802.93 9311.81 8197.81 4848.2 3349.6 3738.31 1109.89 730.386 2619.22 242246 82769.9 159476 26778.2 12504.7 6402.28 6102.38 3266.5 2588.43 132698 67723.2 44406.9
internal_count=1051932 74685 10132 1900 64553 63270 24826 23118 15716 7402 38444 33900 20280 13620 15716 4564 2970 10650 977247 333785 643462 108252 50538 25894 24644 13196 10464 535210 273092 179110
cat_boundaries=0 1 2 3 4 5 6 7 8
cat_threshold=67 40 2 145 341 472 201 42
is_linear=0
shrinkage=0.03


Tree=184
num_leaves=31
num_cat=7
split_feature=51 41 3 41 3 29 32 33 24 0 25 25 43 1 0 25 27 22 43 44 38 18 34 1 11 34 23 37 21 44
split_gain=8.59935 39.1051 23.4213 22.1545 22.4698 22.3945 18.9017 16.8651 15.4384 16.3824 33.3669 16.2266 17.7902 20.3406 16.6651 16.5169 14.9079 14.672 14.075 13.8151 13.7488 15.7146 17.428 13.7386 13.6465 13.2611 13.194 12.8976 12.7348 12.7167
threshold=0.0010890000000000068 567.50000000000011 5.5000000000000009 539.50000000000011 6.5000000000000009 0.20755850000000003 0.24764150000000004 0.62518900000000011 0 2020.5000000000002 1 2 0.14535800000000001 9.5000000000000018 2022.5000000000002 3 0.54482850000000005 4 0.38464600000000004 0.21855500000000003 10072.500000000002 5 0.47928250000000006 6.5000000000000009 15.500000000000002 0.58229750000000002 6 0.10281600000000002 1.5150000000000003 0.0027126550000000004
decision_type=10 2 2 2 2 10 8 8 1 2 1 1 10 2 2 1 10 1 10 10 2 1 10 2 2 10 1 10 2 10
left_child=3 2 -2 4 6 16 -1 -8 9 10 25 17 -13 14 -14 19 18 20 28 -15 21 22 -11 -24 -18 26 -5 -9 -6 -10
right_child=1 -3 -4 8 5 -7 7 27 29 11 -12 12 13 15 -16 -17 24 -19 -20 -21 -22 -23 23 -25 -26 -27 -28 -29 -30 -31
leaf_value=-0.0065597197291536987 -0.0025104167187385827 5.6604255617428099e-05 -0.00046174027060127672 -0.00079734812356251343 0.00051816539952627796 0.0051406093883447244 0.0023343533545127524 0.000555626843720812 0.0024434166211926983 -0.00060197021035158734 0.0015948777651092366 -0.0032228803707905263 0.00087716023938110672 -0.0021152510915538646 -0.00079862757388644812 -0.0053326165529978369 -0.0024827482051704105 0.0019645548665084352 -0.0022535453309802922 0.0070521295939657653 0.0028290880894005928 -0.00060024447962871283 0.0048601304221784249 0.00066663173792416404 0.0039058282547868983 0.0030613764294420177 -0.0061333697992014919 -0.0056802274328856114 0.0048027143281399237 -0.00043360811754641204
leaf_weight=244.4195858836174 9425.0227359235287 81178.875760167837 10844.353825867176 821.5494372844696 3975.7257115393877 672.18224082887173 11632.642678171396 3315.0718297213316 1407.6280748844147 2260.7892822176218 14600.714383423328 2024.1928482651711 9940.6250546276569 548.62728397548199 11533.096599280834 1220.4085203260183 3595.688788279891 5221.8637433201075 1361.6811755299568 198.74782653152943 1614.7470674961805 13283.405951917171 1523.5277059674263 1340.0836537331343 322.30333377420902 314.77503883838654 877.91273851692677 325.01650753617287 743.40068966150284 63690.261115014553
leaf_count=992 38138 328041 43825 3299 15999 2717 47027 13515 5699 9084 59655 8138 40060 2212 46500 4917 14597 21088 5483 801 6511 53492 6146 5403 1306 1285 3527 1353 2990 256733
internal_value=-2.15725e-05 -0.000237372 -0.00141606 0.000116266 0.00091355 -0.000143545 0.00164232 0.00177681 -4.11959e-05 0.000277046 0.00109457 8.60237e-06 -0.000524974 -0.00029057 -2.14601e-05 -0.00320754 -0.000503214 0.000548034 0.0004226 0.000297119 0.000177143 -5.42813e-05 0.00135316 0.00291092 -0.00194697 -0.00250962 -0.00357742 0 0.00120208 -0.00037077
internal_weight=260059 101448 20269.4 158611 26188.1 10671 15517.2 15272.7 132423 67325.1 16615 50710.1 25465.7 23441.5 21473.7 1967.78 9998.8 25244.4 6080.81 747.375 20022.6 18407.8 5124.4 2863.61 3917.99 2014.24 1699.46 3640.09 4719.13 65097.9
internal_count=1050533 410004 81963 640529 105979 43092 62887 61895 534550 272118 67766 204352 102628 94490 86560 7930 40375 101724 24472 3013 80636 74125 20633 11549 15903 8111 6826 14868 18989 262432
cat_boundaries=0 1 2 3 4 5 6 7
cat_threshold=233 2 299 68 2 92 2
is_linear=0
shrinkage=0.03


Tree=185
num_leaves=31
num_cat=9
split_feature=23 18 37 25 26 19 37 25 25 38 38 26 31 50 22 18 29 28 25 35 35 25 50 28 28 3 51 50 26 26
split_gain=13.9086 24.1923 13.4765 16.8143 16.5245 14.679 16.8324 14.0789 12.4216 18.9697 15.658 12.592 12.4604 12.841 12.2579 16.028 17.9408 13.2567 13.6274 12.164 18.7318 14.3735 12.0425 14.4587 11.823 11.7888 12.9102 11.391 11.0794 14.3686
threshold=0 1 0.16650000000000004 2 5223.5000000000009 96.950000000000017 0.168687 3 4 8916.5000000000018 9408.5000000000018 1569.5000000000002 0.48370400000000008 -0.028848000000000009 5 6 0.15852350000000001 0.1421105 7 0.087167550000000024 0.098126750000000026 8 0.010671500000000058 0.14553750000000001 0.29357650000000007 5.5000000000000009 1.0000000180025095e-35 0.0212 1755.5000000000002 3511.5000000000005
decision_type=1 1 10 1 2 2 10 1 1 2 2 2 10 10 1 1 8 8 1 8 10 1 8 10 10 2 10 8 2 2
left_child=14 2 8 4 -4 6 7 -5 9 22 12 -12 13 -10 -1 16 -16 18 -17 -19 -21 -22 23 -2 -14 26 28 -24 -8 -30
right_child=1 -3 3 5 -6 -7 25 -9 10 -11 11 -13 24 -15 15 17 -18 19 -20 20 21 -23 27 -25 -26 -27 -28 -29 29 -31
leaf_value=3.7982386855667939e-05 0.0013642238868838512 0.00027663393386963622 -0.0014480603995808707 -0.009816875004964842 -0.0044294253974218704 -0.0037002487555101889 0.0019715231304613754 -0.0012989393950219098 0.00097175117610033893 0.0019634269120091898 -0.0094243326402853201 -0.0015588132317299226 0.0027550637694332184 -0.00048767582522519869 0.0015967734279774711 -0.0010354935444828255 -3.9925298152089038e-05 -0.0029388166133740134 0.0064172315806582669 0.0055810851250727043 0.0013021543197125444 -0.001656221194437194 0.0029992296866266006 -0.002183503141566864 -0.0037395311614631466 0.0010297577789823899 -0.0027504129197996247 -0.00064491271294034216 -0.0037569998592456 0.00020197397922832623
leaf_weight=99656.925473093987 1148.2871118038893 50497.28094317019 7630.0660533905029 276.47884202003479 2165.7887971103191 1205.3160269707441 1749.032267332077 496.96705675125122 8616.816676273942 1968.2970663309097 244.50322419404984 764.74854063987732 2640.8268262892962 14630.102780476213 18098.635514140129 386.9170295894146 8983.6274247169495 1787.5479144155979 483.31622514128685 472.67878912389278 2291.8322475999594 4083.3785677552223 857.67260745167732 9432.7003210484982 272.56415131688118 5711.3118713200092 2134.2539326101542 7380.4730449467897 1128.680130854249 2998.9952886104584
leaf_count=402583 4702 203837 30755 1115 8719 4853 7052 2001 34810 7939 988 3091 10729 59189 73462 1633 36209 7205 2059 1906 9232 16460 3459 37981 1096 23000 8593 29814 4552 12074
internal_value=1.4063e-06 -0.000228432 -0.000576015 -0.00113373 -0.00210928 -0.00052122 -0.000254463 -0.00455176 -0.000278939 -0.000830854 0.000142525 -0.00351625 0.000285267 5.20478e-05 0.000210727 0.00068038 0.00105241 -0.00037712 0.00313875 -0.000736308 -0.000155959 -0.000588451 -0.00112541 -0.00179538 0.00213395 -9.12177e-06 -0.000753629 -0.000260927 -2.23183e-05 -0.000875256
internal_weight=260196 123951 73453.9 25496.9 9795.85 15701 14495.7 773.446 47957 20787.4 27169.6 1009.25 26160.3 23246.9 136245 36587.9 27082.3 9505.67 870.233 8635.44 6847.89 6375.21 18819.1 10581 2913.39 13722.3 8010.96 8238.15 5876.71 4127.68
internal_count=1051098 500349 296512 102714 39474 63240 58387 3116 193798 83895 109903 4079 105824 93999 550749 148166 109671 38495 3692 34803 27598 25692 75956 42683 11825 55271 32271 33273 23678 16626
cat_boundaries=0 1 2 3 4 5 6 7 8 9
cat_threshold=2 145 788 66 643 2 136 802 594
is_linear=0
shrinkage=0.03


Tree=186
num_leaves=31
num_cat=6
split_feature=32 40 31 33 42 34 25 25 11 36 42 2 2 1 25 25 7 51 28 28 33 40 31 25 25 11 32 51 50 42
split_gain=8.73176 12.295 8.56319 10.5735 12.295 14.7107 10.0741 9.18343 9.64673 8.07427 7.41089 15.3656 12.298 19.8453 29.7869 13.4526 12.8796 12.9273 12.3736 12.009 15.6932 12.3458 15.3732 15.0464 14.0975 12.9843 16.4897 13.4068 12.5302 12.3417
threshold=0.20112350000000004 0.15749850000000001 0.38679700000000006 0.44741300000000006 0.4634970000000001 0.47380250000000007 0 1 10.500000000000002 0.18358450000000001 0.5013525000000002 1.5000000000000002 1.5000000000000002 9.5000000000000018 2 3 1.5000000000000002 0.014566999999999971 0.29166250000000005 0.3418345000000001 0.39539300000000005 0.11737150000000002 0.42334050000000006 4 5 15.500000000000002 0.55603900000000006 0.027848500000000057 0.02741549999999993 0.60466300000000006
decision_type=8 10 10 10 10 10 1 1 2 10 8 2 2 2 1 1 2 10 10 8 8 10 10 1 1 2 8 10 8 10
left_child=1 2 -1 4 -4 7 -5 -6 9 -9 11 -2 18 19 -15 -16 17 -17 -12 21 29 24 23 -23 28 -24 -27 -28 -14 -21
right_child=10 -3 3 6 5 -7 -8 8 -10 -11 12 -13 13 14 15 16 -18 -19 -20 20 -22 22 25 -25 -26 26 27 -29 -30 -31
leaf_value=0.0052056654041729477 0.0011754788738580857 -0.0048034587189161914 0.0035169339662280245 0.0059226439689420768 -0.0057860432696096777 -0.010239676102859868 -0.00050548689839833227 0.0044990212970076751 -0.0051205597622486481 -0.0013492158827298701 -0.0008142563151442994 0.00010040265427577408 -0.00060441524724113161 0.0034493113805781931 -0.00043029651020674397 -0.0025487959828204079 -0.00036062228454276934 -0.0064515258021562421 0.0014590115277481042 0.00044442514469045821 -6.5569032485674668e-05 -0.0011689425746693805 0.00042313786830284274 0.00025599315053265371 -0.0013987409604576044 0.00067137547174523477 0.0085865041746690414 0.00060027594200356147 0.0030546976656258581 -0.0070114668772038244
leaf_weight=213.0579269528389 14359.064557105303 754.08716055750847 289.6415743380785 313.48437231779099 417.51682424545288 224.85058769583702 647.90814946591854 350.8437767624855 313.05366262793541 518.4711896777153 26360.819565191865 72216.023867666721 2061.8373296260834 1095.415876403451 4061.8173752725124 2778.6288798451424 1506.0839867889881 1082.6166975945234 2335.3937461078167 269.5686176866293 1658.8650904595852 11299.777842372656 86300.857268676162 16185.292293503881 8317.6597823500633 1394.3608796000481 580.53508093953133 293.05845619738102 1408.8251366764307 692.37582798302174
leaf_count=862 58009 3057 1167 1261 1695 906 2606 1423 1269 2101 106398 292068 8404 4415 16358 11190 6064 4361 9472 1104 6727 45534 348324 65225 33801 5611 2340 1179 5748 2859
internal_value=3.12294e-05 -0.0013513 -0.000546993 -0.000959907 -0.0021512 -0.00307162 0.00162752 -0.00202821 -0.000610689 0.000984018 5.31738e-05 0.000279092 -6.19192e-05 5.3112e-05 -0.00119952 -0.0017455 -0.00273178 -0.00365497 -0.000628072 0.000154418 -0.00185358 0.00019586 0.000290009 -0.000329137 -0.000728311 0.000482488 0.00272414 0.00595287 0.000871118 -0.0048961
internal_weight=260302 4042.92 3288.83 3075.77 2114.38 1824.74 961.393 1599.89 1182.37 869.315 256259 86575.1 169684 140988 10524.6 9429.15 5367.33 3861.25 28696.2 130463 2620.81 127842 116054 27485.1 11788.3 88568.8 2267.95 873.594 3470.66 961.944
internal_count=1051538 16347 13290 12428 8561 7394 3867 6488 4793 3524 1035191 350077 685114 569244 42388 37973 21615 15551 115870 526856 10690 516166 468213 110759 47953 357454 9130 3519 14152 3963
cat_boundaries=0 1 2 3 4 5 6
cat_threshold=273 280 32 263 394 592
is_linear=0
shrinkage=0.03


Tree=187
num_leaves=31
num_cat=6
split_feature=18 42 7 29 23 18 29 25 39 37 29 42 38 19 25 44 26 26 35 44 35 42 26 27 43 51 29 25 50 31
split_gain=10.5282 8.10076 12.8882 16.984 15.8792 17.0441 16.0003 18.3084 17.9422 15.0519 12.6472 12.3845 12.0104 11.7559 11.5872 11.3978 10.4077 12.9401 10.3983 10.2607 20.7911 22.7442 17.7401 16.6842 16.4725 12.6027 12.2892 11.3365 19.7993 23.7544
threshold=0 0.46205000000000002 1.5000000000000002 0.12949850000000004 1 2 0.14515650000000005 3 0.5393595000000001 0.25480950000000008 0.14149450000000005 0.4634970000000001 1145.5000000000002 73.350000000000009 4 0.059966650000000003 8852.5000000000018 6064.5000000000009 0.14745450000000002 0.29836250000000003 0.23557150000000002 0.44086250000000005 693.50000000000011 0.53359150000000011 0.13091000000000003 -0.048897500000000003 0.14097650000000003 5 0.025792500000000055 0.45785450000000005
decision_type=1 8 2 10 1 1 10 1 10 10 10 8 2 2 1 10 2 2 10 10 10 10 2 10 10 8 10 1 8 10
left_child=-1 2 3 -2 19 10 13 -8 16 12 -6 -3 18 -7 -14 -12 17 -9 -4 20 21 27 -21 -24 -25 -23 -26 28 -5 -30
right_child=1 11 9 4 5 6 7 8 -10 -11 15 -13 14 -15 -16 -17 -18 -19 -20 22 -22 25 23 24 26 -27 -28 -29 29 -31
leaf_value=0.0006599740591437728 0.0018601928474432311 -0.0034641389918655769 -0.0036664184621238659 -0.0015644517942440162 0.0039370436686491555 -0.0023828680756245407 0.0020601664456250798 -0.0026950336858868481 0.0032552367773582089 0.0068415544056246742 0.0051733280847971541 -0.00011595674103535753 0.0031787342301260258 -0.0075683021597576471 -0.00045435039452542417 -0.00069733047724871507 0.0023519408314774436 -0.0089585766423980594 -0.00015255666340085964 0.0046388154366343512 0.0050525984847107431 -0.0019161943103078107 0.0010038524075818886 0.0020923261514666034 -0.012575844586038262 0.003888804381139122 -0.0041070802173459329 -0.0022908773229835355 0.0080308045581467691 -0.003683283933004738
leaf_weight=20083.409104600549 7902.5117301642895 996.97899776697159 1871.9711107313633 1074.8840713500977 956.21472282707691 1754.2524631768465 1587.252621203661 1395.1184184402227 459.09276148676872 241.66181409358978 332.80485200881958 199162.94697342813 873.24483317136765 519.76638628542423 7246.6637152135372 2612.5914068520069 250.93867613375187 386.02748847007751 1303.5251313298941 484.87963674962521 1313.3864860385656 386.53473296761513 1067.6663184016943 277.16323885321617 209.29440194368362 2245.4807990640402 663.07591716945171 1831.3822872042656 549.37933197617531 210.9490370452404
leaf_count=81138 32507 4028 7624 4325 3854 7065 6381 5611 1851 972 1341 804301 3509 2092 29219 10508 1014 1548 5259 1970 5278 1553 4278 1122 844 9052 2670 7371 2207 852
internal_value=2.4608e-07 -5.48298e-05 0.000334651 0.000677848 0.000221915 -0.000612148 -0.00157076 -0.000439761 -0.00204524 -0.000509631 0.000942563 -0.000132835 -0.000671337 -0.00358967 -5.55582e-05 -1.92318e-05 -0.00327056 -0.00408213 -0.00223494 0.00105397 0.00161853 0.000895635 -0.000525397 -0.00167301 -0.00418141 0.00302369 -0.00620927 -0.000625011 0.00102895 0.00473979
internal_weight=260251 240168 40007.7 28470.6 20568.1 10254.1 6352.45 4078.43 2491.18 11537.1 3901.61 200160 11295.4 2274.02 8119.91 2945.4 2032.08 1781.15 3175.5 10314.1 7612 6298.61 2702.08 2217.2 1149.53 2632.02 872.37 3666.59 1835.21 760.328
internal_count=1051344 970206 161877 115294 82787 41265 25562 16405 10024 46583 15703 808329 45611 9157 32728 11849 8173 7159 12883 41522 30638 25360 10884 8914 4636 10605 3514 14755 7384 3059
cat_boundaries=0 1 2 3 4 5 6
cat_threshold=84 2 42 338 2 810
is_linear=0
shrinkage=0.03


Tree=188
num_leaves=31
num_cat=10
split_feature=32 44 42 24 32 29 25 25 26 25 9 9 25 1 25 25 29 32 24 51 18 18 35 39 2 40 38 37 26 42
split_gain=7.41439 13.752 14.6291 16.3224 16.7108 9.74517 8.90797 7.5973 7.09432 6.3467 6.16206 12.2189 13.9369 11.7589 19.5028 14.4666 13.9685 16.0381 13.4292 12.0688 11.9973 11.7301 12.7136 11.6077 11.3175 12.005 11.4368 16.2187 14.6135 10.9583
threshold=0.81980550000000008 0.33554650000000003 0.63241750000000019 0 0.87689400000000017 0.13867750000000004 1 2 1189.5000000000002 3 1.5000000000000002 2.5000000000000004 4 8.5000000000000018 5 6 0.13994250000000005 0.53879600000000016 7 0.00073449999999999915 8 9 0.045663050000000004 0.53292950000000017 2.5000000000000004 0.12907450000000001 5621.5000000000009 0.18138800000000002 1276.5000000000002 0.45604450000000002
decision_type=10 10 10 1 10 10 1 1 2 1 2 2 1 2 1 1 8 10 1 10 1 1 8 10 2 10 2 8 2 10
left_child=10 2 3 5 6 -2 -5 -6 -8 -4 -1 12 24 15 -15 20 17 23 19 -19 -14 22 -17 -16 25 -12 27 28 -27 -13
right_child=1 -3 9 4 7 -7 8 -9 -10 -11 11 29 13 14 16 21 -18 18 -20 -21 -22 -23 -24 -25 -26 26 -28 -29 -30 -31
leaf_value=0.00015014834020896599 -5.6226671182853138e-05 0.0068965122935236069 0.0075596657903894303 0.0053253829498950602 -0.00055255857759936111 0.0068767747788614306 -0.0055948031338464363 -0.0076485002075694667 0.0015220993446191039 0.0015354943270027149 -0.002275370487982827 0.00079069476346798793 -0.006963080809046493 0.0023706532292983671 0.0048541972841906044 0.0038820603332832965 -0.0042636231244900236 -0.0050210772886888104 -0.0071411341800745242 0.0048489178032335217 -0.0017041662949707809 0.00019888311066373681 -0.0022237725080901673 -0.0010851150460901089 -0.00040285664510800233 -0.001257585316228708 -0.0004473647869818857 0.0092179724843493727 0.0047278650905131876 -0.00010592333225164119
leaf_weight=123269.04494181275 370.7053399682045 367.14383628964424 319.39136651158333 244.65705272555351 214.68831576406956 340.81907190382481 217.34080563485622 486.38993282616138 282.49806176126003 366.70666462182999 541.24689598381519 14309.579505577683 473.76721155643463 717.70278257131577 475.88833475112915 329.47347342967987 2849.5764040499926 216.97394222021103 521.27301236987114 223.10247421264648 2292.9603406637907 11383.087230414152 3602.8665354251862 760.14526729285717 6510.8057818114758 592.54197725653648 777.95781420171261 398.98550783097744 930.54783488810062 85791.689164832234
leaf_count=498527 1502 1487 1291 990 867 1378 878 1964 1137 1482 2189 57794 1916 2898 1914 1332 11487 881 2115 904 9285 46040 14569 3062 26255 2388 3138 1607 3751 346031
internal_value=1.50642e-05 0.00144721 0.000726471 -0.000475962 -0.00231149 0.00319293 0.000767784 -0.00564624 -0.00149795 0.00453608 -2.72765e-06 -0.000143901 -0.000638929 -0.00102966 -0.00221182 -0.000651396 -0.00286944 -0.00105752 -0.00396482 0 -0.00264383 -0.000287143 -0.00169769 0.0011836 0.000314218 0.00176387 0.0025863 0.00382854 0.00238174 2.19693e-05
internal_weight=260180 3210.34 2843.2 2157.1 1445.57 711.524 744.496 701.078 499.839 686.098 256969 133700 33598.9 23846.8 5764.66 18082.2 5046.96 2197.38 961.349 440.076 2766.73 15315.4 3932.34 1236.03 9752.09 3241.28 2700.03 1922.08 1523.09 100101
internal_count=1051059 12976 11489 8716 5836 2880 3005 2831 2015 2773 1038083 539556 135731 96403 23261 73142 20363 8876 3900 1785 11201 61941 15901 4976 39328 13073 10884 7746 6139 403825
cat_boundaries=0 1 2 3 4 5 6 7 8 9 10
cat_threshold=21 289 650 211 98 4 4 590 7 25
is_linear=0
shrinkage=0.03


Tree=189
num_leaves=31
num_cat=9
split_feature=45 35 24 39 25 25 1 19 25 13 50 30 27 51 50 37 25 2 42 25 31 32 30 38 25 24 20 43 25 51
split_gain=9.11761 15.0411 12.1941 10.3431 11.3722 10.395 9.34135 10.8784 10.9963 10.5657 9.1613 10.8661 17.2222 9.02423 8.67413 8.53575 16.5577 15.5723 14.7718 14.4362 11.6753 11.355 10.5324 14.1615 11.0579 11.0207 11.4047 8.71854 11.4886 8.52732
threshold=10.500000000000002 0.54772750000000014 0 0.56579250000000003 1 2 7.5000000000000009 73.950000000000017 3 1.5000000000000002 -0.043962499999999953 0.34062250000000005 0.49564250000000004 -0.027170999999999997 -0.14902899999999994 0.18843800000000002 4 5.5000000000000009 0.48377350000000002 5 0.40655750000000007 0.27812950000000008 0.33104150000000004 55.500000000000007 6 7 58.750000000000007 0.36069650000000003 8 -0.022139499999999975
decision_type=2 8 1 10 1 1 2 2 1 2 10 10 10 10 10 10 1 2 10 1 10 10 10 2 1 1 2 10 1 10
left_child=14 2 6 4 -4 -5 7 -2 -9 -10 13 -12 -13 -8 15 22 -17 18 19 -18 -20 -19 25 24 -24 26 -1 28 -27 -6
right_child=1 -3 3 5 29 -7 10 8 9 -11 11 12 -14 -15 -16 16 17 21 20 -21 -22 -23 23 -25 -26 27 -28 -29 -30 -31
leaf_value=-0.0023830926664524135 0.00022766516076063801 0.0065298311441180316 -0.00084302421953649429 -0.002446051070743061 -0.0053181920600167912 0.004038452630017007 0.00010278413916546883 -0.0087735612413127276 0.0026278508802188823 -0.0059986274045304589 -0.0058792022623267177 -0.0043430046797954926 0.0039246048469842336 0.0078853582610638462 0.00010748670294903941 0.0049356775222355086 0.008536373742362666 -0.0032887158618478229 -0.0082593050125182952 -0.0011292156875703202 -0.0016657502919547331 -0.011493360081983832 0.0071434385490302295 -0.00020816068535406705 0.00010178587950573537 -0.010261936880907629 0.0048305386052607232 0.00079382686289491218 -0.0027002068124308944 -0.0021115329783499863
leaf_weight=554.15075299143791 2251.7999266088009 244.48193226754665 3207.4433555603027 369.44187842309475 1277.7749255001545 513.68551371991634 224.31454023718834 258.6321761906147 283.46233262121677 224.81212735176086 201.45303590595722 308.02323433756828 816.31602644920349 362.80785991251469 226680.55862623453 283.96733002364635 224.72121001780033 405.18176317214966 279.88613526523113 323.36465515196323 1863.2726946622133 258.90231081843376 419.24742159247398 14684.621568515897 402.38540522754192 319.82458186149597 301.94402426481247 212.17641790211201 491.16048491001129 1924.9938944727182
leaf_count=2242 9102 990 12933 1493 5162 2075 906 1045 1145 908 814 1251 3293 1465 915852 1142 903 1634 1134 1303 7517 1040 1709 59213 1645 1294 1223 857 1993 7762
internal_value=1.3345e-05 -0.000777942 -0.000928107 -0.00170616 -0.00212956 0.00131078 0.000219828 -0.000811999 -0.00389263 -0.00111991 0.00186365 0.000453566 0.00162747 0.00497844 5.33083e-05 -0.000529326 -0.00185118 -0.0024458 -0.00141997 0.00293865 -0.00255116 -0.00656968 -0.000250626 4.68287e-06 0.00383202 -0.00236984 0.000132669 -0.0044452 -0.00590522 -0.00339341
internal_weight=260175 12469.4 12225 7293.34 6410.21 883.127 4931.62 3018.71 766.907 508.274 1912.91 1325.79 1124.34 587.122 247705 21024.8 3639.3 3355.33 2691.24 548.086 2143.16 664.084 17385.5 15506.3 821.633 1879.26 856.095 1023.16 810.985 3202.77
internal_count=1051045 50344 49354 29425 25857 3568 19929 12200 3098 2053 7729 5358 4544 2371 1000701 84849 14673 13531 10857 2206 8651 2674 70176 62567 3354 7609 3465 4144 3287 12924
cat_boundaries=0 1 2 3 4 5 6 7 8 9
cat_threshold=75 682 120 530 64 274 818 740 389
is_linear=0
shrinkage=0.03


Tree=190
num_leaves=31
num_cat=8
split_feature=3 21 32 51 26 25 33 0 24 33 24 43 43 32 24 32 35 38 35 51 24 39 24 42 26 26 24 25 19 1
split_gain=8.17712 9.38313 18.4266 9.10287 13.4855 11.9984 20.3617 19.0473 18.1259 19.7292 16.073 15.4274 15.2174 13.5664 13.2457 14.4042 16.8879 14.2848 13.0225 13.5126 12.7464 12.5681 11.6595 12.2179 11.9395 11.2559 20.1359 16.2324 11.1017 11.9245
threshold=2.5000000000000004 2.0550000000000002 0.5698295000000001 -0.042037999999999985 87.500000000000014 0 0.3811115000000001 2022.5000000000002 1 0.47504150000000006 2 0.34765850000000004 0.17399750000000005 0.66331550000000006 3 0.33484850000000005 0.28501400000000005 576.50000000000011 0.22594650000000002 -0.062224499999999981 4 0.53172850000000016 5 0.5079935000000001 3930.5000000000005 4685.5000000000009 6 7 83.550000000000011 5.5000000000000009
decision_type=2 2 8 8 2 1 10 2 1 10 1 10 10 10 1 10 10 2 10 10 1 10 1 10 2 2 1 1 2 2
left_child=1 -1 -3 4 -2 6 10 14 21 -10 -6 12 -8 22 17 -16 -17 -7 -13 -20 -14 -9 -11 -24 -25 -5 27 -27 29 -29
right_child=3 2 -4 25 5 7 11 8 9 13 -12 18 20 -15 15 16 -18 -19 19 -21 -22 -23 23 24 -26 26 -28 28 -30 -31
leaf_value=0.00038129856087559599 0.0046919360799149617 -0.0037894837707817103 0.0027044553380801174 -9.2044616579782702e-05 0.0032568613794463084 0.0049746642764370054 0.0026401894215893652 0.004321668717584431 -0.00058960218763021253 -0.00074993923255088299 -0.0020657629911395811 0.003371216023801 0.002626034288279352 -0.0089721836365371926 -0.002266738029740653 7.164869802388308e-06 0.0043103327489221414 0.0009545690451842223 0.0024357413023195044 -0.0041802099927523359 -0.0004568951707593598 -0.0038898604213864732 -0.0067535677967232475 -0.0039870010679091544 0.0043580137773320824 0.0032684397359278384 -0.0018714171959481245 0.00075942331477280435 0.0014874825908607853 -0.001364363922363699
leaf_weight=56919.320507034659 605.95226439833641 1277.1415528506041 559.78162871301174 124234.10507178307 592.0195419639349 972.83692832291126 2561.7040027678013 844.7795425504446 7951.0496919751167 1554.5277597159147 3203.4624597877264 4034.4102602005005 1417.238366022706 343.03375688195229 2248.1920359283686 9676.6782537400723 895.33413004875183 4506.4986974149942 679.15542885661125 464.8366487622261 7713.4651388823986 202.90518359839916 914.83702616393566 513.77491490542889 214.57047046720982 1163.8283722549677 9554.9824632406235 3275.8762437403202 2333.4879595786333 8539.9773347526789
leaf_count=230373 2453 5148 2286 502100 2393 3924 10303 3395 32088 6255 12962 16234 5707 1377 9069 39021 3603 18143 2730 1870 31047 815 3667 2065 860 4693 38463 13258 9415 34512
internal_value=1.2589e-06 0.000312723 -0.00179304 -8.95456e-05 0.000251501 0.000198407 0.000757757 -0.000175686 -0.00107698 -0.00142296 -0.00122259 0.00120565 0.000598267 -0.0032878 0.00044025 -8.58235e-05 0.000375553 0.00167307 0.00257013 -0.000230256 2.14229e-05 0.0026708 -0.00266079 -0.0044143 -0.00147975 -0.000208945 -0.00079166 -0.000114432 -0.000397547 -0.000772975
internal_weight=259970 58756.2 1836.92 201214 52111.3 51505.3 20666.3 30839 12539.5 11491.8 3795.48 16870.8 11692.4 3540.74 18299.5 12820.2 10572 5479.34 5178.4 1143.99 9130.7 1047.68 3197.71 1643.18 728.345 149102 24868.2 15313.2 14149.3 11815.9
internal_count=1050229 237807 7434 812422 209981 207528 83246 124282 50522 46312 15355 67891 47057 14224 73760 51693 42624 22067 20834 4600 36754 4210 12847 6592 2925 602441 100341 61878 57185 47770
cat_boundaries=0 1 2 3 4 5 6 7 8
cat_threshold=27 2 10 13 24 89 331 2
is_linear=0
shrinkage=0.03


Tree=191
num_leaves=31
num_cat=3
split_feature=18 44 3 26 30 21 34 26 44 9 24 26 30 34 27 32 38 42 26 34 37 31 0 38 37 37 1 24 1 38
split_gain=8.29106 14.385 10.5527 9.12219 8.49321 8.10974 22.0614 13.7236 13.1727 12.0616 14.4483 14.2793 13.2892 11.751 13.1103 11.454 10.6042 10.0068 10.9733 9.68394 9.3355 14.8265 9.04081 16.8288 12.2513 20.1448 14.0858 14.0273 21.226 14.6064
threshold=0 0.045046850000000006 6.5000000000000009 1276.5000000000002 0.35640150000000009 1.0000000180025095e-35 0.6442730000000001 362.50000000000006 0.045046850000000006 9.5000000000000018 1 144.50000000000003 0.36242150000000006 0.52039800000000003 0.54118350000000015 0.34807050000000006 628.50000000000011 0.66292450000000003 1003.5000000000001 0.56530900000000017 0.12575500000000003 0.41201800000000005 2023.5000000000002 9661.5000000000018 0.16924800000000004 0.17031800000000005 8.5000000000000018 2 3.5000000000000004 212.50000000000003
decision_type=1 8 2 2 10 2 10 2 10 2 1 2 10 10 10 10 2 10 2 10 10 10 2 2 8 8 2 1 2 2
left_child=1 4 -3 -4 -1 6 7 15 17 22 11 -11 -12 14 20 -2 -13 18 -9 -15 -10 -22 23 -7 26 -26 -24 28 -27 -29
right_child=5 2 3 -5 -6 9 -8 8 13 10 12 16 -14 19 -16 -17 -18 -19 -20 -21 21 -23 24 -25 25 27 -28 29 -30 -31
leaf_value=0.0015851566721309159 0.0010810429493584171 0.00085607835322246714 0.00073458029778234921 0.0057145731381768776 -0.0048202565426555717 3.6747116640438877e-05 -0.0091112989222202016 -0.00040592602093610672 0.0065218259657117833 0.010663630083475534 0.0028268763478358759 -0.0017930510598195501 -0.0011556662988007433 0.0068832178551449319 -0.0053556248277614642 -0.0050249115022311039 0.0033923454866012924 0.0016990136704263673 -0.0098430767417204013 0.00071521780621735718 -0.0058303529998976868 0.0025885528699669293 0.00048279488038453853 0.0021437471435394903 -0.0069105078163533623 0.0047368301783362477 -0.0023559763290064034 -0.00778083378426833 -0.0018197052740061177 7.4003018293880546e-05
leaf_weight=275.89463236927986 379.39801460504532 3805.1533145755529 544.50827167928219 909.48213143646717 529.14984710514545 199054.12995907664 297.20904223620892 204.91822324693203 241.88626746833324 205.91594018042088 1099.1561174988747 429.01468467712402 2381.0445809811354 506.68259857594967 340.35609558224678 940.50207114219666 1846.7705279290676 237.69939188659191 258.57598865032196 439.11099331080914 274.55871270596981 581.34742486476898 15517.375537395477 3469.1881964951754 482.36011676490307 459.48966911435127 1745.7838546931744 213.66360467672348 10187.04944460094 12627.977284580469
leaf_count=1118 1533 15403 2198 3659 2133 804660 1199 826 973 831 4441 1732 9592 2035 1365 3787 7450 959 1041 1767 1106 2338 62618 13988 1940 1851 7033 860 41068 50809
internal_value=2.61063e-05 0.00112119 0.0016983 0.00387555 -0.00259021 0 -0.00123395 -0.000689821 0.000397285 2.31968e-05 0.00135606 0.00309786 9.46121e-05 0.00146926 -0.000220263 -0.00324864 0.00240059 -0.00319537 -0.00576451 0.00406249 0.00135489 -8.80784e-05 -9.29601e-06 7.3019e-05 -0.000414298 -0.00085333 0.000193619 -0.000726794 -0.00153122 -5.60959e-05
internal_weight=260485 6064.19 5259.14 1453.99 805.044 254421 4702.24 4405.04 3085.14 249719 5961.9 2481.7 3480.2 2383.94 1438.15 1319.9 2275.79 701.194 463.494 945.794 1097.79 855.906 243757 202523 41233.7 23970.5 17263.2 23488.2 10646.5 12841.6
internal_count=1052313 24511 21260 5857 3251 1027802 18929 17730 12410 1008873 24046 10013 14033 9584 5782 5320 9182 2826 1867 3802 4417 3444 984827 818648 166179 96528 69651 94588 42919 51669
cat_boundaries=0 1 2 3
cat_threshold=64 291 624
is_linear=0
shrinkage=0.03


Tree=192
num_leaves=31
num_cat=9
split_feature=46 43 31 30 25 24 39 43 44 33 26 24 30 25 18 19 21 35 22 31 26 38 22 26 31 35 24 39 24 7
split_gain=7.85809 12.3294 15.4343 14.9771 14.9282 17.5428 19.7572 15.7096 14.6485 14.4812 14.2179 19.8765 13.5132 13.219 15.0576 12.7774 12.5734 17.3895 12.3971 17.2991 13.5524 12.2889 12.2486 12.0302 11.5388 15.4462 11.4059 25.25 11.1949 11.0835
threshold=1.0000000180025095e-35 0.30720150000000007 0.50012800000000002 0.42088650000000005 0 1 0.52900150000000012 0.23595850000000004 0.30169950000000006 0.50963400000000014 362.50000000000006 2 0.36433350000000003 3 4 97.850000000000009 0.92500000000000016 0.052864450000000007 5 0.45432250000000002 1821.5000000000002 334.50000000000006 6 3076.5000000000005 0.46004050000000002 0.086114200000000016 7 0.52338750000000012 8 1.0000000180025095e-35
decision_type=2 8 10 10 1 1 8 10 10 8 2 1 10 1 1 2 2 8 1 10 2 2 1 2 10 10 1 10 1 2
left_child=1 2 3 4 5 6 7 23 9 26 11 -11 -13 -3 -15 -16 -10 -18 19 -8 -20 -12 24 -1 -7 -26 27 -6 -19 -2
right_child=29 13 -4 -5 8 22 18 -9 16 10 21 12 -14 14 15 -17 17 28 20 -21 -22 -23 -24 -25 25 -27 -28 -29 -30 -31
leaf_value=0.0042497864509493917 -0.00045891957505306258 -0.0008492310321263788 -0.0017020585957819882 -0.0010680148151892914 -0.0030321812544801307 0.0009822575409200987 1.8704331478864809e-05 0.0024695806819284372 -0.0018712856391348176 0.0024815291063726283 -0.0023542281914348765 -0.00079988688490000958 -0.006934941817998766 -0.00153879895750236 0.00022188528829671369 0.0026424831449929093 0.0064343057360032457 0.0014813316234054601 0.0034340639451015697 0.0063552478326246347 -0.0038202463043702315 0.00056544985359995969 0.0020680042884737731 0.010662675040762013 -0.0044043805429245589 -5.0181316283908992e-06 0.0018808990120980588 0.0024701353377349941 -0.0020482753974990844 0.00010540934180189159
leaf_weight=565.22762331366539 52952.762662231922 16366.598532751203 2858.96740911901 4833.2654971778393 1475.8257116675377 10602.353945404291 934.11453561484814 1247.0897301733494 4606.6983766257763 527.08755986392498 1399.8552153110504 575.22413992881775 774.03487175703049 4161.3115200549364 33275.766121998429 2086.9445384591818 391.6769362539053 1642.977402344346 335.33056309819221 671.80052909255028 717.3098776191473 16854.840741634369 5429.348440989852 541.65531021356583 860.54112936556339 4351.4437390863895 9645.5440270006657 1519.3868042379618 1563.7933617085218 76529.493993148208
leaf_count=2285 214088 65941 11526 19469 5935 42806 3771 5038 18610 2145 5702 2335 3121 16760 134060 8392 1587 6685 1364 2711 2915 68400 22201 2191 3496 17647 38728 6117 6288 309253
internal_value=4.03837e-05 0.000204459 0.000456088 0.000542188 0.000658431 0.00121708 0.00281476 0.00482378 0.000299307 0.000583736 8.23809e-05 -0.00240028 -0.00431724 -0.000132337 0.00016398 0.000365695 -0.000832496 0.000489474 0.00103178 0.00269502 -0.00147769 0.000339562 0.0008372 0.00743531 0.000412963 -0.000739257 0.00137959 -0.000230558 -0.00023262 -0.000125151
internal_weight=260298 130816 74925.4 72066.4 67233.2 26256.2 5012.53 2353.97 40976.9 32771.8 20131 1876.35 1349.26 55890.6 39524 35362.7 8205.15 3598.45 2658.56 1605.92 1052.64 18254.7 21243.7 1106.88 15814.3 5211.98 12640.8 2995.21 3206.77 129482
internal_count=1051567 528226 303073 291547 272078 106425 20275 9514 165653 132483 81703 7601 5456 225153 159212 142452 33170 14560 10761 6482 4279 74102 86150 4476 63949 21143 50780 12052 12973 523341
cat_boundaries=0 1 2 3 4 5 6 7 8 9
cat_threshold=216 18 20 196 33 2 2 272 405
is_linear=0
shrinkage=0.03


Tree=193
num_leaves=31
num_cat=5
split_feature=31 21 39 27 24 39 39 18 27 37 51 24 50 43 34 7 25 35 7 27 27 36 51 33 2 35 26 37 25 32
split_gain=9.98851 11.9718 8.75889 8.10012 14.6839 11.8322 7.59809 7.47949 13.5266 12.8725 10.0163 9.4275 14.9179 14.2918 12.0787 13.5824 8.97319 10.006 8.84893 8.0801 11.3008 8.15421 7.97252 10.2318 7.81621 7.70484 7.53154 8.76287 8.93658 13.9844
threshold=0.50012800000000002 1.385 0.57043800000000011 0.67082950000000008 0 0.59526250000000014 0.56232850000000012 1 0.43885500000000005 0.27103300000000002 -0.0039575000000000296 2 -0.049080000000000006 0.34130850000000007 0.53087800000000007 1.5000000000000002 3 0.23979150000000002 1.0000000180025095e-35 0.56419550000000018 0.5135875000000002 0.15520350000000002 -0.011231999999999963 0.43991700000000006 3.5000000000000004 0.12376050000000001 1276.5000000000002 0.091007700000000011 4 0.55603900000000006
decision_type=8 2 10 10 1 10 10 1 10 8 8 1 10 10 10 2 1 10 2 10 10 10 10 10 2 10 2 10 1 10
left_child=3 -2 -3 7 5 -5 -6 8 10 11 -1 18 16 -14 -15 25 22 19 -10 20 -18 24 23 -13 -22 -16 -20 -28 29 -29
right_child=1 2 -4 4 6 -7 -8 -9 9 -11 -12 12 13 14 15 -17 17 -19 26 -21 21 -23 -24 -25 -26 -27 27 28 -30 -31
leaf_value=0.00031377042481984244 -0.00033339468539698162 -0.0036812105809633199 0.0015863332197070231 0.0020506879056497928 3.8974597657188357e-05 0.0089278727566490246 -0.0070225927828226993 -4.3955624296102854e-06 0.00016017155309941994 0.0059995805392880413 -0.0060801618129530111 0.0023003630930341383 -4.0215771341787135e-05 0.0045200177817994553 -0.0005511799515894077 -0.0064605062331656634 -0.0015226058459270337 0.00017069170395013879 0.00042530405531437384 -8.6957778649689147e-05 -0.0013878250475021726 -0.012971315667009872 0.0023365164917714793 -0.0050730099012874369 -0.0093246405690526231 0.0067112099541059107 0.0068222271867452383 0.002161697649970859 0.0014667107262063446 0.010640932890685297
leaf_weight=396.98385001718998 7146.5788073390722 1852.0001516640186 325.0650345236063 1723.3178851753473 374.64566870033741 261.67754112184048 205.9979086369276 223592.90170170367 4635.0961197316647 400.5716136097908 469.52664189040661 272.87415032088757 6262.8072516769171 1341.5359939336777 313.76304534077644 219.31106323003769 404.74029932916164 618.38500456511974 2306.3227896541357 321.49740782380104 226.09158860146999 210.31803233921528 733.13698126375675 421.82381197810173 242.08778953552246 214.86905966699123 396.20272722840309 536.76102608442307 3618.7264022827148 267.73082940280437
leaf_count=1618 28852 7455 1325 7568 1533 1154 862 902648 18736 1614 1905 1098 25273 5389 1267 883 1628 2487 9306 1311 908 844 2949 1697 972 869 1605 2161 14620 1086
internal_value=3.18644e-05 -0.000931938 -0.00287983 6.77976e-05 0.00174418 0.00296955 -0.00239704 5.03429e-05 0.000544168 0.000678704 -0.00312536 0.000586228 -1.07603e-05 0.00067223 0.00281898 -0.000197978 -0.00167165 -0.0029484 0.00118677 -0.00436116 -0.00559835 -0.0079682 0.000138442 -0.00213635 -0.00558873 0.00236549 0.00185165 0.00252731 0.00213146 0.00498797
internal_weight=260313 9323.64 2177.07 250990 2565.64 1985 580.644 248424 24831.2 23964.7 866.51 23564.1 11803.2 8352.29 2089.48 747.943 3450.96 2023.12 11760.8 1404.74 1083.24 678.497 1427.83 694.698 468.179 528.632 7125.74 4819.42 4423.22 804.492
internal_count=1051623 37632 8780 1013991 11117 8722 2395 1002874 100226 96703 3523 95089 47575 33681 8408 3019 13894 8150 47514 5663 4352 2724 5744 2795 1880 2136 28778 19472 17867 3247
cat_boundaries=0 1 2 3 4 5
cat_threshold=345 96 587 51 514
is_linear=0
shrinkage=0.03


Tree=194
num_leaves=31
num_cat=10
split_feature=50 43 37 33 19 34 25 31 24 34 44 18 24 33 25 28 20 37 24 34 25 24 24 36 26 20 18 28 35 36
split_gain=9.02515 12.2524 11.5965 14.3546 14.2342 12.2002 13.845 17.8077 11.4988 11.4481 17.4661 11.3542 11.0986 11.4994 11.1868 13.0273 10.8543 10.4809 14.8718 12.3322 11.7729 16.718 11.4766 10.7428 10.7421 10.6142 10.1392 9.72239 9.43989 9.9491
threshold=-0.16249449999999996 0.4624215000000001 0.16467100000000004 0.3811115000000001 11.850000000000003 0.53434300000000012 0 0.4681570000000001 1 0.53154050000000008 0.31610800000000006 2 3 0.49012550000000005 4 0.24663650000000001 98.65000000000002 0.11731000000000001 5 0.53948650000000009 6 7 8 0.13117700000000002 2044.5000000000002 91.65000000000002 9 0.25124650000000009 0.21635550000000001 0.11367400000000001
decision_type=8 10 10 10 2 10 1 10 1 10 8 1 1 10 1 10 2 10 1 10 1 1 1 10 2 2 1 10 10 10
left_child=1 2 3 -1 16 6 11 -8 -3 10 12 27 13 -5 15 -14 -4 18 25 -19 21 -21 -22 26 -24 -11 -20 -6 29 -10
right_child=-2 8 4 9 5 -7 7 -9 28 17 -12 -13 14 -15 -16 -17 -18 19 23 20 22 -23 24 -25 -26 -27 -28 -29 -30 -31
leaf_value=-0.0041080037095949746 1.3704303253052482e-05 0.0063463816779857568 0.0031703319343390768 -0.0016611279597531304 0.0060653336374691799 -0.0058036841497454937 -0.0043857047668104457 0.0033427842713366304 0.0011562969524034534 -0.0032748752764946878 -0.0052149475416149857 -0.0047622103781889925 0.012955637618336851 0.0047277969169268802 0.0022061003935319179 0.0023404711097125149 -0.0031636261529809505 -0.0062677891094690087 0.0019983131228580677 -0.0025090690775395282 -0.0045612411019323069 0.0059530096649636609 0.0052234602102567782 -0.0064449876429307704 -0.0027044456744638287 -0.010660136254188534 -0.00507491397019646 -0.001441500332083499 0.0037653419698845296 -0.0076383764157608638
leaf_weight=820.30296456813812 245139.58859421313 383.44234198331833 690.24810548126698 936.10369236767292 408.0704485476017 1018.0388336032629 1838.5035574287176 307.33522276580334 249.84829622507095 846.2162394374609 315.07047735154629 198.99264341592789 230.96197457611561 344.18228316307068 1193.5675634294748 204.74520184099674 369.13661243021488 209.09117262065411 1075.6120550632477 280.79536847770214 437.11690683662891 739.1496097445488 347.11312456429005 211.10826408863068 266.53293637931347 228.35011024773121 205.13691326975822 239.09956477582455 351.03271147608757 204.298673376441
leaf_count=3321 990470 1546 2780 3771 1639 4099 7420 1235 1006 3408 1265 803 928 1385 4808 827 1487 841 4349 1128 1763 2987 1403 848 1077 917 828 970 1418 824
internal_value=-3.00941e-05 -0.000740668 -0.000991201 -0.000334072 -0.00213693 -0.00295535 -0.00197134 -0.00324661 0.00217181 4.71695e-05 0.00143507 0.00125091 0.00217012 3.97715e-05 0.00379909 0.00790571 0.00093236 -0.000870456 -0.00218682 0.00059919 0.00131512 0.00359206 -0.00089609 -0.000207039 0.00170729 -0.00485239 0.000808851 0.00320265 5.13294e-05 -0.00275854
internal_weight=260289 15149.2 13960.6 8891.16 5069.42 4010.04 2992 2145.84 1188.62 8070.85 3224.63 846.163 2909.56 1280.29 1629.27 435.707 1059.38 4846.22 2566.42 2279.8 2070.71 1019.94 1050.76 1491.86 613.646 1074.57 1280.75 647.17 805.18 454.147
internal_count=1051551 61081 56287 35854 20433 16166 12067 8655 4794 32533 12984 3412 11719 5156 6563 1755 4267 19549 10350 9199 8358 4115 4243 6025 2480 4325 5177 2609 3248 1830
cat_boundaries=0 1 2 3 4 5 6 7 8 9 10
cat_threshold=97 357 201 99 532 402 302 131 540 139
is_linear=0
shrinkage=0.03


Tree=195
num_leaves=31
num_cat=5
split_feature=46 31 24 37 19 2 22 24 32 51 24 42 32 31 43 36 36 51 28 19 9 0 28 33 51 29 29 24 29 17
split_gain=9.72623 9.44031 10.7245 10.5425 10.8052 10.4823 10.0029 14.4136 25.6058 15.1355 14.4039 12.7144 11.9994 13.0951 11.4235 13.6197 14.2833 16.921 14.4593 12.8023 12.2792 11.1964 12.5173 10.946 9.80136 19.0436 17.6253 13.3998 10.4958 12.104
threshold=1.0000000180025095e-35 0.50012800000000002 0 0.15927150000000004 54.850000000000001 3.5000000000000004 1 2 0.48290500000000008 0.09621399999999998 3 0.76552450000000005 0.60797550000000011 0.46611950000000008 0.1754995 0.18637200000000001 0.17077550000000002 -0.028897999999999948 0.22258350000000002 6.3500000000000005 1.5000000000000002 2020.5000000000002 0.17567850000000004 0.52878650000000016 0.002084000000000003 0.19644300000000003 0.10566300000000002 4 0.19231100000000004 1.0000000180025095e-35
decision_type=2 8 1 10 2 2 1 1 8 10 1 10 10 10 10 8 10 10 10 2 2 2 10 10 10 10 10 1 10 2
left_child=1 6 3 5 -5 -3 7 8 11 -10 -8 21 14 -14 19 16 -16 18 -18 -12 23 22 -1 -21 28 26 27 -26 29 -9
right_child=-2 2 -4 4 -6 -7 10 24 9 -11 12 -13 13 -15 15 -17 17 -19 -20 20 -22 -23 -24 -25 25 -27 -28 -29 -30 -31
leaf_value=0.0031921668136737258 -0.00019891614096877852 -0.00058750013395931426 -0.0022304210857514283 0.00093453937941537538 -0.0056127399508144387 0.0056410799894048127 0.0015240007115189397 -0.00038631641283333609 0.0015079724902623225 0.0063732513647693362 0.0039985800185175823 0.0053360525150901676 0.0024560351709465582 -0.0017572543014298992 3.1406190503781089e-05 0.0014534710539034167 -0.0035702232083499865 -0.005276929347426196 0.0039008264687925005 0.0019342142236839425 -0.0066238004903524748 -1.4728812227314757e-05 -0.0037832520318978047 -0.0064332975672053956 -0.00038720158534117998 -0.0053542656460619066 -0.00025793417083642137 -0.0063460681234549067 0.0026942049143779639 0.00058597389791497203
leaf_weight=261.08485552668571 129463.82342125475 428.31523950397968 3014.4325928241014 570.16769255697727 366.7902654260397 534.97253242135048 11409.481610640883 25082.357705563307 9192.529478430748 616.60915763676167 219.48806756734848 295.97857086360455 3497.6206788867712 808.46654540300369 10915.670614078641 4972.1122599095106 452.12152768671513 1075.292869374156 473.96538226306438 432.25096547603607 655.2794726639986 3663.0655193477869 1694.3347555100918 203.59171344339848 638.33659307658672 728.36058208346367 25147.18640165031 765.20427298545837 1400.2303051203489 21298.696644380689
leaf_count=1057 523272 1735 12152 2292 1472 2168 46374 101122 37148 2532 882 1190 14256 3302 44097 20073 1824 4340 1909 1737 2635 14697 6806 824 2609 2932 101452 3114 5638 85863
internal_value=-1.44689e-05 0.000167846 -0.00112065 0.000633196 -0.00160634 0.00284734 0.000218408 5.17329e-05 0.000877474 0.00181872 0.000648419 -0.000677161 0.000224864 0.00165736 -9.16456e-05 0.000118471 -0.000393302 -0.00272124 0.000221372 -0.00259504 -0.00374579 -0.00100195 -0.00283312 -0.000715665 -0.000120972 -0.000574873 -0.000442041 -0.00371176 0.000137534 5.95324e-05
internal_weight=260278 130814 4914.68 1900.25 936.958 963.288 125899 90784 15723.6 9809.14 35115.3 5914.46 23705.9 4306.09 19399.8 17889.2 12917.1 2001.38 926.087 1510.61 1291.12 5618.49 1955.42 635.843 75060.4 27279.1 26550.7 1403.54 47781.3 46381.1
internal_count=1051504 528232 19819 7667 3764 3903 508413 366160 63430 39680 142253 23750 95879 17558 78321 72243 52170 8073 3733 6078 5196 22560 7863 2561 302730 110107 107175 5723 192623 186985
cat_boundaries=0 1 2 3 4 5
cat_threshold=736 2 18 417 204
is_linear=0
shrinkage=0.03


Tree=196
num_leaves=31
num_cat=4
split_feature=37 45 36 31 29 19 25 36 51 29 4 10 3 32 32 35 44 19 25 27 35 7 37 51 21 10 35 45 18 28
split_gain=8.51082 16.298 12.7941 13.779 12.5234 13.072 11.9705 12.6661 16.4677 14.3282 11.9509 12.6774 14.1936 13.3481 13.9462 11.6958 12.4932 11.5632 16.6435 11.1659 19.0459 10.4851 11.5708 12.4064 11.6335 11.1818 10.959 10.7699 12.586 13.4147
threshold=0.16419500000000001 9.5000000000000018 0.20031850000000004 0.45266650000000003 0.11765200000000002 99.950000000000017 0 0.16440700000000003 -0.019740499999999991 0.22690700000000005 1 2.5000000000000004 5.5000000000000009 0.42713350000000005 0.50543550000000015 0.22460450000000001 0.22702100000000003 49.750000000000007 2 0.50573250000000003 0.17179600000000003 1.5000000000000002 0.18380900000000003 -0.042037999999999985 3.6250000000000004 4.5000000000000009 0.17411250000000003 2.5000000000000004 3 0.15980700000000003
decision_type=10 2 10 10 10 2 1 10 10 10 1 2 2 10 10 10 10 2 1 10 10 2 10 10 2 2 10 2 1 10
left_child=2 4 17 -4 -2 6 7 8 -6 10 -9 12 15 -13 -15 16 19 18 -1 20 -12 27 23 25 -24 -23 -25 -8 29 -29
right_child=1 -3 3 -5 5 -7 21 9 -10 -11 11 13 -14 14 -16 -17 -18 -19 -20 -21 -22 22 24 26 -26 -27 -28 28 -30 -31
leaf_value=0.00052969334188044195 0.0032249070499898148 -0.0016374642427428624 0.0006178611997858924 0.0047390553692299988 0.00083530018871940412 -0.0038859451184357274 -0.00015063371474985217 0.0015633538534899343 -0.0024730916560307438 -0.0050500436686793208 0.0048811874177942206 -0.00083822873973741531 -0.0028454151062203589 0.0057486905385158134 0.00088817442610802976 0.0020734704700049126 0.0025216263088177933 0.00033612431241771668 -0.00047510514373444321 -0.0042262020810153577 -0.0036996472696575987 0.0027857781316727279 0.00083591271512442383 -0.0029715495205707445 0.0078153812465054408 -0.0033984668587019166 0.00010131913717443461 0.0013608400092671978 0.00046429611001754027 -0.0017624344692973829
leaf_weight=21185.227970302105 1008.0924837291241 6625.3688108921051 2217.7373732030392 1102.0903121829033 2620.5006992071867 824.50182221829891 23873.866922900081 10774.304677203298 2776.1355033069849 370.12329158186913 426.35418573021889 1277.8723995685577 1897.1602514386177 945.87885494530201 1250.3020544499159 1855.4517993330956 666.32330664992332 93330.80314040184 49316.957613870502 1104.9991927593946 504.70530813932419 1288.2042523920536 8965.9336668252945 2277.5112992823124 218.57848638296127 324.00217837095261 1893.1609512716532 1344.3420638591051 3665.4317450523376 14014.945465743542
leaf_count=85696 4072 26762 8938 4451 10560 3321 96214 43395 11182 1497 1714 5152 7636 3801 5033 7467 2689 377792 199367 4446 2034 5185 36094 9178 879 1304 7630 5523 14775 56391
internal_value=2.65416e-05 -0.000203704 0.000154542 0.00199805 -9.30631e-05 -0.000132804 -9.56194e-05 0.000432215 -0.000861474 0.000765215 0.000871342 0.000117154 -0.000665953 0.00158016 0.00300019 0.000235928 -0.00101554 0.000116967 -0.00017273 -0.00218983 0.000200659 -0.000337615 0.000344689 -0.000703235 0.00100778 0.00152036 -0.00157045 -0.000576458 -0.00110914 -0.00148593
internal_weight=259947 92794.1 167153 3319.83 86168.7 85160.6 84336.1 26470.1 5396.64 21073.5 20703.4 9929.05 6454.99 3474.05 2196.18 4557.83 2702.38 163833 70502.2 2036.06 931.059 57866 14967.4 5782.88 9184.51 1612.21 4170.67 42898.6 19024.7 15359.3
internal_count=1050178 373934 676244 13389 347172 343100 339779 106606 21742 84864 83367 39972 25986 13986 8834 18350 10883 662855 285063 8194 3748 233173 60270 23297 36973 6489 16808 172903 76689 61914
cat_boundaries=0 1 2 3 4
cat_threshold=259 2 104 138
is_linear=0
shrinkage=0.03


Tree=197
num_leaves=31
num_cat=10
split_feature=23 34 29 42 36 0 25 24 43 26 24 35 32 6 34 25 24 25 2 24 27 26 3 24 26 51 28 25 13 1
split_gain=9.08818 14.8205 14.9697 12.9711 11.6945 13.1989 22.5423 17.1082 16.1965 15.3899 16.8496 15.3094 15.9505 13.5756 16.08 15.0541 13.8787 12.6823 12.8338 12.5883 12.0768 11.9295 11.4912 17.3666 16.0669 13.7202 11.198 11.1721 11.5497 10.9311
threshold=0 0.35630850000000008 0.13009150000000005 0.54120200000000007 0.14642300000000003 2019.5000000000002 1 2 0.24429700000000001 1954.5000000000002 3 0.17179600000000003 0.54449900000000018 1.0000000180025095e-35 0.52385700000000013 4 5 6 1.5000000000000002 7 0.57877650000000014 2913.5000000000005 4.5000000000000009 8 941.50000000000011 0.03924250000000002 0.26076350000000009 9 -7.4999999999999991 5.5000000000000009
decision_type=1 8 10 10 10 2 1 1 10 2 1 10 10 2 10 1 1 1 2 1 10 2 2 1 2 10 10 1 2 2
left_child=1 2 -1 -4 5 6 7 -3 9 20 11 -11 -13 14 15 -8 -15 18 -12 -17 27 29 23 24 -6 -25 -26 -7 -29 -19
right_child=-2 4 3 -5 22 8 13 -9 -10 10 17 12 -14 16 -16 19 -18 21 -20 -21 -22 -23 -24 25 26 -27 -28 28 -30 -31
leaf_value=0.0041658927406665923 -0.00020856915887132501 -0.00042984936065428779 0.00038104026865699771 -0.0052385289680756102 -0.0064889033215178617 -0.0023238519617107341 -0.0021515077232330572 0.0044020419763173297 3.8669965440275629e-05 0 0.0040726995916981427 -0.0079022244955842553 0.0016789393574776 0.0024346951909737587 -0.0020394717456661223 0.0066361639130611558 -0.00022231148439774481 -0.0074304473747641266 -0.0027369475698946913 0.00031022609260558562 -0.0032957018542244566 -0.0068549125685493546 0.00010592779018303515 0.001276127501261911 0.00087947837046276284 -0.0017403128227152012 -0.0042412258723986337 0.0075416806176510226 0.00051455946515567216 0.00070005896344936265
leaf_weight=260.52389773726463 123982.73644381762 932.77296949923038 525.19877409934998 1169.9865336567163 464.42876157164574 1252.4271080344915 680.53893375396729 2176.657933190465 35170.925936058164 3806.0344264954329 290.96161390841007 478.1508764475584 223.46339794993401 3227.4328568130732 3986.2078758329153 555.89047744870186 3859.0698007047176 213.2392625361681 1548.3296929597855 599.1886157989502 984.71652719378471 1305.8856367468834 36197.879674881697 26221.405239537358 1611.8722205907106 1420.4152166694403 500.11668613553047 216.38618142902851 5862.2012925893068 458.85079792141914
leaf_count=1055 500510 3808 2132 4775 1873 5033 2746 9033 141977 15372 1171 1922 912 13269 16485 2256 15749 860 6232 2421 3993 5264 145924 105879 6468 5727 2016 870 23552 1852
internal_value=-2.26362e-05 0.000146398 -0.00244327 -0.00348222 0.000184401 -9.22993e-05 0.000659658 0.0029472 -0.000325374 -0.00109647 -0.00200842 -0.000750226 -0.0048139 0.000103379 -0.000967044 0.00134504 0.000987186 -0.0034735 -0.00162971 0.00342029 -0.000179516 -0.00515111 0.000467433 0.000899427 -0.00144692 0.00111946 -0.00032321 0.000236142 0.000771972 -0.00185669
internal_weight=260184 136201 1955.71 1695.19 134245 67829.3 16017.8 3109.43 51811.6 16640.6 8324.92 4507.65 701.614 12908.3 5821.83 1835.62 7086.5 3817.27 1839.29 1155.08 8315.73 1977.98 66416.1 30218.2 2576.42 27641.8 2111.99 7331.01 6078.59 672.09
internal_count=1051136 550626 7962 6907 542664 274777 65767 12841 209010 67033 33585 18206 2834 52926 23908 7423 29018 15379 7403 4677 33448 7976 267887 121963 10357 111606 8484 29455 24422 2712
cat_boundaries=0 1 2 3 4 5 6 7 8 9 10
cat_threshold=2 20 522 395 138 57 482 348 2 18
is_linear=0
shrinkage=0.03


Tree=198
num_leaves=31
num_cat=8
split_feature=30 13 24 51 25 31 1 35 38 25 50 2 25 42 25 32 20 32 0 32 42 32 29 29 25 24 36 21 26 25
split_gain=7.18049 9.60691 15.2111 19.8354 11.6913 11.745 10.8781 10.9298 10.7421 10.8492 10.5151 10.4365 14.7871 10.4161 10.4137 10.1802 14.1912 10.1097 10.2977 10.0899 10.7308 9.94405 9.76797 9.62345 9.20869 14.1814 9.11817 8.76507 8.75764 19.5027
threshold=0.33899250000000009 1.0000000180025095e-35 0 -0.024074999999999982 1 0.5014320000000001 6.5000000000000009 0.098955500000000016 319.50000000000006 2 -0.05446900000000001 3.5000000000000004 3 0.44086250000000005 4 0.46072900000000006 79.250000000000014 0.37441600000000003 2019.5000000000002 0.40973750000000003 0.65453950000000016 0.5762790000000001 0.13701600000000003 0.17138950000000003 5 6 0.11774600000000002 0.8650000000000001 7450.5000000000009 7
decision_type=8 2 1 8 1 10 2 10 2 1 8 2 1 10 1 8 2 10 2 10 10 10 10 10 1 1 8 2 2 1
left_child=1 2 3 14 5 27 7 -6 9 -4 11 13 -13 -3 -1 16 -12 -14 -19 20 -15 -16 -7 26 25 -17 -8 -5 -2 -30
right_child=28 10 8 4 6 22 23 -9 -10 -11 15 12 17 19 21 24 -18 18 -20 -21 -22 -23 -24 -25 -26 -27 -28 -29 29 -31
leaf_value=0.0069787815389935857 -1.9882841134164246e-05 0.0059782281233251447 -0.006566045599295205 -0.0014780094102225781 0.00042573709497612384 -0.00051703682766132686 -0.0019656252547866643 0.0054345206768035802 0.00048331990673628779 -0.00072961302370161516 -0.0054472126576415349 0.0049262676672893694 -0.0051959065222081961 -0.0071205423098500394 0.0039713995141398587 0.0021582698088981724 0.0014365215045953881 -0.0042190366680436272 0.0033994396710398437 0.00040500449995541852 0.00085001667795691119 -0.0035970834543758001 -0.0092952914461346143 -0.0030734994886364901 -0.00099877124356419255 -0.00085823730922560387 0.0035576527882475273 0.0025248333041958718 0.0025409695106489499 -0.001032205043122599
leaf_weight=870.25288814306259 198732.11477349699 206.37462043762207 357.12481707334518 1022.218997746706 606.59063941240311 243.60257729887962 380.94832304120064 1183.7981290966272 15935.039904937148 1387.1637025028467 817.78830109536648 1133.6879207342863 250.91078954935074 401.9070407897234 667.43439707159996 2707.8166375905275 390.81097958981991 203.18242436647415 675.82294122874737 1342.1030495911837 232.50051483511925 197.21483327448368 225.88842777907848 500.04033882915974 7611.0919026434422 2869.2138528972864 859.77810801565647 938.38172544538975 1489.0963733047247 15869.1188518852
leaf_count=3545 802327 832 1449 4179 2469 996 1556 4821 64475 5642 3291 4584 1010 1615 2698 11012 1574 832 2731 5441 936 806 911 2007 30892 11675 3504 3850 5997 64001
internal_value=-5.09673e-06 0.000343078 0.000724318 0.00183687 0.00101008 -0.000582679 0.00210992 0.0037578 0.000236901 -0.00199271 -0.000168765 0.00110368 0.00253124 -0.000364391 0.00466448 -0.000563996 -0.00319849 5.11233e-05 0.00159605 -0.00104986 -0.00416214 0.00217897 -0.00483626 0.000406403 -0.000319616 0.000602614 0.00183703 0.000423482 -7.64866e-05 -0.000722693
internal_weight=260309 44218.7 25375.5 7696.15 5961.25 2430.09 3531.16 1790.39 17679.3 1744.29 18843.2 4446.49 2263.6 2182.89 1734.9 14396.7 1208.6 1129.92 879.005 1976.51 634.408 864.649 469.491 1740.77 13188.1 5577.03 1240.73 1960.6 216090 17358.2
internal_count=1051658 179333 102908 31342 24293 9936 14357 7290 71566 7091 76425 17981 9157 8824 7049 58444 4865 4573 3563 7992 2551 3504 1907 7067 53579 22687 5060 8029 872325 69998
cat_boundaries=0 1 2 3 4 5 6 7 8
cat_threshold=85 556 5 122 689 153 618 2
is_linear=0
shrinkage=0.03


Tree=199
num_leaves=31
num_cat=6
split_feature=23 17 0 25 24 24 35 29 42 36 28 35 3 38 27 21 31 40 31 12 26 28 51 26 43 24 3 40 25 42
split_gain=7.75845 14.9203 13.776 28.1584 26.5856 21.9509 26.4677 16.5955 14.5035 14.6066 18.6517 14.2047 13.4658 18.0701 14.3708 13.7693 13.5034 23.546 13.2997 16.6403 15.961 13.277 13.1692 19.5053 15.0385 17.6885 12.8123 13.9692 12.6386 12.4758
threshold=0 1.0000000180025095e-35 2019.5000000000002 1 2 3 0.23557150000000002 0.16273850000000004 0.67427250000000016 0.14378050000000003 0.15445950000000003 0.15525600000000003 5.5000000000000009 6271.5000000000009 0.44908750000000003 0.64500000000000013 0.44569550000000008 0.14985850000000003 0.42843150000000002 -1.0000000180025095e-35 2313.5000000000005 0.13839850000000001 0.0075144999999999804 1693.5000000000002 0.30150950000000004 4 4.5000000000000009 0.12110750000000002 5 0.38253950000000009
decision_type=1 2 2 1 1 1 10 8 10 10 8 10 2 2 10 2 10 8 10 2 2 10 10 2 10 1 2 8 1 10
left_child=2 -2 3 4 26 -5 -7 -6 9 10 18 -9 13 16 -14 -15 17 -10 -4 21 -21 -20 -3 29 25 -25 27 -1 -26 -24
right_child=1 22 8 5 7 6 -8 11 12 -11 -12 -13 14 15 -16 -17 -18 -19 19 20 -22 -23 23 24 28 -27 -28 -29 -30 -31
leaf_value=-0.006188361528797739 -0.00049655613655690076 0.00048120061508715562 6.1463876457124844e-05 -0.0022833852345509266 0.0021319653707694525 9.526950005513803e-05 0.0069668385714916382 0.0016870595441136433 -0.00087894356561919447 0.00041488395503848992 -0.00011271010447529081 0.010780774396501403 0.0025794903353881377 0.010647512333712569 -0.0024614965580196661 0.0015922394097100923 0.00081164890188568635 -0.011778078789155818 -0.0035945548568128123 0.0014863148933474497 -0.0045108981916962268 -0.010627570464201087 0.0053131294961129534 0.0039994655640648866 0.0016442608650247073 0.00025675323671862059 0.00099055774531487794 0.00021975584894940196 -0.0018445008245946285 -0.0016701895653572132
leaf_weight=647.73332497477531 67118.168318882585 38349.719842523336 1430.8120748996735 3475.5153448730707 9402.0389978140593 7168.3804824948311 540.53685091435909 273.5556053519249 743.12801513075829 57780.624864071608 41161.291920378804 385.16144734621048 553.33297310769558 230.44932821393013 5439.0266747325659 461.16474357247353 1793.6502164453268 235.08967445790768 626.05265212059021 778.77962444722652 803.63991677761078 417.1286745518446 231.61327821016312 1758.7575267404318 1311.8954576402903 3242.7570092082024 1422.4904793351889 561.33528825640678 3127.4817241132259 8837.6748210936785
leaf_count=2647 270970 154765 5991 14113 38773 29314 2205 1120 2990 232745 165669 1585 2249 930 21911 1859 7240 948 2577 3187 3307 1692 935 7124 5284 13126 5787 2302 12633 35667
internal_value=-2.16963e-05 -0.00019354 0.000134358 0.00078878 0.00175529 -0.000306827 0.00058275 0.00245812 -4.34271e-06 9.86316e-05 -0.000304823 0.00707439 -0.00112884 0.000352785 -0.00198995 0.00468565 -0.000721402 -0.00355685 -0.00224532 -0.00351244 -0.00154325 -0.00645788 0.000163624 -0.000492687 0.00045933 0.00158897 -0.000919218 -0.00319533 -0.000806808 -0.00148684
internal_weight=260309 123978 136331 23876.7 12692.3 11184.4 7708.92 10060.8 112454 102998 45217.7 658.717 9455.84 3463.48 5992.36 691.614 2771.87 978.218 4056.41 2625.6 1582.42 1043.18 56859.9 18510.2 9440.89 5001.51 2631.56 1209.07 4439.38 9069.29
internal_count=1051645 500504 551141 97846 52214 45632 31519 41478 453295 415168 182423 2705 38127 13967 24160 2789 11178 3938 16754 10763 6494 4269 229534 74769 38167 20250 10736 4949 17917 36602
cat_boundaries=0 1 2 3 4 5 6
cat_threshold=2 796 18 770 50 42
is_linear=0
shrinkage=0.03


Tree=200
num_leaves=31
num_cat=13
split_feature=0 25 24 38 25 25 24 51 25 24 28 0 1 13 24 13 1 51 18 24 0 25 36 33 30 50 40 25 1 25
split_gain=7.08395 47.0931 18.6605 18.4649 44.4609 27.6892 22.6693 18.824 17.0277 22.8706 17.2026 16.1835 15.3553 15.1677 15.0779 18.1119 16.5569 21.1848 14.8011 13.8582 20.5134 28.0551 27.4007 20.6901 18.7302 19.6636 18.3333 21.541 17.6019 25.4824
threshold=2023.5000000000002 0 1 9661.5000000000018 2 3 4 0.015107999999999984 5 6 0.23905300000000002 2022.5000000000002 5.5000000000000009 1.5000000000000002 7 2.5000000000000004 8.5000000000000018 0.022891500000000013 8 9 2020.5000000000002 10 0.090762000000000023 0.56208050000000009 0.3692275000000001 0.16892250000000003 0.14786150000000001 11 5.5000000000000009 12
decision_type=2 1 1 2 1 1 1 10 1 1 8 2 2 2 1 2 2 8 1 1 2 1 8 10 8 10 8 1 2 1
left_child=3 -2 18 5 -5 6 7 -1 14 -10 -11 -9 -13 -8 15 16 17 -4 -3 26 21 23 -22 -21 25 -24 -7 -28 -26 -30
right_child=1 2 8 4 -6 19 13 11 9 10 -12 12 -14 -15 -16 -17 -18 -19 -20 20 22 -23 24 -25 28 -27 27 -29 29 -31
leaf_value=0.0013003020319776926 0.0025681013161970145 -0.00025101402386725364 -0.0060805413057072174 0.0052699118822132282 -0.0013237150716292618 -0.00038049808932635583 -0.00070223220383900916 -0.0023894522896487987 -0.00014572366544602291 -0.0012353592692101198 -0.0034880508834617048 -0.0034568126382625805 0.0061737728684910786 -0.0022803275346147058 0.0002891445724827368 0.0020150497225876213 0.0031075312713783475 0.0014069460765958916 0.0032795114098642083 0.0036566152649214487 -0.0018150126179257938 0.00052081159442392624 0.0010110350731085775 0.00081919831213993644 0.0008661078155881971 -0.0034924818407643119 0.0022798538881407325 5.4108806613894338e-07 0.0011848509740156824 -0.0014227662743869515
leaf_weight=7881.7146886736155 4491.795361161232 2628.9368508011103 1525.5906759500504 1951.4440947771072 1717.0346598625183 53921.717329666018 23073.252288222313 2732.9031693041325 7293.0193536728621 6723.1938634514809 5681.4363663941622 220.79989184439182 428.88916410505772 7233.3873405307531 12747.694345086813 722.54561917483807 296.41429248452187 428.3215791285038 1772.9331883639097 5237.9030693024397 6110.3446092009544 30397.941119477153 26189.996339395642 4201.4229033589363 8512.4975435435772 897.03463859856129 5552.8391777127981 11413.756531193852 4443.3753543496132 13777.232704132795
leaf_count=31718 18076 10631 6139 7866 6927 217537 93139 11000 29356 27052 22971 889 1736 29188 51376 2907 1193 1730 7167 21175 24621 124135 105716 17411 34297 3618 22379 45937 17884 55505
internal_value=7.23033e-06 -0.000338139 -0.000667369 7.82591e-05 0.00218778 4.1623e-05 -0.000652374 0.000494617 -0.00089687 -0.00148455 -0.0022683 -0.00137186 0.00285396 -0.0010797 -0.000157986 -0.00207824 -0.003416 -0.00442422 0.00116964 0.000210887 0.000438809 0.000966524 8.75652e-05 0.00239499 0.000304216 0.000860416 -0.000109487 0.000749899 -0.000258257 -0.000785253
internal_weight=260207 44311.9 39820.1 215895 3668.48 212227 41570.9 11264.3 35418.2 19697.6 12404.6 3382.59 649.689 30306.6 15720.6 2972.87 2250.33 1953.91 4401.87 170656 99767.7 39837.3 59930.5 9439.33 53820.1 27087 70888.3 16966.6 26733.1 18220.6
internal_count=1051276 178598 160522 872678 14793 857885 167670 45343 142724 79379 50023 13625 2625 122327 63345 11969 9062 7869 17798 690215 404362 162721 241641 38586 217020 109334 285853 68316 107686 73389
cat_boundaries=0 1 2 3 4 5 6 7 8 9 10 11 12 13
cat_threshold=2 2 842 514 266 652 140 136 133 778 48 268 96
is_linear=0
shrinkage=0.03


Tree=201
num_leaves=31
num_cat=9
split_feature=1 24 2 25 24 25 0 34 37 30 35 37 24 24 0 42 16 2 0 29 34 8 39 25 19 25 10 25 36 20
split_gain=7.91986 36.1338 24.7853 26.5423 23.2435 21.0656 19.299 16.9314 25.1792 14.7051 14.4332 14.3669 14.3207 13.884 16.9953 13.4813 14.8479 12.8563 12.6053 20.1856 12.1224 11.8621 11.5224 15.9147 14.6834 11.3304 10.7044 10.5031 10.1595 9.96291
threshold=9.5000000000000018 0 1.5000000000000002 1 2 3 2021.5000000000002 0.52448300000000014 0.14299700000000001 0.33104150000000004 0.07111255000000001 0.10436600000000001 4 5 2022.5000000000002 0.61162700000000003 1.0000000180025095e-35 4.5000000000000009 2021.5000000000002 0.14842550000000002 0.51003100000000012 1.5000000000000002 0.5417335000000002 6 50.100000000000009 7 2.5000000000000004 8 0.17398200000000005 47.650000000000013
decision_type=2 1 2 1 1 1 2 10 10 8 10 10 1 1 2 10 2 2 2 10 10 2 10 1 2 1 2 1 10 2
left_child=-1 6 7 29 11 12 21 13 10 -7 -9 26 17 14 -3 16 22 -6 -11 -20 -15 -2 23 24 -13 -8 -5 -10 -14 -4
right_child=1 2 3 4 5 9 25 8 27 18 -12 15 28 20 -16 -17 -18 -19 19 -21 -22 -23 -24 -25 -26 -27 -28 -29 -30 -31
leaf_value=2.2535376605069104e-05 0.0069816120207448059 -0.00053718611433228142 0.0046241005910270154 0.0053231805096292913 0.00051340905953452883 -0.0054542305754533126 0.0022012190506222511 0.0016093688718315318 -0.0056578135810094656 -0.00059793518690998062 0.0095828648419979783 -0.0048390592273841911 -0.0072368366630405929 -0.0013589601174414632 0.0071624805342659819 -0.009817431566274579 0.0031496998724088385 -0.004018390747160358 0.0055980179592284946 -0.0020549359791860685 -0.0094680458114763319 0.0010673871232019638 -0.0086713728522363805 -0.0065203649044273514 0.003804535654455903 -0.0067879784321055866 -0.0038125922329662991 0.0022645696650451337 -0.00057804784529921869 -0.00014978755243787696
leaf_weight=240214.25719928741 963.64272432029247 849.70273257791996 741.51056429743767 221.20765972137451 1139.1803938746452 449.71003283560276 271.07283680140972 331.92941348254681 253.9505523443222 4459.9813711792231 580.29914334416389 327.03225028514862 970.00467765331268 914.76019909977913 363.59458738565445 464.55343319475651 220.38305081427097 1091.2909715175629 826.44617839157581 486.31413012742996 204.00682942569256 466.69719000160694 549.97155292332172 737.08205907046795 377.46567425131798 212.7205481082201 233.12500850856304 329.32712952792645 275.11012290418148 809.20694456994534
leaf_count=970707 3881 3420 2993 888 4598 1825 1091 1344 1025 17988 2345 1314 3912 3677 1465 1875 886 4398 3326 1957 820 1880 2210 2965 1518 855 936 1332 1111 3269
internal_value=-2.52369e-05 -0.000596967 -0.00101079 -0.00158322 -0.00203178 -0.00129782 0.00330708 0.00112884 0.00361932 -0.000245373 0.00672914 -0.00428101 -0.0031655 -0.00045801 0.00174319 -0.00513231 -0.00412283 -0.00168528 0.000157412 0.00274195 -0.00286026 0.0050791 -0.00494617 -0.00348915 -0.000166621 -0.00180134 0.000575619 -0.00120273 -0.00574847 0.00210462
internal_weight=260336 20121.3 18207.1 14379.6 12828.9 9698.04 1914.13 3827.57 1495.51 6222.45 912.229 3130.82 3475.59 2332.06 1213.3 2676.49 2211.93 2230.47 5772.74 1312.76 1118.77 1430.34 1991.55 1441.58 704.498 483.793 454.333 583.278 1245.11 1550.72
internal_count=1051811 81104 73397 57969 51707 39115 7707 15428 6046 25096 3689 12592 14019 9382 4885 10768 8893 8996 23271 5283 4497 5761 8007 5797 2832 1946 1824 2357 5023 6262
cat_boundaries=0 1 2 3 4 5 6 7 8 9
cat_threshold=32 32 640 648 330 658 348 448 204
is_linear=0
shrinkage=0.03


Tree=202
num_leaves=31
num_cat=10
split_feature=27 35 35 1 50 26 11 25 24 24 51 36 33 30 18 25 25 51 26 26 11 24 34 29 37 33 18 18 24 19
split_gain=9.33187 9.2366 12.8034 9.72933 8.75028 16.5035 13.6502 17.5612 13.3656 12.5436 12.5086 13.6655 20.6961 12.2617 10.5665 9.77269 9.44541 8.33856 26.8477 23.0105 23.4606 18.7222 17.56 14.9984 14.2484 14.214 14.1577 12.7774 12.741 12.6137
threshold=0.42399500000000007 0.07111255000000001 0.094987450000000015 5.5000000000000009 0.06731000000000005 6938.5000000000009 18.500000000000004 0 1 2 -0.026630499999999998 0.13322500000000004 0.59266000000000008 0.35757250000000002 3 4 5 0.00073449999999999915 349.50000000000006 553.50000000000011 5.5000000000000009 6 0.53434300000000012 0.20755850000000003 0.28015150000000005 0.5081365000000001 7 8 9 69.65000000000002
decision_type=8 8 8 2 8 2 2 1 1 1 10 10 10 10 1 1 1 10 2 2 2 1 10 10 10 10 1 1 1 2
left_child=1 3 -3 -1 17 6 -6 9 10 -8 15 12 -12 -10 -15 -7 -13 19 22 20 25 27 -19 -22 -23 26 -2 -21 -28 -30
right_child=4 2 -4 -5 5 8 7 -9 13 -11 11 16 -14 14 -16 -17 -18 18 -20 21 23 24 -24 -25 -26 -27 28 -29 29 -31
leaf_value=0.00033661199887225916 0.0061582075630046834 0.0053337774383201897 -0.001202278704116457 -0.0074437099917138887 0.00044386996766583895 -0.0061117475305346239 0.012921240403837169 -0.0013150763099228776 -0.0048209122377356264 0.0022451717085952305 -0.0072889480182724564 0.0099034455509977217 0.0046522518462602351 -0.0020335344766732569 0.0050718556524687363 0.00029197307490734162 0.0019248540410756372 4.6730968517750755e-05 -0.00010539171895399502 0.0022310240258517008 -0.00039772639737569332 -0.00046415408978700204 -0.0026792991764626596 0.0060194578464773012 0.0041815694645653849 0.00089067110156296583 0.0049458586975519581 0.00025648985119459559 0.0022642351172061513 -0.0028153094278614158
leaf_weight=213.32310231029987 1173.7760233134031 283.50462910532951 4312.1385350078344 402.58032210171223 50993.509396195412 338.32131694257259 235.38219463825226 276.34406246244907 1341.1406294107437 207.12953005731106 243.9588523209095 255.34762388467789 272.57221607863903 876.27740900218487 225.18284001946449 534.50518408417702 327.2220733910799 3124.0415191650391 70812.325514733791 3191.3004195839167 7224.790448769927 59873.288480713964 6517.8424425125122 340.1977151632309 595.95090112090111 4255.3730169832706 1126.7603086829185 38273.765745937824 1872.8798957020044 567.77335342764854
leaf_count=868 4720 1160 17548 1645 205959 1367 946 1113 5390 833 985 1032 1115 3535 907 2155 1322 12573 286212 12915 29164 241357 26407 1373 2401 17409 4534 154861 7527 2282
internal_value=-4.67582e-06 -0.0012611 -0.00078933 -0.00471189 2.08914e-05 0.000351786 0.000502538 0.00460359 -0.0014065 0.00819657 0.000421716 0.00256275 -0.000939383 -0.00288334 -0.000516404 -0.00223484 0.00570802 -7.23121e-05 -0.000308096 8.75265e-05 0.00112469 -8.07185e-05 -0.0017932 -0.00010291 -0.000417598 0.00215998 0.00329161 0.000409832 0.00231192 0.00106394
internal_weight=260289 5211.55 4595.64 615.903 255077 56126.9 51712.4 718.856 4414.53 442.512 1971.93 1099.1 516.531 2442.6 1101.46 872.827 582.57 198950 80454.2 118496 16561.6 101934 9641.88 7564.99 60469.2 8996.56 4741.19 41465.1 3567.41 2440.65
internal_count=1051615 21221 18708 2513 1030394 226659 208851 2892 17808 1779 7976 4454 2100 9832 4442 3522 2354 803735 325192 478543 67009 411534 38980 30537 243758 36472 19063 167776 14343 9809
cat_boundaries=0 1 2 3 4 5 6 7 8 9 10
cat_threshold=557 563 613 140 321 721 201 28 84 644
is_linear=0
shrinkage=0.03


Tree=203
num_leaves=31
num_cat=12
split_feature=18 24 25 37 44 19 22 39 1 39 26 33 25 42 6 25 23 0 25 24 30 24 39 39 51 35 18 32 32 24
split_gain=7.10708 11.932 15.2938 13.8404 11.9337 16.7671 11.1647 9.54387 9.95812 8.6869 8.4797 7.58384 9.56441 8.0692 7.01622 6.60648 6.55715 17.2243 18.5116 19.4174 20.876 16.3365 15.3528 15.0462 15.0166 14.6616 13.8453 15.9051 14.1521 14.1349
threshold=0 1 2 0.168687 0.099293750000000014 42.650000000000013 3 0.50952550000000019 5.5000000000000009 0.5292205000000002 3324.5000000000005 0.53091850000000007 4 0.59198400000000018 1.5000000000000002 5 6 2019.5000000000002 7 8 0.40082750000000006 9 0.57681300000000013 0.5674030000000001 0.0017594999999999696 0.18780950000000005 10 0.58851000000000009 0.57837200000000011 11
decision_type=1 1 1 8 10 2 1 10 2 10 2 10 1 10 2 1 1 2 1 1 8 1 10 10 10 8 1 10 10 1
left_child=1 7 4 6 -3 -6 11 -1 -9 -10 -7 12 -4 14 -13 -11 17 18 19 23 -21 -20 -19 -2 -24 -23 27 28 -18 -30
right_child=16 2 3 -5 5 10 -8 8 9 15 -12 13 -14 -15 -16 -17 26 22 21 20 -22 25 24 -25 -26 -27 -28 -29 29 -31
leaf_value=0.0080166842799108337 0.0052087275761034087 -0.0072623764646658007 0.0071248418772000624 0.0039987433121231371 0.0046537583243454845 -0.00074185844952302132 -0.0043534052353665573 -0.0012996719191270857 0.0001517333380893664 0.0091686497731566455 -0.0087367680065465331 -0.0046903603133511499 8.6532167495065456e-05 0.0041137645659436398 0.0019086805313592822 0.0024740096302638044 0.00051679912714147104 8.1134627246516892e-05 -0.0023188016882823739 -0.0002634696816924274 0.0040247681379694707 -5.0054468708940731e-05 -0.0025919381362972662 0.0019048971503493406 0.00043631758440926868 0.002979528657960208 -0.00037904978978123575 -0.00070243970781950398 0 0.0063185257856289206
leaf_weight=299.20859883725643 1829.2059373557568 360.04060165584087 309.51135556399822 1097.5726051926613 317.49759811162949 300.42161756753922 446.2947253882885 500.25597587227821 371.15231303870678 301.19069316983223 206.60768826305866 443.26684632897377 407.13223984837532 212.68023499846458 205.0868556201458 307.22215822339058 28254.374789535999 103383.08575376868 2190.0847403407097 5308.8672638684511 1259.3338842689991 6949.241367533803 3898.2293363213539 4022.8658828884363 2342.8327244669199 1803.6841404885054 81085.453693658113 10436.509692460299 539.72372375428677 757.01685833930969
leaf_count=1207 7555 1454 1244 4425 1284 1218 1806 2021 1498 1220 833 1804 1637 869 832 1249 113812 416679 8877 21750 5113 28396 15756 16704 9463 7370 327348 42386 2177 3068
internal_value=3.03936e-05 0.00104251 0.000178048 0.00128581 -0.00269831 -0.000682602 -0.000167979 0.00310171 0.00209441 0.00385695 -0.00409073 0.00100303 0.00328523 -0.000866544 -0.00255772 0.00605636 5.98047e-06 0.000151514 0.000891026 0.00168286 0.000554775 -6.70319e-06 -5.8382e-06 0.00293983 -0.00145069 0.00057097 -0.000153626 0.000302743 0.000658894 0.00372354
internal_weight=260146 6085.14 4306.11 3121.54 1184.57 824.527 2023.97 1779.03 1479.82 979.565 507.029 1577.68 716.644 861.034 648.354 608.413 254061 132987 23363.3 12420.3 6568.2 10943 109624 5852.07 6241.06 8752.93 121073 39987.6 29551.1 1296.74
internal_count=1051055 24601 17406 12617 4789 3335 8192 7195 5988 3967 2051 6386 2881 3505 2636 2469 1026454 537663 95765 51122 26863 44643 441898 24259 25219 35766 488791 161443 119057 5245
cat_boundaries=0 1 2 3 4 5 6 7 8 9 10 11 12
cat_threshold=64 131 112 2 517 229 2 796 837 514 60 556
is_linear=0
shrinkage=0.03


Tree=204
num_leaves=31
num_cat=9
split_feature=18 32 38 18 25 32 25 3 21 29 28 51 20 46 1 26 24 31 25 38 25 21 24 36 28 34 18 10 43 36
split_gain=9.71049 7.56399 10.2909 8.98922 13.3987 11.0325 8.33541 7.83337 13.4718 10.344 17.1781 12.7425 16.7605 11.662 13.2252 17.1308 14.0123 14.8898 13.6247 15.0991 12.0209 11.8249 11.9286 14.1808 11.7888 11.0954 10.6194 10.5327 10.454 14.9896
threshold=0 0.60928500000000019 10351.500000000002 1 2 0.63132350000000004 3 3.5000000000000004 1.9350000000000003 0.20755850000000003 0.1421105 0.005011999999999934 18.050000000000004 1.0000000180025095e-35 7.5000000000000009 2793.5000000000005 4 0.42663250000000003 5 1773.5000000000002 6 0.13500000000000004 7 0.10117850000000002 0.26014500000000007 0.35630850000000008 8 6.5000000000000009 0.35824300000000003 0.05413550000000001
decision_type=1 10 2 1 1 10 1 2 2 10 10 10 2 2 2 2 1 10 1 2 1 2 1 10 8 10 1 2 10 8
left_child=-1 7 -3 6 -5 -6 -4 8 -2 13 -11 12 -12 26 -15 18 -17 20 21 -20 -18 24 23 -23 -16 -21 28 -24 29 -9
right_child=1 2 3 4 5 -7 -8 9 -10 10 11 -13 -14 14 15 16 17 -19 19 25 -22 22 27 -25 -26 -27 -28 -29 -30 -31
leaf_value=0.0011964944333394455 0.00025406659771159295 0.00023466931256074439 0.010062895142012305 -0.0046904513120772469 0.0091018107675930032 0.00040577546531580936 0.0021977556311937904 0.0071175026344411849 -0.0016399176648059742 0.0079444002922296735 -0.0025173965306956769 -0.0029275094729252203 0.0050598964845454475 -0.00088791479965672025 -0.0020817252212946597 1.8668440881792328e-05 -0.0011277452346690692 -0.0015712801712546829 0.0014211032675452838 -0.0079633583737155986 -0.0099624725996171233 -0.00053244526295491759 0.00027604772466886817 0.0045707875803488668 0.0033304860716037257 -0.00092996791804141152 -0.00019321508272867336 0.0066727653559642292 0.0020521223526333773 5.6777594021381233e-05
leaf_weight=6108.1961409300566 66631.10051189363 52370.446991696954 235.027627363801 257.91990566253662 198.4189485013485 400.81649793684483 305.0253833681345 275.08418962359428 3554.6864453405142 345.34418565034866 391.43525718152523 591.55673858523369 763.79902721941471 40175.434217214584 1354.2247581332922 5040.6099947094917 251.27559426426888 3622.0473538190126 3057.4653583914042 208.55136075615883 367.60553839802742 608.25212033092976 2891.7107132226229 2308.3574883341789 488.72549515962601 5282.6467022001743 47441.667650341988 250.25730960071087 3940.4943719953299 10479.410548597574
leaf_count=24694 268841 213211 950 1041 805 1621 1234 1108 14347 1405 1580 2391 3077 162154 5450 20295 1017 14598 12356 858 1489 2459 11656 9327 1988 21288 190979 1008 15843 42206
internal_value=1.57027e-05 -1.26254e-05 0.00030317 0.0028433 0.000834793 0.00331104 0.00583094 -9.75406e-05 0.000157649 -0.000235402 0.00185372 0.000620876 0.00246666 -0.000269814 -0.000547818 -1.56111e-05 -0.00104706 -0.00231451 0.000564613 -0.000262905 -0.00662475 0.00146194 0.00210478 0.00348486 -0.000627148 -0.00120675 2.45899e-05 0.000798425 0.000729329 0.000242104
internal_weight=260198 254089 53767.7 1397.21 857.155 599.235 540.053 200322 70185.8 130136 2092.14 1746.79 1155.23 128044 65907.2 25731.7 9281.54 4240.93 16450.2 8548.66 618.881 7901.53 6058.58 2916.61 1842.95 5491.2 62136.7 3141.97 14695 10754.5
internal_count=1051276 1026582 218862 5651 3467 2426 2184 807720 283188 524532 8453 7048 4657 516079 265943 103789 37399 17104 66390 34502 2506 31888 24450 11786 7438 22146 250136 12664 59157 43314
cat_boundaries=0 1 2 3 4 5 6 7 8 9
cat_threshold=64 43 612 582 842 611 75 115 12
is_linear=0
shrinkage=0.03


Tree=205
num_leaves=31
num_cat=6
split_feature=20 0 25 30 24 33 43 50 51 20 8 25 26 38 30 26 50 13 50 38 25 51 50 30 51 24 31 27 51 25
split_gain=7.55401 18.8964 16.2733 15.2073 13.3985 11.2808 10.6546 12.018 9.49489 8.35862 9.59589 12.1223 13.9625 8.79307 8.01955 14.4851 19.6441 13.0753 12.2845 15.409 14.8653 12.4378 11.8309 11.7805 14.3155 10.6785 10.6475 14.2361 10.7223 18.3286
threshold=91.350000000000009 2019.5000000000002 0 0.38645950000000007 1 0.56125700000000001 0.27268250000000005 -0.04081999999999996 -0.0028769999999999902 90.250000000000014 1.0000000180025095e-35 2 2442.5000000000005 1928.5000000000002 0.33899250000000009 581.50000000000011 -0.11574299999999997 1.0000000180025095e-35 -0.052338999999999962 5323.5000000000009 3 0.012572500000000016 -0.033179499999999966 0.33442950000000005 -0.031138999999999997 4 0.49584800000000001 0.69919250000000011 0.010640000000000068 5
decision_type=2 2 1 8 1 8 10 10 10 2 2 1 2 2 10 2 8 2 10 2 1 10 8 8 10 1 10 10 10 1
left_child=9 2 3 -2 8 6 -6 -8 -4 14 -11 -12 13 -13 15 16 -1 -17 19 21 -21 23 25 -19 -25 -20 27 -16 29 -28
right_child=1 -3 4 -5 5 -7 7 -9 -10 10 11 12 -14 -15 26 17 -18 18 22 20 -22 -23 -24 24 -26 -27 28 -29 -30 -31
leaf_value=-0.0062208851688012072 0.0054849062038799809 -0.00077189258387628027 -0.0072754402152734347 -0.00047661558852611825 0.0055549928193479167 -0.0013049305228240791 0.0059271192082400743 -0.0026297459763098361 0.00027314675341592594 -0.0005627308142038659 -7.5202420711269156e-05 0.0066056304817464512 0.010465125432659379 -0.0011072386800613822 -8.2626167504599727e-05 0.001171911605391188 -0.00035802174436433133 -0.0029139185561900391 -0.0073946219691011549 -0.00023895489464482411 0.008094717200324961 0.003579293420536402 -0.00028925368897789958 0.0082817812215984915 -0.0014279919745363899 -0.00049696835340765923 -0.0048948828864125455 0.0048950205919177084 -0.0048926398517415495 0.0014002174654733973
leaf_weight=552.72534132003784 1193.1528631299734 28489.956644967198 350.08583572506905 554.22730106115341 643.82910577952862 1088.8893927335739 215.5818899422884 451.70234242081642 247.44593697786331 920.03179247677326 559.91286455094814 243.4585155248642 329.68632347881794 275.86871840059757 182535.67462286353 18592.721419408917 7169.5847634673119 1110.1332290172577 409.60464607179165 301.08774390816689 513.10755990445614 724.49772194027901 8597.0410217940807 221.89783248305321 336.63026158511639 422.96192209422588 612.42584726214409 515.4150725454092 797.63793137669563 1224.6993278115988
leaf_count=2239 4856 114722 1413 2238 2604 4451 869 1822 1001 3712 2258 986 1328 1111 737068 75415 29146 4500 1654 1212 2063 2944 34908 896 1355 1717 2476 2182 3213 4940
internal_value=-5.68894e-05 -0.000479292 0.00127063 0.00355901 -6.72126e-05 0.000927517 0.00281021 0.000104149 -0.00404638 4.83653e-06 0.00179177 0.00334845 0.00556934 0.00246826 -1.35799e-05 0.00037761 -0.000783793 0.000665804 -7.65589e-05 0.00152368 0.0050828 0.000295437 -0.000624351 -0.00111626 0.00239982 -0.00403518 -9.58075e-05 -6.83668e-05 -0.00198864 -0.000705571
internal_weight=260202 33234.9 4744.91 1747.38 2997.53 2400 1311.11 667.284 597.532 226967 2328.96 1408.93 849.014 519.327 224638 38952 7722.31 31229.7 12637 3207.35 814.195 2393.16 9429.61 1668.66 558.528 832.567 185686 183051 2634.76 1837.13
internal_count=1051299 133976 19254 7094 12160 9746 5295 2691 2414 917323 9395 5683 3425 2097 907928 158049 31385 126664 51249 12970 3275 9695 38279 6751 2251 3371 749879 739250 10629 7416
cat_boundaries=0 1 2 3 4 5 6
cat_threshold=305 136 210 673 792 208
is_linear=0
shrinkage=0.03


Tree=206
num_leaves=31
num_cat=9
split_feature=32 25 38 18 24 27 18 11 19 24 18 35 18 50 37 39 42 32 40 32 12 21 24 21 27 39 39 11 25 42
split_gain=7.53844 10.1312 19.559 12.5704 10.5085 11.4186 10.2896 10.2654 10.2482 9.78111 9.50397 9.46852 8.94602 10.5467 10.1471 10.0827 9.8805 9.16661 8.83015 9.24588 8.54275 10.7811 16.2728 8.50226 8.48868 8.613 8.48667 8.12682 12.562 7.94302
threshold=0.60928500000000019 0 9931.5000000000018 1 2 0.52288000000000012 3 15.500000000000002 52.150000000000013 4 5 0.18225500000000003 6 0.11550100000000001 0.19052700000000003 0.53015150000000011 0.47973850000000007 0.67725100000000016 0.15811200000000003 0.66815500000000017 -1.4999999999999998 2.1450000000000005 7 0.6150000000000001 0.54309250000000009 0.51088850000000019 0.50492800000000015 22.500000000000004 8 0.52168300000000001
decision_type=10 1 2 1 1 10 1 2 2 1 1 10 1 10 10 8 10 10 10 10 2 2 1 2 8 10 10 2 1 10
left_child=27 2 3 20 5 8 -4 12 -3 -5 -7 -12 13 29 -14 24 17 -16 -11 -20 -2 -22 -23 -8 25 -15 -18 -1 -29 -6
right_child=1 4 6 9 7 10 23 -9 -10 18 11 -13 14 15 16 -17 26 -19 19 -21 21 22 -24 -25 -26 -27 -28 28 -30 -31
leaf_value=-5.0257308161428033e-05 -0.0013215318135952482 0.0101461352235845 0.0094478039920601418 -0.0038233889694383539 0.00423330910573277 -0.003146383646598026 0.0061334519547085273 0.003374900873549672 0.0018094838210076054 0.00012125933291329978 0.0027788760446785603 -0.0024705656019761084 -5.4001731529580462e-05 -0.0006394691125052764 -0.0045636404391307863 -0.0018376179278070891 -0.0020238744664958044 0.002479406758259944 -0.0069090092326367742 0.00033272910143524294 0.00019485116908522914 -0.0017202337745586193 0.007902634402316467 -0.001634745896347643 -0.001659630791259592 0.0063143920957953372 0.0033278762432665207 0.0010353365943010073 -0.0079162302406038925 0.0012056674802774696
leaf_weight=204797.02738371491 3118.7882972210646 280.94778998196125 237.53587873280048 1542.981616050005 1436.6159909814596 347.13083100318909 223.43747383356094 1040.3626317232847 271.49848522245884 2078.6980377137661 2226.5842683464289 350.63868138194084 26008.519977286458 229.58243860304356 373.43807296454906 1302.2159654796124 295.65327720344067 289.72905403375626 374.06105688214302 260.39403426647186 7121.7743112444878 249.32415618002415 395.92710953950882 276.85407800972462 347.44816797971725 473.71781702339649 2121.3162299841642 260.6426285803318 283.04931047558784 1791.3317954838276
leaf_count=825781 12635 1128 962 6258 5931 1416 903 4202 1090 8457 9049 1437 106210 922 1508 5265 1192 1169 1508 1051 28948 1008 1600 1120 1404 1903 8565 1051 1140 7325
internal_value=2.33072e-05 0.000335075 -0.000302826 -0.000537546 0.000594268 0.00216821 0.00445227 0.000439452 0.00613502 -0.00191706 0.00141047 0.00204309 0.000350343 0.00144962 0.000137732 -6.30947e-05 0.00176537 -0.00144428 -0.000808852 -0.0039022 1.19927e-06 0.000536499 0.00424271 0.00175603 0.00210661 0.00400885 0.00265913 -6.01576e-05 -0.00371376 0.0025651
internal_weight=260407 55066.5 15879.8 15141.9 39186.7 3476.8 737.827 35709.9 552.446 4256.13 2924.35 2577.22 34669.6 5580.91 29088.7 2352.96 3080.14 663.167 2713.15 634.455 10885.8 7767.03 645.251 500.292 1050.75 703.3 2416.97 205341 543.692 3227.95
internal_count=1052138 224166 64450 61465 159716 14120 2985 145596 2218 17274 11902 10486 141394 22750 118644 9494 12434 2677 11016 2559 44191 31556 2608 2023 4229 2825 9757 827972 2191 13256
cat_boundaries=0 1 2 3 4 5 6 7 8 9
cat_threshold=642 226 4 57 645 112 86 616 285
is_linear=0
shrinkage=0.03


Tree=207
num_leaves=31
num_cat=6
split_feature=30 32 25 42 43 34 26 34 37 30 24 37 35 43 36 29 26 19 42 25 36 24 35 36 25 30 1 25 43 20
split_gain=7.27985 10.8074 8.08733 13.8991 16.4412 11.6502 15.3938 11.9124 11.5599 10.6403 9.24584 15.2126 12.6514 8.29254 16.5836 8.56251 12.184 11.041 14.0026 13.0162 12.8434 16.3527 13.8032 15.6593 12.9279 13.0449 12.2427 14.7931 12.1947 12.5953
threshold=0.33899250000000009 0.9354165000000001 0 0.60571600000000003 0.39451000000000008 0.52448300000000014 4454.5000000000009 0.49157750000000006 0.19792750000000003 0.33698750000000005 1 0.12918150000000003 0.092903400000000011 0.14172350000000003 0.095552250000000019 0.14243550000000002 120.50000000000001 83.15000000000002 0.60782150000000013 2 0.18512500000000001 3 0.22994250000000002 0.15156400000000003 4 0.33335150000000008 5.5000000000000009 5 0.26048350000000003 64.15000000000002
decision_type=8 10 1 10 10 10 2 8 10 10 1 10 8 10 8 10 2 2 10 1 8 1 10 10 1 10 2 1 10 2
left_child=1 2 3 4 5 6 7 -1 9 -7 -5 12 -12 14 -4 16 -15 20 19 -19 22 -22 26 -24 25 -23 27 -17 -29 -30
right_child=-2 -3 13 10 -6 8 -8 -9 -10 -11 11 -13 -14 15 -16 17 -18 18 -20 -21 21 24 23 -25 -26 -27 -28 28 29 -31
leaf_value=-0.0013228444756470214 -6.8496156145718916e-05 -0.0064305426948761228 0.0071197001703016015 0.00094523089031704494 -0.00081868182386884156 0.003294372065972005 0.008944900809579711 0.0053560307302583533 -0.0037435403946965672 -0.0020906555869899405 -0.0036001402614711069 -0.0052198032797969992 0.0060574161022623483 -0.0026231720145202882 0.00076705248044043499 0.0017439199441102553 0.00088839478146783731 0.0028684900064506482 -0.0048673890388627964 -0.00224795359655717 0.0027593378172342158 -0.00048173513352752829 0.0020476366930908783 -0.0068847204147707052 0.0012066482486877666 -0.0067142308910819494 0.00035038663768737806 -0.0070926395989864997 -0.0036634831127173332 0.0022031695526178743
leaf_weight=387.22952036559582 215947.82157720625 206.81677594780922 430.80009092390537 1709.9125319570303 1335.9352938085794 2120.4418705105782 578.63637211918831 601.73269066214561 296.93807995319366 381.79690839350224 219.77017207443714 728.04882001876831 262.44137097895145 952.53091189265251 2634.5251082330942 691.75388644635677 12226.695586398244 656.2036962211132 1028.2825890183449 1328.819260969758 2727.6898608952761 903.93590565025806 239.395633071661 614.60143226385117 1907.5563298016787 460.61907605826855 6483.1077051907778 558.39638677239418 1078.1670366823673 464.51792420446873
leaf_count=1554 871798 840 1757 6888 5408 8639 2322 2421 1206 1539 890 2945 1073 3879 10675 2805 49987 2652 4133 5368 11022 3647 966 2481 7688 1852 26222 2250 4369 1875
internal_value=3.19773e-06 0.000353995 0.000386995 0.00121075 0.00207465 0.00296664 0.00504612 0.00271457 0.00178722 0.00245922 -0.000462339 -0.00246067 0.00159907 0.000184943 0.00167572 4.25507e-05 0.000631781 -0.000361579 -0.00202778 -0.000536585 -4.81268e-05 0.00104954 -0.000701336 -0.00434736 -0.00037512 -0.00259862 -0.000361131 -0.00202214 -0.00326979 -0.00187672
internal_weight=260165 44217.3 44010.5 8622.88 5702.71 4366.78 1567.6 988.962 2799.18 2502.24 2920.17 1210.26 482.212 35387.6 3065.33 32322.3 13179.2 19143 3013.31 1985.02 16129.7 5999.8 10129.9 853.997 3272.11 1364.55 9275.94 2792.84 2101.08 1542.68
internal_count=1051151 179353 178513 34885 23089 17681 6297 3975 11384 10178 11796 4908 1963 143628 12432 131196 53866 77330 12153 8020 65177 24209 40968 3447 13187 5499 37521 11299 8494 6244
cat_boundaries=0 1 2 3 4 5 6
cat_threshold=18 558 352 542 524 384
is_linear=0
shrinkage=0.03


Tree=208
num_leaves=31
num_cat=0
split_feature=10 33 11 30 17 2 10 26 21 28 51 19 29 33 26 36 10 42 36 42 50 44 30 43 50 50 32 27 26 34
split_gain=7.58765 16.3254 11.754 12.0408 11.7542 12.583 13.4542 10.438 11.7548 11.3138 12.1755 9.9164 10.0894 10.5168 15.0772 12.2294 11.4939 10.8355 12.4101 10.4076 12.3658 10.2105 10.2101 9.98284 13.8579 14.9687 13.6097 11.9865 12.5595 10.4334
threshold=4.5000000000000009 0.40545850000000005 5.5000000000000009 0.33165550000000005 1.5000000000000002 2.5000000000000004 5.5000000000000009 349.50000000000006 4.6250000000000009 0.31816550000000005 0.0057864999999999731 40.750000000000007 0.16273850000000004 0.52730200000000005 6477.5000000000009 0.17254200000000003 2.5000000000000004 0.73163350000000016 0.15855650000000002 0.45706550000000007 0.28833450000000005 0.024398250000000003 0.41119750000000005 0.30869300000000005 0.099760000000000029 0.042222500000000003 0.55022950000000015 0.53012100000000018 2610.5000000000005 0.47306150000000008
decision_type=2 10 2 8 2 2 2 2 2 10 10 2 8 10 2 10 2 10 10 10 8 10 8 10 10 8 10 10 2 10
left_child=11 2 -2 -4 -5 -6 -7 -3 9 -9 -11 12 19 15 -15 17 -17 18 -14 20 22 -18 -1 24 25 29 27 28 -27 -21
right_child=1 7 3 4 5 6 -8 8 -10 10 -12 -13 13 14 -16 16 21 -19 -20 23 -22 -23 -24 -25 -26 26 -28 -29 -30 -31
leaf_value=0.00050317994295834029 -0.0073592846400015585 -0.0012882629264936198 -0.0063060286855889597 -0.00038558468661319085 0.00050020032268773408 -0.011846907552379446 -0.0033340045751807461 -5.8597256540406243e-05 0.0048008116049860191 -0.00099902491211928748 0.0078243055855245908 0.00024425211838620175 0.00067912541863552071 -0.00031853620958330347 -0.0083614439662208929 0.00078151027405858021 0.0037182039503163822 0.0083883137455630537 0.0044268383691831075 0.0011155443400650911 -0.0057294989491695906 -0.003595373643376041 0.00579513239252638 -0.00096826781540314949 0.0012557643726631975 -0.0033423873324371694 -0.00080509921691848912 -0.00036170450239778713 -0.0097568562850642963 -0.00038261092218839528
leaf_weight=10710.55942901969 314.4813314974308 5894.8902313262224 424.05796498060226 4855.1902442872524 438.7425002604723 232.82939438521862 647.16026625037193 34156.452112749219 464.42754852771759 229.96969126164913 336.66762207448483 123202.53269787133 2443.6357994675636 4485.9143202900887 217.78913027048111 6797.2958815842867 199.92607010900974 250.38175584375858 1194.9347655624151 5255.638701364398 274.93635512888432 1024.2206625342369 337.06634642183781 23303.124822288752 5219.5284658819437 885.06963104009628 4909.1994448751211 637.7392603456974 416.16587381064892 20414.34480163455
leaf_count=43377 1274 23817 1712 19646 1776 943 2620 137592 1867 937 1369 498365 9864 18093 875 27374 808 1010 4808 21193 1109 4129 1353 93955 21050 3562 19900 2574 1681 82581
internal_value=-7.07323e-06 -0.000347807 -0.00169667 -0.001419 -0.00107558 -0.0035866 -0.00565294 -0.000120012 7.49435e-05 1.0461e-05 0.00420429 6.98627e-05 -0.000171268 0.000494663 -0.000702402 0.000969989 0.000296068 0.00235103 0.00192077 -0.00032459 0.000509391 -0.00237031 0.000668883 -0.000479795 -0.000177314 -0.000408357 -0.0016544 -0.00378469 -0.00543461 -7.46175e-05
internal_weight=260175 47994.9 6912.46 6597.98 6173.92 1318.73 879.99 41082.4 35187.5 34723.1 566.637 212180 88977.5 16614.1 4703.7 11910.4 8021.44 3888.95 3638.57 72363.4 11322.6 1224.15 11047.6 61040.8 37737.7 32518.2 6848.17 1938.97 1301.24 25670
internal_count=1051214 193553 27971 26697 24985 5339 3563 165582 141765 139898 2306 857661 359296 66961 18968 47993 32311 15682 14672 292335 45839 4937 44730 246496 152541 131491 27717 7817 5243 103774
is_linear=0
shrinkage=0.03


Tree=209
num_leaves=31
num_cat=5
split_feature=26 25 1 42 24 0 1 36 28 29 2 42 25 35 50 37 0 24 35 51 28 2 25 31 33 3 39 50 37 42
split_gain=7.1575 16.8923 22.0713 21.9949 13.7568 19.4052 24.4514 12.903 13.4843 13.276 12.8235 20.7341 23.4446 13.2607 13.4032 13.1401 12.7643 13.3518 12.7344 11.9596 11.709 11.4115 12.1107 21.3542 12.0975 11.7422 12.1063 11.3315 11.0705 10.5806
threshold=5540.5000000000009 0 4.5000000000000009 0.5013525000000002 1 2022.5000000000002 6.5000000000000009 0.18286800000000003 0.24910750000000001 0.15593550000000003 4.5000000000000009 0.51759900000000003 2 0.14980300000000002 0.058981000000000068 0.14483450000000003 2022.5000000000002 3 0.10733500000000001 -0.0079285000000000033 0.19623750000000004 3.5000000000000004 4 0.4540125000000001 0.44112650000000003 6.5000000000000009 0.50424950000000013 0.029403000000000016 0.14807100000000004 0.54220550000000012
decision_type=2 1 2 10 1 2 2 10 10 10 2 10 1 10 10 10 2 1 10 10 10 2 1 10 10 2 10 10 10 10
left_child=-1 2 3 -2 19 6 10 8 9 -8 11 15 20 14 -14 -6 17 -4 -12 -3 -13 22 23 -7 -24 -23 -27 -19 -28 -30
right_child=1 4 16 -5 5 21 7 -9 -10 -11 18 12 13 -15 -16 -17 -18 27 -20 -21 -22 25 24 -25 -26 26 28 -29 29 -31
leaf_value=7.9729775724533594e-05 0.0032049175589006448 -0.0014442074718219956 -0.0045786793973967314 -0.0087295861773522224 -0.00035570717122595803 -0.0015557967159958565 -0.00054165918802536351 0.001771936631524204 -0.0057432864650964347 -0.0064168668934107111 0.0096327329411982875 0.0083534354386168956 -0.011165701192298505 -0.00010269915939154114 -0.0016485632999728487 0.0055255065118028348 0.0041696282655426919 -0.00018551043426311134 0.0027633088088442198 0.0020608717234658312 -0.0010146798681454194 -0.0025028276016154736 0.0014755805967606528 0.0032502869497282533 -0.0019026631515358665 0.0044500430367852579 0.0032257328390572866 0.0068520389470423963 -0.001034078001133249 -0.0080239058902466416
leaf_weight=220869.68094667792 229.19643048942089 1221.2464891821146 355.31112217903137 335.17659671604633 537.09563462436199 1628.604143679142 4436.461570084095 1292.9874162226915 612.76328685879707 374.58230583369732 306.9382241666317 236.91740019619465 341.73168888688087 381.23440930247307 232.27558091282845 894.01588851213455 1842.9813518375158 587.46742537617683 1268.5404843688011 3018.919220417738 229.22474281489849 8453.2574981898069 1135.8729107528925 1685.744199514389 5634.7317494899035 440.6415880471468 367.98372510075569 307.5573323071003 818.81373089551926 259.1172114610672
leaf_count=892663 924 4900 1425 1350 2170 6583 17927 5204 2459 1510 1238 962 1377 1538 940 3604 7433 2365 5124 12247 923 34110 4599 6785 22697 1771 1480 1237 3289 1041
internal_value=1.31231e-05 -0.000358843 0.00157766 -0.00383869 -0.000557881 -0.000773988 0.000230351 -0.000907419 -0.00155231 -0.00100904 0.00196245 0.000748155 -0.00180288 -0.00447874 -0.00739512 0.00330124 0.00258342 0.000217048 0.00413639 0.00104151 0.00362836 -0.00132381 -0.000601286 0.000877714 -0.00132912 -0.00202524 9.94388e-05 0.00218982 -0.00121217 -0.00275968
internal_weight=260337 39467.4 3657.69 564.373 35809.7 31569.5 11144.8 6716.79 5423.81 4811.04 4427.97 2852.5 1421.38 955.242 574.007 1431.11 3093.32 1250.34 1575.48 4240.17 466.142 20424.8 10085 3314.35 6770.6 10339.8 1886.56 895.025 1445.91 1077.93
internal_count=1051875 159212 14734 2274 144478 127331 44976 27100 21896 19437 17876 11514 5740 3855 2317 5774 12460 5027 6362 17147 1885 82355 40664 13368 27296 41691 7581 3602 5810 4330
cat_boundaries=0 1 2 3 4 5
cat_threshold=2 2 276 176 208
is_linear=0
shrinkage=0.03


Tree=210
num_leaves=31
num_cat=7
split_feature=30 33 23 29 29 28 33 25 19 42 24 36 28 29 31 25 7 38 10 30 29 3 25 24 7 42 44 24 32 19
split_gain=7.36406 12.9121 13.3577 11.3953 18.2236 12.2373 11.8098 10.3548 9.95895 9.90513 12.2267 10.3014 8.58082 11.8456 12.2616 9.86111 8.86006 10.1938 9.84574 10.6775 21.0996 12.6702 11.959 13.9456 10.3994 9.94769 8.8854 8.34281 8.24989 9.25669
threshold=0.43602150000000006 0.55360200000000015 0 0.13311750000000003 0.14536450000000004 0.22258350000000002 0.35809350000000001 1 18.750000000000004 0.61403800000000008 2 0.035190900000000004 0.12380750000000001 0.083342150000000018 0.37210850000000006 3 1.5000000000000002 476.50000000000006 6.5000000000000009 0.37777050000000006 0.12978750000000003 8.5000000000000018 4 5 1.0000000180025095e-35 0.70179100000000016 0.058683700000000012 6 0.68280950000000007 38.050000000000004
decision_type=8 10 1 8 8 8 8 1 2 10 1 10 10 10 10 1 2 2 2 10 10 2 1 1 2 10 10 1 10 2
left_child=12 3 -3 9 8 -6 -7 -8 -5 -2 11 -11 16 -14 15 -15 18 26 19 21 25 22 23 24 -1 -21 -18 -20 29 -25
right_child=1 2 -4 4 5 6 7 -9 -10 10 -12 -13 13 14 -16 -17 17 -19 27 20 -22 -23 -24 28 -26 -27 -28 -29 -30 -31
leaf_value=-0.0050397193718891764 0.0033195047109224551 -0.00060436667758661112 -0.0066013390947691182 -0.00064644002813212323 0.0031122765083405101 0.0033848446112885061 -0.0061230550564195857 -0.0010278323188963828 -0.0085465222720091383 0.0023599241043698112 0.0016354523917897833 -0.0051076849201465635 -0.0021962868589638952 -0.0012239356411801044 -3.0481741871481851e-05 0.0044821573078273058 -0.0086235064034678281 0.00077686520361808123 0.0013903103754145019 0.0043947477143312739 -0.00023126523126905388 0.0082905068341160744 -0.0005249020017882958 -0.0016709948792701498 0.0036290206077970229 0.011134629985290741 -0.0015231279371917153 -0.0062463858518544699 0.010468766935756952 0.00580577719995922
leaf_weight=277.77139700949192 1043.6565872728825 689.75099949538708 669.77546079456806 223.64172817766666 647.73188363015652 348.8686068803072 518.28814993798733 1215.71386256814 449.69104507565498 219.97593216598034 1218.784177750349 609.06284707784653 2258.0462634563446 369.6173302680254 238328.19033809006 941.00554282963276 195.0691529661417 1933.8237262666225 232.41277456283569 1195.8964810520411 900.18371720612049 194.50526389479637 3080.3014940023422 209.02586677670479 217.96245723962784 246.4652242064476 900.19575595855713 258.01509331166744 203.75688116252422 465.39522449672222
leaf_count=1188 4207 2787 2702 905 2610 1424 2104 4916 1821 893 4934 2461 9115 1488 961219 3786 800 8035 963 5208 3719 804 12978 879 934 1044 3738 1057 873 1980
internal_value=-2.66344e-05 -0.000931057 -0.00358884 -0.000368751 -0.00156891 -0.000464493 -0.00159406 -0.00261716 -0.00598144 0.000943257 -0.000256235 -0.00305214 1.40318e-06 -3.4944e-05 -1.44259e-05 0.00287579 0.000840528 -0.00052079 0.00139568 0.00168679 0.00334152 0.000844892 0.000507667 0.00282387 -0.00114624 0.00558791 -0.00283514 -0.00267854 0.0050827 0.00344705
internal_weight=260263 7854.94 1359.53 6495.41 3403.94 2730.6 2082.87 1734 673.333 3091.48 2047.82 829.039 252408 241897 239639 1310.62 10510.8 3029.09 7481.69 6991.26 2342.55 4648.72 4454.21 1373.91 495.734 1442.36 1095.26 490.428 878.178 674.421
internal_count=1051572 31764 5489 26275 13780 11054 8444 7020 2726 12495 8288 3354 1019808 975608 966493 5274 44200 12573 31627 29607 9971 19636 18832 5854 2122 6252 4538 2020 3732 2859
cat_boundaries=0 1 2 3 4 5 6 7
cat_threshold=2 522 553 138 536 147 405
is_linear=0
shrinkage=0.03


Tree=211
num_leaves=31
num_cat=5
split_feature=27 29 38 44 30 0 29 34 27 39 33 28 36 3 25 40 33 36 50 27 25 4 25 19 36 40 10 25 29 11
split_gain=6.1444 8.07858 11.7864 8.53808 9.13654 9.56507 8.08339 19.3455 14.2556 7.94183 7.88769 17.3067 8.6973 7.74904 8.31304 7.68514 7.62248 7.53985 7.22863 6.89926 8.90005 12.5745 6.87863 6.86296 6.44878 6.92055 11.4544 10.9474 8.02581 6.44495
threshold=0.42399500000000007 0.20755850000000003 152.50000000000003 0.24503350000000004 0.42425650000000009 2023.5000000000002 0.19644300000000003 0.52097950000000004 0.44707100000000005 0.52533050000000003 0.38899000000000006 0.26523350000000007 0.10207700000000001 2.5000000000000004 0 0.1468595 0.29449500000000006 0.13578200000000004 0.01149149999999999 0.43259850000000005 1 2 3 50.100000000000009 0.19365650000000004 0.1400855 1.5000000000000002 4 0.22690700000000005 5.5000000000000009
decision_type=10 10 2 10 10 2 10 10 10 10 8 10 8 2 1 8 10 8 10 10 1 1 1 2 8 10 2 1 8 2
left_child=10 6 -3 4 5 18 19 8 -8 23 11 -1 -12 -10 -15 -9 -13 -14 -4 20 -2 22 -22 -7 -19 29 28 -28 -27 -26
right_child=1 2 3 -5 -6 9 7 15 13 -11 12 16 17 14 -16 -17 -18 24 -20 -21 21 -23 -24 -25 25 26 27 -29 -30 -31
leaf_value=0.0085817778115330982 -0.0015229716321159066 0.0076142606952741285 0.0062434701076494892 -0.0031863855103943816 -0.0033406843078780013 -0.0015401650193799287 -0.0068468986574214729 -0.0036551904426697329 0.0039633819216596151 -0.0045127303641400154 -0.0068802748347710253 -0.0050183726002446883 0.002611154415166237 -0.00373725615354778 0.0013427343148983307 -0.0111574354707108 0.00037695280208395308 -0.0039217687415317552 0.00035579755849989578 -1.0143238683474966e-05 0.010468578396384313 6.1690746321117063e-05 0.0035028681073633631 0.0044982177846919179 0.0038309902329780447 -0.0022538836326130534 0.0052688137839231137 -0.0035711501126508855 -0.010189589232750988 -0.0015596634514822034
leaf_weight=209.3238904774189 484.21152803301811 264.79782931506634 672.89243239164352 372.33992025256157 273.83323529362679 286.53058129549026 255.97242784500122 337.08970102667809 471.93175436556339 230.25013716518879 288.92492742836475 277.70466132462025 359.78888037800789 448.77887752652168 758.73433913290501 213.47708077728748 1427.7716261148453 977.68678116798401 275.71209317445755 247912.2063498497 216.28084394335747 606.6285015642643 437.23884792625904 389.10205616056919 408.6965274810791 279.55534715950489 231.61324664950371 245.50675769150257 210.79743331670761 375.57795363664627
leaf_count=844 1976 1077 2718 1505 1105 1150 1035 1362 1896 925 1178 1142 1467 1805 3054 858 5854 3984 1115 1001490 881 2471 1781 1562 1647 1133 940 996 852 1516
internal_value=-1.71809e-05 3.71461e-06 0.00161556 0.000960006 0.00170294 0.00246802 -1.38639e-05 -0.00171508 -0.000283929 0.000225816 -0.0010286 0.000496803 -0.00190178 0.000708959 -0.000544853 -0.00666301 -0.000491284 -0.00142023 0.00457026 2.97637e-06 0.00188155 0.00320071 0.00610396 0.00189769 -0.00196491 -0.000850805 -0.00255515 0.000699107 -0.00576738 0.00121527
internal_weight=260201 254908 2765.46 2500.66 2128.32 1854.49 252143 2485.98 1935.42 905.883 5292.95 1914.8 3378.15 1679.44 1207.51 550.567 1705.48 3089.22 948.605 249657 1744.36 1260.15 653.52 675.633 2729.43 1751.75 967.473 477.12 490.353 784.274
internal_count=1051319 1029766 11157 10080 8575 7470 1018609 10010 7790 3637 21553 7840 13713 6755 4859 2220 6996 12535 3833 1008599 7109 5133 2662 2712 11068 7084 3921 1936 1985 3163
cat_boundaries=0 1 2 3 4 5
cat_threshold=212 289 2 536 391
is_linear=0
shrinkage=0.03


Tree=212
num_leaves=31
num_cat=5
split_feature=44 43 26 42 31 31 9 25 19 19 34 18 32 7 7 27 18 36 25 42 25 36 38 51 38 31 12 32 32 31
split_gain=7.47898 11.4131 16.855 14.0524 12.3391 11.7569 10.231 15.7424 12.9459 12.937 16.5048 19.7061 14.8724 14.101 14.7992 16.0169 14.1905 13.5974 12.9081 14.3799 12.4709 11.7234 16.0112 10.7652 10.7041 10.5686 10.5028 12.6027 14.9441 10.5027
threshold=0.075958200000000017 0.20660450000000005 3798.5000000000005 0.78228550000000008 0.41547450000000002 0.43473550000000005 10.500000000000002 0 8.9500000000000011 81.950000000000017 0.39382000000000006 1 0.18245850000000005 1.0000000180025095e-35 1.5000000000000002 0.53488550000000012 2 0.10690750000000002 3 0.73163350000000016 4 0.086302700000000024 1481.5000000000002 0.027848500000000057 1145.5000000000002 0.44699250000000007 6.5000000000000009 0.60084750000000009 0.68778650000000019 0.42099750000000008
decision_type=10 8 2 10 10 10 2 1 2 2 10 1 10 2 2 10 1 10 1 10 1 10 2 10 2 10 2 10 10 10
left_child=1 2 3 5 -5 -1 8 -8 18 10 11 24 25 16 -15 17 20 -16 29 -20 -14 -9 -23 26 -10 -11 27 -17 -29 -2
right_child=6 -3 -4 4 -6 -7 7 21 9 12 -12 -13 13 14 15 23 -18 -19 19 -21 -22 22 -24 -25 -26 -27 -28 28 -30 -31
leaf_value=-8.1199546007824111e-05 0.0023990626413689666 -0.0003957270557230533 0.0072388105840461934 0.0015294182490671326 -0.0026124789887849017 0.00602050810416019 0.0040147354709874905 -0.005408790083876582 0.0032184867982657625 -0.0018501615810754906 0.00022330540676728661 0.0028115203549509784 -0.0017182981658552994 0.0010199248847906728 0.0038853171455395042 -0.0042654538222834824 -0.0012638463935531077 -0.00011590322000697692 -0.0014354043951834341 0.0051500251418468918 0.0039750436734245932 -0.0025326488438730862 0.0035163284482872836 0.0010109857808382311 -0.0046823036368629622 -0.0090093506291992666 0.0012971696762847228 0.0020479930681740698 -0.0059063633971956856 -0.00027852011969758559
leaf_weight=485.51528696715832 1680.60524097085 55261.335390821099 380.53856559097767 1245.9615685045719 1332.0329482853413 651.09933131933212 1499.2530069202185 308.77566024661064 207.88853447139263 587.10603308677673 135943.01495289803 4132.0652188658714 538.25174832344055 10842.028847843409 922.43734769523144 2438.0470133572817 13436.29782821238 4319.841050311923 11780.218322247267 301.44670668244362 911.01390567421913 675.73908330500126 926.7723251581192 978.4443403929472 544.54991313815117 280.55890539288521 558.62960414588451 720.24234834313393 297.54179002344608 6022.627635166049
leaf_count=1963 6771 223105 1544 5045 5400 2644 6046 1242 849 2379 549800 16774 2173 43759 3709 9825 54220 17365 47477 1215 3675 2722 3733 3956 2210 1130 2251 2931 1211 24260
internal_value=1.36662e-05 -0.000282052 0.00124377 0.000616198 -0.000599599 0.00339443 0.00010121 0.00172998 7.28971e-05 0.000154104 0.00028514 0.00199875 -0.000346103 -0.000251397 0.000246694 -0.00056951 -0.000958593 0.000584256 -0.000654691 -0.00126632 0.00184356 -7.06506e-05 0.000946974 -0.00178653 -0.00242352 -0.0042226 -0.00247608 -0.00309529 -0.00025854 0.000302067
internal_weight=260210 59356.5 4095.15 3714.61 2577.99 1136.61 200853 3410.54 197443 177658 140828 4884.5 36830.4 35962.8 21077.2 10235.2 14885.6 5242.28 19784.9 12081.7 1449.27 1911.29 1602.51 4992.91 752.438 867.665 4014.46 3455.83 1017.78 7703.23
internal_count=1051384 239701 16596 15052 10445 4607 811683 13743 797940 718217 569633 19833 148584 145075 85007 41248 60068 21074 79723 48692 5848 7697 6455 20174 3059 3509 16218 13967 4142 31031
cat_boundaries=0 1 2 3 4 5
cat_threshold=312 19 48 673 928
is_linear=0
shrinkage=0.03


Tree=213
num_leaves=31
num_cat=7
split_feature=18 31 25 31 24 39 25 31 30 31 11 24 36 19 45 30 33 29 30 1 42 19 27 39 42 32 32 11 25 24
split_gain=7.34036 12.0388 9.73408 9.25798 7.55782 8.97529 8.6385 8.75272 13.7014 8.78507 9.35714 8.17654 7.03036 6.68713 9.09949 6.56034 9.2063 14.8359 9.75918 7.80619 12.6924 13.2463 15.7576 10.9298 10.1614 13.0448 12.6539 12.5422 12.2685 11.1251
threshold=0 0.48184750000000004 1 0.39592550000000004 2 0.51572950000000006 3 0.41690900000000003 0.38794250000000002 0.45927250000000003 1.5000000000000002 4 0.14820650000000005 78.450000000000017 4.5000000000000009 0.33899250000000009 0.37232100000000007 0.20755850000000003 0.33165550000000005 8.5000000000000018 0.61162700000000003 41.550000000000004 0.52526450000000013 0.52045550000000007 0.41669700000000004 0.43147600000000003 0.47641300000000003 1.0000000180025095e-35 5 6
decision_type=1 10 1 8 1 10 1 10 10 10 2 1 10 2 2 8 10 10 10 2 10 2 10 8 10 10 10 2 1 1
left_child=1 3 -3 -1 5 -5 13 -8 9 10 -9 -11 -10 14 -6 16 17 18 -2 24 -21 -22 -23 -24 25 -18 -27 -26 29 -29
right_child=15 2 -4 4 6 -7 7 8 12 11 -12 -13 -14 -15 -16 -17 19 -19 -20 20 21 22 23 -25 27 26 -28 28 -30 -31
leaf_value=-0.0032743955562214494 -0.0043794947438089349 0.0017500322017284275 -0.0056358499245161044 0.0078112358169500108 0.0026054734845502368 0.0022806308309788253 0.0072135208906593468 0.0092087109912703854 -0.0072060243780632024 0.0033417725515055819 0.0026321089283564058 -0.0042882924081088835 0.00029090470048706395 -0.0047071384969904718 -0.00298881485050586 -9.4599617137739437e-05 0.0028393234490034437 0.0035904512182570927 0.00066532554811939463 0.00031854764316837281 0.00074293927068720515 0.00011864604823671748 -0.010983023170872817 -0.0039920998440189075 0.0020946155295009108 -0.0060709476346975776 -0.00083470197803305664 -0.00039085376799675965 -3.81731484281602e-05 0.0020037366333495112
leaf_weight=336.1741785556078 1170.2032823711634 250.7143002897501 399.00692711770535 357.33524818718433 635.61009551584721 1115.4353658854961 276.56959345936775 269.27581126987934 202.8523516356945 236.13575944304466 780.4059701859951 241.87804161012173 231.93845516443253 304.19449780881405 438.69918589293957 210929.12395942211 676.93797188997269 384.98869334161282 474.24818153679371 6301.6861115992069 851.07487839460373 556.44741557538509 297.37892873585224 706.53818958997726 5545.5278778225183 506.26963819563389 2378.7650815099478 2345.0260800868273 14352.491328075528 6616.3527397811413
leaf_count=1363 4739 1020 1614 1445 2569 4532 1113 1089 816 954 3147 977 934 1226 1770 851551 2719 1556 1921 25511 3436 2233 1195 2879 22592 2035 9617 9526 58162 26969
internal_value=-7.49991e-07 0.00102847 -0.00280441 0.0014961 0.00181878 0.00363138 0.00105721 0.00220711 0.0014876 0.00283458 0.00436914 -0.000479064 -0.00316369 -0.000792152 0.000291211 -2.55314e-05 0.000311266 -0.00165685 -0.00290783 0.00040921 -0.000385764 -0.00223684 -0.00387961 -0.00611929 0.000623797 -0.000883387 -0.0017693 0.000810934 0.000504075 0.00137412
internal_weight=260169 6076.23 649.721 5426.5 5090.33 1472.77 3617.56 2239.06 1962.49 1527.7 1049.68 478.014 434.791 1378.5 1074.31 254093 43163.9 2029.44 1644.45 41134.5 8713.13 2411.44 1560.36 1003.92 32421.4 3561.97 2885.03 28859.4 23313.9 8961.38
internal_count=1051210 24569 2634 21935 20572 5977 14595 9030 7917 6167 4236 1931 1750 5565 4339 1026641 175090 8216 6660 166874 35254 9743 6307 4074 131620 14371 11652 117249 94657 36495
cat_boundaries=0 1 2 3 4 5 6 7
cat_threshold=64 356 67 736 416 408 400
is_linear=0
shrinkage=0.03


Tree=214
num_leaves=31
num_cat=8
split_feature=28 24 29 34 35 21 24 18 46 39 24 31 44 43 26 43 25 31 35 44 30 30 24 28 24 35 38 25 21 44
split_gain=8.05898 11.301 7.77953 13.5587 16.4062 9.24399 8.16338 9.65533 8.05372 12.7572 11.3736 10.056 10.409 17.0569 16.2149 15.7106 21.8999 14.3355 15.2777 14.4185 13.0901 18.2329 17.4781 13.5292 12.7631 12.2426 11.2748 13.385 11.0616 10.5181
threshold=0.073738700000000004 0 0.071468200000000009 0.49089050000000006 0.033520600000000005 0.9850000000000001 1 2 1.0000000180025095e-35 0.49198900000000007 3 0.50012800000000002 0.075958200000000017 0.20294300000000004 3009.5000000000005 0.44431100000000007 4 0.48941300000000004 0.087167550000000024 0.0015118150000000001 0.37105050000000006 0.43602150000000006 5 0.27993800000000008 6 0.22460450000000001 6906.5000000000009 7 0.71500000000000008 0.010209500000000002
decision_type=8 1 8 8 10 2 1 1 2 8 1 10 8 10 2 10 1 10 8 10 10 10 1 10 1 8 2 1 2 10
left_child=1 -1 3 -2 6 -6 -5 -8 11 10 -10 12 13 14 -4 -14 -17 19 -19 -15 23 24 -23 26 -22 -18 -21 -28 -25 -26
right_child=2 -3 8 4 5 -7 7 -9 9 -11 -12 -13 15 17 -16 16 25 18 -20 20 21 22 -24 28 29 -27 27 -29 -30 -31
leaf_value=-0.0041387629506153215 0.0055340142516330602 0.0024374771675036789 0.0014865845651225672 -0.004028484006384005 -0.0039890897084460279 -0.011875512430674948 0.003745063071782866 -0.0029855439000844807 -8.2036179183267956e-07 -8.0270971714693155e-05 -0.0021269557531104189 -0.0012111271717007153 0.00042649597145350899 0.0018401933768953064 0.010501808361799815 -0.0057180399522454486 -0.0012603783475620591 0.010392332409724175 0.0010529821744186235 -0.0017816089777811823 -0.0012043627723474688 -0.001023088654310346 -0.0091806754331499665 -0.002080777607218955 -0.0015768571648244725 0.0047000432052310614 -0.0036329382156026517 0.0039269818236957908 -0.0091613360398385014 0.0014789011848050434
leaf_weight=249.73111481964588 196.83018703758717 2158.3915466815233 1242.7841040194035 379.71406817436218 486.47567434608936 196.57520580291748 503.0941908955574 290.11769600212574 3958.6917122602463 117945.6873177439 5386.5608520656824 4555.8493331372738 95855.312992945313 1887.6633826941252 210.04063959419727 884.42868836224079 1473.561635479331 200.82317490875721 742.96238245069981 7304.9494091421366 4020.5318879038095 685.58524593710899 365.08053931593895 443.41032795608044 1226.6110337227583 389.60198977589607 288.47822053730488 680.59652332961559 382.14487878978252 5593.0603333115578
leaf_count=1026 793 9326 5017 1533 1974 804 2037 1178 15956 476642 21727 18361 387052 7602 858 3575 5965 810 2996 29469 16165 2772 1474 1786 4938 1564 1160 2735 1538 22465
internal_value=5.26569e-06 0.0017317 -1.0766e-05 -0.00184889 -0.00265567 -0.00634446 -0.000471295 0.00123768 3.89361e-06 -0.000165096 -0.00123209 0.000171614 0.000222737 -0.000319771 0.00282951 0.000362107 -0.00187135 -0.000513428 0.00309857 -0.00066413 -0.000891003 -0.000232598 -0.00400103 -0.00174772 0.00013089 0 -0.00137627 0.00164441 -0.00541584 0.00092308
internal_weight=260185 2408.12 257777 2052.81 1855.98 683.051 1172.93 793.212 255724 127291 9345.25 128433 123878 25274.7 1452.82 98602.9 2747.59 23821.9 943.786 22878.1 20990.4 11890.9 1050.67 9099.58 10840.2 1863.16 8274.02 969.075 825.555 6819.67
internal_count=1051298 10352 1040946 8319 7526 2778 4748 3215 1032627 514325 37683 518302 499941 101785 5875 398156 11104 95910 3806 92104 84502 47814 4246 36688 43568 7529 33364 3895 3324 27403
cat_boundaries=0 1 2 3 4 5 6 7 8
cat_threshold=74 270 225 417 416 316 149 193
is_linear=0
shrinkage=0.03


Tree=215
num_leaves=31
num_cat=3
split_feature=11 37 34 24 35 51 42 32 34 42 24 20 31 51 32 27 42 44 51 34 31 35 28 43 43 32 31 31 24 27
split_gain=7.40457 10.2859 10.6731 10.3151 15.6574 14.868 13.2371 12.8608 17.0036 11.2987 11.2764 11.0705 10.8559 10.4222 9.45899 10.801 10.3778 9.82809 8.99035 8.9773 8.48694 8.43572 8.31054 7.90315 7.76016 7.6589 7.57372 7.24457 7.92444 7.12947
threshold=1.0000000180025095e-35 0.11342350000000002 0.66299450000000015 0 0.20574450000000002 0.020589499999999986 0.53810250000000004 0.42514350000000006 0.42767950000000005 0.42701650000000008 1 47.650000000000013 0.43854150000000008 -0.10264749999999993 0.33484850000000005 0.4528100000000001 0.54023200000000016 0.13559500000000002 0.028616499999999993 0.43285300000000004 0.43165300000000001 0.033520600000000005 0.11321200000000002 0.47206250000000005 0.12608950000000005 0.48660600000000004 0.45723750000000002 0.39592550000000004 2 0.6126910000000001
decision_type=2 10 10 1 10 10 10 10 10 10 1 2 10 10 10 10 10 10 10 10 10 10 10 8 10 10 10 10 1 10
left_child=1 23 3 4 -3 13 7 8 -6 -7 -11 18 -9 -5 16 17 -15 19 -12 -16 -13 -17 -2 -1 -23 -14 -8 28 -26 -24
right_child=22 2 -4 5 6 9 26 12 -10 10 11 20 25 14 15 21 -18 -19 -20 -21 -22 24 29 -25 27 -27 -28 -29 -30 -31
leaf_value=0.0014593318786941015 0.0010161031070076256 -1.1526029848617568e-05 -0.0065659169405814614 0.0058908697153534483 0.00017162867616750925 0.0043921656899936143 -0.0025995075683623954 0.0027992674875461795 -0.0098816831031584163 -0.00019006469327704871 -0.010751822074545054 -0.0057721944169334093 -0.0011528107018573977 0.0011801763710381681 0.0080537597369476216 -0.0051152974648273819 -0.0061482854211419215 -0.0016070354603360416 -0.0038096692197765823 0.00038348914746947195 0.0011207706523171088 0.0046934476191036485 -0.00011096740719076641 -0.003842849529508498 0.0076305082979439606 -0.0080824948456534734 0.0032816458814253174 0.00054020859525801251 0 -0.0011183432773366163
leaf_weight=7781.7560198158026 5716.2998741716146 8175.0961636304855 211.86250346899033 352.34270562231541 200.12995062768459 293.05360773205757 373.10470534861088 298.50442835688591 551.68094921112061 2060.8880627155304 251.92777301371098 224.85203669965267 354.93629986047745 313.21411986649036 474.45844921469688 220.39405898749828 370.50887495279312 202.39625614881516 581.38131973147392 205.02924063801765 530.33887687325478 434.64496149122715 203914.05394609272 255.76165743172169 261.2613872885704 254.28858903050423 407.63716034591198 18192.491752043366 223.74913759529591 6531.2645091414452
leaf_count=31738 24113 32946 890 1420 808 1177 1507 1202 2216 8336 1016 905 1424 1264 1929 890 1506 823 2351 829 2144 1750 822000 1050 1051 1024 1641 73628 911 26951
internal_value=-3.92508e-05 0.000315028 9.7554e-05 0.000138363 -0.000644395 0.000469487 -0.00275229 -0.00426726 -0.00717573 -0.00121876 -0.00168078 -0.00356834 -0.00180973 0.000784455 0.000696092 0.000814761 -0.00275694 0.00406272 -0.00597535 0.00579514 -0.000906705 0.000664442 -0.000111602 0.00128551 0.000733453 -0.00411967 0.000433662 0.000638955 0.00425532 -0.00014239
internal_weight=260219 44057.7 36020.2 35808.3 10615.4 25192.9 2440.28 1659.54 751.811 3942.44 3649.39 1588.5 907.729 21250.5 20898.1 20214.4 683.723 881.884 833.309 679.488 755.191 19332.5 216162 8037.52 19112.1 609.225 780.742 18677.5 485.011 210445
internal_count=1051440 178376 145588 144698 42768 101930 9822 6674 3024 15929 14752 6416 3650 86001 84581 81811 2770 3581 3367 2758 3049 78230 873064 32788 77340 2448 3148 75590 1962 848951
cat_boundaries=0 1 2 3
cat_threshold=162 593 532
is_linear=0
shrinkage=0.03


Tree=216
num_leaves=31
num_cat=7
split_feature=50 31 25 44 21 26 26 28 37 2 29 25 25 26 37 24 25 24 38 12 39 26 28 7 43 24 50 26 36 36
split_gain=8.08517 11.4949 9.71183 9.58719 11.765 12.4661 11.4652 9.62428 9.33458 12.1286 14.3014 14.0728 13.4996 14.4507 11.0402 10.7707 10.2534 13.1772 9.20358 9.31653 8.74048 8.46032 7.99002 8.89561 7.38501 11.5491 18.5846 8.45095 7.71322 18.1111
threshold=-0.19975499999999993 0.47305500000000006 0 0.030512100000000004 0.30500000000000005 1999.5000000000002 852.50000000000011 0.23947750000000004 0.16650000000000004 4.5000000000000009 0.14243550000000002 1 2 1590.5000000000002 0.17208700000000002 3 4 5 1649.5000000000002 -2.4999999999999996 0.5425795000000001 837.50000000000011 0.24565550000000005 1.0000000180025095e-35 0.56061650000000018 6 0.049381999999999961 594.50000000000011 0.18637200000000001 0.19152350000000004
decision_type=8 10 1 10 2 2 2 10 10 2 10 1 1 2 10 1 1 1 2 2 10 2 10 2 10 1 8 2 8 8
left_child=1 3 -3 4 7 6 -6 -1 9 10 12 -11 13 -5 -10 -12 17 -16 21 -20 -17 -14 23 -13 28 26 -26 -27 -2 -30
right_child=24 2 -4 8 5 -7 -8 -9 14 11 15 22 18 -15 16 20 -18 -19 19 -21 -22 -23 -24 -25 25 27 -28 -29 29 -31
leaf_value=0 -8.2743401850364728e-05 0.0073676102010991514 0.0004157308154035504 -0.0034504140263451437 0 0.004639905079366991 -0.0084022686632335645 0.007407633167292909 -0.0091887737258966422 -0.0022377405112725458 -0.0044198884025970246 0.009948289764806776 -0.00116185640231393 -0.012308665424853158 -0.00393279316945409 0.00065063863507041578 -0.0038160410967033789 0.0053213752198091411 -0.0047310540553320958 0.0026596518709431157 0.0079920121912586822 -0.0094482579761905171 -0.00029771909916004476 0.0023731041972100127 -0.0042639898659350209 -0.00069708669631005299 0.0045758156715651824 0.0057543159962454146 0.0018250500726238229 0.00013005200511662123
leaf_weight=283.28915061056614 186830.2138967514 229.51382067799568 776.47222566604614 458.72009690105915 314.83570137619972 213.65631486475468 259.28981740772724 342.04207356274128 256.40512856841087 597.05490243434906 246.63034591078758 253.38972336053848 267.01893183588982 272.91611348092556 244.01239085197449 553.12800407409668 1461.67693798244 285.22167840600014 211.03667445480824 532.76246999204159 201.07662458717823 200.53107671439648 288.71163290739059 341.98983138799667 513.18245403468609 231.11831474304199 361.40871174633503 738.91620349884033 6321.0934019386768 55757.89007280767
leaf_count=1139 755564 927 3126 1846 1273 862 1051 1387 1034 2401 997 1023 1075 1097 986 2229 5896 1148 849 2150 809 807 1168 1379 2074 930 1458 2965 25484 224799
internal_value=-4.20856e-06 -0.000883014 0.00212585 -0.00126174 0.000967807 -0.00144155 -0.00376905 0.00404321 -0.00173864 -0.000928433 -0.00204574 0.00127167 -0.00354766 -0.00674059 -0.00331725 0.000842055 -0.00253334 0.00100726 -0.00151461 0.000511948 0.00263661 -0.00481721 0.00365903 0.0056809 2.75441e-05 0.00191732 -0.000567299 0.00414636 1.33958e-05 0.000303206
internal_weight=259845 9091.38 1005.99 8085.4 1413.11 787.782 574.126 625.331 6672.28 4424.97 2943.82 1481.15 1942.99 731.636 2247.32 1000.83 1990.91 529.234 1211.35 743.799 754.205 467.55 884.091 595.38 250754 1844.63 874.591 970.035 248909 62079
internal_count=1049933 36659 4053 32606 5712 3186 2324 2526 26894 17830 11859 5971 7824 2943 9064 4035 8030 2134 4881 2999 3038 1882 3570 2402 1013274 7427 3532 3895 1005847 250283
cat_boundaries=0 1 2 3 4 5 6 7
cat_threshold=264 139 29 81 3 540 601
is_linear=0
shrinkage=0.03


Tree=217
num_leaves=31
num_cat=7
split_feature=28 37 25 44 42 25 24 36 36 39 39 44 30 30 27 36 18 40 31 25 24 42 21 21 51 25 9 50 50 30
split_gain=7.41324 11.1624 9.23203 8.60882 7.87022 15.0512 24.2142 14.3531 17.7477 15.0514 13.0237 11.4036 16.1244 15.89 12.2632 10.6182 12.3183 10.2336 11.6154 14.7779 12.1667 9.94948 9.89186 11.1652 12.9236 11.5619 10.1915 9.53609 11.8184 9.90929
threshold=0.34967450000000005 0.11031150000000002 0 0.058683700000000012 0.59027200000000013 1 2 0.28913300000000003 0.21440350000000002 0.51226650000000007 0.40358950000000005 0.19298300000000002 0.38939150000000006 0.39377900000000005 0.59392950000000011 0.25036000000000008 3 0.11306700000000001 0.4685835000000001 4 5 0.60912500000000003 2.4750000000000005 1.385 -0.065422999999999967 6 6.5000000000000009 0.10153199999999997 0.036648999999999994 0.35330950000000005
decision_type=8 8 1 10 10 1 1 10 10 8 10 10 10 10 10 10 1 8 10 1 1 10 2 2 10 1 2 8 10 10
left_child=4 3 -3 -2 5 6 -1 8 17 -10 -7 -8 14 -14 -13 16 -11 18 19 -6 -20 -17 23 24 25 -18 -26 28 29 -21
right_child=1 2 -4 -5 7 10 11 -9 9 15 -12 12 13 -15 -16 21 22 -19 20 27 -22 -23 -24 -25 26 -27 -28 -29 -30 -31
leaf_value=0.00012326919463948938 -0.0018195298946711272 0.0028397245166909527 -0.0029565693280459429 0.0051668818370109119 -0.0094183631851322384 -0.0041324103098594302 -0.00098190136706269001 -0.002492172546671416 -0.00052252796932993463 -0.0015767943182068485 7.9909132075028021e-05 -0.0050760459358404177 0.0078367875974933096 -0.0024473442733071028 -0.00050731225532867899 -0.0044618558475584122 0.004330835894171178 0.00033058148410341706 0.004736961683577492 -0.0045581301627235322 -0.00096214393364286869 0.001424986173688615 0.0090011361737638261 -0.0001707276840453522 0.0058459346912224652 -0.0026078441527031928 0.00030516699805986544 0.0017910768786413439 -0.0056146867251111975 4.2559590900202843e-05
leaf_weight=9909.0369193553925 271.25154513120651 264.97208072245121 2190.9038785547018 360.86051535606384 211.57308188080788 660.13008973002434 4008.9697764664888 1584.1461628079414 2114.660212546587 443.55783079564571 159444.78122027218 2541.1345613896847 210.44217382371426 360.74085566401482 687.31953766942024 307.21402736008167 399.08286166191101 64031.93026612699 541.74896673858166 554.35090437531471 838.64940543472767 1518.5762353986502 290.91956183314323 704.11647054553032 2100.9240194112062 438.72005172073841 362.07295434176922 661.30388997495174 687.08819854259491 1675.3147521018982
leaf_count=40014 1102 1080 8946 1473 850 2665 16134 6395 8530 1788 643987 10221 845 1450 2884 1240 1609 258823 2219 2264 3431 6116 1171 2838 8477 1769 1458 2689 2798 6804
internal_value=6.37148e-05 -0.00139619 -0.00231676 0.00212721 8.13694e-05 -2.93946e-05 -0.000858859 0.000329598 0.000387472 0.00166651 6.22729e-05 -0.00210714 -0.00329031 0.00131056 -0.00411405 0.00237608 0.00312552 0.000226547 -0.00105558 -0.0019166 0.00128554 0.000412346 0.00361405 0.00321782 0.00394923 0.00068583 0.00504494 -0.00142684 -0.00217268 -0.00109244
internal_weight=260376 3087.99 2455.88 632.112 257289 177823 17717.6 79465.9 77881.8 8679.84 160105 7808.61 3799.64 571.183 3228.45 6565.18 4739.39 69202 5170.03 3789.63 1380.4 1825.79 4295.84 4004.92 3300.8 837.803 2463 3578.06 2916.75 2229.67
internal_count=1052070 12601 10026 2575 1039469 718200 71548 321269 314874 34996 646652 31534 15400 2295 13105 26466 19110 279878 21055 15405 5650 7356 17322 16151 13313 3378 9935 14555 11866 9068
cat_boundaries=0 1 2 3 4 5 6 7
cat_threshold=512 512 334 21 2 900 682
is_linear=0
shrinkage=0.03


Tree=218
num_leaves=31
num_cat=5
split_feature=51 41 36 29 43 1 25 38 19 18 37 27 27 25 21 39 36 33 25 42 42 36 33 27 35 25 51 44 51 29
split_gain=7.82168 13.1027 8.79961 12.5117 12.4545 12.0386 13.1468 9.16616 8.73564 7.71709 10.0991 7.53029 7.5092 7.82504 12.8624 7.09306 8.94072 8.9219 6.79111 9.61108 11.6236 6.4578 11.5455 15.2926 14.9985 16.6548 15.1093 14.5069 14.8358 14.3046
threshold=0.09621399999999998 376.50000000000006 0.10016200000000001 0.14330450000000003 0.16750450000000003 4.5000000000000009 0 7211.5000000000009 20.850000000000005 1 0.091007700000000011 0.49427150000000003 0.51005250000000013 2 0.84500000000000008 0.51315850000000018 0.066778150000000008 0.65877700000000006 3 0.6003345000000001 0.52002050000000011 0.18637200000000001 0.41286150000000005 0.47413050000000007 0.16740450000000004 4 -0.12657249999999995 0.25860200000000005 0.005011999999999934 0.19231100000000004
decision_type=10 2 10 10 10 2 1 2 2 1 10 10 10 1 2 10 8 10 1 10 10 10 10 10 10 1 10 10 10 10
left_child=21 8 3 4 -3 6 -4 9 -2 10 -5 -6 13 -7 -15 -13 -17 -18 -14 20 -20 -1 23 -23 -25 26 -26 28 -24 -30
right_child=1 2 5 7 11 12 -8 -9 -10 -11 -12 15 18 14 -16 16 17 -19 19 -21 -22 22 27 24 25 -27 -28 -29 29 -31
leaf_value=-0.00011949506367731806 0.0017648675973587487 -0.0057259506623674288 0.0013394128825978196 0.0088177875929052046 -0.0027961042294978337 0.0067073477767546812 -0.0079771776360296164 0 -0.0052265893251098395 0.011164338898764036 0.0004060606709882582 0.0074526783332020544 -0.0030684901915417916 0.0054916161963824281 -0.0032271092569599214 0.0049760143490361437 0.0034920701647559024 -0.0041788130519841088 0.0038222533452244552 0.0066822120215295124 -0.0057739268941069746 0.00085815682141568016 0.0010521123707150253 0.00081363060765686512 0.0026022460642541618 -0.0036394334250738612 -0.0018536303960507935 -0.00061472840556519833 0.00018553281354361623 -0.002992630574091782
leaf_weight=193232.1482141763 237.51914173364639 202.83243039250374 245.27606688439846 249.74132996797562 227.76973412930965 361.49614475667477 280.31824883818626 229.71415135264397 456.49936228990555 264.38642254471779 277.92690542340279 261.82952126860619 459.78365416824818 297.53584022819996 302.43308681249619 446.35262326896191 242.35717292129993 300.86432339251041 225.66883985698223 223.13779324293137 220.57621967792511 4494.0964127331972 28721.003788113594 2218.8595142662525 960.09628948569298 3044.0757501423359 2348.5596330165863 9254.2190839648247 8456.1783840656281 1495.3238435387611
leaf_count=781416 960 817 989 1013 922 1458 1128 934 1843 1069 1121 1057 1860 1198 1218 1807 981 1216 910 899 888 18291 115698 8931 3868 12255 9452 37211 34078 6027
internal_value=-9.02771e-06 0.00105987 0.00156949 0.00277016 0.00115302 0.000315441 -0.00371535 0.00539181 -0.00279351 0.00691717 0.00438844 0.00212622 0.001347 0.00329368 0.00103555 0.0030506 0.00183664 -0.000701158 -0.000288397 0.00160353 -0.000861184 -3.44442e-05 0.000234509 -0.000554895 -0.0012993 -0.00204205 -0.000548735 0.000450362 0.000706039 -0.000289766
internal_weight=260239 6014.02 5320 2703.77 1682.01 2616.23 525.594 1021.77 694.019 792.055 527.668 1479.17 2090.63 961.465 599.969 1251.4 989.574 543.221 1129.17 669.383 446.245 254225 60992.4 13065.7 8571.59 6352.73 3308.66 47926.7 38672.5 9951.5
internal_count=1051515 24288 21485 10937 6800 10548 2117 4137 2803 3203 2134 5983 8431 3874 2416 5061 4004 2197 4557 2697 1798 1027227 245811 52797 34506 25575 13320 193014 155803 40105
cat_boundaries=0 1 2 3 4 5
cat_threshold=865 228 297 356 902
is_linear=0
shrinkage=0.03


Tree=219
num_leaves=31
num_cat=7
split_feature=43 25 27 53 35 18 21 18 25 35 33 35 25 28 39 2 50 53 36 33 30 28 28 29 25 33 33 31 25 32
split_gain=6.44777 8.78365 12.8635 8.32333 11.2805 10.1862 8.94997 8.77325 11.4368 9.47936 7.68107 7.66594 10.5258 11.4356 13.9786 9.93423 9.59643 7.24558 7.46997 7.09688 9.11955 6.93011 8.17087 6.86895 7.39753 6.84363 7.9081 6.5249 12.2397 10.282
threshold=0.48183850000000006 0 0.42859300000000006 5.6149496020273224 0.080178550000000015 1 0.015000000000000001 2 3 0.097154800000000013 0.53492450000000014 0.40370350000000005 4 0.23248150000000004 0.53318750000000004 5.5000000000000009 -0.21964599999999998 7.4238668626505984 0.15156400000000003 0.55887350000000013 0.38018650000000004 0.26703450000000006 0.21562350000000005 0.12014850000000002 5 0.45617200000000008 0.51858150000000014 0.55600400000000005 6 0.2949095000000001
decision_type=10 1 10 2 8 1 2 1 1 10 8 10 1 10 10 2 10 2 8 10 10 10 10 10 1 10 10 10 1 10
left_child=11 17 -3 4 -4 -6 -5 8 10 23 -8 27 -13 15 16 -14 -15 18 -2 20 -19 22 -11 -9 -25 -10 -27 -1 -29 -30
right_child=1 2 3 6 5 -7 7 9 25 21 -12 12 13 14 -16 -17 -18 19 -20 -21 -22 -23 -24 24 -26 26 -28 28 29 -31
leaf_value=3.0915340115357147e-05 -0.0017087158713386859 -0.0043797585846519086 -0.0073452338165780635 -0.0026472380980132504 0.0059336011012664606 -0.0025487549516688009 0.0052035477208256919 0.007968476777451718 0.0016293306240344595 -0.00047095863284019333 -0.00046249798018088738 -0.0072167877794110354 0.0019212652534606714 -0.0012191186033318261 0.0015178020829575772 -0.0045580349333129572 -0.0081912781481477698 -0.0042822954106685567 0.0048406148687424409 -0.0073951562410752257 0.0025864401882888127 -0.0019893869524981976 0.0033892809778811057 0.0067959153050008228 0.0015189547352108751 -0.0086176553866873021 -0.0011669856302746909 -0.0076117148074184215 -0.0032528959604391935 0.0042937807274469175
leaf_weight=247329.72816696763 335.08383391797543 343.46562132239342 209.29390667378902 365.23027011752129 200.19658467173576 300.69145025312901 481.40875165164471 439.00362685322762 261.48539397120476 653.61145690083504 370.62557823956013 255.2393549233675 1228.8043067604303 305.31331756711006 372.1087686419487 252.89112359285355 467.45203258097172 401.27715796232224 283.45187239348888 235.87515877187252 297.52007775008678 367.38816736638546 1853.6108530312777 376.20477066934109 733.08279550075531 217.20731775462627 336.71668057143688 276.08077394962311 397.73217950761318 269.77819290757179
leaf_count=999452 1356 1391 848 1468 810 1214 1936 1782 1053 2641 1499 1027 4942 1238 1502 1015 1890 1615 1144 948 1199 1484 7461 1515 2954 873 1361 1113 1614 1092
internal_value=3.17879e-05 0.000817819 0.00124371 0.00152089 -0.00153376 0.000864281 0.00186213 0.00213865 0.000252708 0.00283524 0.00267948 3.29668e-06 -0.00153414 -0.000931921 -0.00318862 0.000788217 -0.00549067 -0.0012205 0.00125321 -0.00290131 -0.00131656 0.00180236 0.00237164 0.00474467 0.00342382 -0.00224911 -0.00417313 2.12815e-05 -0.00246431 -0.000150314
internal_weight=260218 9062.43 7509.22 7165.76 710.182 500.888 6455.58 6090.35 1667.44 4422.9 852.034 251155 2881.81 2626.57 1144.87 1481.7 772.765 1553.21 618.536 934.672 698.797 2874.61 2507.22 1548.29 1109.29 815.409 553.924 248273 943.591 667.51
internal_count=1051437 36552 30290 28899 2872 2024 26027 24559 6722 17837 3435 1014885 11614 10587 4630 5957 3128 6262 2500 3762 2814 11586 10102 6251 4469 3287 2234 1003271 3819 2706
cat_boundaries=0 1 2 3 4 5 6 7
cat_threshold=192 43 13 297 8 13 19
is_linear=0
shrinkage=0.03


Tree=220
num_leaves=31
num_cat=2
split_feature=8 32 45 18 7 39 28 6 19 53 44 43 37 3 39 13 7 37 41 31 31 28 30 50 18 37 44 31 28 43
split_gain=8.3604 12.3387 11.4367 19.9177 26.6065 12.9718 12.7185 24.9922 11.5138 11.3775 10.5338 10.1003 10.085 11.954 10.3458 14.827 9.54877 11.9699 13.8352 12.0968 11.3044 11.318 10.4333 11.8966 11.6684 9.53949 9.53149 9.44021 14.094 11.2168
threshold=1.5000000000000002 0.81980550000000008 1.5000000000000002 0 1.0000000180025095e-35 0.5425795000000001 0.1421105 1.0000000180025095e-35 99.950000000000017 7.4088335054073786 0.55437550000000013 0.20930750000000001 0.12830600000000003 7.5000000000000009 0.55197200000000013 -1.4999999999999998 1.5000000000000002 0.18672700000000003 1224.5000000000002 0.41547450000000002 0.39286950000000004 0.1638145 0.36242150000000006 -0.087313499999999974 1 0.12278750000000001 0.069567250000000011 0.40289300000000006 0.27591750000000009 0.14935450000000003
decision_type=2 10 2 1 2 10 10 2 2 2 8 10 10 2 10 2 2 8 2 10 10 10 10 10 1 10 10 10 10 10
left_child=1 2 3 8 -5 -6 7 -4 -1 16 -11 -9 13 -3 15 -14 -2 18 20 -19 -18 -22 23 -20 -25 -26 -21 28 -8 -29
right_child=9 12 6 4 5 -7 27 11 -10 10 -12 -13 14 -15 -16 -17 17 19 22 26 21 -23 -24 24 25 -27 -28 29 -30 -31
leaf_value=0.00060268220414547635 0.00012176350163259948 0.0010677749593430684 -0.0039284898480363289 -0.0011776650915575214 0.0017913226109590829 -0.00083257828923473474 -0.0022804387475476636 -0.00031570466895642474 -0.0048125366786214811 0.00047886776645186889 0.0070454299127775781 0.0019562860400839256 -0.0076927943571052856 0.0071983285845939292 0.0053925275153828452 0.0011300777691132552 0.002734898607064168 0.0078509657731421906 0.0040004177541318247 -0.0040924704760635184 -0.0062012798160028552 -0.0022624513660614259 0.001412065375087317 -0.0062426173490566931 0.0028472862239949997 -0.0027808527185626966 0.0016123009611260762 -0.0014323140004115736 0.00081657737237057716 -0.0002558330198449857
leaf_weight=41656.756207868457 21933.62194532156 617.55025693774223 926.56988468766212 17069.71954202652 5237.3169002681971 2486.7907321602106 5263.9449110478163 2516.8706262856722 352.26733808219433 53285.494721338153 218.50137953460217 5696.2331188172102 253.52610816061497 555.31435009837151 232.04335300624371 502.29976706206799 287.36653532087803 214.65478377044201 274.67157307267189 341.94514174759388 935.68774321675301 2360.9009157270193 1742.9941441267729 547.65152136981487 392.69505013525486 839.99076019227505 1106.4846247583628 8015.1060354560614 1747.3722828030586 82705.612333551049
leaf_count=168453 88996 2502 3818 68990 21125 10104 21166 10424 1419 214872 886 23668 1021 2251 940 2024 1162 868 1109 1383 3839 9509 7036 2217 1596 3396 4458 32231 7086 333303
internal_value=-3.57881e-06 -0.000121538 -0.000149747 0.000157861 -0.000515656 0.000942675 -0.000342304 0.000726482 0.000556086 0.000241572 0.000506639 0.00125653 0.00212902 0.00400687 -7.5587e-05 -0.00180855 -0.000215269 -0.00103563 -0.00155538 0.001252 -0.00289247 -0.00339414 -0.000284464 -0.00173795 -0.00264533 -0.000953351 0.000239175 -0.000442581 -0.0015043 -0.000360149
internal_weight=260318 175835 173675 66802.9 24793.8 7724.11 106872 9139.67 42009 84482.7 53504 8213.1 2160.73 1172.86 987.869 755.826 30978.7 9045.04 7381.96 1663.08 3583.96 3296.59 3798 2055.01 1780.34 1232.69 1448.43 97732 7011.32 90720.7
internal_count=1051852 710525 701787 270091 100219 31229 431696 37910 169872 341327 215758 34092 8738 4753 3985 3045 125569 36573 29864 6709 14510 13348 15354 8318 7209 4992 5841 393786 28252 365534
cat_boundaries=0 1 2
cat_threshold=196 40
is_linear=0
shrinkage=0.03


Tree=221
num_leaves=31
num_cat=7
split_feature=46 3 11 37 9 25 24 36 31 27 25 2 2 24 0 43 25 29 30 25 34 31 31 45 25 29 19 32 40 36
split_gain=10.1972 11.8042 18.055 18.0356 16.7322 16.023 13.1455 14.9467 12.4326 11.6095 11.3572 14.2895 10.091 9.36938 11.6204 16.5888 15.2111 13.6463 11.4838 11.8257 13.3346 11.4372 11.5164 10.5919 12.9579 12.1966 11.1876 10.0233 9.89884 9.84141
threshold=1.0000000180025095e-35 8.5000000000000018 15.500000000000002 0.093946600000000005 6.5000000000000009 0 1 0.10940450000000002 0.41597350000000005 0.57798050000000012 2 4.5000000000000009 2.5000000000000004 3 2023.5000000000002 0.32009250000000006 4 0.15789750000000005 0.38361800000000007 5 0.52576200000000017 0.48370400000000008 0.33401350000000002 4.5000000000000009 6 0.17589400000000002 52.45000000000001 0.50543550000000015 0.15617050000000002 0.13028750000000003
decision_type=2 2 2 8 2 1 1 8 10 10 1 2 2 1 2 8 1 10 10 1 10 8 10 2 1 8 2 10 8 10
left_child=-1 2 13 4 10 -4 -5 9 -7 12 -3 -12 -8 21 23 16 -16 -18 19 -17 -21 22 -2 24 25 -15 28 -27 -26 -20
right_child=1 3 5 6 -6 8 7 -9 -10 -11 11 -13 -14 14 15 18 17 -19 29 20 -22 -23 -24 -25 26 27 -28 -29 -30 -31
leaf_value=0.00022570838606856384 0.0063483397525665296 -0.0020576548863812856 -0.00049997602390470716 0.00012272404261545527 -0.0025990746417808791 -0.00037849963662500501 -0.0025061136017124597 -0.0014972533546177779 0.0061562447214922244 0.00131887934338105 0.0077067908194290722 8.0679703095751343e-05 -0.0083105878455123888 -0.00091322796054902407 0.0013980813470822631 0.003765035895676198 -0.0047502338630087768 -0.0013437231595540252 0.0031164893646648509 0.0014908028986791975 -0.0044683238328501584 0.00093100652308604915 -0.00064261530738435487 -0.00026644851969441534 0.0017423944876134418 0 0.00028319252624066111 0.0078860307720121595 -0.00056874480009398091 -0.0020437664177425912
leaf_weight=130900.32613451779 209.46301127970219 238.90867353975773 923.96365363895893 3389.6999875754118 533.73146460950375 334.65718021988869 461.73370999097824 6635.8937544971704 1073.9109580218792 217.93194888532162 661.84238043427467 343.44989278912544 724.92820675671101 6693.3757579773664 988.64247709512711 1292.1370623409748 1766.0571179538965 2731.3710291236639 392.88434484601021 1359.0024188011885 446.46879541873932 4868.0955752134323 40432.033768102527 20126.157212331891 13002.742138668895 323.20704059302807 14998.340611636639 263.62495110929012 1890.4618201106787 1984.3425529897213
leaf_count=528677 850 963 3731 13661 2153 1353 1861 26771 4337 883 2671 1386 2918 27175 3992 5200 7152 11012 1590 5470 1795 19617 163214 81455 52706 1302 60764 1066 7627 8065
internal_value=3.89623e-05 -0.000149851 -5.28887e-05 -0.000999681 0.00180153 0.00255765 -0.00143838 -0.00209759 0.00455267 -0.00491818 0.00371505 0.00508867 -0.00608928 -0.000106741 0.00011522 -0.000778846 -0.00194519 -0.00268437 0.000384841 0.00159194 0 -0.000440229 -0.00060538 0.000286828 0.000587197 -0.000544838 0.000863832 0.00358017 0.00144696 -0.00117547
internal_weight=260209 129309 116101 13208.1 1777.93 2332.53 11430.2 8040.49 1408.57 1404.59 1244.2 1005.29 1186.66 113768 68258.8 10960.9 5486.07 4497.43 5474.84 3097.61 1805.47 45509.6 40641.5 57297.9 37171.8 7280.21 29891.5 586.832 14893.2 2377.23
internal_count=1051417 522740 469473 53267 7173 9421 46094 32433 5690 5662 5020 4057 4779 460052 276371 44276 22156 18164 22120 12465 7265 183681 164064 232095 150640 29543 121097 2368 60333 9655
cat_boundaries=0 1 2 3 4 5 6 7
cat_threshold=198 280 18 402 6 900 12
is_linear=0
shrinkage=0.03


Tree=222
num_leaves=31
num_cat=6
split_feature=51 26 24 45 18 15 33 17 29 34 28 25 35 24 39 40 26 42 28 6 8 26 35 35 42 35 24 50 40 24
split_gain=7.49182 16.3442 13.1338 14.3593 11.533 9.67599 9.59109 9.56419 8.5104 8.84063 16.8061 15.6933 7.90341 7.64172 7.18687 8.9558 8.04527 6.77369 8.77734 6.69332 11.3684 16.8352 7.97598 11.4719 10.5445 10.5114 14.447 9.47896 9.44666 16.1804
threshold=0.086964500000000014 270.50000000000006 0 4.5000000000000009 1 1.0000000180025095e-35 0.68006750000000016 1.0000000180025095e-35 0.11338900000000002 0.57733100000000015 0.24969650000000002 2 0.13303800000000002 3 0.54624750000000011 0.13370650000000003 1468.5000000000002 0.62981550000000008 0.25621850000000007 2.5000000000000004 1.0000000180025095e-35 7450.5000000000009 0.119829 0.11639200000000001 0.67116000000000009 0.13303800000000002 4 -0.038747000000000052 0.14329650000000002 5
decision_type=10 2 1 2 1 2 10 2 10 10 10 1 10 1 10 10 2 10 10 2 2 2 10 10 10 10 1 10 10 1
left_child=19 13 3 6 -4 12 17 -8 -6 -10 14 -12 -5 -2 16 -16 -11 18 -3 -1 21 -21 23 24 -22 26 -24 -27 29 -29
right_child=1 2 4 5 8 -7 7 -9 9 10 11 -13 -14 -15 15 -17 -18 -19 -20 20 22 -23 25 -25 -26 27 -28 28 -30 -31
leaf_value=1.6029308505326793e-05 0.00040704258164931263 0.0022703003196436759 -0.004999444364083146 0.0054093394595801578 -0.0043671948268968214 0.009813610654025284 -0.0062908865878210946 0.0017615045081261845 0.0063798165771077227 0.0057476214715523012 0.0016574343211355638 -0.0081110663981728108 -0.00028018246925836423 -0.0060809784933041214 0.0018396436182780815 -0.0057263198650039362 0.0011910000078866627 0.0054687982144255107 -0.0037723668600416044 -0.0011190797426059486 6.4693075609697498e-05 -0.0068831930477831248 0.0012315556016190925 0.0074068570789199463 0.0043096160655935181 -0.0015366649940302705 -0.0066529023844273793 -0.0050982704119585682 -0.00077233521295182596 0.0028434164476993234
leaf_weight=231144.92073658109 261.00837454199791 1190.3144277781248 356.55937100946903 682.14615930616856 278.83720092475414 307.08670079708099 270.41016300022602 247.71448124945164 256.20702876150608 561.91402696073055 252.14386516809464 328.26708179712296 308.71359398961067 402.95422238111496 366.54501511156559 221.89268361032009 976.06912331283092 435.96272851526737 258.54841162264347 6506.8031626492739 4744.9800843596458 490.82071639597416 324.95282983779907 226.73498700559139 591.70520031452179 3136.895553663373 546.4228176176548 246.45476718246937 2233.5844857990742 2046.464128702879
leaf_count=934004 1055 4832 1437 2759 1130 1240 1092 1002 1035 2260 1013 1320 1243 1627 1491 896 3934 1757 1039 26305 19173 1982 1314 915 2395 12667 2202 995 9021 8263
internal_value=-1.81193e-06 0.000903871 0.00131717 0.00256784 1.43127e-05 0.00512083 0.00118239 -0.00239551 0.000592736 0.00107555 0.000555911 -0.0039399 0.00361102 -0.00358022 0.00180096 -0.00097724 0.00288321 0.00218406 0.00116576 -3.05339e-05 -0.000542074 -0.00153044 -4.91496e-05 0.000832084 0.000543124 -0.000627189 -0.00374619 -0.000267298 0.000606192 0.00196137
internal_weight=260204 7963.29 7299.33 3700.9 3598.44 1297.95 2402.95 518.125 3241.88 2963.04 2706.83 580.411 990.86 663.963 2126.42 588.438 1537.98 1884.83 1448.86 252241 21095.8 6997.62 14098.2 5563.42 5336.69 8534.77 871.376 7663.4 4526.5 2292.92
internal_count=1051398 32162 29480 14964 14516 5242 9722 2094 13079 11949 10914 2333 4002 2682 8581 2387 6194 7628 5871 1019236 85232 28287 56945 22483 21568 34462 3516 30946 18279 9258
cat_boundaries=0 1 2 3 4 5 6
cat_threshold=139 48 297 464 561 2
is_linear=0
shrinkage=0.03


Tree=223
num_leaves=31
num_cat=1
split_feature=23 43 42 19 26 44 29 51 27 31 38 29 51 42 43 13 11 51 33 42 31 42 33 29 50 50 31 44 37 29
split_gain=6.96931 14.6696 19.5725 17.9915 16.2399 18.7838 19.5237 16.956 15.3337 12.7457 16.4598 17.6575 19.4394 12.3391 24.8529 11.8712 14.1435 11.0613 10.8174 10.705 10.6404 11.699 10.4941 10.369 12.4804 10.681 10.3655 10.153 10.0743 9.85282
threshold=0 0.25436550000000008 0.49333200000000005 41.550000000000004 120.50000000000001 0.069567250000000011 0.17422250000000003 -0.010390499999999995 0.5309965000000002 0.48370400000000008 542.50000000000011 0.16118050000000003 -0.0021665000000000152 0.50704450000000012 0.19548950000000001 -4.4999999999999991 1.0000000180025095e-35 -0.10543250000000003 0.42685300000000009 0.80560500000000013 0.49339350000000004 0.52002050000000011 0.31357900000000005 0.14447250000000003 -0.043962499999999953 -0.15325049999999996 0.49096150000000005 0.10016650000000002 0.16784050000000003 0.086912650000000022
decision_type=1 8 10 2 2 10 10 10 10 10 2 10 8 10 10 2 2 8 10 10 10 10 8 10 10 10 10 10 10 10
left_child=22 2 3 -2 7 6 8 -4 19 -3 -11 18 -13 14 28 -5 -17 -15 -12 -6 21 26 23 -1 25 -25 -20 -23 -7 -19
right_child=1 9 4 15 5 13 -8 -9 -10 10 11 12 -14 17 -16 16 -18 29 20 -21 -22 27 -24 24 -26 -27 -28 -29 -30 -31
leaf_value=0.00088389998593053475 -0.0027490061487412533 -0.00058710839196906585 0.00022936762004976141 -0.0059804654905426134 0.0049335243758652954 0.0031015115129488504 -0.0030537135342050105 -0.0049410016948837039 0.001498245902189119 -0.0023787367872712818 0.0086601316546570488 0.0023834944965885644 -0.0034366314561041548 0.0029397242881866723 0.0078639573139151816 -0.0019423775145901978 0.0013135632422874551 -0.0052749018547051463 -0.00011720296896477291 0.011767221569257236 0.00025992208898568259 0.00423319780483725 0.00012069913466446685 -0.0062592839397114545 -0.0082177074360555383 0.0024298784050999556 0.0072733353330509832 0.011687207791918241 -0.0028622903267043454 0.00028874249736700612
leaf_weight=523.85327777266502 3410.28662507236 71327.411069482565 1374.7816393226385 282.1468348801136 781.9393275231123 516.62140138447285 360.37026655673981 960.53027744591236 884.36901558935642 1242.035284653306 251.16824795305729 935.73352256417274 1138.5226392894983 1425.29584851861 602.55069264769554 1738.094421133399 3848.7414563149214 285.96180979907513 830.98530273139477 299.08755785226822 1503.2926767468452 756.13807746767998 134889.86461493373 213.93039752542973 413.69383633136749 300.14629732072353 209.56919549405575 220.72959032654762 496.37720093131065 28182.611053094268
leaf_count=2123 13786 287894 5568 1137 3145 2083 1453 3878 3578 5030 1011 3764 4581 5728 2424 7035 15560 1170 3342 1219 6093 3080 545396 872 1687 1224 846 895 1994 113834
internal_value=-5.46716e-05 -0.000217632 0.00021074 -0.00101708 0.000526616 0.000694314 0.00329665 -0.00188802 0.00447915 -0.000466299 0.000744899 0.00141454 -0.000796978 0.000500984 0.00305476 -4.71178e-06 0.000294757 0.000361674 0.00263832 0.00687921 0.0021932 0.00361642 9.31585e-05 -0.00244036 -0.00434639 -0.00114339 0.00135914 0.00597872 0.000149852 0.000231253
internal_weight=260207 123865 45449.8 9279.27 36170.5 33835.2 2325.77 2335.31 1965.4 78415.6 7088.17 5846.14 2074.26 31509.4 1615.55 5868.98 5586.84 29893.9 3771.88 1081.03 3520.71 2017.42 136341 1451.62 927.771 514.077 1040.55 976.868 1013 28468.6
internal_count=1051430 500128 183592 37518 146074 136628 9395 9446 7942 316536 28642 23612 8345 127233 6501 23732 22595 120732 15267 4364 14256 8163 551302 5906 3783 2096 4188 3975 4077 115004
cat_boundaries=0 1
cat_threshold=2
is_linear=0
shrinkage=0.03


Tree=224
num_leaves=31
num_cat=8
split_feature=32 50 42 44 2 25 13 44 25 24 11 42 42 25 36 37 24 11 50 38 40 25 24 24 31 28 37 26 37 31
split_gain=6.90665 14.2265 13.6738 10.5759 10.2212 9.65302 9.6441 8.01321 8.78743 8.01371 7.30154 7.06454 18.4287 15.105 25.2514 16.7593 16.4157 15.4767 17.0693 14.0978 14.0335 17.9267 13.5727 13.4124 16.6017 13.0798 12.0862 12.8825 12.9492 11.8988
threshold=0.81980550000000008 0.28833450000000005 0.63241750000000019 0.33132100000000003 1.5000000000000002 0 -1.4999999999999998 0.21618050000000003 1 2 5.5000000000000009 0.5013525000000002 0.49625000000000002 3 0.13458000000000003 0.16985700000000001 4 4.5000000000000009 0.11090650000000003 576.50000000000011 0.14985850000000003 5 6 7 0.42530700000000005 0.20428350000000003 0.14807100000000004 7450.5000000000009 0.14103950000000004 0.42370050000000009
decision_type=10 10 10 10 2 1 2 10 1 1 2 8 10 1 10 8 1 2 10 2 8 1 1 1 10 8 10 2 10 10
left_child=11 5 3 4 -3 10 -7 8 -6 -10 -2 12 13 14 -1 16 26 18 19 -17 21 -14 -19 24 -16 -25 27 -15 -29 -21
right_child=1 2 -4 -5 7 6 -8 -9 9 -11 -12 -13 20 15 23 17 -18 22 -20 29 -22 -23 -24 25 -26 -27 -28 28 -30 -31
leaf_value=-0.00069762579685974096 -0.0034057042956519724 -0.008017921309485334 0.0047159630585203649 0.0048538310691025616 0.0030360414464653297 0.0015967695207978951 0.009271414375665173 -0.006379105757338549 0.0012984530402554285 -0.0065053218784032144 0.0034642473327754237 -0.00012538031183233426 0.0046977895747662181 0.00069432508686639676 -0.0023989799350965062 0.0030106224906313547 -0.00024864371294132848 -0.0004370795148379591 -0.003519157864565638 0.0027836850615403043 -0.00046915627643544119 0.00081371413292288689 -0.0027149790614251182 -0.001347276324377057 0.005112969313384408 0.003089897780871419 0.0020077854124582527 -0.00045474184947858322 -0.0068410532936085278 -0.00043256875354751159
leaf_weight=3345.8897399306297 210.9681061655283 243.31286713480949 397.81078709661961 199.29415020346642 438.68750815093517 247.78822849690914 409.60445314645767 213.29919616878033 211.47590760886669 238.95063933730125 385.87222498655319 170414.22508223355 2098.1039528697729 15208.188683435321 293.07193185389042 1459.9420879781246 25806.282249808311 4531.9472714066505 1186.1040456593037 1144.9307299107313 1730.0178528279066 2246.2140926122665 5005.2852215617895 1099.2988549619913 2217.5068213492632 1289.3556176275015 6039.9847932755947 1021.0689936578274 400.54230506718159 10476.133202433586
leaf_count=13473 853 980 1604 804 1768 1007 1671 859 853 963 1566 688268 8494 62199 1183 5926 104209 18250 4776 4621 6981 9087 20171 4429 8905 5184 24439 4127 1617 42175
internal_value=3.98111e-06 0.00138919 -0.000204955 -0.00149805 -0.00246968 0.00387702 0.00634834 -0.00119955 2.66708e-05 -0.00284306 0.000964904 -1.31492e-05 0.000207353 8.67342e-05 0.00130235 -5.17392e-05 0.000267917 -0.000703934 -7.62255e-05 0.000234401 0.00180059 0.00271107 -0.00163948 0.00267659 0.00420558 0.00103185 0.000856958 0.000437399 -0.00228578 -0.000112479
internal_weight=260211 3197.06 1942.83 1545.02 1345.73 1254.23 657.393 1102.41 889.114 450.427 596.84 257014 86599.9 80525.5 8245.12 72280.4 48476.1 23804.3 14267.1 13081 6074.34 4344.32 9537.23 4899.23 2510.58 2388.65 22669.8 16629.8 1421.61 11621.1
internal_count=1051442 12928 7831 6227 5423 5097 2678 4443 3584 1816 2419 1038514 350246 325684 33174 292510 196591 95919 57498 52722 24562 17581 38421 19701 10088 9613 92382 67943 5744 46796
cat_boundaries=0 1 2 3 4 5 6 7 8
cat_threshold=198 906 901 2 213 271 779 409
is_linear=0
shrinkage=0.03


Tree=225
num_leaves=31
num_cat=5
split_feature=31 21 23 31 31 9 12 26 44 42 51 26 42 28 38 40 24 40 33 21 24 39 25 27 24 50 9 39 33 42
split_gain=8.36902 8.82652 13.258 10.1689 9.96679 14.3626 14.6816 14.8029 12.5287 12.3321 9.8006 13.562 17.1601 17.9851 13.2313 14.4328 15.159 10.8683 10.8164 10.3089 10.1745 11.8445 10.0358 9.79111 9.70357 9.54452 9.38423 9.36548 9.35447 11.2647
threshold=0.49854950000000003 0.90500000000000014 0 0.48430150000000005 0.45109950000000004 9.5000000000000018 -5.4999999999999991 926.50000000000011 0.082075000000000009 0.36726550000000008 -0.099935999999999983 144.50000000000003 0.78228550000000008 0.24092500000000003 6831.5000000000009 0.15410450000000001 1 0.14050850000000001 0.51030950000000008 0.79500000000000015 2 0.54287850000000015 3 0.69919250000000011 4 0.38778000000000007 4.5000000000000009 0.52453850000000013 0.61569650000000009 0.56553650000000011
decision_type=10 2 1 10 10 2 2 2 10 10 10 2 10 10 2 8 1 10 10 2 1 10 1 8 1 10 2 10 8 8
left_child=1 2 4 10 25 6 7 -6 -7 -8 14 18 -13 -14 15 19 -17 -16 -12 20 -4 27 -20 -3 -5 -1 -19 -22 -11 -30
right_child=-2 23 3 24 5 8 9 -9 -10 28 11 12 13 -15 17 16 -18 26 22 -21 21 -23 -24 -25 -26 -27 -28 -29 29 -31
leaf_value=-0.00018212870463711798 -0.00084888463212869287 0.00017866878607440188 -0.0017374047008070579 0.0029345428655413943 -0.0072201330739826777 -9.5808091290559627e-05 -0.0031042489618636989 -0.00055527862535410539 0.0068686202239735834 0.00097398826884510662 -0.0008376253212865071 -0.00062562489229900267 0.00019221021809959034 0.011086732132446479 -0.0019604434678102112 0.00047745898725532279 -0.006969093474023959 0.0026966299296894178 -0.0019531915575693175 0.0073131848719980965 0.0036373176600201988 0.0064792374779309133 -0.0075882181026458682 0.0061229246603442282 -8.8363895271435512e-05 0.0062774930243184651 0.0095316180396598799 -0.0024319905611548676 0.00097613680329052715 -0.0026161181749014451
leaf_weight=46490.237140566111 11233.660026013851 107446.7457819134 1018.3751721382141 1447.5934871584177 416.96183635294437 367.85722307860851 770.29345528781414 1092.4357345253229 591.47041407227516 20439.427348688245 1226.709254398942 56220.028798982501 350.61015900969505 226.50576649606228 220.67337590456009 490.44986486434937 471.18669158220291 476.41905887424946 611.81391513347626 216.54622806608677 416.83808423578739 407.42911306023598 603.36762115359306 247.30226507782936 2718.6435376554728 203.5598378777504 310.78171500563622 497.4439839720726 1585.6394190490246 1537.6127302646637
leaf_count=187836 45373 434376 4098 5851 1685 1484 3090 4405 2387 82505 4956 226870 1416 922 889 1978 1905 1922 2473 873 1682 1645 2434 1051 11028 818 1255 2006 6501 6322
internal_value=-4.79809e-05 -1.17354e-05 -0.000167674 -0.000469875 0.000111249 0.000572575 0.000437217 -0.00242691 0.00417494 0.000616392 -0.000564004 -0.000667088 -0.000572218 0.00455501 0.000778103 -8.2647e-05 -0.00321776 0.0038038 -0.00285802 0.00108724 0.000489679 0.00222466 -0.00486587 0.000192768 0.000962957 -0.000152924 0.00545895 0.00030526 0.000739677 -0.000783589
internal_weight=260355 249121 141427 67931.4 73495.5 26801.7 25842.4 1509.4 959.328 24333 63765.2 59239 56797.1 577.116 4526.14 3518.27 961.637 1007.87 2441.89 2556.63 2340.09 1321.71 1215.18 107694 4166.24 46693.8 787.201 914.282 23562.7 3123.25
internal_count=1052036 1006663 571236 274203 297033 108379 104508 6090 3871 98418 257324 239071 229208 2338 18253 14187 3883 4066 9863 10304 9431 5333 4907 435427 16879 188654 3177 3688 95328 12823
cat_boundaries=0 1 2 3 4 5
cat_threshold=2 803 170 217 210
is_linear=0
shrinkage=0.03


Tree=226
num_leaves=31
num_cat=10
split_feature=23 33 18 35 24 41 31 24 33 51 50 25 19 24 25 0 1 37 12 38 25 0 28 42 24 28 35 38 24 35
split_gain=6.86801 14.9485 11.9779 11.7079 12.1461 10.5894 14.5911 14.5423 16.7515 15.7267 13.2888 11.2625 11.4966 10.3404 21.4151 52.1299 19.9142 14.782 14.1767 12.831 14.4595 18.1322 18.8225 13.6129 16.6345 16.2564 14.4803 13.4337 19.55 14.0746
threshold=0 0.31357900000000005 1 0.13021750000000001 2 7450.5000000000009 0.42334050000000006 3 0.56839850000000014 0.010192499999999995 -0.0093555000000000148 4 54.050000000000004 5 6 2020.5000000000002 7.5000000000000009 0.22095200000000001 1.5000000000000002 2300.5000000000005 7 2019.5000000000002 0.27490650000000005 0.60466300000000006 8 0.27788800000000008 0.23112500000000002 879.50000000000011 9 0.033520600000000005
decision_type=1 8 1 10 1 2 10 1 10 10 10 1 2 1 1 2 2 10 2 2 1 2 10 10 1 10 10 2 1 10
left_child=1 3 -2 -1 -5 13 -7 -8 9 11 -11 -9 -13 14 -3 17 18 -16 -17 20 21 -15 -23 -21 -25 -26 -27 28 29 -22
right_child=2 5 -4 4 -6 6 7 8 -10 10 -12 12 -14 19 15 16 -18 -19 -20 23 27 22 -24 24 25 26 -28 -29 -30 -31
leaf_value=0.0013928928775301993 -0.0004361983201993172 0.00049756860875624007 0.00018340407391199078 -0.0084624965128092169 -0.0017560094946863255 -0.0073102322392466527 0.00069559373066900609 0.00028915143413275109 -0.0047862939757386163 0.0096073558796819069 -3.4782862956675817e-05 -0.00097737943772535662 -0.0053712912194396664 0.002331669179810624 -0.0026352806629600057 0.0020109846417468769 -0.0012954280046645181 -0.0097328245408124306 -0.0011775153724587969 0.0002925643241058049 -0.0089750610815222745 0.00016266612205632124 0.0034864609279395909 -0.0045572927274854748 -0.0012534583397571036 0.00060219993893851416 0.0073288149754086405 0.00092967208281664209 0.00016211049574717728 -0.0020443068095674969
leaf_weight=395.25302965939045 81156.383580550551 18745.100960329175 42844.941449463367 423.71821160614491 627.29215629398823 298.07126852869987 4423.369407877326 1930.2717695534229 1173.4176330268383 223.63511750102043 283.29373690485954 1300.1526005715132 936.60945080220699 8815.5545257627964 7055.2825167328119 5574.4645301550627 4247.293300896883 275.64347070455551 1604.4935304671526 34447.847086727619 300.3744333088398 12094.786080405116 1757.2475993931293 1038.1746984422207 6486.0042689591646 1495.615971878171 357.82824845612049 10149.489131420851 7410.0350630581379 2280.3577712774277
leaf_count=1605 327667 75703 173012 1726 2556 1208 17845 7779 4753 898 1137 5231 3768 36396 28641 22452 17098 1113 6466 138852 1209 48853 7076 4181 26118 6035 1445 41067 30105 9207
internal_value=-6.03095e-05 8.6636e-05 -0.000221892 -0.00294312 -0.00460155 0.000119453 -0.000791439 -0.000597256 -0.00157873 -0.000767867 0.00419158 -0.00138097 -0.00282278 0.000197264 -0.000218356 -0.000935268 0.000328753 -0.00291011 0.00129399 0.00037751 0.000746961 0.00126658 0.000587146 1.60122e-05 -0.000996447 -0.000541971 0.00192675 0.000159833 -0.000619119 -0.00286101
internal_weight=260152 136151 124001 1446.26 1051.01 134704 10568.8 10270.7 5847.38 4673.96 506.929 4167.03 2236.76 124136 37502.3 18757.2 11426.3 7330.93 7178.96 86633.3 42807.8 22667.6 13852 43825.5 9377.62 8339.45 1853.44 20140.3 9990.77 2580.73
internal_count=1051202 550523 500679 5887 4282 544636 42619 41411 23566 18813 2035 16778 8999 502017 151473 75770 46016 29754 28918 350544 173913 92325 55929 176631 37779 33598 7480 81588 40521 10416
cat_boundaries=0 1 2 3 4 5 6 7 8 9 10
cat_threshold=2 131 581 387 267 22 689 348 64 640
is_linear=0
shrinkage=0.03


Tree=227
num_leaves=31
num_cat=6
split_feature=42 2 25 0 0 24 24 31 45 36 42 30 48 40 36 11 36 43 37 25 0 40 51 40 24 34 20 43 36 24
split_gain=7.20477 15.001 12.5308 59.8513 21.8513 19.6848 15.4827 15.8513 15.4205 14.2383 13.1338 12.6117 12.4232 16.4242 12.5049 16.8291 12.5159 12.3988 11.5041 11.4201 21.0209 16.1723 15.8207 15.5501 14.9711 14.3505 13.2231 19.3825 13.7334 12.4949
threshold=0.5013525000000002 1.5000000000000002 0 2022.5000000000002 2022.5000000000002 1 2 0.4221525000000001 4.5000000000000009 0.12310550000000002 0.47588000000000003 0.37877050000000007 1.0000000180025095e-35 0.11127900000000002 0.16965900000000003 8.5000000000000018 0.20255200000000004 0.40632650000000009 0.15794200000000003 3 2023.5000000000002 0.14160850000000005 -0.13230399999999998 0.098107250000000021 4 0.35630850000000008 92.450000000000017 0.39782150000000005 0.1081585 5
decision_type=8 2 1 2 2 1 1 10 2 10 10 10 2 10 8 2 8 10 10 1 2 10 8 8 1 8 2 10 8 1
left_child=1 -1 3 10 5 11 -6 -8 -9 -10 -3 -4 14 -14 -7 16 -16 -5 -13 20 21 29 -21 -24 -22 -23 -25 -28 -29 -2
right_child=19 2 4 17 6 12 7 8 9 -11 -12 18 13 -15 15 -17 -18 -19 -20 22 24 25 23 26 -26 -27 27 28 -30 -31
leaf_value=0.0010504748990228527 0.00055528765479561455 0.00040295513700152566 -0.0010891892593526454 0.0066093688290985884 0.00026697881416725501 0.0015930852127249064 0.0011857895164487271 -0.00099787134974574734 -0.006757337225602596 -0.0023592250035362945 -0.0028379155116941045 -8.4993011101295397e-05 -0.0050104646444577598 0.00012867734988936455 -0.00064242527738259884 -0.0040969144671783543 0.0026749281514968576 0.0023339614162903801 0.0039262542874222896 0.0020541440937572909 0.00094898024383834728 -0.0037645744424418216 -0.0032773010454584688 -0.00026928913859643574 -0.0014734447272277684 0.00089240321667046851 -0.001026854494669598 0 -0.0083917889004805398 -0.0005231773656267216
leaf_weight=14488.605702519417 15732.895005166531 2943.3171127438545 11317.56039455533 1506.7452131658792 7416.4617074728012 14595.849432557821 1892.7366508096457 9346.0209687203169 797.24119341373444 4246.1456868797541 1806.1239941269159 2215.3850758969784 603.54830241203308 7140.8130268007517 2677.6506293416023 806.98807716369629 1644.3356639742851 1078.6606642603874 895.93539342284203 2278.1888874769211 2862.4176968485117 602.13135832548141 1746.1684456467628 71902.257148489356 11231.866421878338 30594.841747879982 9812.3683238774538 257.03451836109161 570.96181534230709 25002.35395938158
leaf_count=58551 63683 11847 45614 6063 29932 59774 7606 37557 3208 17091 7269 8902 2471 28977 10871 3265 6665 4330 3601 9195 11577 2460 7103 290374 45290 123370 39547 1036 2304 101150
internal_value=-5.28459e-05 0.000168872 -5.8926e-06 0.00116852 -0.000137874 0.000273358 -0.00086618 -0.00138344 -0.00172461 -0.00306401 -0.000824189 -0.000622449 0.000744966 -0.000269749 0.00114524 -0.000123552 0.000613733 0.00484198 0.00106312 -0.000165323 7.91916e-05 0.000287114 -0.000408613 -0.000475653 -0.00097962 0.000801204 -0.000415904 -0.00140348 -0.00581086 -0.000105895
internal_weight=260014 87420.1 72931.5 7334.85 65596.7 41898.1 23698.6 16282.1 14389.4 5043.39 4749.44 14428.9 27469.2 7744.36 19724.8 5128.97 4321.99 2585.41 3111.32 172593 86026.5 71932.2 86567 84288.8 14094.3 31197 82542.6 10640.4 827.996 40735.2
internal_count=1050683 353594 295043 29509 265534 170140 95394 65462 57856 20299 19116 58117 112023 31448 80575 20801 17536 10393 12503 697089 347530 290663 349559 340364 56867 125830 333261 42887 3340 164833
cat_boundaries=0 1 2 3 4 5 6
cat_threshold=2 402 322 632 10 792
is_linear=0
shrinkage=0.03


Tree=228
num_leaves=31
num_cat=4
split_feature=46 22 44 25 29 31 34 42 13 29 1 25 33 42 44 29 42 37 40 38 35 19 25 32 12 31 29 42 42 44
split_gain=7.72905 11.8427 11.1428 11.6295 10.3206 18.557 13.9238 22.5696 14.9311 14.2804 13.0121 19.3223 20.5523 12.2298 13.8306 12.1886 13.0954 12.3803 12.182 11.4088 12.4682 11.3866 11.9499 11.9069 13.5275 11.3645 11.3497 11.0045 19.2409 13.3374
threshold=1.0000000180025095e-35 0 0.26673250000000004 1 0.1548245 0.46433250000000009 0.52178650000000004 0.56757100000000016 -3.4999999999999996 0.18203550000000004 8.5000000000000018 2 0.59621350000000006 0.60673750000000004 0.17494000000000004 0.14097650000000003 0.71074600000000021 0.12231300000000002 0.14853850000000005 4385.5000000000009 0.19456700000000002 56.650000000000013 3 0.57076100000000007 -1.4999999999999998 0.44699250000000007 0.12373550000000001 0.65213050000000006 0.62705850000000007 0.14852200000000002
decision_type=2 1 10 1 10 10 8 10 2 10 2 1 8 10 10 10 10 10 8 2 8 2 1 10 2 10 8 10 10 10
left_child=-1 -2 4 -4 5 10 7 -6 -9 21 15 18 -13 -10 -15 16 26 -17 25 -7 -21 23 -23 24 -8 -12 -3 28 29 -19
right_child=1 2 3 -5 6 19 9 8 13 -11 11 12 -14 14 -16 17 -18 27 -20 20 -22 22 -24 -25 -26 -27 -28 -29 -30 -31
leaf_value=0.00016127733367709435 -8.7400577327230984e-06 -0.0035662926389696216 0.0038284434626012784 -0.00045269639956421504 -0.00067816492331208866 -0.00079420874582460555 -0.0043716800848170798 -0.0021243283807274786 0.0073572481082929183 -0.0070811796572217874 0.0026979716360513301 -0.0033267026383546495 0.0049906795592562078 0.0010982215675715708 0.0083839309160953016 -0.00026785546822774862 0.0029204452912238183 -0.0020675095269516836 -0.001159210655245969 0.0041152546176060371 -0.0027450527137868144 0.004163410923514548 -0.0021407606113944123 -0.0048879116661434 0.0025652456775131596 0.010940565741916021 -0.00090639172889500489 -0.010383135599735556 0.0040626937485025013 -0.0068769901227821372
leaf_weight=130758.60859456658 99713.248654142022 2482.9665413051844 948.24144437909126 1380.9810332208872 4620.7100460231304 2121.0581222474575 416.6506527364254 460.27473455667496 621.09154210984707 393.98213896155357 507.3437062650919 1633.0787946432829 314.41735935211182 1377.6957480162382 283.81895406544209 713.87984476983547 520.43976934254169 899.54110600054264 400.49816501140594 1126.9454366713762 294.46164189279079 614.41438943147659 459.8639799952507 905.44577807188034 632.71383066475391 222.52018523216248 3549.1421247422695 284.71995970606804 230.67539881169796 1309.9794182181358
leaf_count=528128 402916 10022 3878 5665 18723 8540 1678 1877 2514 1588 2052 6606 1273 5610 1138 2905 2104 3666 1625 4534 1185 2476 1854 3656 2546 898 14363 1160 936 5322
internal_value=-1.28361e-06 -0.000165731 -0.000691254 0.00129448 -0.000861285 -0.00133062 -0.000135559 0.000596313 0.00275264 -0.00171784 -0.00185311 -0.000137023 -0.00195288 0.00375068 0.00237365 -0.00237856 -0.00161034 -0.00383098 0.00295311 0.000588504 0.00267021 -0.00100404 0.00145728 -0.00237215 -0.000165167 0.0052864 -0.00200747 -0.00475214 -0.0040709 -0.00493797
internal_weight=260199 129441 29727.6 2329.22 27398.3 16611.7 10786.7 7363.59 2742.88 3423.07 13069.2 3077.86 1947.5 2282.61 1661.51 9991.34 6552.55 3438.8 1130.36 3542.47 1421.41 3029.09 1074.28 1954.81 1049.36 729.864 6032.11 2724.92 2440.2 2209.52
internal_count=1051438 523310 120394 9543 110851 67191 43660 29862 11139 13798 52932 12454 7879 9262 6748 40478 26489 13989 4575 14259 5719 12210 4330 7880 4224 2950 24385 11084 9924 8988
cat_boundaries=0 1 2 3 4
cat_threshold=2 106 330 295
is_linear=0
shrinkage=0.03


Tree=229
num_leaves=31
num_cat=1
split_feature=29 34 33 26 34 39 32 10 28 27 23 7 35 50 50 13 37 37 42 32 35 30 33 33 10 28 26 11 43 34
split_gain=6.89336 12.9588 16.3222 16.366 16.9869 14.6452 13.0356 11.8255 11.8019 20.5753 26.2855 14.4658 11.6654 11.287 10.3524 15.5705 12.9378 13.3956 12.5392 12.4317 14.485 11.8323 11.9476 11.6124 10.3405 10.4941 10.3335 14.7447 10.1362 14.6055
threshold=0.13845500000000002 0.47052800000000006 0.3811115000000001 376.50000000000006 0.53639400000000015 0.50253300000000012 0.46694000000000008 5.5000000000000009 0.20638750000000003 0.56721350000000015 0 1.5000000000000002 0.13303800000000002 0.14918550000000005 0.051270000000000017 1.5000000000000002 0.12626800000000002 0.14581200000000002 0.47889050000000005 0.62558400000000003 0.17351150000000004 0.36298150000000007 0.53662600000000016 0.42880150000000006 4.5000000000000009 0.18155500000000002 765.50000000000011 5.5000000000000009 0.41078500000000001 0.62741100000000005
decision_type=8 8 8 2 10 8 10 2 10 10 1 2 10 10 10 2 10 10 10 10 10 10 10 10 2 10 2 2 10 10
left_child=1 26 12 4 5 6 -4 8 11 13 -11 -5 -3 14 23 16 -16 -18 -17 20 -19 -20 -23 -10 28 -26 27 -1 -13 -30
right_child=-2 2 3 7 -6 -7 -8 -9 9 10 -12 24 -14 -15 15 18 17 19 21 -21 -22 22 -24 -25 25 -27 -28 -29 29 -31
leaf_value=0.0039297253828800968 -9.7265674100943601e-05 -0.00058250433204232318 -0.0056880759778961017 0.00088149873942241325 -0.0017685749825953048 0.00094862534593026504 0.0014072059440608763 0.0013624883068594751 0.0031525416032833526 0.0041119901387872146 -0.00087439935281868647 0.00020242297231308306 -0.010872579459315718 -0.0028044005665683364 4.5794693953068216e-05 -0.0075291224604588985 0.0058088945153491403 -0.0046718615002069074 0.0037531183544027005 0.0063939887718304682 0.0050218844935944586 -0.0075559457353386629 0.00051680555206397142 -0.00089838561606587098 -0.0072544195406875085 0.0010550466873073003 0.00045691891282587127 0.00074798277390871371 -0.0036334209688977191 0.0045529265656005981
leaf_weight=2238.81361374259 154079.78151370585 201.91690407693386 617.06123651564121 26443.126504957676 7819.5614987462759 5308.5170131921768 362.52902057766914 8086.9491258859634 654.34564617276192 2012.8525359928608 1785.0554406940937 8659.3625104576349 205.81061060726643 1937.2624010145664 2100.9430874884129 291.6991876065731 1021.4611998796463 425.01985663175583 371.8725537955761 246.19830426573753 200.29400165379047 281.62465132772923 376.8036604821682 18026.931188672781 377.77536952495575 203.38971890509129 11017.620954439044 3232.4714478552341 1329.2005345374346 224.38555905222893
leaf_count=9025 621399 812 2497 108465 31801 21447 1457 32640 2628 8178 7217 35286 832 7781 8440 1170 4101 1705 1495 988 804 1130 1512 72379 1539 819 44317 13039 5376 932
internal_value=3.07255e-05 0.000216945 7.42918e-05 0.000102104 -0.000834739 0.000322051 -0.00303543 0.00027862 0.000147234 -0.000297805 0.0017616 0.000503379 -0.00589119 -0.000600715 -0.000421236 0.000743717 0.00168179 0.00347876 -0.00206506 0.000702838 -0.00150996 -0.000471676 -0.00290935 -0.000754406 -0.000420137 -0.00430453 0.000989899 0.00205685 -0.000194961 -0.00242529
internal_weight=260141 106061 89571.9 89164.2 14107.7 6288.11 979.59 75056.6 66969.6 29732.4 3797.91 37237.2 407.728 25934.5 23997.2 5315.92 3993.92 1892.97 1322 871.512 625.314 1030.3 658.428 18681.3 10794.1 581.165 16488.9 5471.29 10212.9 1553.59
internal_count=1051211 429812 363431 361787 57202 25401 3954 304585 271945 119528 15395 152417 1644 104133 96352 21345 16038 7598 5307 3497 2509 4137 2642 75007 43952 2358 66381 22064 41594 6308
cat_boundaries=0 1
cat_threshold=2
is_linear=0
shrinkage=0.03


Tree=230
num_leaves=31
num_cat=9
split_feature=39 29 35 25 36 36 26 25 23 29 25 30 26 24 24 29 12 32 24 33 25 1 32 39 24 28 2 36 40 30
split_gain=7.49029 8.09379 11.6152 8.79408 6.49635 10.7574 17.645 11.3476 11.0327 10.9711 10.5633 12.4735 10.1572 13.8347 10.1037 9.38814 10.1833 11.7572 8.6902 14.0912 13.273 16.3871 11.441 10.6076 10.8549 14.5569 10.4077 20.3864 21.5945 19.7968
threshold=0.40358950000000005 0.11715850000000001 0.12556300000000001 0 0.18637200000000001 0.19152350000000004 3754.5000000000005 1 2 0.18124050000000005 3 0.34259350000000005 2313.5000000000005 4 5 0.13517950000000004 -2.4999999999999996 0.52916900000000011 6 0.29449500000000006 7 5.5000000000000009 0.63903200000000016 0.48180050000000002 8 0.23859450000000001 4.5000000000000009 0.19301600000000002 0.14840350000000005 0.41501700000000002
decision_type=8 10 10 1 10 10 2 1 1 10 1 10 2 1 1 10 2 10 1 10 1 2 10 10 1 10 2 10 8 10
left_child=1 -1 -3 -4 -2 6 7 9 -9 12 11 -8 13 -6 -13 -10 -17 -18 19 -7 21 22 -20 -23 -25 -26 -22 -28 -29 -30
right_child=4 2 3 -5 5 18 10 8 15 -11 -12 14 -14 -15 -16 16 17 -19 20 -21 26 23 -24 24 25 -27 27 28 29 -31
leaf_value=0.0018297097300090752 -3.2721817275019186e-05 -0.0077183742865808693 -0.0048642499969618266 0.0034996470130204309 0.0001398104404940119 -0.0044671183089576849 0.0073159705251366345 0.0010584329795967182 0.0024782813667103359 -0.002599271905049552 0.0054673478384316757 0.0035761063811500294 -0.00067584646436118277 0.0074123823251956043 -0.0041856143000747028 0.0014767946678115723 -0.0079536301753681433 -0.00025324442741570349 0.0015540218408407244 0.00071598562635827377 0.00072073870470399 0.003130282105054851 -0.0053136494953697098 -9.992897581902008e-06 -0.0012977378342581018 -0.0046972396548746178 -0.0096641707632240548 0.0009435577416741851 -0.0016377453324867366 -0.010553893055640114
leaf_weight=285.58423975110054 197865.76855498552 385.98440591990948 203.50452320277691 222.49705550074577 380.6090734899044 477.3596777766943 207.11914241313934 1338.3297323286533 239.06149896979332 331.57195901870728 1259.2511944323778 233.99121880531311 390.79090963304043 680.69560186564922 370.94139197468758 229.90111319720745 573.81484535336494 270.55121600627899 2333.9478895813227 23530.251024261117 14400.379825815558 347.25568181276321 236.4699694365263 1553.7690594494343 2389.3418643772602 2215.7938453555107 217.18397617340088 4297.713634967804 2537.6376784145832 245.28993256390095
leaf_count=1156 800210 1558 822 897 1534 1944 838 5405 964 1341 5066 942 1576 2745 1496 927 2311 1092 9406 94783 58060 1404 957 6261 9620 8943 876 17321 10212 993
internal_value=4.01362e-05 -0.00242899 -0.00396486 -0.000463811 5.07371e-05 0.000320654 0.00147428 0.000398278 -0.000838192 0.0022437 0.00375996 0.000985952 0.00338866 0.00491116 -0.00114119 -0.00279809 -0.00400374 -0.00553131 0.000183015 0.000610877 -0.000149965 -0.00111302 0.000905103 -0.0019167 -0.00220751 -0.00293557 0.000251935 -0.000668591 -0.000384459 -0.00244491
internal_weight=260252 1097.57 811.986 426.002 259155 61289 6506.63 4435.33 2651.66 1783.67 2071.3 812.052 1452.1 1061.3 604.933 1313.33 1074.27 844.366 54782.4 24007.6 30774.8 9076.58 2570.42 6506.16 6158.9 4605.14 21698.2 7297.83 7080.64 2782.93
internal_count=1051660 4433 3277 1719 1047227 247017 26237 17895 10699 7196 8342 3276 5855 4279 2438 5294 4330 3403 220780 96727 124053 36591 10363 26228 24824 18563 87462 29402 28526 11205
cat_boundaries=0 1 2 3 4 5 6 7 8 9
cat_threshold=390 778 2 60 777 27 840 532 6
is_linear=0
shrinkage=0.03


Tree=231
num_leaves=31
num_cat=6
split_feature=13 6 31 34 44 31 42 25 11 24 25 42 25 26 34 38 33 44 25 36 30 19 51 24 31 26 2 32 0 21
split_gain=7.34091 13.0224 12.0576 13.5757 13.5103 13.5262 13.3104 13.6141 14.0011 17.7284 11.0589 10.7815 16.0368 11.2961 10.557 16.0274 12.3241 10.9654 16.2536 25.5195 20.1657 14.0085 12.8745 12.4746 10.934 12.3679 15.8023 13.7504 11.8724 17.8444
threshold=1.0000000180025095e-35 1.5000000000000002 0.40289300000000006 0.35630850000000008 0.2867070000000001 0.38096700000000006 0.68093700000000013 0 4.5000000000000009 1 2 0.80560500000000013 3 679.50000000000011 0.38645950000000001 735.50000000000011 0.40380100000000002 0.32681800000000005 4 0.10282050000000002 0.33835850000000006 74.250000000000014 -0.070158500000000026 5 0.42488050000000005 852.50000000000011 5.5000000000000009 0.38218750000000007 2022.5000000000002 0.81500000000000006
decision_type=2 2 10 10 10 8 10 1 2 1 1 8 1 2 10 2 10 10 1 10 10 2 10 1 10 2 2 10 2 2
left_child=2 11 4 -4 5 6 7 -1 9 -9 -6 -2 -13 -14 15 -5 24 22 19 -19 21 -21 -18 -20 25 27 -27 -16 29 -26
right_child=1 -3 3 14 10 -7 -8 8 -10 -11 -12 12 13 -15 16 -17 17 18 23 20 -22 -23 -24 -25 28 26 -28 -29 -30 -31
leaf_value=0.0033305202406391098 -3.747689722515892e-05 -0.0007908034532380754 -0.0015555615703553185 0.0076441314738926432 -0.00088521531707176702 -0.001677247314494035 -0.0019563235851427236 0.0084741476130504971 -0.0029684811864768208 -0.0011946971238423279 0.0045457020113878442 -0.0019586654813532876 0.0026985794172497417 0.011901516587297002 0.0083762113858572487 0.0011349409076072006 0.0014724581053012786 0.0033788989986458166 0.0012621200315088843 -0.0013366588222574523 -0.0042361740837620508 0.0067099053877270852 0.00028385692467205331 -0.0013728116069985378 -0.0051010664863209926 0.00076414851222573554 -0.0079937023659958344 -0.00078255597938269505 -9.4821805523837376e-05 -0.00031690787730943496
leaf_weight=1625.2702072113752 72652.840733170509 25064.039689421654 3807.2415906190872 399.60073424875736 587.1720860004425 8713.748856768012 1570.1193338185549 269.03775426745415 923.12016916275024 419.38081832230091 753.99984017014503 304.8119523525238 292.40766170620918 217.79669171571732 345.04736803472042 2347.354097738862 8860.3060355633497 670.93990744650364 4475.0301810801029 783.97843810915947 2845.3223047405481 254.73668745160103 112806.46295042336 2509.1007007062435 1604.4435816705227 1121.9062714725733 218.30131264030933 245.60075408220291 2301.190877661109 1270.9175781756639
leaf_count=6556 293599 101256 15494 1618 2529 35123 6352 1087 3724 1692 3210 1235 1188 885 1393 9521 35616 2714 17991 3162 11446 1031 455828 10146 6466 4541 883 990 9297 5122
internal_value=3.63262e-06 -0.000200371 0.000128106 0.000210667 -0.000685632 -0.000972153 0.000300016 0.00140459 -0.000539048 0.00266621 0.00217626 6.75013e-07 0.00342598 0.00660353 0.000257913 0.00210005 0.000221591 0.000286717 -0.000596016 -0.00198805 -0.00292987 0.00062154 0.000370697 0.000310422 -0.000994391 0.000921141 -0.000654717 0.00453261 -0.0017148 -0.00299941
internal_weight=260261 98531.9 161729 146867 14861.8 13520.7 4806.93 3236.81 1611.54 688.419 1341.17 73467.9 815.016 510.204 143060 2746.95 140313 133206 11539.1 4554.98 3884.04 1038.72 121667 6984.13 7107.41 1930.86 1340.21 590.648 5176.55 2875.36
internal_count=1051695 398163 653532 593259 60273 54534 19411 13059 6503 2779 5739 296907 3308 2073 577765 11139 566626 537934 46490 18353 15639 4193 491444 28137 28692 7807 5424 2383 20885 11588
cat_boundaries=0 1 2 3 4 5 6
cat_threshold=677 405 306 450 773 410
is_linear=0
shrinkage=0.03


Tree=232
num_leaves=31
num_cat=7
split_feature=34 28 25 26 25 20 42 28 51 27 24 17 44 33 34 40 24 42 42 22 39 24 0 1 38 28 31 1 18 29
split_gain=6.93907 21.0751 16.1483 22.7903 15.5314 12.3996 13.3346 12.9402 12.0477 11.1062 10.2712 9.94527 9.67061 9.08769 10.7209 8.95401 8.89418 10.3393 12.9316 11.2077 9.08191 8.78952 12.3037 9.98153 14.5783 12.4752 9.21832 8.80075 9.09391 8.63148
threshold=0.39382000000000006 0.34967450000000005 0 217.50000000000003 1 11.350000000000003 0.63804250000000007 0.30168150000000005 -0.047488499999999982 0.42399500000000007 2 1.0000000180025095e-35 0.028275100000000001 0.36749700000000002 0.50550700000000015 0.14772550000000004 3 0.66292450000000003 0.52168300000000001 4 0.50068000000000012 5 2021.5000000000002 5.5000000000000009 2391.5000000000005 0.2789310000000001 0.45137850000000007 6.5000000000000009 6 0.17138950000000003
decision_type=8 10 1 2 1 2 10 10 10 10 1 2 10 8 10 10 1 10 10 1 10 1 2 2 2 10 10 2 1 10
left_child=1 2 16 11 -3 10 8 12 -7 15 -5 -4 -8 14 21 -6 -1 18 20 -20 -18 22 -2 24 -23 27 -24 -25 -29 -22
right_child=13 4 3 5 9 6 7 -9 -10 -11 -12 -13 -14 -15 -16 -17 17 -19 19 -21 29 23 26 25 -26 -27 -28 28 -30 -31
leaf_value=-0.002646121315842867 -0.0066751363620229723 0.0035195623501066554 0.010270106642649792 6.4347597159760631e-05 0 0.00097400902201992122 0.0035099558634215707 -0.0083404026995068502 0.008405486837933027 -0.011012118946962524 -0.0051715817981279151 0.0021170134529327348 -0.0029803739671828474 -1.7436866010868554e-05 -0.0074768239222986988 -0.0066443507250285479 0 0.0072830406724672878 0.0033303518382578261 -0.0017830033731769039 0.0046763252774338496 -0.0078406238510869888 0.00054336564108844402 0.0071218068155127628 0.0011304958613287599 -0.003087198396819851 -0.0058214940989070449 -0.0032456941316813389 0.0031537324976967859 0.012065117161088112
leaf_weight=226.40846553444862 495.74265643954277 248.18254797160625 268.06876677274704 617.82833349704742 415.01811811327934 3340.2104839086533 322.51978403329849 247.35165268182755 207.44881892204285 203.29098239541054 712.89346560835838 294.18461129069328 556.69430908560753 245008.12535819411 246.56228202581406 334.79641674458981 215.94806489348412 512.53983737528324 785.68627056479454 745.20327585935593 520.5388640165329 299.61131697893143 845.88122572004795 322.39684937894344 341.49577306210995 419.52537469565868 264.54085086286068 264.57144552469254 688.74617755413055 212.02062772214413
leaf_count=915 2000 1023 1082 2510 1703 13530 1310 1016 843 844 2890 1190 2252 989856 993 1386 875 2081 3175 3046 2098 1209 3426 1299 1378 1709 1072 1064 2769 859
internal_value=-8.60968e-06 0.000728988 0.00119175 0.000329974 -0.00300925 -0.000206685 0.00051562 -0.00231378 0.00142375 -0.0047337 -0.00276176 0.00609116 -0.000561698 -4.12583e-05 -0.00142635 -0.00301741 0.00292886 0.00337034 0.00255518 0.000823106 0.00530781 -0.00103495 -0.00273314 0.000132799 -0.00303243 0.00135152 -0.000957619 0.00283849 0.00134078 0.00689609
internal_weight=260184 10986.8 9785.55 6567.2 1201.29 6004.95 4674.23 1126.57 3547.66 953.106 1330.72 562.253 879.214 249197 4189.07 749.815 3218.35 2991.94 2479.4 1530.89 948.508 3942.51 1606.16 2336.35 641.107 1695.24 1110.42 1275.71 953.318 732.559
internal_count=1051403 44628 39672 26623 4956 24351 18951 4578 14373 3933 5400 2272 3562 1006775 16919 3089 13049 12134 10053 6221 3832 15926 6498 9428 2587 6841 4498 5132 3833 2957
cat_boundaries=0 1 2 3 4 5 6 7
cat_threshold=7 514 283 4 2 660 13
is_linear=0
shrinkage=0.03


Tree=233
num_leaves=31
num_cat=8
split_feature=9 9 25 21 35 36 38 21 42 24 54 35 42 24 42 42 36 38 45 24 25 31 36 30 51 36 24 25 24 33
split_gain=7.33619 14.2627 14.1095 12.5427 24.3167 12.6888 12.4064 11.7321 10.742 11.5877 13.7354 9.9847 11.5506 13.4427 9.98111 10.7901 17.5792 10.8653 10.8154 10.7941 9.84623 10.708 9.26747 15.0702 16.1743 15.6761 14.8398 11.5381 16.8235 11.8869
threshold=1.5000000000000002 2.5000000000000004 0 0.12500000000000003 0.26944700000000005 0.21280850000000004 212.50000000000003 1.425 0.42701650000000008 1 7.7027818978739102 0.065985900000000014 0.60782150000000013 2 0.76552450000000005 0.67427250000000016 0.17569750000000003 5872.5000000000009 1.5000000000000002 3 4 0.44445150000000005 0.18148800000000001 0.36132600000000009 -0.0011114999999999873 0.23004400000000003 5 6 7 0.61713950000000006
decision_type=2 2 1 2 8 10 2 2 10 1 2 8 10 1 10 8 10 2 2 1 1 10 10 10 10 10 1 1 1 10
left_child=-1 2 7 4 5 -4 11 8 -2 -10 -11 -5 13 -13 15 17 18 22 -17 20 -19 -22 27 26 -25 -26 -24 28 29 -8
right_child=1 -3 3 6 -6 -7 14 -9 9 10 -12 12 -14 -15 -16 16 -18 19 -20 -21 21 -23 23 24 25 -27 -28 -29 -30 -31
leaf_value=0.00020431770902236635 0.0065363438133366489 6.2500512243546274e-05 -0.0022868379657049044 -0.0034484433104767787 -0.0089410692243344324 0.0052204193562019078 -0.00016723649649880233 0.0040204530882516206 0.0010567251848327837 0.00012036446279729108 -0.0080190449406027688 -0.0012950429489984345 -0.0017261585607760983 0.006323587586397921 0.0037206547640693064 -0.0046741617398220374 -0.0075382656618688823 -0.0038410881412356932 0.0010914365337734442 -0.0024182939405435274 -0.0016057549939698088 0.0053371371669222924 0.0021513859076743814 0.00092992475363215543 0.0096901528724715 -0.00019215440029297459 -0.0030889451406859521 -0.00011228593812686727 -0.0028805915589170152 0.0077185672312751856
leaf_weight=124156.67239141464 206.51146394014359 102084.37250234187 1727.3421088159084 266.01337236166 481.71196390688419 224.71880635619164 858.82564634084702 955.61393560469151 1338.257828772068 391.90237180888653 341.13416868448257 273.4856436252594 364.65728063881397 794.53197236359119 422.22645696997643 469.33541394770145 562.56464922428131 281.98888790607452 754.45685188472271 5017.1880256384611 323.64186789095402 494.23385877907276 766.81554642319679 1878.2163676470518 434.07756705582142 206.84005147218704 1269.6063860207796 8940.2135531455278 3760.9740547090769 210.00550174713135
leaf_count=502294 834 411962 6958 1084 1942 907 3472 3858 5404 1583 1373 1108 1485 3239 1706 1901 2269 1138 3052 20229 1302 1995 3098 7568 1747 833 5122 36164 15219 868
internal_value=3.74699e-05 -0.000114515 -0.000646576 -0.000845088 -0.00291454 -0.00140058 -0.00066638 0.00123192 5.05313e-05 -0.00059017 -0.00359513 0.00181183 0.0028146 0.00439347 -0.000825648 -0.000900394 -0.00315445 -0.000734065 -0.00110129 -0.00182976 0.000841271 0.00252661 -0.000366446 0.00080293 0.0023569 0.00646826 -0.00110532 -0.000755581 -0.0019351 0.00135878
internal_weight=260258 136101 34017.1 30783.7 2433.77 1952.06 28349.9 3233.42 2277.81 2071.29 733.037 1698.69 1432.67 1068.02 26651.2 26229 1786.36 24442.6 1223.79 6117.05 1099.86 817.876 18325.6 4555.56 2519.13 640.918 2036.42 13770 4829.81 1068.83
internal_count=1051714 549420 137458 124406 9807 7865 114599 13052 9194 8360 2956 6916 5832 4347 107683 105977 7222 98755 4953 24664 4435 3297 74091 18368 10148 2580 8220 55723 19559 4340
cat_boundaries=0 1 2 3 4 5 6 7 8
cat_threshold=64 662 148 130 260 71 644 72
is_linear=0
shrinkage=0.03


Tree=234
num_leaves=31
num_cat=8
split_feature=8 28 50 28 35 24 6 28 35 25 1 29 18 51 27 25 24 2 2 34 25 24 20 2 25 26 35 2 1 21
split_gain=7.65661 12.5417 15.547 12.0622 14.2361 9.11673 8.92355 14.7627 10.1452 13.5567 13.3291 14.3285 9.77478 13.1241 12.2873 14.1858 10.9453 11.9782 18.4177 11.2062 10.1296 9.3996 9.28423 13.3895 9.09513 11.3897 14.5051 14.6462 13.2044 11.8236
threshold=1.5000000000000002 0.14845750000000005 0.092176500000000008 0.10738100000000002 0.17988750000000001 0 1.5000000000000002 0.13672650000000003 0.2772695 1 8.5000000000000018 0.14765950000000003 2 -0.12657249999999995 0.57266450000000002 3 4 4.5000000000000009 5.5000000000000009 0.50496250000000009 5 6 58.150000000000013 3.5000000000000004 7 3550.5000000000005 0.092029650000000005 3.5000000000000004 8.5000000000000018 0.81500000000000006
decision_type=2 10 8 10 10 1 2 10 10 1 2 10 1 10 10 1 1 2 2 10 1 1 2 2 1 2 10 2 2 2
left_child=6 2 3 -2 -5 -4 -1 22 12 -10 11 21 13 -9 16 -16 17 20 -19 -18 -15 -11 23 -8 25 26 27 -14 -28 -29
right_child=1 -3 5 4 -6 -7 7 8 9 10 -12 -13 24 14 15 -17 19 18 -20 -21 -22 -23 -24 -25 -26 -27 28 29 -30 -31
leaf_value=-1.6984585099607353e-05 0.00089262415277613122 0.00032852943562224302 -0.0028256407145602009 -0.0030315775817162703 0.00028048510610788829 0.0034040079565711432 6.5422445193019465e-05 -0.0059856647758682801 -0.0061105731661411028 -0.0013105593240168288 -0.0051894332624161724 -0.0020804749241375028 0.00086788669677009735 -0.0016510907198043891 0.0080745201144580385 2.6283105084688932e-05 0.0010713046213017496 -0.0066526883986650631 0.0040329259029886141 -0.0023649596826923721 0.0056128265427640104 0.0051869545185533371 -0.00073131436950061776 0.0049025113136316112 -0.0011442730733191913 -0.0014893059154572142 0.00049453178043235826 -0.00086445973412489145 0.0037509491374896928 -0.0065986673407592141
leaf_weight=131386.10949237645 1557.6602538228035 75964.944033712149 251.62396086752415 4026.954806342721 1621.5139761567116 1024.2350389510393 990.07184378802776 258.27945935726166 644.81658901274204 302.14415185153484 615.57587394118309 1387.6834813654423 1298.4262521713972 206.75842109322548 413.45833268761635 390.78148274123669 1689.3285894542933 278.48298908770084 294.37611541152 1708.5131096988916 862.2797829657793 540.08064852654934 1124.4390621930361 1100.2703224569559 19033.506883889437 3737.7685800492764 4695.5354734659195 699.86152455210686 1482.0206452608109 623.82880261540413
leaf_count=530999 6651 306033 1024 16607 6673 4234 4108 1043 2602 1218 2486 5601 5236 833 1678 1590 6807 1121 1186 6866 3474 2176 4650 4582 76750 15069 18929 2822 5975 2515
internal_value=-2.85579e-05 0.000206067 -0.000886903 -0.00142991 -0.00207583 0.00215272 -0.000141457 -0.000509267 -0.000662703 -0.002212 -0.00128654 -0.00019593 -0.000518205 0.000577588 0.000876697 0.00431601 0.000319662 0.00232439 -0.00111715 -0.000646368 0.00421622 0.00286999 0.00144486 0.00262918 -0.000730943 -0.000100528 0.000486156 -0.00137683 0.00128205 -0.0035983
internal_weight=260211 84446.9 8481.99 7206.13 5648.47 1275.86 175764 44378.3 41163.5 3490.3 2845.48 2229.91 37673.2 6102.26 5843.98 804.24 5039.74 1641.9 572.859 3397.84 1069.04 842.225 3214.78 2090.34 31570.9 12537.4 8799.67 2622.12 6177.56 1323.69
internal_count=1051538 341222 35189 29931 23280 5258 710316 179317 165977 14083 11481 8995 151894 24598 23555 3268 20287 6614 2307 13673 4307 3394 13340 8690 127296 50546 35477 10573 24904 5337
cat_boundaries=0 1 2 3 4 5 6 7 8
cat_threshold=138 24 50 295 26 20 280 120
is_linear=0
shrinkage=0.03


Tree=235
num_leaves=31
num_cat=10
split_feature=1 24 4 25 4 24 31 25 19 27 46 38 44 9 24 25 2 35 32 21 40 42 39 40 24 9 25 32 11 10
split_gain=6.06507 22.6338 28.845 27.0572 14.2742 18.3514 13.1957 9.41275 9.00278 8.50472 10.3754 10.1678 6.85115 6.4938 13.3179 16.318 13.9868 12.3721 12.0293 12.0214 12.1447 15.4791 11.8345 11.1105 10.2612 10.0118 9.70675 9.31954 8.87004 10.1823
threshold=3.5000000000000004 0 1 2 3 4 0.45927250000000003 5 67.050000000000011 0.54787300000000017 1.0000000180025095e-35 6831.5000000000009 0.17150450000000003 9.5000000000000018 6 7 1.5000000000000002 0.22168800000000002 0.32274900000000006 0.42500000000000004 0.14097750000000001 0.52721950000000006 0.54357750000000016 0.16349050000000001 8 12.500000000000002 9 0.61394800000000005 10.500000000000002 5.5000000000000009
decision_type=2 1 1 1 1 1 10 1 2 10 2 2 10 2 1 1 2 10 8 2 10 10 8 10 1 2 1 8 2 2
left_child=1 2 6 9 8 7 -1 -6 -5 11 -11 -3 -12 28 16 17 -15 -16 -17 20 21 -20 23 27 -22 -23 -24 -18 -2 -30
right_child=13 3 -4 4 5 -7 -8 -9 -10 10 12 -13 -14 14 15 18 22 -19 19 -21 24 25 26 -25 -26 -27 -28 -29 29 -31
leaf_value=-0.0027097318204138037 6.3890831783170932e-05 0.0087079977592009142 0.0027642278943749146 0.00010961613288570827 0.0029162270350385007 -0.0081960082348056709 -0.012377136456929762 -0.0041769574466602247 0.0065078364654889342 0.0057429776348195205 0.0027526298879187406 0.0014993957608133597 -0.0048980622473692066 -0.0027841984004308906 0.0037146097951089633 0.0035924853476733379 0.0078067300933398536 -0.0030249494445135964 0.0040676967271694401 0.0029531494064963634 -0.00082491042657840464 -0.00055770093926756136 0.0040900762440379832 -0.00089930489793498567 -0.0061104254000249021 -0.0075648755941802618 -0.0030710131147564136 0.0014073218491432731 -0.0016380920223655919 -0.00017240098706597566
leaf_weight=263.80642408132553 225909.03487187624 690.32998025417328 426.2525817155838 543.140087261796 425.95471467077732 344.88191978633404 265.46102505922318 259.62282933294773 317.67883163690567 453.77070267498493 220.97282625734806 252.33995534479618 193.14391420781612 345.16829518973827 1381.0661990046501 436.4339207559824 921.16476462781429 290.6135990023613 468.15694802999496 430.42340146005154 547.188874527812 642.01730547845364 310.55655731260777 217.1639446914196 950.20460906624794 260.59008155763149 345.36793220043182 280.60355813801289 5874.9789831638336 15770.553842559457
leaf_count=1064 913084 2786 1724 2206 1733 1394 1069 1049 1288 1881 909 1020 801 1395 5572 1763 3712 1171 1888 1733 2204 2585 1260 876 3829 1050 1390 1132 23684 63570
internal_value=5.49022e-05 0.00112762 -0.00295213 0.00219238 -0.000307232 -0.00270146 -0.00765734 0.000159406 0.00251996 0.00480346 0.00261689 0.00682095 -0.000753292 3.52087e-05 0.000885866 4.92276e-05 0.00272882 0.00250677 -0.00104757 -0.00167646 -0.00238403 -0.000318271 0.00367622 0.00521532 -0.00425068 -0.00263221 0.000292626 0.00634464 8.18259e-06 -0.000571773
internal_weight=260039 4657.36 955.52 3701.84 1891.28 1030.46 529.267 685.578 860.819 1810.56 867.887 942.67 414.117 255381 7826.72 5406.69 2420.03 1671.68 3735.02 3298.58 2868.16 1370.76 2074.86 1418.93 1497.39 902.607 655.924 1201.77 247555 21645.5
internal_count=1050822 18924 3857 15067 7670 4176 2133 2782 3494 7397 3591 3806 1710 1031898 31560 21795 9765 6743 15052 13289 11556 5523 8370 5720 6033 3635 2650 4844 1000338 87254
cat_boundaries=0 1 2 3 4 5 6 7 8 9 10
cat_threshold=264 2 613 2 99 146 289 280 522 480
is_linear=0
shrinkage=0.03


end of trees

feature_importances:
pitcher_team_id=600
batter_team_id=600
asof_pitcher_reverse_rate=296
asof_pitcher_success_rate=279
asof_pitcher_n=275
asof_pitcher_ball_rate=271
asof_batter_success_rate=270
season=260
asof_pitcher_offspeed_rate=256
asof_pitcher_fastball_rate=254
asof_pitcher_prev5_game_success_rate=214
asof_pitcher_strike_rate=212
asof_pitcher_prev3_game_success_rate=199
asof_pitcher_middle_rate=198
asof_pitcher_prev1_game_success_rate=185
pitcher_rate_gap_career_5=185
asof_pitcher_breaking_rate=170
asof_batter_middle_rate=165
same_hand=158
asof_pitcher_prev3_game_middle_rate=135
base_state=134
asof_pitcher_prev5_game_middle_rate=134
pitcher_rate_gap_1_5=132
asof_pitcher_prev1_game_middle_rate=127
asof_batter_n=124
balls_before=107
count_state=105
game_month=93
strikes_before=89
li=83
home_win_expectancy=82
inning=79
pitcher_hand=76
run_total_before=67
batter_hand=67
asof_pitcher_pitchmix_n=66
game_dayofweek=55
away_win_expectancy=41
run_top_before=39
outs_before=36
score_diff_pitcher_team=34
log1p_asof_batter_n=31
run_bot_before=22
score_diff_home=18
two_strikes=18
num_runners_on=9
log1p_asof_pitcher_n=7
log1p_asof_pitcher_pitchmix_n=7
top_bottom=6
three_balls=4
runner_on_2b=2
late_inning=2
runner_on_1b=1
runner_on_3b=1

parameters:
[boosting: gbdt]
[objective: binary]
[metric: binary_logloss]
[tree_learner: serial]
[device_type: cpu]
[data_sample_strategy: bagging]
[data: ]
[valid: ]
[num_iterations: 236]
[learning_rate: 0.03]
[num_leaves: 31]
[num_threads: 6]
[seed: 42]
[deterministic: 0]
[force_col_wise: 0]
[force_row_wise: 0]
[histogram_pool_size: -1]
[max_depth: -1]
[min_data_in_leaf: 800]
[min_sum_hessian_in_leaf: 0.001]
[bagging_fraction: 0.8]
[pos_bagging_fraction: 1]
[neg_bagging_fraction: 1]
[bagging_freq: 1]
[bagging_seed: 400]
[bagging_by_query: 0]
[feature_fraction: 0.8]
[feature_fraction_bynode: 1]
[feature_fraction_seed: 30056]
[extra_trees: 0]
[extra_seed: 12879]
[early_stopping_round: 0]
[early_stopping_min_delta: 0]
[first_metric_only: 0]
[max_delta_step: 0]
[lambda_l1: 1]
[lambda_l2: 3]
[linear_lambda: 0]
[min_gain_to_split: 0]
[drop_rate: 0.1]
[max_drop: 50]
[skip_drop: 0.5]
[xgboost_dart_mode: 0]
[uniform_drop: 0]
[drop_seed: 17869]
[top_rate: 0.2]
[other_rate: 0.1]
[min_data_per_group: 100]
[max_cat_threshold: 32]
[cat_l2: 10]
[cat_smooth: 10]
[max_cat_to_onehot: 4]
[top_k: 20]
[monotone_constraints: ]
[monotone_constraints_method: basic]
[monotone_penalty: 0]
[feature_contri: ]
[forcedsplits_filename: ]
[refit_decay_rate: 0.9]
[cegb_tradeoff: 1]
[cegb_penalty_split: 0]
[cegb_penalty_feature_lazy: ]
[cegb_penalty_feature_coupled: ]
[path_smooth: 0]
[interaction_constraints: ]
[verbosity: -1]
[saved_feature_importance_type: 0]
[use_quantized_grad: 0]
[num_grad_quant_bins: 4]
[quant_train_renew_leaf: 0]
[stochastic_rounding: 1]
[linear_tree: 0]
[max_bin: 255]
[max_bin_by_feature: ]
[min_data_in_bin: 3]
[bin_construct_sample_cnt: 200000]
[data_random_seed: 175]
[is_enable_sparse: 1]
[enable_bundle: 1]
[use_missing: 1]
[zero_as_missing: 0]
[feature_pre_filter: 1]
[pre_partition: 0]
[two_round: 0]
[header: 0]
[label_column: ]
[weight_column: ]
[group_column: ]
[ignore_column: ]
[categorical_feature: 4,5,18,22,23,24,25]
[forcedbins_filename: ]
[precise_float_parser: 0]
[parser_config_file: ]
[objective_seed: 16083]
[num_class: 1]
[is_unbalance: 0]
[scale_pos_weight: 1]
[sigmoid: 1]
[boost_from_average: 1]
[reg_sqrt: 0]
[alpha: 0.9]
[fair_c: 1]
[poisson_max_delta_step: 0.7]
[tweedie_variance_power: 1.5]
[lambdarank_truncation_level: 30]
[lambdarank_norm: 1]
[label_gain: ]
[lambdarank_position_bias_regularization: 0]
[eval_at: ]
[multi_error_top_k: 1]
[auc_mu_weights: ]
[num_machines: 1]
[local_listen_port: 12400]
[time_out: 120]
[machine_list_filename: ]
[machines: ]
[gpu_platform_id: -1]
[gpu_device_id: -1]
[gpu_device_id_list: ]
[gpu_use_dp: 0]
[num_gpu: 1]

end of parameters

pandas_categorical:[]
