candidate,weight,seed,season,group,n,champion_brier,candidate_brier,gain,target_mean,prediction_mean,prediction_std,logloss,auc,outside_max_abs_diff
lgb,0.1,42,2022,all,247472,0.24313201729617934,0.2431244507344184,7.566561760929957e-06,0.5289204435249241,0.5251495025217882,0.07766299079094986,0.6790443425904843,0.5809344055504293,0.0
lgb,0.1,42,2022,slice,59575,0.2446615883773926,0.24463015720371087,3.143117368173409e-05,0.5264288711707931,0.5228160160240426,0.0720152025316567,0.6821587030560581,0.5688641945900564,0.0
lgb,0.1,42,2022,outside,187897,0.24264704841874501,0.24264704841874501,0.0,0.5297104264570482,0.5258893624349491,0.07935549695058111,0.678056897209576,0.5846405263550047,0.0
lgb,0.1,42,2022,R,217024,0.24828303927859774,0.24827548948708314,7.5497915145994465e-06,0.5036908360365674,0.500251236214192,0.04095853586944079,0.689686289350976,0.5469520263441027,0.0
lgb,0.1,42,2022,F,30448,0.20641711337104868,0.2064094272761187,7.686094929987286e-06,0.7087493431424067,0.7026167038860727,0.033938831093429336,0.6031918119234806,0.5244803717837938,0.0
lgb,0.1,42,2022,0-2,15595,0.24553331305874085,0.24551410101485047,1.9212043890382002e-05,0.5218339211285669,0.5231656129638709,0.07047577361658888,0.6839721448913075,0.5605392354685748,0.0
lgb,0.1,42,2022,1-2,23740,0.24545244465670835,0.24540500951721408,4.743513949426181e-05,0.5291491154170177,0.5231107683215714,0.07071287929104836,0.6837822366379306,0.5628901012402708,0.0
lgb,0.1,42,2022,2-2,20240,0.24306230604159304,0.24304023143012946,2.2074611463585025e-05,0.5267786561264822,0.522200927890645,0.07465018235545579,0.6788571559881547,0.58193751848549,0.0
lgb,0.25,42,2022,all,247472,0.24313201729617934,0.24311784086075014,1.4176435429197332e-05,0.5289204435249241,0.5252631716592939,0.07733456833381648,0.6790304455660151,0.5809800243911654,0.0
lgb,0.25,42,2022,slice,59575,0.2446615883773926,0.24460270007141643,5.888830597616801e-05,0.5264288711707931,0.5232881927558398,0.07054621105489042,0.6821009754112496,0.5690536000482794,0.0
lgb,0.25,42,2022,outside,187897,0.24264704841874501,0.24264704841874501,0.0,0.5297104264570482,0.5258893624349491,0.07935549695058111,0.678056897209576,0.5846405263550047,0.0
lgb,0.25,42,2022,R,217024,0.24828303927859774,0.2482681436419908,1.4895636606948592e-05,0.5036908360365674,0.5004972149123609,0.040900517071622726,0.689671396020939,0.5470062421141738,0.0
lgb,0.25,42,2022,F,30448,0.20641711337104868,0.2064080631809033,9.050190145382109e-06,0.7087493431424067,0.7017873110788425,0.03395041758409664,0.6031850162593474,0.5247853963997972,0.0
lgb,0.25,42,2022,0-2,15595,0.24553331305874085,0.24550498684602748,2.832621271336988e-05,0.5218339211285669,0.5235769876307691,0.06897452224918436,0.6839553376504437,0.560758119633585,0.0
lgb,0.25,42,2022,1-2,23740,0.24545244465670835,0.24535288693648688,9.955772022146592e-05,0.5291491154170177,0.5234512358185752,0.06931753080738047,0.6836670714580273,0.5630765730123158,0.0
lgb,0.25,42,2022,2-2,20240,0.24306230604159304,0.24302757169064407,3.4734350948972814e-05,0.5267786561264822,0.5228744378949773,0.07312335055124337,0.6788352689255411,0.5821022158538065,0.0
lgb,0.5,42,2022,all,247472,0.24313201729617934,0.24311946432189765,1.2552974281682117e-05,0.5289204435249241,0.5254526202218036,0.07686596658728449,0.6790339943803625,0.5809538754827879,0.0
lgb,0.5,42,2022,slice,59575,0.2446615883773926,0.24460944385953406,5.21445178585378e-05,0.5264288711707931,0.5240751539755024,0.0684050205829043,0.6821157170341489,0.5690332568381165,0.0
lgb,0.5,42,2022,outside,187897,0.24264704841874501,0.24264704841874501,0.0,0.5297104264570482,0.5258893624349491,0.07935549695058111,0.678056897209576,0.5846405263550047,0.0
lgb,0.5,42,2022,R,217024,0.24828303927859774,0.24826651081264894,1.65284659487952e-05,0.5036908360365674,0.5009071794093087,0.04093016030646031,0.6896680278990699,0.5469688824182797,0.0
lgb,0.5,42,2022,F,30448,0.20641711337104868,0.20643289648135654,-1.578311030786539e-05,0.7087493431424067,0.7004049897334592,0.03432187850104789,0.6032378668723511,0.5250005486712124,0.0
lgb,0.5,42,2022,0-2,15595,0.24553331305874085,0.2455423402900231,-9.027231282238146e-06,0.5218339211285669,0.5242626120755993,0.06678592468882187,0.6840369279877668,0.5608336242066541,0.0
lgb,0.5,42,2022,1-2,23740,0.24545244465670835,0.24531676297797947,0.00013568167872887726,0.5291491154170177,0.5240186816469149,0.06730155912738887,0.6835841663039246,0.5630422255727889,0.0
lgb,0.5,42,2022,2-2,20240,0.24306230604159304,0.24306101126539534,1.294776197702241e-06,0.5267786561264822,0.5239969545688646,0.07087669045651854,0.678913035686019,0.5820424042404123,0.0
cat,0.1,42,2022,all,247472,0.24313201729617934,0.24312689830985293,5.118986326407837e-06,0.5289204435249241,0.5251778225668388,0.07762192366411974,0.6790496651264154,0.5808915431135349,0.0
cat,0.1,42,2022,slice,59575,0.2446615883773926,0.24464032432730157,2.126405009103549e-05,0.5264288711707931,0.5229336562789944,0.07183479442134726,0.6821808126424936,0.5686769534233591,0.0
cat,0.1,42,2022,outside,187897,0.24264704841874501,0.24264704841874501,0.0,0.5297104264570482,0.5258893624349491,0.07935549695058111,0.678056897209576,0.5846405263550047,0.0
cat,0.1,42,2022,R,217024,0.24828303927859774,0.24827685607402986,6.183204567883349e-06,0.5036908360365674,0.5002957304853427,0.04094222535085349,0.6896889764412145,0.5468984394058938,0.0
cat,0.1,42,2022,F,30448,0.20641711337104868,0.2064195798057559,-2.466434707221188e-06,0.7087493431424067,0.7025297390110913,0.03400262938177457,0.6032159191075311,0.5243511309733573,0.0
cat,0.1,42,2022,0-2,15595,0.24553331305874085,0.2455372092148041,-3.89615606324889e-06,0.5218339211285669,0.5234617592432567,0.06999599039178275,0.6840212401427509,0.5602069461372918,0.0
cat,0.1,42,2022,1-2,23740,0.24545244465670835,0.24542213604027302,3.030861643532612e-05,0.5291491154170177,0.5232358219001397,0.07061575315095941,0.6838192579709907,0.5625130805846053,0.0
cat,0.1,42,2022,2-2,20240,0.24306230604159304,0.2430322645502985,3.0041491294541256e-05,0.5267786561264822,0.5221723332763429,0.07459198892498822,0.6788409826541024,0.5820749588751092,0.0
cat,0.25,42,2022,all,247472,0.24313201729617934,0.24312612466083225,5.892635347087838e-06,0.5289204435249241,0.5253339717719203,0.07724531347928416,0.6790482439391129,0.5808548478361546,0.0
cat,0.25,42,2022,slice,59575,0.2446615883773926,0.24463711062238475,2.447775500785676e-05,0.5264288711707931,0.5235822933932196,0.07014664453008665,0.6821749090912714,0.5685160375007912,0.0
cat,0.25,42,2022,outside,187897,0.24264704841874501,0.24264704841874501,0.0,0.5297104264570482,0.5258893624349491,0.07935549695058111,0.678056897209576,0.5846405263550047,0.0
cat,0.25,42,2022,R,217024,0.24828303927859774,0.24827346521810123,9.574060496508885e-06,0.5036908360365674,0.5006084505902373,0.040882216775869826,0.6896819679762793,0.5468497206488724,0.0
cat,0.25,42,2022,F,30448,0.20641711337104868,0.20643746080439698,-2.0347433348305577e-05,0.7087493431424067,0.7015698988913893,0.03416276517944143,0.6032543223205505,0.5243834659968071,0.0
cat,0.25,42,2022,0-2,15595,0.24553331305874085,0.24557658763677787,-4.327457803701695e-05,0.5218339211285669,0.5243173533292336,0.06783720955595426,0.6841068666726646,0.559762569921239,0.0
cat,0.25,42,2022,1-2,23740,0.24545244465670835,0.24540293226585821,4.9512390850131593e-05,0.5291491154170177,0.523763869764996,0.06911990169400015,0.6837743972011905,0.5621668928626804,0.0
cat,0.25,42,2022,2-2,20240,0.24306230604159304,0.2430149885939498,4.731744764324697e-05,0.5267786561264822,0.5228029513592221,0.07302560812159767,0.6788102487053376,0.5822940037310382,0.0
cat,0.5,42,2022,all,247472,0.24313201729617934,0.24314324812704882,-1.1230830869485287e-05,0.5289204435249241,0.5255942204470566,0.07673288302562599,0.6790844137472031,0.5806492125470072,0.0
cat,0.5,42,2022,slice,59575,0.2446615883773926,0.24470824076810888,-4.665239071627303e-05,0.5264288711707931,0.5246633552502618,0.06779153017368156,0.6823251569258945,0.5677860067117719,0.0
cat,0.5,42,2022,outside,187897,0.24264704841874501,0.24264704841874501,0.0,0.5297104264570482,0.5258893624349491,0.07935549695058111,0.678056897209576,0.5846405263550047,0.0
cat,0.5,42,2022,R,217024,0.24828303927859774,0.2482835043273489,-4.650487511470569e-07,0.5036908360365674,0.5011296507650619,0.04096862130082943,0.6897020047244005,0.5465864591365904,0.0
cat,0.5,42,2022,F,30448,0.20641711337104868,0.20650507939301266,-8.796602196398107e-05,0.7087493431424067,0.6999701653585528,0.03491431911842728,0.6034054836291225,0.5239694752780247,0.0
cat,0.5,42,2022,0-2,15595,0.24553331305874085,0.24573164284107799,-0.0001983297823371366,0.5218339211285669,0.5257433434725283,0.06474672604654767,0.6844350405545192,0.558593468449058,0.0
cat,0.5,42,2022,1-2,23740,0.24545244465670835,0.2454409503758024,1.1494280905938181e-05,0.5291491154170177,0.5246439495397562,0.0670669290685518,0.6838478131402759,0.5612393838067924,0.0
cat,0.5,42,2022,2-2,20240,0.24306230604159304,0.24306029208161692,2.0139599761215266e-06,0.5267786561264822,0.5238539814973542,0.07084979258770954,0.6789135218607849,0.5821381292611613,0.0
lgb_cat_mean,0.1,42,2022,all,247472,0.24313201729617934,0.24312537338809512,6.643908084219552e-06,0.5289204435249241,0.5251636625443136,0.07764052197417615,0.6790463804941769,0.5809155356754107,0.0
lgb_cat_mean,0.1,42,2022,slice,59575,0.2446615883773926,0.24463398986759147,2.759850980113554e-05,0.5264288711707931,0.5228748361515184,0.07191638272680995,0.682167168420768,0.5687815802484952,0.0
lgb_cat_mean,0.1,42,2022,outside,187897,0.24264704841874501,0.24264704841874501,0.0,0.5297104264570482,0.5258893624349491,0.07935549695058111,0.678056897209576,0.5846405263550047,0.0
lgb_cat_mean,0.1,42,2022,R,217024,0.24828303927859774,0.248275879264538,7.160014059731656e-06,0.5036908360365674,0.5002734833497674,0.04094680350821952,0.6896870395222223,0.5469284723697722,0.0
lgb_cat_mean,0.1,42,2022,F,30448,0.20641711337104868,0.20641414810797357,2.9652630751109132e-06,0.7087493431424067,0.702573221448582,0.03396554118794472,0.6032030283888654,0.52442171099303,0.0
lgb_cat_mean,0.1,42,2022,0-2,15595,0.24553331305874085,0.245524306081863,9.006976877862227e-06,0.5218339211285669,0.5233136861035639,0.07022684359688997,0.683993909261801,0.5603781249904219,0.0
lgb_cat_mean,0.1,42,2022,1-2,23740,0.24545244465670835,0.2454123766770813,4.006797962705089e-05,0.5291491154170177,0.5231732951108555,0.0706558968048028,0.6837982432770278,0.5627107546212938,0.0
lgb_cat_mean,0.1,42,2022,2-2,20240,0.24306230604159304,0.24303500843385367,2.729760773936829e-05,0.5267786561264822,0.5221866305834939,0.07461278655027469,0.6788465290678273,0.582023749832502,0.0
lgb_cat_mean,0.25,42,2022,all,247472,0.24313201729617934,0.243120100673038,1.1916623141344784e-05,0.5289204435249241,0.5252985717156071,0.07727778543900002,0.6790354622722392,0.5809367300558492,0.0
lgb_cat_mean,0.25,42,2022,slice,59575,0.2446615883773926,0.24461208723493322,4.950114245938497e-05,0.5264288711707931,0.5234352430745297,0.07029127490908577,0.6821218145941741,0.5688611854902198,0.0
lgb_cat_mean,0.25,42,2022,outside,187897,0.24264704841874501,0.24264704841874501,0.0,0.5297104264570482,0.5258893624349491,0.07935549695058111,0.678056897209576,0.5846405263550047,0.0
lgb_cat_mean,0.25,42,2022,R,217024,0.24828303927859774,0.24826896995493056,1.4069323667181832e-05,0.5036908360365674,0.500552832751299,0.040868968556182286,0.6896729756132194,0.5469528277989741,0.0
lgb_cat_mean,0.25,42,2022,F,30448,0.20641711337104868,0.2064205405366269,-3.4271655782180943e-06,0.7087493431424067,0.7016786049851159,0.034024300880571186,0.6032145316589683,0.5246038228065797,0.0
lgb_cat_mean,0.25,42,2022,0-2,15595,0.24553331305874085,0.24553235578537602,9.572733648266496e-07,0.5218339211285669,0.5239471704800013,0.06834757815194359,0.6840137618488903,0.5603483318284601,0.0
lgb_cat_mean,0.25,42,2022,1-2,23740,0.24545244465670835,0.24537043396578356,8.201069092478308e-05,0.5291491154170177,0.5236075527917857,0.06916494229967456,0.683705137672893,0.5626723407525798,0.0
lgb_cat_mean,0.25,42,2022,2-2,20240,0.24306230604159304,0.2430135329150449,4.877312654813504e-05,0.5267786561264822,0.5228386946270998,0.07302147608076517,0.6788069426907112,0.5822837952164732,0.0
lgb_cat_mean,0.5,42,2022,all,247472,0.24313201729617934,0.24312382787346054,8.189422718796191e-06,0.5289204435249241,0.5255234203344302,0.07675045758856587,0.6790437415166308,0.5808722574940981,0.0
lgb_cat_mean,0.5,42,2022,slice,59575,0.2446615883773926,0.24462756986595233,3.401851144027579e-05,0.5264288711707931,0.524369254612882,0.0678696047537783,0.6821562062209978,0.5686775281190461,0.0
lgb_cat_mean,0.5,42,2022,outside,187897,0.24264704841874501,0.24264704841874501,0.0,0.5297104264570482,0.5258893624349491,0.07935549695058111,0.678056897209576,0.5846405263550047,0.0
lgb_cat_mean,0.5,42,2022,R,217024,0.24828303927859774,0.24826766966953712,1.536960906062257e-05,0.5036908360365674,0.5010184150871854,0.04085985132028622,0.689670192915865,0.5468686333786357,0.0
lgb_cat_mean,0.5,42,2022,F,30448,0.20641711337104868,0.20646010211309154,-4.29887420428654e-05,0.7087493431424067,0.7001875775460059,0.034491476565061595,0.603301657029393,0.5245522895161367,0.0
lgb_cat_mean,0.5,42,2022,0-2,15595,0.24553331305874085,0.24560326574144384,-6.995268270298949e-05,0.5218339211285669,0.5250029777740638,0.06552153426473331,0.6841668876026242,0.5599777958550791,0.0
lgb_cat_mean,0.5,42,2022,1-2,23740,0.24545244465670835,0.24534895413533495,0.00010349052137340053,0.5291491154170177,0.5243313155933357,0.06696216555832298,0.6836538749721937,0.5623225210185963,0.0
lgb_cat_mean,0.5,42,2022,2-2,20240,0.24306230604159304,0.24302966276449803,3.264327709501247e-05,0.5267786561264822,0.5239254680331094,0.07064428767573491,0.6788503152970918,0.5824164716326287,0.0
residual,0.1,42,2022,all,247472,0.24313201729617934,0.2431332124006102,-1.1951044308622372e-06,0.5289204435249241,0.5253183386551368,0.07824615736983746,0.6790646686990136,0.5808710564291827,0.0
residual,0.1,42,2022,slice,59575,0.2446615883773926,0.24466655279004423,-4.964412651631278e-06,0.5264288711707931,0.5235173540952479,0.07461079693197992,0.6822431368408667,0.568650315119829,0.0
residual,0.1,42,2022,outside,187897,0.24264704841874501,0.24264704841874501,0.0,0.5297104264570482,0.5258893624349491,0.07935549695058111,0.678056897209576,0.5846405263550047,0.0
residual,0.1,42,2022,R,217024,0.24828303927859774,0.24828160482192604,1.4344566716950613e-06,0.5036908360365674,0.5001815923876434,0.04101843234051398,0.6896986607053436,0.546883430971202,0.0
residual,0.1,42,2022,F,30448,0.20641711337104868,0.206437051180049,-1.9937809000336593e-05,0.7087493431424067,0.7044853519879167,0.03412569634996582,0.6032688370784881,0.5236563120390378,0.0
residual,0.1,42,2022,0-2,15595,0.24553331305874085,0.24555596188570275,-2.2648826961901847e-05,0.5218339211285669,0.5239972317421702,0.07306465662546707,0.6840666628421758,0.5601894377110836,0.0
residual,0.1,42,2022,1-2,23740,0.24545244465670835,0.24547017644308783,-1.773178637948236e-05,0.5291491154170177,0.5238537702151693,0.07321951650523742,0.6839361539961836,0.5626201501636158,0.0
residual,0.1,42,2022,2-2,20240,0.24306230604159304,0.24303866937255167,2.3636669041371405e-05,0.5267786561264822,0.5227530156273288,0.07735013210403206,0.6788523208696391,0.581901223176871,0.0
residual,0.25,42,2022,all,247472,0.24313201729617934,0.24314290411675982,-1.0886820580480183e-05,0.5289204435249241,0.5256852619926657,0.07880922666696774,0.6790895183602207,0.5808194290199622,0.0
residual,0.25,42,2022,slice,59575,0.2446615883773926,0.24470681176409337,-4.5223386700765644e-05,0.5264288711707931,0.5250415379338538,0.07705740957065069,0.6823463612698756,0.5685141207183225,0.0
residual,0.25,42,2022,outside,187897,0.24264704841874501,0.24264704841874501,0.0,0.5297104264570482,0.5258893624349491,0.07935549695058111,0.678056897209576,0.5846405263550047,0.0
residual,0.25,42,2022,R,217024,0.24828303927859774,0.24828370567774952,-6.663991517774637e-07,0.5036908360365674,0.5003231053459893,0.04105446125751251,0.6897028605887785,0.5468335173147385,0.0
residual,0.25,42,2022,F,30448,0.20641711337104868,0.20650084821909045,-8.373484804177767e-05,0.7087493431424067,0.7064589313334528,0.03468152485031215,0.6034408720185702,0.5226221817633813,0.0
residual,0.25,42,2022,0-2,15595,0.24553331305874085,0.24562297530214952,-8.966224340867246e-05,0.5218339211285669,0.5256560345765171,0.0754688045130909,0.6842264470779693,0.5599165699185364,0.0
residual,0.25,42,2022,1-2,23740,0.24545244465670835,0.2455285627859966,-7.611812928826067e-05,0.5291491154170177,0.5253087405525699,0.0756062783560759,0.6840854146730049,0.5624198696241558,0.0
residual,0.25,42,2022,2-2,20240,0.24306230604159304,0.24303705190065625,2.5254140936792346e-05,0.5267786561264822,0.5242546572366871,0.07989612375133866,0.6788579686825483,0.5819601436873151,0.0
residual,0.5,42,2022,all,247472,0.24313201729617934,0.24318012113568463,-4.81038395052924e-05,0.5289204435249241,0.526296800888547,0.07986706730545397,0.6791819337613363,0.5806227249615881,0.0
residual,0.5,42,2022,slice,59575,0.2446615883773926,0.2448614096676998,-0.00019982129030718387,0.5264288711707931,0.5275818443315301,0.08144614489077681,0.6827302508904363,0.567864038745244,0.0
residual,0.5,42,2022,outside,187897,0.24264704841874501,0.24264704841874501,0.0,0.5297104264570482,0.5258893624349491,0.07935549695058111,0.678056897209576,0.5846405263550047,0.0
residual,0.5,42,2022,R,217024,0.24828303927859774,0.24829854721300507,-1.550793440732723e-05,0.5036908360365674,0.5005589602765657,0.04125103905441711,0.6897327809523439,0.5466129988732276,0.0
residual,0.5,42,2022,F,30448,0.20641711337104868,0.20669755081893523,-0.00028043744788655567,0.7087493431424067,0.70974823024268,0.03660072237862231,0.6039787328686264,0.5205263726917663,0.0
residual,0.5,42,2022,0-2,15595,0.24553331305874085,0.2458227714655711,-0.00028945840683025637,0.5218339211285669,0.5284207059670954,0.0797908441869853,0.6847035387871555,0.5592578905656953,0.0
residual,0.5,42,2022,1-2,23740,0.24545244465670835,0.2457106431264169,-0.00025819846970856486,0.5291491154170177,0.5277336911149042,0.07989799765150982,0.6845423512031915,0.5616443211041635,0.0
residual,0.5,42,2022,2-2,20240,0.24306230604159304,0.24312458953194147,-6.228349034842484e-05,0.5267786561264822,0.5267573932522839,0.08444434971108562,0.6790843671861798,0.5815208593099637,0.0
lgb,0.1,42,2023,all,245525,0.2523470643919594,0.25231833067168835,2.873372027106802e-05,0.49995723449750534,0.5107856045634869,0.06804877896131768,0.6982545293440685,0.5326180439521782,0.0
lgb,0.1,42,2023,slice,58362,0.25276444560208794,0.25264356477775785,0.00012088082433009406,0.5012336794489565,0.5108516166440665,0.06351956671058083,0.6988566132768547,0.5243562871864271,0.0
lgb,0.1,42,2023,outside,187163,0.25221691472463453,0.25221691472463453,0.0,0.49955920774939494,0.510765020382603,0.06940065581205052,0.698066784851379,0.5350766363666132,0.0
lgb,0.1,42,2023,R,219839,0.24836109889742417,0.24834714569110938,1.3953206314781808e-05,0.5031181910398064,0.4923672790913412,0.04253192917605307,0.6898295698643303,0.5471819527616346,0.0
lgb,0.1,42,2023,F,25686,0.28646178324087057,0.2863065474024168,0.0001552358384537822,0.47290352721326795,0.6684226929957457,0.03205678160041822,0.7703613060732665,0.5395461198953779,0.0
lgb,0.1,42,2023,0-2,14526,0.2535732385869789,0.2533948562928233,0.00017838229415556572,0.5017898939832025,0.5126661508790397,0.06241734937520411,0.7004017579465545,0.5170869303534281,0.0
lgb,0.1,42,2023,1-2,23456,0.2528851362916125,0.2527788968086754,0.00010623948293714269,0.504305934515689,0.5127181246953513,0.06249158962418508,0.699113962170534,0.5221089300084183,0.0
lgb,0.1,42,2023,2-2,20380,0.25204906543957495,0.25195231803266255,9.67474069124008e-05,0.49730127576054955,0.5074100691883181,0.06530360067140924,0.6974591085112906,0.5315032517336118,0.0
lgb,0.25,42,2023,all,245525,0.2523470643919594,0.2522799078490378,6.715654292160922e-05,0.49995723449750534,0.5110530416261446,0.06775456378359225,0.6981705127038033,0.5327096619456704,0.0
lgb,0.25,42,2023,slice,58362,0.25276444560208794,0.2524819225528298,0.0002825230492581321,0.5012336794489565,0.5119767063395717,0.06217340416901601,0.6985031609345589,0.5247691661527156,0.0
lgb,0.25,42,2023,outside,187163,0.25221691472463453,0.25221691472463453,0.0,0.49955920774939494,0.510765020382603,0.06940065581205052,0.698066784851379,0.5350766363666132,0.0
lgb,0.25,42,2023,R,219839,0.24836109889742417,0.24833066037209198,3.043852533218816e-05,0.5031181910398064,0.4927326598683695,0.04242225870432123,0.6897963128595747,0.5472938363408407,0.0
lgb,0.25,42,2023,F,25686,0.28646178324087057,0.28608036786945024,0.000381415371420335,0.47290352721326795,0.6678518583063414,0.031934873057637,0.7698428524824935,0.5397053518141595,0.0
lgb,0.25,42,2023,0-2,14526,0.2535732385869789,0.2531454107079885,0.0004278278789903722,0.5017898939832025,0.5134163009414398,0.06104717513661436,0.6998633365312609,0.5184638653519315,0.0
lgb,0.25,42,2023,1-2,23456,0.2528851362916125,0.252638279753631,0.0002468565379815102,0.504305934515689,0.5136802531274798,0.06119072828633801,0.6988026102654263,0.5221438082044438,0.0
lgb,0.25,42,2023,2-2,20380,0.25204906543957495,0.25182905977344666,0.00022000566612828676,0.49730127576054955,0.5089899573383987,0.0639549134402332,0.6971890395301176,0.5317428285736505,0.0
lgb,0.5,42,2023,all,245525,0.2523470643919594,0.25222834383197024,0.00011872055998918274,0.49995723449750534,0.5114987700639078,0.06735164968289865,0.6980573787403451,0.5327502004598175,0.0
lgb,0.5,42,2023,slice,58362,0.25276444560208794,0.25226499620879533,0.0004994493932926058,0.5012336794489565,0.5138518558320803,0.06025262128122245,0.6980272139762964,0.5251602935703715,0.0
lgb,0.5,42,2023,outside,187163,0.25221691472463453,0.25221691472463453,0.0,0.49955920774939494,0.510765020382603,0.06940065581205052,0.698066784851379,0.5350766363666132,0.0
lgb,0.5,42,2023,R,219839,0.24836109889742417,0.24831503681494219,4.606208248197907e-05,0.5031181910398064,0.4933416278300831,0.04237190560410016,0.6897648608038819,0.5473438311819767,0.0
lgb,0.5,42,2023,F,25686,0.28646178324087057,0.2857211999137435,0.0007405833271270645,0.47290352721326795,0.6669004671573342,0.03198724644770444,0.769030626837913,0.5396163869765036,0.0
lgb,0.5,42,2023,0-2,14526,0.2535732385869789,0.252778009016993,0.0007952295699859002,0.5017898939832025,0.5146665510454399,0.059081731727586746,0.6990725338650257,0.5206151248671742,0.0
lgb,0.5,42,2023,1-2,23456,0.2528851362916125,0.2524538971135209,0.0004312391780916247,0.504305934515689,0.5152838005143605,0.059346560595476515,0.6983919683833076,0.5219155476069817,0.0
lgb,0.5,42,2023,2-2,20380,0.25204906543957495,0.25168193027782765,0.00036713516174730065,0.49730127576054955,0.5116231042551996,0.06202329806951413,0.6968623466517361,0.5317824787525556,0.0
cat,0.1,42,2023,all,245525,0.2523470643919594,0.25232182278732673,2.5241604632686432e-05,0.49995723449750534,0.5107961067209408,0.068074269763215,0.698262454322709,0.5326022177405673,0.0
cat,0.1,42,2023,slice,58362,0.25276444560208794,0.25265825587285595,0.00010618972923198688,0.5012336794489565,0.5108957985125571,0.06363431157093875,0.6988899531277976,0.5242857396871827,0.0
cat,0.1,42,2023,outside,187163,0.25221691472463453,0.25221691472463453,0.0,0.49955920774939494,0.510765020382603,0.06940065581205052,0.698066784851379,0.5350766363666132,0.0
cat,0.1,42,2023,R,219839,0.24836109889742417,0.24834866900182564,1.2429895598520257e-05,0.5031181910398064,0.4923730113625564,0.04255084000131539,0.6898326337966322,0.5471623170303462,0.0
cat,0.1,42,2023,F,25686,0.28646178324087057,0.2863268899465098,0.0001348932943607828,0.47290352721326795,0.6684740192215962,0.03213498994064077,0.7704108353330735,0.539470924511271,0.0
cat,0.1,42,2023,0-2,14526,0.2535732385869789,0.2534381495129948,0.00013508907398407377,0.5017898939832025,0.5127527990947183,0.06250611432726953,0.7004969850173501,0.5167951700470363,0.0
cat,0.1,42,2023,1-2,23456,0.2528851362916125,0.2527917317863865,9.340450522604682e-05,0.504305934515689,0.5128718748611134,0.0625846412405824,0.6991449640090053,0.5221610582607437,0.0
cat,0.1,42,2023,2-2,20380,0.25204906543957495,0.25194875901100944,0.00010030642856551086,0.49730127576054955,0.5072978771539599,0.06544728343888163,0.6974510286696398,0.5314378679433313,0.0
cat,0.25,42,2023,all,245525,0.2523470643919594,0.2522889885858501,5.8075806109336714e-05,0.49995723449750534,0.5110792970197792,0.06782102637423554,0.6981910357304693,0.532665868756982,0.0
cat,0.25,42,2023,slice,58362,0.25276444560208794,0.2525201246004948,0.00024432100159316184,0.5012336794489565,0.5120871610107981,0.062475805460486034,0.6985894999243495,0.5245958208017515,0.0
cat,0.25,42,2023,outside,187163,0.25221691472463453,0.25221691472463453,0.0,0.49955920774939494,0.510765020382603,0.06940065581205052,0.698066784851379,0.5350766363666132,0.0
cat,0.25,42,2023,R,219839,0.24836109889742417,0.24833477932685646,2.6319570567701067e-05,0.5031181910398064,0.4927469905464072,0.042473174822145965,0.6898046051264515,0.5472394359158558,0.0
cat,0.25,42,2023,F,25686,0.28646178324087057,0.2861319150550518,0.0003298681858187602,0.47290352721326795,0.6679801738709681,0.03214365236508339,0.7699680550233425,0.5394849159056695,0.0
cat,0.25,42,2023,0-2,14526,0.2535732385869789,0.2532563665630944,0.00031687202388447355,0.5017898939832025,0.5136329214806362,0.061293142434609045,0.7001062583119742,0.5177897199937069,0.0
cat,0.25,42,2023,1-2,23456,0.2528851362916125,0.2526724895708342,0.00021264672077830893,0.504305934515689,0.5140646285418851,0.061438552074977656,0.6988842688953752,0.5222700335373813,0.0
cat,0.25,42,2023,2-2,20380,0.25204906543957495,0.2518200007784631,0.000229064661111833,0.49730127576054955,0.5087094772525033,0.06432631799950758,0.6971691597220422,0.5315483722311027,0.0
cat,0.5,42,2023,all,245525,0.2523470643919594,0.2522476734646489,9.939092731053867e-05,0.49995723449750534,0.5115512808511767,0.06749360039417149,0.6981007645003031,0.532640975838256,0.0
cat,0.5,42,2023,slice,58362,0.25276444560208794,0.2523463146705242,0.0004181309315637316,0.5012336794489565,0.5140727651745329,0.06090835759607371,0.6982097349439411,0.524724629616146,0.0
cat,0.5,42,2023,outside,187163,0.25221691472463453,0.25221691472463453,0.0,0.49955920774939494,0.510765020382603,0.06940065581205052,0.698066784851379,0.5350766363666132,0.0
cat,0.5,42,2023,R,219839,0.24836109889742417,0.2483243103177174,3.6788579706764635e-05,0.5031181910398064,0.49337028918615844,0.042485571093368826,0.6897835350970238,0.5472041263542157,0.0
cat,0.5,42,2023,F,25686,0.28646178324087057,0.28582659703617663,0.0006351862046939383,0.47290352721326795,0.6671570982865878,0.03244531723157866,0.7692855108519148,0.5392447941478248,0.0
cat,0.5,42,2023,0-2,14526,0.2535732385869789,0.25300899674279514,0.0005642418441837438,0.5017898939832025,0.5150997921238328,0.05965511969559568,0.6995746088905537,0.51905149019176,0.0
cat,0.5,42,2023,1-2,23456,0.2528851362916125,0.25252939132434504,0.0003557449672674795,0.504305934515689,0.5160525513431711,0.05989247691455946,0.6985689846442865,0.5220233413729138,0.0
cat,0.5,42,2023,2-2,20380,0.25204906543957495,0.25166327415169065,0.0003857912878842962,0.49730127576054955,0.5110621440834089,0.06280475044643119,0.6968234385788874,0.5313871519263009,0.0
lgb_cat_mean,0.1,42,2023,all,245525,0.2523470643919594,0.2523198618184336,2.7202573525841878e-05,0.49995723449750534,0.5107908556422138,0.06805994693988943,0.6982580217092107,0.5326113537878434,0.0
lgb_cat_mean,0.1,42,2023,slice,58362,0.25276444560208794,0.2526500062089055,0.00011443939318245278,0.5012336794489565,0.5108737075783119,0.0635698580595525,0.6988713054215979,0.5243229822561161,0.0
lgb_cat_mean,0.1,42,2023,outside,187163,0.25221691472463453,0.25221691472463453,0.0,0.49955920774939494,0.510765020382603,0.06940065581205052,0.698066784851379,0.5350766363666132,0.0
lgb_cat_mean,0.1,42,2023,R,219839,0.24836109889742417,0.24834771111113454,1.338778628962034e-05,0.5031181910398064,0.4923701452269488,0.042539079268467346,0.689830705090306,0.547173720852376,0.0
lgb_cat_mean,0.1,42,2023,F,25686,0.28646178324087057,0.2863163439231569,0.00014543931771365814,0.47290352721326795,0.6684483561086708,0.0320900813308418,0.7703849725066623,0.5395097611197124,0.0
lgb_cat_mean,0.1,42,2023,0-2,14526,0.2535732385869789,0.25341557769053374,0.00015766089644514425,0.5017898939832025,0.512709474986879,0.06245435597508766,0.7004473436358157,0.5169299839529462,0.0
lgb_cat_mean,0.1,42,2023,1-2,23456,0.2528851362916125,0.252784408472377,0.00010072781923553542,0.504305934515689,0.5127949997782324,0.06253093739189718,0.6991274686910317,0.522135141368992,0.0
lgb_cat_mean,0.1,42,2023,2-2,20380,0.25204906543957495,0.2519496514084092,9.941403116575653e-05,0.49730127576054955,0.5073539731711391,0.06536872048943895,0.6974531456204415,0.5314737909861573,0.0
lgb_cat_mean,0.25,42,2023,all,245525,0.2523470643919594,0.25228310502323226,6.395936872716224e-05,0.49995723449750534,0.5110661693229619,0.0677778964272606,0.6981778489423839,0.5327005562222733,0.0
lgb_cat_mean,0.25,42,2023,slice,58362,0.25276444560208794,0.25249537284915385,0.0002690727529340853,0.5012336794489565,0.5120319336751848,0.06227946330453051,0.6985340239957534,0.524728448644121,0.0
lgb_cat_mean,0.25,42,2023,outside,187163,0.25221691472463453,0.25221691472463453,0.0,0.49955920774939494,0.510765020382603,0.06940065581205052,0.698066784851379,0.5350766363666132,0.0
lgb_cat_mean,0.25,42,2023,R,219839,0.24836109889742417,0.24833149337864335,2.9605518780811968e-05,0.5031181910398064,0.49273982520738857,0.04243327570475316,0.6897979825797016,0.5472826372477883,0.0
lgb_cat_mean,0.25,42,2023,F,25686,0.28646178324087057,0.2861037992665865,0.0003579839742840485,0.47290352721326795,0.6679160160886548,0.032002924442054985,0.7698986868036968,0.5396349965647509,0.0
lgb_cat_mean,0.25,42,2023,0-2,14526,0.2535732385869789,0.25319510605819556,0.00037813252878332593,0.5017898939832025,0.513524611211038,0.06112309387296646,0.6999721813475037,0.5181559819734766,0.0
lgb_cat_mean,0.25,42,2023,1-2,23456,0.2528851362916125,0.25264972325502016,0.0002354130365923579,0.504305934515689,0.5138724408346824,0.061268882669292084,0.6988310329864436,0.5222613994206875,0.0
lgb_cat_mean,0.25,42,2023,2-2,20380,0.25204906543957495,0.2518189858170371,0.00023007962253784875,0.49730127576054955,0.5088497172954509,0.06409780244760838,0.6971671291686112,0.5316869311633119,0.0
lgb_cat_mean,0.5,42,2023,all,245525,0.2523470643919594,0.25223263587146244,0.0001144285204969786,0.49995723449750534,0.5115250254575423,0.06738281173330937,0.698067443932281,0.5327516226298368,0.0
lgb_cat_mean,0.5,42,2023,slice,58362,0.25276444560208794,0.2522830525296262,0.00048139307246175544,0.5012336794489565,0.5139623105033067,0.06039463956640211,0.6980695575603079,0.5251599025075437,0.0
lgb_cat_mean,0.5,42,2023,outside,187163,0.25221691472463453,0.25221691472463453,0.0,0.49955920774939494,0.510765020382603,0.06940065581205052,0.698066784851379,0.5350766363666132,0.0
lgb_cat_mean,0.5,42,2023,R,219839,0.24836109889742417,0.24831476768300592,4.633121441824373e-05,0.5031181910398064,0.4933559585081208,0.04237092623333539,0.6897643065023358,0.5473445989052962,0.0
lgb_cat_mean,0.5,42,2023,F,25686,0.28646178324087057,0.28576452969230204,0.0006972535485685327,0.47290352721326795,0.6670287827219611,0.032071622269664785,0.7691315811845498,0.5395956066243276,0.0
lgb_cat_mean,0.5,42,2023,0-2,14526,0.2535732385869789,0.2528703725705105,0.0007028660164684064,0.5017898939832025,0.5148831715846363,0.05917439294143701,0.6992734361627666,0.5200587698772786,0.0
lgb_cat_mean,0.5,42,2023,1-2,23456,0.2528851362916125,0.25246899859008326,0.0004161377015292622,0.504305934515689,0.5156681759287657,0.05943116723021974,0.6984311817046516,0.5222126993671168,0.0
lgb_cat_mean,0.5,42,2023,2-2,20380,0.25204906543957495,0.25165042437908813,0.00039864106048681514,0.49730127576054955,0.5113426241693043,0.06223796208454037,0.6967952790269889,0.5317612523755075,0.0
residual,0.1,42,2023,all,245525,0.2523470643919594,0.2523471228968464,-5.850488699055134e-08,0.49995723449750534,0.5107680214952478,0.06829038201573537,0.6983195172908598,0.5325768652856837,0.0
residual,0.1,42,2023,slice,58362,0.25276444560208794,0.2527646917282038,-2.4612611587704336e-07,0.5012336794489565,0.5107776458612044,0.06460121617874208,0.6991300131883715,0.5242339896268318,0.0
residual,0.1,42,2023,outside,187163,0.25221691472463453,0.25221691472463453,0.0,0.49955920774939494,0.510765020382603,0.06940065581205052,0.698066784851379,0.5350766363666132,0.0
residual,0.1,42,2023,R,219839,0.24836109889742417,0.24835365649433944,7.442403084728655e-06,0.5031181910398064,0.4922852709734884,0.0426795821056406,0.6898428408360343,0.5471333229872708,0.0
residual,0.1,42,2023,F,25686,0.28646178324087057,0.2865260398345058,-6.425659363523684e-05,0.47290352721326795,0.6689565051810313,0.032254078165870406,0.7708689245614512,0.5393028788044926,0.0
residual,0.1,42,2023,0-2,14526,0.2535732385869789,0.25355712081950654,1.6117767472345612e-05,0.5017898939832025,0.5128385238933661,0.06352895494927883,0.7007654222465771,0.5167098059159372,0.0
residual,0.1,42,2023,1-2,23456,0.2528851362916125,0.25289218067453734,-7.044382924814574e-06,0.504305934515689,0.5127660810830699,0.06353565926122305,0.6993714947313552,0.5222336757264108,0.0
residual,0.1,42,2023,2-2,20380,0.25204906543957495,0.25205315072204776,-4.085282472809926e-06,0.49730127576054955,0.5070201850732137,0.0663829104678931,0.697686434039612,0.531273671708172,0.0
residual,0.25,42,2023,all,245525,0.2523470643919594,0.2523499539741129,-2.8895821534979937e-06,0.49995723449750534,0.511009083955547,0.06834558305012337,0.6983286397351728,0.5326215929408668,0.0
residual,0.25,42,2023,slice,58362,0.25276444560208794,0.25277660187943013,-1.2156277342190158e-05,0.5012336794489565,0.5117917793824164,0.0648401432614922,0.6991683906966805,0.524507203968578,0.0
residual,0.25,42,2023,outside,187163,0.25221691472463453,0.25221691472463453,0.0,0.49955920774939494,0.510765020382603,0.06940065581205052,0.698066784851379,0.5350766363666132,0.0
residual,0.25,42,2023,R,219839,0.24836109889742417,0.24834522344357177,1.5875453852398635e-05,0.5031181910398064,0.4925276395737375,0.04277280702883174,0.6898259892393495,0.547190389110179,0.0
residual,0.25,42,2023,F,25686,0.28646178324087057,0.2866252773060309,-0.00016349406516030784,0.47290352721326795,0.6691863887695556,0.03237576659445996,0.7711003512648514,0.5391299412781603,0.0
residual,0.25,42,2023,0-2,14526,0.2535732385869789,0.2535444513795402,2.878720743870744e-05,0.5017898939832025,0.5138472334772559,0.06379173560861534,0.7007566180620604,0.5175589354207553,0.0
residual,0.25,42,2023,1-2,23456,0.2528851362916125,0.2529142778984129,-2.9141606800398012e-05,0.504305934515689,0.513800144096776,0.06376368435883935,0.6994299484553824,0.5225332123204621,0.0
residual,0.25,42,2023,2-2,20380,0.25204906543957495,0.252070855533019,-2.1790093444051806e-05,0.49730127576054955,0.5080152470506373,0.06661667338947794,0.6977353342934605,0.5312011610943815,0.0
residual,0.5,42,2023,all,245525,0.2523470643919594,0.25236198795605336,-1.4923564093938246e-05,0.49995723449750534,0.5114108547227125,0.06848902623804462,0.6983594097795436,0.5326258603135294,0.0
residual,0.5,42,2023,slice,58362,0.25276444560208794,0.25282722803028024,-6.27824281922984e-05,0.5012336794489565,0.5134820019177697,0.0654369482078524,0.6992978381992364,0.5247523122843321,0.0
residual,0.5,42,2023,outside,187163,0.25221691472463453,0.25221691472463453,0.0,0.49955920774939494,0.510765020382603,0.06940065581205052,0.698066784851379,0.5350766363666132,0.0
residual,0.5,42,2023,R,219839,0.24836109889742417,0.24833844983591702,2.2649061507146184e-05,0.5031181910398064,0.49293158724081915,0.0430094242481589,0.6898126167182033,0.5471970677360914,0.0
residual,0.5,42,2023,F,25686,0.28646178324087057,0.28679827997476487,-0.00033649673389429813,0.47290352721326795,0.6695695280837629,0.03269052022648338,0.7715089246830718,0.5387983494873132,0.0
residual,0.5,42,2023,0-2,14526,0.2535732385869789,0.253554021542908,1.921704407087388e-05,0.5017898939832025,0.5155284161170723,0.0644306727176471,0.7008074235161584,0.5187539763846377,0.0
residual,0.5,42,2023,1-2,23456,0.2528851362916125,0.2529818550035076,-9.671871189509407e-05,0.504305934515689,0.5155235824529532,0.06434425019725437,0.6995927446462132,0.5227706850660093,0.0
residual,0.5,42,2023,2-2,20380,0.25204906543957495,0.25213123525067016,-8.216981109521182e-05,0.49730127576054955,0.5096736836796769,0.06720170756051295,0.6978824524321166,0.5308889965938118,0.0
lgb,0.1,42,2024,all,253507,0.24765471554060994,0.24765038432472855,4.331215881392403e-06,0.4861049201797189,0.49002380381792177,0.04450877921798588,0.6884293735576203,0.552572648516039,0.0
lgb,0.1,42,2024,slice,61194,0.2486289835699724,0.2486110407398839,1.7942830088490958e-05,0.49393731411576297,0.49152489275179984,0.041138060499280746,0.690363286190543,0.541312174048757,0.0
lgb,0.1,42,2024,outside,192313,0.24734470343644216,0.24734470343644216,0.0,0.48361265229079675,0.4895461572926232,0.04551865443748102,0.6878140025236334,0.5558880657742784,0.0
lgb,0.1,42,2024,R,223497,0.24775695980089035,0.2477549475057869,2.0122951034651226e-06,0.4897067969592433,0.4932968410867934,0.04451597610730161,0.6886395781275338,0.552279269750606,0.0
lgb,0.1,42,2024,F,30010,0.24689325984451227,0.24687165865738472,2.1601187127545662e-05,0.45928023992002664,0.46564812869359623,0.036087446936624565,0.6868638923592859,0.5468907306487132,0.0
lgb,0.1,42,2024,0-2,16155,0.249464621711545,0.2494382429022392,2.6378809305782625e-05,0.49229340761374185,0.49217537214987905,0.03948915580832108,0.6920256232832828,0.5282777432387233,0.0
lgb,0.1,42,2024,1-2,24399,0.24851924638837675,0.24849563958207682,2.3606806299925065e-05,0.497807287183901,0.49348466517292267,0.04055872027294895,0.6901316952104827,0.5438286995960314,0.0
lgb,0.1,42,2024,2-2,20640,0.24810464942833713,0.24810000498002363,4.6444483134955306e-06,0.49064922480620154,0.48869906998150214,0.042889290708814067,0.6893359379632796,0.5480501267499258,0.0
lgb,0.25,42,2024,all,253507,0.24765471554060994,0.2476488601311772,5.855409432736769e-06,0.4861049201797189,0.490484398810346,0.04432919622948647,0.6884261250608797,0.5526339267919368,0.0
lgb,0.25,42,2024,slice,61194,0.2486289835699724,0.24860472649772564,2.4257072246763878e-05,0.49393731411576297,0.49343298921133044,0.040221365004504954,0.6903498287165557,0.5412188798359685,0.0
lgb,0.25,42,2024,outside,192313,0.24734470343644216,0.24734470343644216,0.0,0.48361265229079675,0.4895461572926232,0.04551865443748102,0.6878140025236334,0.5558880657742784,0.0
lgb,0.25,42,2024,R,223497,0.24775695980089035,0.24775691658231874,4.321857161038167e-08,0.4897067969592433,0.4937862894587355,0.044327318964606635,0.6886434166845391,0.55230455616317,0.0
lgb,0.25,42,2024,F,30010,0.24689325984451227,0.24684411862298714,4.9141221525134116e-05,0.45928023992002664,0.4658938405216726,0.035783043942286714,0.6868078636142635,0.547350412747005,0.0
lgb,0.25,42,2024,0-2,16155,0.249464621711545,0.24941744399005972,4.7177721485269775e-05,0.49229340761374185,0.49382243422941063,0.03857629120405306,0.6919835019312154,0.5284294973888444,0.0
lgb,0.25,42,2024,1-2,24399,0.24851924638837675,0.24847880425411495,4.044213426179777e-05,0.497807287183901,0.4952214579159688,0.039784527465483964,0.6900971191535945,0.5438786643405153,0.0
lgb,0.25,42,2024,2-2,20640,0.24810464942833713,0.24811746514759,-1.2815719252878832e-05,0.49064922480620154,0.4910139808687163,0.04184234284464821,0.6893698805500764,0.5475850919518256,0.0
lgb,0.5,42,2024,all,253507,0.24765471554060994,0.24765958015597986,-4.864615369915004e-06,0.4861049201797189,0.4912520571310532,0.044167923409715086,0.6884474533843162,0.5525750301592774,0.0
lgb,0.5,42,2024,slice,61194,0.2486289835699724,0.24864913610206046,-2.0152532088063557e-05,0.49393731411576297,0.49661314997721484,0.03914341626294868,0.6904381850797521,0.5406077096370863,0.0
lgb,0.5,42,2024,outside,192313,0.24734470343644216,0.24734470343644216,0.0,0.48361265229079675,0.4895461572926232,0.04551865443748102,0.6878140025236334,0.5558880657742784,0.0
lgb,0.5,42,2024,R,223497,0.24775695980089035,0.24777349842770394,-1.6538626813583646e-05,0.4897067969592433,0.49460203674530556,0.04414987743598084,0.6886765933442618,0.5521852171074707,0.0
lgb,0.5,42,2024,F,30010,0.24689325984451227,0.24681118322244072,8.207662207154742e-05,0.45928023992002664,0.46630336023513325,0.035449399232502385,0.686740952430369,0.5478703702474141,0.0
lgb,0.5,42,2024,0-2,16155,0.249464621711545,0.24943283060783825,3.1791103706740875e-05,0.49229340761374185,0.49656753769529666,0.03751470102887986,0.6920140499644646,0.52844915077004,0.0
lgb,0.5,42,2024,1-2,24399,0.24851924638837675,0.24850027839147973,1.8967996897018002e-05,0.497807287183901,0.49811611248771226,0.038926425410816215,0.6901393638232625,0.5434980695238052,0.0
lgb,0.5,42,2024,2-2,20640,0.24810464942833713,0.24821170366696452,-0.00010705423862739094,0.49064922480620154,0.49487216568073994,0.04054939719399359,0.6895579933464454,0.546276400810252,0.0
cat,0.1,42,2024,all,253507,0.24765471554060994,0.24764767995604003,7.035584569908826e-06,0.4861049201797189,0.49002761896467933,0.044531703195551144,0.688423934712225,0.5526063746959149,0.0
cat,0.1,42,2024,slice,61194,0.2486289835699724,0.2485998374128727,2.914615709970203e-05,0.49393731411576297,0.4915406976739993,0.041240129227553955,0.6903407548087147,0.5414448432332453,0.0
cat,0.1,42,2024,outside,192313,0.24734470343644216,0.24734470343644216,0.0,0.48361265229079675,0.4895461572926232,0.04551865443748102,0.6878140025236334,0.5558880657742784,0.0
cat,0.1,42,2024,R,223497,0.24775695980089035,0.24775343352781856,3.5262730717910973e-06,0.4897067969592433,0.4932832554798101,0.04453504813502219,0.688636530113696,0.5522929710036594,0.0
cat,0.1,42,2024,F,30010,0.24689325984451227,0.24686008895198167,3.317089253060401e-05,0.45928023992002664,0.4657815345187549,0.03624975564742923,0.6868406479930469,0.5471438260830243,0.0
cat,0.1,42,2024,0-2,16155,0.249464621711545,0.24943386127368392,3.076043786107152e-05,0.49229340761374185,0.4923344840552137,0.03950174270490906,0.6920163131369793,0.528172462743122,0.0
cat,0.1,42,2024,1-2,24399,0.24851924638837675,0.24847891470290495,4.0331685471795e-05,0.497807287183901,0.4935808077221803,0.04061163804676738,0.6900979135875343,0.5440004886815406,0.0
cat,0.1,42,2024,2-2,20640,0.24810464942833713,0.24808998943463123,1.4659993705895547e-05,0.49064922480620154,0.48850773914424694,0.043090706083525415,0.6893163574328655,0.5482589133790831,0.0
cat,0.25,42,2024,all,253507,0.24765471554060994,0.24764284169398856,1.1873846621379691e-05,0.4861049201797189,0.49049393667723984,0.0443949793013604,0.6884140295483532,0.5527076839502896,0.0
cat,0.25,42,2024,slice,61194,0.2486289835699724,0.24857979405408145,4.918951589094611e-05,0.49393731411576297,0.49347250151682903,0.0405179336350319,0.6902997209103306,0.5415401491148495,0.0
cat,0.25,42,2024,outside,192313,0.24734470343644216,0.24734470343644216,0.0,0.48361265229079675,0.4895461572926232,0.04551865443748102,0.6878140025236334,0.5558880657742784,0.0
cat,0.25,42,2024,R,223497,0.24775695980089035,0.2477535768046754,3.3829962149400927e-06,0.4897067969592433,0.49375232544127723,0.044380568811227275,0.6886366831459817,0.5523285194364537,0.0
cat,0.25,42,2024,F,30010,0.24689325984451227,0.24681815108975075,7.510875476152146e-05,0.45928023992002664,0.46622735508456914,0.036228507051208156,0.6867558352428147,0.5479515549231758,0.0
cat,0.25,42,2024,0-2,16155,0.249464621711545,0.24941184503892455,5.277667262043595e-05,0.49229340761374185,0.4942202139927473,0.03865961349804181,0.6919711386473085,0.5281850948695692,0.0
cat,0.25,42,2024,1-2,24399,0.24851924638837675,0.24844133954899256,7.790683938418974e-05,0.497807287183901,0.49546181428911285,0.03996279449680772,0.6900214761122239,0.544319447322733,0.0
cat,0.25,42,2024,2-2,20640,0.24810464942833713,0.24809221497508552,1.2434453251608524e-05,0.49064922480620154,0.4905356537755784,0.04237855436409975,0.6893204157401822,0.5481106019377177,0.0
cat,0.5,42,2024,all,253507,0.24765471554060994,0.2476500182300454,4.697310564544255e-06,0.4861049201797189,0.49127113286484103,0.0443274636672065,0.6884282632624213,0.5526849289328584,0.0
cat,0.5,42,2024,slice,61194,0.2486289835699724,0.24860952412771847,1.9459442253927373e-05,0.49393731411576297,0.49669217458821197,0.03987284403896752,0.6903586865957299,0.5411161955206539,0.0
cat,0.5,42,2024,outside,192313,0.24734470343644216,0.24734470343644216,0.0,0.48361265229079675,0.4895461572926232,0.04551865443748102,0.6878140025236334,0.5558880657742784,0.0
cat,0.5,42,2024,R,223497,0.24775695980089035,0.24776830276334227,-1.1342962451921235e-05,0.4897067969592433,0.4945341087103893,0.04427472697244498,0.6886660862038312,0.5521964778911671,0.0
cat,0.5,42,2024,F,30010,0.24689325984451227,0.24676910392353907,0.00012415592097320127,0.45928023992002664,0.46697038936092633,0.036467847005324516,0.6866570965201261,0.5489208661946836,0.0
cat,0.5,42,2024,0-2,16155,0.249464621711545,0.24943948310641162,2.5138605133367964e-05,0.49229340761374185,0.4973630972219698,0.03786013597093681,0.6920256378754219,0.5276319640997419,0.0
cat,0.5,42,2024,1-2,24399,0.24851924638837675,0.24843984062392616,7.940576445059078e-05,0.497807287183901,0.4985968252340005,0.03943719484914899,0.690017317413369,0.5442322509148299,0.0
cat,0.5,42,2024,2-2,20640,0.24810464942833713,0.248160498958544,-5.584953020687511e-05,0.49064922480620154,0.4939155114944642,0.04172282329368622,0.6894574980665142,0.5472865106817911,0.0
lgb_cat_mean,0.1,42,2024,all,253507,0.24765471554060994,0.24764879904861262,5.916491997326467e-06,0.4861049201797189,0.4900257113913006,0.04451762482829977,0.6884261823610395,0.5525923062137574,0.0
lgb_cat_mean,0.1,42,2024,slice,61194,0.2486289835699724,0.248604473452367,2.4510117605403003e-05,0.49393731411576297,0.4915327952128996,0.04117740373811226,0.6903500660926308,0.5413891884871161,0.0
lgb_cat_mean,0.1,42,2024,outside,192313,0.24734470343644216,0.24734470343644216,0.0,0.48361265229079675,0.4895461572926232,0.04551865443748102,0.6878140025236334,0.5558880657742784,0.0
lgb_cat_mean,0.1,42,2024,R,223497,0.24775695980089035,0.24775398355603936,2.976244850988463e-06,0.4897067969592433,0.4932900482833016,0.04452318953047059,0.6886376369146282,0.5522883333668342,0.0
lgb_cat_mean,0.1,42,2024,F,30010,0.24689325984451227,0.246865446104382,2.7813740130278042e-05,0.45928023992002664,0.46571483160617555,0.036162840795882376,0.6868513920123729,0.5470246836870434,0.0
lgb_cat_mean,0.1,42,2024,0-2,16155,0.249464621711545,0.24943508301408976,2.953869745522808e-05,0.49229340761374185,0.4922549281025464,0.039483259830808574,0.6920190050118977,0.5282187984253871,0.0
lgb_cat_mean,0.1,42,2024,1-2,24399,0.24851924638837675,0.2484863349996944,3.29113886823329e-05,0.497807287183901,0.4935327364475515,0.040573607623201106,0.6901128999628297,0.5439194605947022,0.0
lgb_cat_mean,0.1,42,2024,2-2,20640,0.24810464942833713,0.24809400652587113,1.0642902465995974e-05,0.49064922480620154,0.4886034045628746,0.042978699079392516,0.6893241411003956,0.548171302551386,0.0
lgb_cat_mean,0.25,42,2024,all,253507,0.24765471554060994,0.2476443940890103,1.0321451599654141e-05,0.4861049201797189,0.4904891677437929,0.04434567748868399,0.6884171324888079,0.5526896330442059,0.0
lgb_cat_mean,0.25,42,2024,slice,61194,0.2486289835699724,0.24858622512583287,4.275844413953456e-05,0.49393731411576297,0.49345274536407974,0.04029510906641326,0.6903125753915852,0.5414586695836513,0.0
lgb_cat_mean,0.25,42,2024,outside,192313,0.24734470343644216,0.24734470343644216,0.0,0.48361265229079675,0.4895461572926232,0.04551865443748102,0.6878140025236334,0.5558880657742784,0.0
lgb_cat_mean,0.25,42,2024,R,223497,0.24775695980089035,0.24775395318872667,3.0066121636806997e-06,0.4897067969592433,0.49376930745000636,0.044339371115490814,0.6886374448799195,0.5523332918226289,0.0
lgb_cat_mean,0.25,42,2024,F,30010,0.24689325984451227,0.24682846172948628,6.479811502599353e-05,0.45928023992002664,0.46606059780312087,0.03596971169714608,0.686776374125719,0.547705982177394,0.0
lgb_cat_mean,0.25,42,2024,0-2,16155,0.249464621711545,0.24940858780279335,5.603390875164038e-05,0.49229340761374185,0.49402132411107896,0.03853998994453886,0.6919650661302957,0.5283952036183807,0.0
lgb_cat_mean,0.25,42,2024,1-2,24399,0.24851924638837675,0.24845418350907597,6.50628793007757e-05,0.497807287183901,0.4953416361025408,0.039800035617342404,0.6900474102263026,0.5441846446460471,0.0
lgb_cat_mean,0.25,42,2024,2-2,20640,0.24810464942833713,0.2480986483022358,6.0011261013293016e-06,0.49064922480620154,0.4907748173221474,0.042038401521228806,0.6893326227260749,0.547917595119928,0.0
lgb_cat_mean,0.5,42,2024,all,253507,0.24765471554060994,0.24764897189872215,5.743641887795414e-06,0.4861049201797189,0.49126159499794714,0.044181868944482304,0.6884260938331869,0.5527053707633324,0.0
lgb_cat_mean,0.5,42,2024,slice,61194,0.2486289835699724,0.2486051895146068,2.3794055365594646e-05,0.49393731411576297,0.4966526622827133,0.039203141776964504,0.690349699350298,0.5411839576712917,0.0
lgb_cat_mean,0.5,42,2024,outside,192313,0.24734470343644216,0.24734470343644216,0.0,0.48361265229079675,0.4895461572926232,0.04551865443748102,0.6878140025236334,0.5558880657742784,0.0
lgb_cat_mean,0.5,42,2024,R,223497,0.24775695980089035,0.24776572657644141,-8.766775551061201e-06,0.4897067969592433,0.49456807272784753,0.044153807282284394,0.6886609278450708,0.5522602189803905,0.0
lgb_cat_mean,0.5,42,2024,F,30010,0.24689325984451227,0.24677945106545932,0.00011380877905295406,0.45928023992002664,0.4666368747980298,0.03581480992561116,0.686677186897031,0.5486023736704632,0.0
lgb_cat_mean,0.5,42,2024,0-2,16155,0.249464621711545,0.24941193001032969,5.2691701215301645e-05,0.49229340761374185,0.4969653174586332,0.037367134308866935,0.6919708884115653,0.5282915864549633,0.0
lgb_cat_mean,0.5,42,2024,1-2,24399,0.24851924638837675,0.24844650593779186,7.274045058489054e-05,0.497807287183901,0.4983564688608563,0.03888166235761812,0.6900308527153652,0.5442232470474807,0.0
lgb_cat_mean,0.5,42,2024,2-2,20640,0.24810464942833713,0.24816133427634637,-5.6684848009247446e-05,0.49064922480620154,0.49439383858760205,0.0408409789132966,0.6894577046681737,0.547092254628935,0.0
residual,0.1,42,2024,all,253507,0.24765471554060994,0.24766682618943042,-1.2110648820479186e-05,0.4861049201797189,0.4895797881818965,0.04509683880001835,0.6884632217163775,0.5523677458784355,0.0
residual,0.1,42,2024,slice,61194,0.2486289835699724,0.24867915408097907,-5.0170511006669694e-05,0.49393731411576297,0.48968547921710986,0.04374457093425187,0.6905035081924069,0.5410637543166374,0.0
residual,0.1,42,2024,outside,192313,0.24734470343644216,0.24734470343644216,0.0,0.48361265229079675,0.4895461572926232,0.04551865443748102,0.6878140025236334,0.5558880657742784,0.0
residual,0.1,42,2024,R,223497,0.24775695980089035,0.24775171473210356,5.245068786796647e-06,0.4897067969592433,0.4932814556788155,0.04479826913761824,0.6886332264292094,0.5523442772193506,0.0
residual,0.1,42,2024,F,30010,0.24689325984451227,0.24703462576884366,-0.0001413659243313936,0.45928023992002664,0.4620119247843993,0.03703483552990064,0.6871971256382768,0.5438563754266633,0.0
residual,0.1,42,2024,0-2,16155,0.249464621711545,0.2495688572986739,-0.00010423558712890912,0.49229340761374185,0.49040716097832904,0.04223643878330775,0.6922908715663832,0.527400255027916,0.0
residual,0.1,42,2024,1-2,24399,0.24851924638837675,0.24857902274709145,-5.977635871470821e-05,0.497807287183901,0.491796684308197,0.04314702071748846,0.6903028699758912,0.5432947669025738,0.0
residual,0.1,42,2024,2-2,20640,0.24810464942833713,0.24810114773086583,3.5016974712920312e-06,0.49064922480620154,0.48662491420403164,0.04540281726491267,0.6893417115130551,0.5486433725153876,0.0
residual,0.25,42,2024,all,253507,0.24765471554060994,0.24771339307672685,-5.867753611690785e-05,0.4861049201797189,0.48937435972028326,0.046049134331381726,0.6885594459678983,0.5520317063886924,0.0
residual,0.25,42,2024,slice,61194,0.2486289835699724,0.2488720656719499,-0.00024308210197748759,0.49393731411576297,0.4888344553746053,0.047673825837219436,0.6909021342232321,0.5403033691442148,0.0
residual,0.25,42,2024,outside,192313,0.24734470343644216,0.24734470343644216,0.0,0.48361265229079675,0.4895461572926232,0.04551865443748102,0.6878140025236334,0.5558880657742784,0.0
residual,0.25,42,2024,R,223497,0.24775695980089035,0.24774856924293895,8.39055795140431e-06,0.4897067969592433,0.493747825938791,0.045030151431226434,0.6886270085234497,0.5524712618185972,0.0
residual,0.25,42,2024,F,30010,0.24689325984451227,0.24745142147992913,-0.0005581616354168595,0.45928023992002664,0.4568033307486802,0.04010466585906567,0.6880562794074834,0.5383166631226197,0.0
residual,0.25,42,2024,0-2,16155,0.249464621711545,0.24984610836188575,-0.0003814866503407677,0.49229340761374185,0.48940190630053576,0.046415558684014806,0.692859521257385,0.5264349551420006,0.0
residual,0.25,42,2024,1-2,24399,0.24851924638837675,0.24878469841006184,-0.0002654520216850975,0.497807287183901,0.49100150575415447,0.04717899376242284,0.6907279395275555,0.5423706744631737,0.0
residual,0.25,42,2024,2-2,20640,0.24810464942833713,0.24821295783119854,-0.0001083084028614123,0.49064922480620154,0.4858285914250401,0.049052047125401864,0.6895759999617531,0.5483017302065349,0.0
residual,0.5,42,2024,all,253507,0.24765471554060994,0.24786674032639633,-0.0002120247857863855,0.4861049201797189,0.48903197895092754,0.04838113429520078,0.6888825703868725,0.5515371047724339,0.0
residual,0.5,42,2024,slice,61194,0.2486289835699724,0.2495073338554636,-0.0008783502854911862,0.49393731411576297,0.4874160823037645,0.05640922492474468,0.692240734446798,0.5393760314850549,0.0
residual,0.5,42,2024,outside,192313,0.24734470343644216,0.24734470343644216,0.0,0.48361265229079675,0.4895461572926232,0.04551865443748102,0.6878140025236334,0.5558880657742784,0.0
residual,0.5,42,2024,R,223497,0.24775695980089035,0.24775591906503988,1.0407358504715969e-06,0.4897067969592433,0.4945251097054164,0.04554180720535055,0.6886421836273281,0.5525539549793442,0.0
residual,0.5,42,2024,F,30010,0.24689325984451227,0.24869207253064055,-0.001798812686128276,0.45928023992002664,0.4481223406891484,0.04927956692188487,0.6906728309532808,0.529654827171071,0.0
residual,0.5,42,2024,0-2,16155,0.249464621711545,0.25063058728728826,-0.0011659655757432774,0.49229340761374185,0.4877264818375469,0.055585839120024495,0.6945034716190053,0.5257306221110718,0.0
residual,0.5,42,2024,1-2,24399,0.24851924638837675,0.2494368541814078,-0.0009176077930310444,0.497807287183901,0.4896762081640837,0.056030321698511985,0.6921027545753047,0.5413762309109781,0.0
residual,0.5,42,2024,2-2,20640,0.24810464942833713,0.24871147505585886,-0.0006068256275217343,0.49064922480620154,0.48450138679338745,0.057357921991818384,0.6906327912233267,0.54741133556463,0.0
lgb,0.1,43,2022,all,247472,0.24313201729617934,0.24312439789307913,7.619403100206368e-06,0.5289204435249241,0.5251645642069167,0.07765543423912975,0.6790441921895628,0.5809244251285882,0.0
lgb,0.1,43,2022,slice,59575,0.2446615883773926,0.24462993770304955,3.16506743430478e-05,0.5264288711707931,0.5228785816193785,0.07198335247396058,0.6821580782970675,0.5688199334156333,0.0
lgb,0.1,43,2022,outside,187897,0.24264704841874501,0.24264704841874501,0.0,0.5297104264570482,0.5258893624349491,0.07935549695058111,0.678056897209576,0.5846405263550047,0.0
lgb,0.1,43,2022,R,217024,0.24828303927859774,0.24827549202766833,7.547250929412774e-06,0.5036908360365674,0.5002704705497975,0.04096254648936131,0.6896862624183862,0.5469391649744402,0.0
lgb,0.1,43,2022,F,30448,0.20641711337104868,0.20640897968941788,8.13368163080086e-06,0.7087493431424067,0.7026020241991218,0.03394111699193964,0.6031907814781807,0.5244757603328898,0.0
lgb,0.1,43,2022,0-2,15595,0.24553331305874085,0.2454901445339503,4.316852479055444e-05,0.5218339211285669,0.5232550298965859,0.07049902434825002,0.6839225990033786,0.5608003128809318,0.0
lgb,0.1,43,2022,1-2,23740,0.24545244465670835,0.24541742175216008,3.502290454826529e-05,0.5291491154170177,0.5231817855784836,0.07071946105197788,0.6838071585694859,0.5626682280330426,0.0
lgb,0.1,43,2022,2-2,20240,0.24306230604159304,0.2430434852893252,1.8820752267834084e-05,0.5267786561264822,0.5222328912600793,0.07453504669251451,0.6788642608028912,0.5818843411825206,0.0
lgb,0.25,43,2022,all,247472,0.24313201729617934,0.24311772897581865,1.4288320360683615e-05,0.5289204435249241,0.5253008258721154,0.07731566521429027,0.6790301250985138,0.5809579821385197,0.0
lgb,0.25,43,2022,slice,59575,0.2446615883773926,0.24460223530619993,5.9353071192674856e-05,0.5264288711707931,0.5234446067441797,0.07046434265379972,0.6820996442029666,0.5689559639412802,0.0
lgb,0.25,43,2022,outside,187897,0.24264704841874501,0.24264704841874501,0.0,0.5297104264570482,0.5258893624349491,0.07935549695058111,0.678056897209576,0.5846405263550047,0.0
lgb,0.25,43,2022,R,217024,0.24828303927859774,0.24826817001043489,1.4869268162853722e-05,0.5036908360365674,0.5005453007513742,0.04091049567025788,0.6896713729103564,0.5469776666575332,0.0
lgb,0.25,43,2022,F,30448,0.20641711337104868,0.20640696586833854,1.0147502710139422e-05,0.7087493431424067,0.7017506118614656,0.03395554064904641,0.603182576322984,0.524782681783656,0.0
lgb,0.25,43,2022,0-2,15595,0.24553331305874085,0.24544480337301652,8.850968572432505e-05,0.5218339211285669,0.5238005299625565,0.06903023225174426,0.6838310238433093,0.5614412119120048,0.0
lgb,0.25,43,2022,1-2,23740,0.24545244465670835,0.24538355933438905,6.888532231930089e-05,0.5291491154170177,0.5236287789608557,0.06933072381073195,0.6837285879740086,0.5625517187834759,0.0
lgb,0.25,43,2022,2-2,20240,0.24306230604159304,0.24303659887185142,2.5707169741623348e-05,0.5267786561264822,0.5229543463185634,0.07283449806911572,0.6788549806349984,0.5819388551399151,0.0
lgb,0.5,43,2022,all,247472,0.24313201729617934,0.2431193079467564,1.2709349422934668e-05,0.5289204435249241,0.5255279286474465,0.07682815955491025,0.6790335393221884,0.5809101058658841,0.0
lgb,0.5,43,2022,slice,59575,0.2446615883773926,0.2446087942838904,5.279409350220088e-05,0.5264288711707931,0.524387981952182,0.06823413281456024,0.6821138267419721,0.5688396132111094,0.0
lgb,0.5,43,2022,outside,187897,0.24264704841874501,0.24264704841874501,0.0,0.5297104264570482,0.5258893624349491,0.07935549695058111,0.678056897209576,0.5846405263550047,0.0
lgb,0.5,43,2022,R,217024,0.24828303927859774,0.24826663027280688,1.6409005790862796e-05,0.5036908360365674,0.5010033510873356,0.04094989604455071,0.6896681238580459,0.5469125997159265,0.0
lgb,0.5,43,2022,F,30448,0.20641711337104868,0.20643077403685162,-1.3660665802939231e-05,0.7087493431424067,0.7003315912987053,0.03433006967110587,0.6032334843330298,0.5249653056903371,0.0
lgb,0.5,43,2022,0-2,15595,0.24553331305874085,0.2454209991081324,0.00011231395060845584,0.5218339211285669,0.5247096967391744,0.06688833219948435,0.6837868338133725,0.5622289345454448,0.0
lgb,0.5,43,2022,1-2,23740,0.24545244465670835,0.2453769138089079,7.553084780045904e-05,0.5291491154170177,0.5243737679314757,0.06731640396129791,0.6837046882789386,0.5620304752019177,0.0
lgb,0.5,43,2022,2-2,20240,0.24306230604159304,0.2430820407385361,-1.97346969430523e-05,0.5267786561264822,0.5241567714160367,0.07029785361027402,0.6789588070697351,0.5816538490810026,0.0
cat,0.1,43,2022,all,247472,0.24313201729617934,0.24312559975766473,6.417538514602583e-06,0.5289204435249241,0.5251647122170213,0.07764800982775709,0.6790469529077889,0.5809124750979064,0.0
cat,0.1,43,2022,slice,59575,0.2446615883773926,0.24463493019709429,2.665818029831679e-05,0.5264288711707931,0.5228791964470176,0.07195009506009829,0.6821695462024117,0.5687715708240058,0.0
cat,0.1,43,2022,outside,187897,0.24264704841874501,0.24264704841874501,0.0,0.5297104264570482,0.5258893624349491,0.07935549695058111,0.678056897209576,0.5846405263550047,0.0
cat,0.1,43,2022,R,217024,0.24828303927859774,0.24827567935515804,7.359923439698157e-06,0.5036908360365674,0.5002732759302259,0.04095410355354403,0.6896865974707673,0.5469255249539791,0.0
cat,0.1,43,2022,F,30448,0.20641711337104868,0.20641741286307766,-2.9949202898227334e-07,0.7087493431424067,0.7025832312890621,0.033988554116738415,0.6032108315981526,0.5243571611312534,0.0
cat,0.1,43,2022,0-2,15595,0.24553331305874085,0.2455100688336623,2.3244225078544734e-05,0.5218339211285669,0.5231765218431137,0.07012411437240228,0.6839637134953398,0.5604222297459477,0.0
cat,0.1,43,2022,1-2,23740,0.24545244465670835,0.24542983216130163,2.2612495406720834e-05,0.5291491154170177,0.5232260151006983,0.07070107123325657,0.6838367548146914,0.5625941029398815,0.0
cat,0.1,43,2022,2-2,20240,0.24306230604159304,0.24302827211075248,3.403393084056017e-05,0.5267786561264822,0.5222433138190287,0.07473336596806082,0.6788316227148256,0.5820551832442564,0.0
cat,0.25,43,2022,all,247472,0.24313201729617934,0.2431222918624964,9.725433682938878e-06,0.5289204435249241,0.5253011958973769,0.07730709941640915,0.6790402112324071,0.5809067489787348,0.0
cat,0.25,43,2022,slice,59575,0.2446615883773926,0.24462118934215327,4.0399035239335745e-05,0.5264288711707931,0.5234461438132778,0.07042533286703999,0.6821415415714408,0.5687441651293812,0.0
cat,0.25,43,2022,outside,187897,0.24264704841874501,0.24264704841874501,0.0,0.5297104264570482,0.5258893624349491,0.07935549695058111,0.678056897209576,0.5846405263550047,0.0
cat,0.25,43,2022,R,217024,0.24828303927859774,0.24827003058710395,1.3008691493787694e-05,0.5036908360365674,0.5005523142024454,0.0409063318675109,0.6896750218098906,0.546916920047313,0.0
cat,0.25,43,2022,F,30448,0.20641711337104868,0.2064307899914627,-1.3676620414015961e-05,0.7087493431424067,0.7017036295863162,0.034112967819884966,0.6032385450879053,0.5244401881492871,0.0
cat,0.25,43,2022,0-2,15595,0.24553331305874085,0.24550564604563005,2.766701311079922e-05,0.5218339211285669,0.523604259828876,0.0681512535598011,0.6839569638008157,0.5603999837455891,0.0
cat,0.25,43,2022,1-2,23740,0.24545244465670835,0.2454203026265539,3.2142030154447276e-05,0.5291491154170177,0.5237393527663924,0.06932430022071569,0.6838138174006513,0.5622904097590427,0.0
cat,0.25,43,2022,2-2,20240,0.24306230604159304,0.24300241208610632,5.989395548672283e-05,0.5267786561264822,0.5229804027159363,0.07336674501378616,0.6787812976063933,0.5822690577446071,0.0
cat,0.5,43,2022,all,247472,0.24313201729617934,0.24313362780415815,-1.6105079788109045e-06,0.5289204435249241,0.5255286686979694,0.07684471949023453,0.6790642315220599,0.5807531631999739,0.0
cat,0.5,43,2022,slice,59575,0.2446615883773926,0.2446682783586019,-6.689981209284657e-06,0.5264288711707931,0.5243910560903783,0.06831160169770417,0.6822413208265129,0.5681955313548508,0.0
cat,0.5,43,2022,outside,187897,0.24264704841874501,0.24264704841874501,0.0,0.5297104264570482,0.5258893624349491,0.07935549695058111,0.678056897209576,0.5846405263550047,0.0
cat,0.5,43,2022,R,217024,0.24828303927859774,0.24827499228596137,8.04699263637354e-06,0.5036908360365674,0.5010173779894777,0.04099805555367021,0.6896847845449026,0.5467209426949785,0.0
cat,0.5,43,2022,F,30448,0.20641711337104868,0.2064875595796819,-7.04462086332236e-05,0.7087493431424067,0.7002376267484065,0.034768542616874905,0.6033641888516255,0.5242427971488326,0.0
cat,0.5,43,2022,0-2,15595,0.24553331305874085,0.24557945753113788,-4.614447239703612e-05,0.5218339211285669,0.5243171564718131,0.06534752926852307,0.6841148597842122,0.5598878313817768,0.0
cat,0.5,43,2022,1-2,23740,0.24545244465670835,0.2454694579576075,-1.7013300899149097e-05,0.5291491154170177,0.5245949155425491,0.067441978933,0.6839126186956204,0.5613481447639674,0.0
cat,0.5,43,2022,2-2,20240,0.24306230604159304,0.24302648770266846,3.5818338924575865e-05,0.5267786561264822,0.5242088842107827,0.07148505022991639,0.6788374447663387,0.5821009526419322,0.0
lgb_cat_mean,0.1,43,2022,all,247472,0.24313201729617934,0.24312470562580785,7.311670371490386e-06,0.5289204435249241,0.525164638211969,0.07764983418514802,0.6790449635556624,0.580921258124707,0.0
lgb_cat_mean,0.1,43,2022,slice,59575,0.2446615883773926,0.2446312160116324,3.0372365760200637e-05,0.5264288711707931,0.522878889033198,0.07195826337488145,0.6821612825188282,0.5688062622133147,0.0
lgb_cat_mean,0.1,43,2022,outside,187897,0.24264704841874501,0.24264704841874501,0.0,0.5297104264570482,0.5258893624349491,0.07935549695058111,0.678056897209576,0.5846405263550047,0.0
lgb_cat_mean,0.1,43,2022,R,217024,0.24828303927859774,0.24827530143660675,7.737841990984595e-06,0.5036908360365674,0.5002718732400115,0.040954855066826994,0.6896858562081306,0.5469358612290849,0.0
lgb_cat_mean,0.1,43,2022,F,30448,0.20641711337104868,0.20641283932119614,4.2740498525373205e-06,0.7087493431424067,0.7025926277440919,0.03395958995696561,0.6031999462471601,0.524424412545571,0.0
lgb_cat_mean,0.1,43,2022,0-2,15595,0.24553331305874085,0.24549880680893174,3.450624980910755e-05,0.5218339211285669,0.5232157758698498,0.07030258595022312,0.6839404582853224,0.5606139490727422,0.0
lgb_cat_mean,0.1,43,2022,1-2,23740,0.24545244465670835,0.2454224533209117,2.9991335796647478e-05,0.5291491154170177,0.5232039003395911,0.07070197080527266,0.6838194922243793,0.562640436019202,0.0
lgb_cat_mean,0.1,43,2022,2-2,20240,0.24306230604159304,0.2430346719302998,2.7634111293250996e-05,0.5267786561264822,0.522238102539554,0.07462618739158589,0.6788454651034006,0.5819874496277129,0.0
lgb_cat_mean,0.25,43,2022,all,247472,0.24313201729617934,0.2431181779218817,1.3839374297636153e-05,0.5289204435249241,0.5253010108847461,0.0772995301189588,0.6790313750499195,0.5809517100271322,0.0
lgb_cat_mean,0.25,43,2022,slice,59575,0.2446615883773926,0.24460410020892967,5.7488168462932476e-05,0.5264288711707931,0.5234453752787288,0.07039079082434323,0.6821048364476039,0.5689288933445341,0.0
lgb_cat_mean,0.25,43,2022,outside,187897,0.24264704841874501,0.24264704841874501,0.0,0.5297104264570482,0.5258893624349491,0.07935549695058111,0.678056897209576,0.5846405263550047,0.0
lgb_cat_mean,0.25,43,2022,R,217024,0.24828303927859774,0.24826732370622887,1.5715572368873998e-05,0.5036908360365674,0.5005488074769097,0.04088669393796926,0.6896696138840014,0.5469718810476887,0.0
lgb_cat_mean,0.25,43,2022,F,30448,0.20641711337104868,0.206416646960828,4.664102206675125e-07,0.7087493431424067,0.7017271207238909,0.03400156231536544,0.6032052733444604,0.5246448634132659,0.0
lgb_cat_mean,0.25,43,2022,0-2,15595,0.24553331305874085,0.24546710049135728,6.621256738356673e-05,0.5218339211285669,0.5237023948957163,0.0685329743683753,0.6838771937470988,0.560974729763003,0.0
lgb_cat_mean,0.25,43,2022,1-2,23740,0.24545244465670835,0.24539459575660183,5.784890010651633e-05,0.5291491154170177,0.523684065863624,0.0692746112611098,0.6837558473726447,0.5624718394437591,0.0
lgb_cat_mean,0.25,43,2022,2-2,20240,0.24306230604159304,0.24301196316810972,5.0342873483322226e-05,0.5267786561264822,0.5229673745172498,0.07304950068490429,0.6788027163168682,0.5821840406477689,0.0
lgb_cat_mean,0.5,43,2022,all,247472,0.24313201729617934,0.243119137886354,1.2879409825333754e-05,0.5289204435249241,0.525528298672708,0.07678872650394399,0.6790337796537895,0.5809092218519609,0.0
lgb_cat_mean,0.5,43,2022,slice,59575,0.2446615883773926,0.24460808786025837,5.35005171342362e-05,0.5264288711707931,0.5243895190212802,0.0680495220049724,0.6821148250691549,0.5688214190350644,0.0
lgb_cat_mean,0.5,43,2022,outside,187897,0.24264704841874501,0.24264704841874501,0.0,0.5297104264570482,0.5258893624349491,0.07935549695058111,0.678056897209576,0.5846405263550047,0.0
lgb_cat_mean,0.5,43,2022,R,217024,0.24828303927859774,0.24826370490922198,1.933436937576194e-05,0.5036908360365674,0.5010103645384066,0.040887173436752786,0.6896621250865891,0.5469159001489582,0.0
lgb_cat_mean,0.5,43,2022,F,30448,0.20641711337104868,0.20645024293197617,-3.312956092749175e-05,0.7087493431424067,0.7002846090235557,0.03442064715698748,0.6032781950765455,0.5247191169173415,0.0
lgb_cat_mean,0.5,43,2022,0-2,15595,0.24553331305874085,0.24546773144777118,6.558161096967274e-05,0.5218339211285669,0.5245134266054938,0.06587652034728272,0.6838839618567022,0.561346864152706,0.0
lgb_cat_mean,0.5,43,2022,1-2,23740,0.24545244465670835,0.24539384498777891,5.8599668929432136e-05,0.5291491154170177,0.5244843417370124,0.06716122924297642,0.6837474750892907,0.5619108716205088,0.0
lgb_cat_mean,0.5,43,2022,2-2,20240,0.24306230604159304,0.2430240949771259,3.821106446713629e-05,0.5267786561264822,0.5241828278134096,0.07068084429144887,0.6788367223181754,0.5822496003648078,0.0
residual,0.1,43,2022,all,247472,0.24313201729617934,0.24313288164647512,-8.643502957816906e-07,0.5289204435249241,0.5253036793430079,0.07823284235708984,0.6790638689642929,0.5808644936440299,0.0
residual,0.1,43,2022,slice,59575,0.2446615883773926,0.24466517885152445,-3.590474131842658e-06,0.5264288711707931,0.5234564599401297,0.0745512844432818,0.6822398147770674,0.568614091773777,0.0
residual,0.1,43,2022,outside,187897,0.24264704841874501,0.24264704841874501,0.0,0.5297104264570482,0.5258893624349491,0.07935549695058111,0.678056897209576,0.5846405263550047,0.0
residual,0.1,43,2022,R,217024,0.24828303927859774,0.2482816486471672,1.3906314305367484e-06,0.5036908360365674,0.5001719233570466,0.04101694691598247,0.6896987314343497,0.5468741853422816,0.0
residual,0.1,43,2022,F,30448,0.20641711337104868,0.2064340505390724,-1.6937168023728466e-05,0.7087493431424067,0.7044351234804644,0.03410322420401202,0.6032618329454545,0.5236984081846277,0.0
residual,0.1,43,2022,0-2,15595,0.24553331305874085,0.24555101453769257,-1.7701478951720473e-05,0.5218339211285669,0.5239045790618062,0.07304132493773544,0.6840554916537014,0.5601290768967772,0.0
residual,0.1,43,2022,1-2,23740,0.24545244465670835,0.24547483103672602,-2.238638001766935e-05,0.5291491154170177,0.5238171667092468,0.0731687106312478,0.6839442664567997,0.5625236276627599,0.0
residual,0.1,43,2022,2-2,20240,0.24306230604159304,0.2430329777446826,2.9328296910435814e-05,0.5267786561264822,0.5226881004341324,0.07725451988596506,0.6788416347490066,0.581961020101755,0.0
residual,0.25,43,2022,all,247472,0.24313201729617934,0.2431417375802374,-9.720284058073458e-06,0.5289204435249241,0.5256486137123434,0.0787741826065581,0.6790866084048923,0.5808009494296035,0.0
residual,0.25,43,2022,slice,59575,0.2446615883773926,0.2447019660213108,-4.037764391820464e-05,0.5264288711707931,0.5248893025460579,0.07690702907159015,0.6823342734399972,0.5684113524714705,0.0
residual,0.25,43,2022,outside,187897,0.24264704841874501,0.24264704841874501,0.0,0.5297104264570482,0.5258893624349491,0.07935549695058111,0.678056897209576,0.5846405263550047,0.0
residual,0.25,43,2022,R,217024,0.24828303927859774,0.24828376930534504,-7.300267473031585e-07,0.5036908360365674,0.5002989327694971,0.04105027041448991,0.6897029369811941,0.5468077305371606,0.0
residual,0.25,43,2022,F,30448,0.20641711337104868,0.20649091345025314,-7.38000792044613e-05,0.7087493431424067,0.706333360064822,0.0345980933395598,0.6034166762929871,0.5227282320705744,0.0
residual,0.25,43,2022,0-2,15595,0.24553331305874085,0.24560926242218012,-7.59493634392705e-05,0.5218339211285669,0.5254244028756072,0.07540828845388516,0.6841950030960274,0.5598013026796411,0.0
residual,0.25,43,2022,1-2,23740,0.24545244465670835,0.24553924292729007,-8.679827058172274e-05,0.5291491154170177,0.5252172317877636,0.07547861147547141,0.6841027232345713,0.5621295401112147,0.0
residual,0.25,43,2022,2-2,20240,0.24306230604159304,0.24302082762607838,4.1478415514661915e-05,0.5267786561264822,0.5240923692536956,0.07965495430715996,0.6788263150848105,0.5820867243717518,0.0
residual,0.5,43,2022,all,247472,0.24313201729617934,0.24317665589202406,-4.463859584472041e-05,0.5289204435249241,0.5262235043279024,0.07979134355011615,0.67917283158475,0.5805838153078066,0.0
residual,0.5,43,2022,slice,59575,0.2446615883773926,0.24484701519385793,-0.00018542681646532833,0.5264288711707931,0.5272773735559384,0.08114163898975164,0.6826924408384981,0.5676580727837701,0.0
residual,0.5,43,2022,outside,187897,0.24264704841874501,0.24264704841874501,0.0,0.5297104264570482,0.5258893624349491,0.07935549695058111,0.678056897209576,0.5846405263550047,0.0
residual,0.5,43,2022,R,217024,0.24828303927859774,0.2482985213498379,-1.5482071240163764e-05,0.5036908360365674,0.5005106151235812,0.04124110285729322,0.6897325966020408,0.5465579572305161,0.0
residual,0.5,43,2022,F,30448,0.20641711337104868,0.20666957072660813,-0.0002524573555594545,0.7087493431424067,0.7094970877054182,0.036353304485636125,0.6039060671630294,0.520797468525084,0.0
residual,0.5,43,2022,0-2,15595,0.24553331305874085,0.2457908640058192,-0.00025755094707835546,0.5218339211285669,0.5279574425652755,0.07966360761184432,0.6846282452204984,0.5590059340134853,0.0
residual,0.5,43,2022,1-2,23740,0.24545244465670835,0.24572881559966384,-0.0002763709429554895,0.5291491154170177,0.5275506735852915,0.07964167260556955,0.684566112166139,0.5610305644781985,0.0
residual,0.5,43,2022,2-2,20240,0.24306230604159304,0.24308549029976856,-2.318425817551817e-05,0.5267786561264822,0.5264328172863013,0.08395720223199983,0.6790032201539384,0.5817919455574092,0.0
lgb,0.1,43,2023,all,245525,0.2523470643919594,0.25232447912485206,2.2585267107355644e-05,0.49995723449750534,0.5108179308666043,0.06805189051001576,0.6982676613738842,0.532574727584922,0.0
lgb,0.1,43,2023,slice,58362,0.25276444560208794,0.25266943090576954,9.501469631839621e-05,0.5012336794489565,0.5109876112222671,0.06353333668448051,0.6989118588411,0.5241618831609094,0.0
lgb,0.1,43,2023,outside,187163,0.25221691472463453,0.25221691472463453,0.0,0.49955920774939494,0.510765020382603,0.06940065581205052,0.698066784851379,0.5350766363666132,0.0
lgb,0.1,43,2023,R,219839,0.24836109889742417,0.24835020943394145,1.0889463482710582e-05,0.5031181910398064,0.49239474073160516,0.04251886526335987,0.6898357086448518,0.5471293295099833,0.0
lgb,0.1,43,2023,F,25686,0.28646178324087057,0.286339096993734,0.00012268624713657195,0.47290352721326795,0.6684966545327297,0.03203954746176872,0.7704342912889252,0.5394611743153047,0.0
lgb,0.1,43,2023,0-2,14526,0.2535732385869789,0.2534383367082086,0.00013490187877029935,0.5017898939832025,0.5127742552064356,0.06245891937044457,0.7004946799791445,0.5166822327139199,0.0
lgb,0.1,43,2023,1-2,23456,0.2528851362916125,0.2528030038773281,8.21324142843971e-05,0.504305934515689,0.5128496113140053,0.06252643410785139,0.6991658688248497,0.522016317746197,0.0
lgb,0.1,43,2023,2-2,20380,0.25204906543957495,0.25196765400159343,8.141143798151562e-05,0.49730127576054955,0.5075711311110875,0.06527725098765445,0.6974913427454147,0.5313264342792506,0.0
lgb,0.25,43,2023,all,245525,0.2523470643919594,0.25229542777092245,5.1636621036965646e-05,0.49995723449750534,0.5111338573839387,0.0677631261613771,0.6982035305428667,0.5325986502058739,0.0
lgb,0.25,43,2023,slice,58362,0.25276444560208794,0.25254721381804907,0.00021723178403887378,0.5012336794489565,0.5123166927850734,0.06220689297899496,0.6986420647578683,0.5242805020288897,0.0
lgb,0.25,43,2023,outside,187163,0.25221691472463453,0.25221691472463453,0.0,0.49955920774939494,0.510765020382603,0.06940065581205052,0.698066784851379,0.5350766363666132,0.0
lgb,0.25,43,2023,R,219839,0.24836109889742417,0.24833863766155054,2.2461235873627583e-05,0.5031181910398064,0.49280131396902926,0.042392631762650936,0.6898123107448308,0.5471586029810059,0.0
lgb,0.25,43,2023,F,25686,0.28646178324087057,0.28616044298754717,0.0003013402533234011,0.47290352721326795,0.6680367621488018,0.03187422516474309,0.7700215391537972,0.5395138199010079,0.0
lgb,0.25,43,2023,0-2,14526,0.2535732385869789,0.2532541846121097,0.00031905397486919895,0.5017898939832025,0.5136865617599295,0.061150297838000287,0.7000947495858433,0.5175184144724486,0.0
lgb,0.25,43,2023,1-2,23456,0.2528851362916125,0.25269872535257276,0.00018641093903976058,0.504305934515689,0.5140089696741148,0.06127541316812966,0.6989322022796857,0.5219168745343894,0.0
lgb,0.25,43,2023,2-2,20380,0.25204906543957495,0.25186893549085027,0.00018012994872468324,0.49730127576054955,0.5093926121453225,0.06388892908953515,0.6972727239569398,0.5312743795751017,0.0
lgb,0.5,43,2023,all,245525,0.2523470643919594,0.2522598796389907,8.718475296870531e-05,0.49995723449750534,0.5116604015794957,0.06737139033503424,0.6981240739020984,0.5325135830328525,0.0
lgb,0.5,43,2023,slice,58362,0.25276444560208794,0.25239766522320056,0.0003667803788873769,0.5012336794489565,0.5145318287230833,0.06031595367967348,0.6983077960260804,0.5241708881752122,0.0
lgb,0.5,43,2023,outside,187163,0.25221691472463453,0.25221691472463453,0.0,0.49955920774939494,0.510765020382603,0.06940065581205052,0.698066784851379,0.5350766363666132,0.0
lgb,0.5,43,2023,R,219839,0.24836109889742417,0.2483320511684546,2.9047728969555653e-05,0.5031181910398064,0.49347893603140264,0.04232299479161106,0.6897990112645404,0.5470537840620567,0.0
lgb,0.5,43,2023,F,25686,0.28646178324087057,0.28587702061595033,0.0005847626249202431,0.47290352721326795,0.667270274842255,0.03180801646227846,0.769375862626624,0.5393389365918824,0.0
lgb,0.5,43,2023,0-2,14526,0.2535732385869789,0.2529957997107617,0.0005774388762171956,0.5017898939832025,0.5152070726824194,0.05928405283212711,0.6995327224009587,0.5187431044483319,0.0
lgb,0.5,43,2023,1-2,23456,0.2528851362916125,0.2525753814024371,0.0003097548891753954,0.504305934515689,0.5159412336076306,0.059506510968101584,0.6986507449814578,0.5214118059734316,0.0
lgb,0.5,43,2023,2-2,20380,0.25204906543957495,0.25176680102955556,0.00028226441001938385,0.49730127576054955,0.5124284138690474,0.06189161635972854,0.6970400094108293,0.5308436594023629,0.0
cat,0.1,43,2023,all,245525,0.2523470643919594,0.25231804316705075,2.902122490866521e-05,0.49995723449750534,0.5107935850054431,0.06804324748020504,0.6982534668063434,0.532576087581036,0.0
cat,0.1,43,2023,slice,58362,0.25276444560208794,0.25264235526512746,0.00012209033696047866,0.5012336794489565,0.5108851898254403,0.06349459130208605,0.6988521432522672,0.5241684584184839,0.0
cat,0.1,43,2023,outside,187163,0.25221691472463453,0.25221691472463453,0.0,0.49955920774939494,0.510765020382603,0.06940065581205052,0.698066784851379,0.5350766363666132,0.0
cat,0.1,43,2023,R,219839,0.24836109889742417,0.24835044665879605,1.065223862811715e-05,0.5031181910398064,0.4923830263295622,0.042545673119539336,0.6898361846180042,0.5471274866181098,0.0
cat,0.1,43,2023,F,25686,0.28646178324087057,0.2862755472073148,0.00018623603355577556,0.47290352721326795,0.6683641996884223,0.032153304959406936,0.7702945358323603,0.5396095372130139,0.0
cat,0.1,43,2023,0-2,14526,0.2535732385869789,0.25340793751266016,0.00016530107431872443,0.5017898939832025,0.5128776531526286,0.0623504300358231,0.7004315632921371,0.5168208664893426,0.0
cat,0.1,43,2023,1-2,23456,0.2528851362916125,0.25277551083517885,0.00010962545643367072,0.504305934515689,0.5128143153688903,0.062448616997171566,0.6991057416226202,0.5220532245052184,0.0
cat,0.1,43,2023,2-2,20380,0.25204906543957495,0.2519434276508594,0.00010563778871552909,0.49730127576054955,0.5072447535625404,0.06531034792960069,0.6974345250543206,0.5311780615184516,0.0
cat,0.25,43,2023,all,245525,0.2523470643919594,0.25227988197417145,6.718241778796985e-05,0.49995723449750534,0.5110729927310356,0.06774570771561796,0.6981694563906781,0.5326046014496033,0.0
cat,0.25,43,2023,slice,58362,0.25276444560208794,0.25248181369901085,0.00028263190307709074,0.5012336794489565,0.5120606392930063,0.06213150124109142,0.6984987170964423,0.5243071060448018,0.0
cat,0.25,43,2023,outside,187163,0.25221691472463453,0.25221691472463453,0.0,0.49955920774939494,0.510765020382603,0.06940065581205052,0.698066784851379,0.5350766363666132,0.0
cat,0.25,43,2023,R,219839,0.24836109889742417,0.24833939001926916,2.170887815500233e-05,0.5031181910398064,0.4927720279639218,0.04246196907036786,0.689813820806608,0.5471566875835397,0.0
cat,0.25,43,2023,F,25686,0.28646178324087057,0.28600540602905583,0.0004563772118147402,0.47290352721326795,0.6677056250380331,0.03221318700643523,0.7696829100684156,0.539847652382353,0.0
cat,0.25,43,2023,0-2,14526,0.2535732385869789,0.253182864678421,0.000390373908557895,0.5017898939832025,0.5139450566254121,0.060907093411216105,0.699947626186407,0.5179169131177599,0.0
cat,0.25,43,2023,1-2,23456,0.2528851362916125,0.25263263016246035,0.00025250612915217463,0.504305934515689,0.5139207298113274,0.06109992317676689,0.69878838154341,0.5220051352017969,0.0
cat,0.25,43,2023,2-2,20380,0.25204906543957495,0.25180855474446806,0.00024051069510688805,0.49730127576054955,0.5085766682739546,0.0639949881634789,0.6971326119586162,0.5309185006800579,0.0
cat,0.5,43,2023,all,245525,0.2523470643919594,0.25223060170466205,0.00011646268729736953,0.49995723449750534,0.5115386722736897,0.06735070876397867,0.6980605036965029,0.5325356975676356,0.0
cat,0.5,43,2023,slice,58362,0.25276444560208794,0.25227449492701354,0.000489950675074402,0.5012336794489565,0.5140197217389493,0.06024146148051946,0.6980403604562082,0.5242270227192483,0.0
cat,0.5,43,2023,outside,187163,0.25221691472463453,0.25221691472463453,0.0,0.49955920774939494,0.510765020382603,0.06940065581205052,0.698066784851379,0.5350766363666132,0.0
cat,0.5,43,2023,R,219839,0.24836109889742417,0.24833408686916533,2.7012028258832643e-05,0.5031181910398064,0.4934203640211878,0.042468950029110136,0.6898031143268719,0.5470591046565569,0.0
cat,0.5,43,2023,F,25686,0.28646178324087057,0.28557973839082385,0.000882044850046726,0.47290352721326795,0.6666080006207178,0.03266119141270793,0.7687330966121098,0.5398533316358811,0.0
cat,0.5,43,2023,0-2,14526,0.2535732385869789,0.2528687533606591,0.0007044852263197732,0.5017898939832025,0.5157240624133846,0.05889920903945807,0.6992734763835695,0.5194561973098526,0.0
cat,0.5,43,2023,1-2,23456,0.2528851362916125,0.25245198240641487,0.00043315388519765685,0.504305934515689,0.5157647538820557,0.059224415376039244,0.6983842490848245,0.5215522203410876,0.0
cat,0.5,43,2023,2-2,20380,0.25204906543957495,0.2516466566383006,0.0004024088012743454,0.49730127576054955,0.5107965261263118,0.06218434226751763,0.69676565517487,0.5302000301926915,0.0
lgb_cat_mean,0.1,43,2023,all,245525,0.2523470643919594,0.25232104779863784,2.601659332157613e-05,0.49995723449750534,0.5108057579360237,0.06804600256948574,0.6982600966721315,0.5325775666166228,0.0
lgb_cat_mean,0.1,43,2023,slice,58362,0.25276444560208794,0.2526549955476814,0.00010945005440654576,0.5012336794489565,0.5109364005238538,0.06350692152993813,0.6988800346507404,0.5241720390508012,0.0
lgb_cat_mean,0.1,43,2023,outside,187163,0.25221691472463453,0.25221691472463453,0.0,0.49955920774939494,0.510765020382603,0.06940065581205052,0.698066784851379,0.5350766363666132,0.0
lgb_cat_mean,0.1,43,2023,R,219839,0.24836109889742417,0.24835013521797045,1.0963679453718234e-05,0.5031181910398064,0.49238888353058374,0.04253000479835058,0.6898355560293593,0.5471310292943561,0.0
lgb_cat_mean,0.1,43,2023,F,25686,0.28646178324087057,0.28630693313778544,0.0001548501030851357,0.47290352721326795,0.6684304271105762,0.03209048510098063,0.7703632886976091,0.5395492361881329,0.0
lgb_cat_mean,0.1,43,2023,0-2,14526,0.2535732385869789,0.2534222483146099,0.00015099027236897822,0.5017898939832025,0.512825954179532,0.06239759806472655,0.7004611710152584,0.5167624025807683,0.0
lgb_cat_mean,0.1,43,2023,1-2,23456,0.2528851362916125,0.2527883991709259,9.673712068664075e-05,0.504305934515689,0.5128319633414478,0.062480672929113044,0.6991339257200311,0.5220360980531153,0.0
lgb_cat_mean,0.1,43,2023,2-2,20380,0.25204906543957495,0.25195459176557994,9.447367399501028e-05,0.49730127576054955,0.507407942336814,0.06528673748568616,0.6974608562526898,0.5312616427857886,0.0
lgb_cat_mean,0.25,43,2023,all,245525,0.2523470643919594,0.25228632145183705,6.074294012237136e-05,0.49995723449750534,0.5111034250574871,0.06774458351737749,0.6981835854794128,0.5326130129087858,0.0
lgb_cat_mean,0.25,43,2023,slice,58362,0.25276444560208794,0.25250890414748517,0.0002555414546027701,0.5012336794489565,0.5121886660390398,0.06212420840613486,0.6985581572203521,0.5243368526556895,0.0
lgb_cat_mean,0.25,43,2023,outside,187163,0.25221691472463453,0.25221691472463453,0.0,0.49955920774939494,0.510765020382603,0.06940065581205052,0.698066784851379,0.5350766363666132,0.0
lgb_cat_mean,0.25,43,2023,R,219839,0.24836109889742417,0.24833780866292052,2.3290234503647866e-05,0.5031181910398064,0.4927866709664755,0.042413111881544834,0.6898106269008164,0.5471718515158259,0.0
lgb_cat_mean,0.25,43,2023,F,25686,0.28646178324087057,0.286080493491183,0.00038128974968759666,0.47290352721326795,0.6678711935934173,0.032006627740363,0.76984530162673,0.5397361407865789,0.0
lgb_cat_mean,0.25,43,2023,0-2,14526,0.2535732385869789,0.25321296967136203,0.00036026891561685703,0.5017898939832025,0.5138158091926708,0.06098342568054776,0.7000090501351116,0.5177553980395975,0.0
lgb_cat_mean,0.25,43,2023,1-2,23456,0.2528851362916125,0.25266031409921913,0.0002248221923933924,0.504305934515689,0.5139648497427212,0.061143901771450834,0.6988485950258151,0.5220099521300576,0.0
lgb_cat_mean,0.25,43,2023,2-2,20380,0.25204906543957495,0.2518328134886184,0.00021625195095653638,0.49730127576054955,0.5089846402096386,0.06389688331354915,0.697189748013054,0.5311191833623342,0.0
lgb_cat_mean,0.5,43,2023,all,245525,0.2523470643919594,0.25223990698898685,0.0001071574029725686,0.49995723449750534,0.5115995369265927,0.06732147595685455,0.6980807316898884,0.5325701926720403,0.0
lgb_cat_mean,0.5,43,2023,slice,58362,0.25276444560208794,0.252313641630928,0.00045080397115992987,0.5012336794489565,0.5142757752310164,0.06009285393464409,0.6981254582608757,0.5243640156683163,0.0
lgb_cat_mean,0.5,43,2023,outside,187163,0.25221691472463453,0.25221691472463453,0.0,0.49955920774939494,0.510765020382603,0.06940065581205052,0.698066784851379,0.5350766363666132,0.0
lgb_cat_mean,0.5,43,2023,R,219839,0.24836109889742417,0.24832824830885253,3.285058857163681e-05,0.5031181910398064,0.4934496500262951,0.04233915386572413,0.6897913158866642,0.5471144783201436,0.0
lgb_cat_mean,0.5,43,2023,F,25686,0.28646178324087057,0.28571865543491304,0.000743127805957533,0.47290352721326795,0.6669391377314863,0.03208796115668837,0.7690274295317112,0.5397904585293701,0.0
lgb_cat_mean,0.5,43,2023,0-2,14526,0.2535732385869789,0.25291005664009697,0.0006631819468819189,0.5017898939832025,0.5154655675479021,0.05890420016280828,0.6993548496708761,0.51919718551256,0.0
lgb_cat_mean,0.5,43,2023,1-2,23456,0.2528851362916125,0.25249222727123627,0.0003929090203762531,0.504305934515689,0.5158529937448431,0.05918472155209398,0.6984709886280549,0.5216748466106453,0.0
lgb_cat_mean,0.5,43,2023,2-2,20380,0.25204906543957495,0.2516830023177652,0.00036606312180975653,0.49730127576054955,0.5116124699976794,0.061852013287120644,0.696851518127695,0.5306810185482805,0.0
residual,0.1,43,2023,all,245525,0.2523470643919594,0.25234505145083946,2.012941119955425e-06,0.49995723449750534,0.5107608499514406,0.06826952257493152,0.6983144041237829,0.5325615529875146,0.0
residual,0.1,43,2023,slice,58362,0.25276444560208794,0.2527559772944825,8.46830760542483e-06,0.5012336794489565,0.510747475659819,0.06450839716713959,0.6991085024391412,0.5241791656717318,0.0
residual,0.1,43,2023,outside,187163,0.25221691472463453,0.25221691472463453,0.0,0.49955920774939494,0.510765020382603,0.06940065581205052,0.698066784851379,0.5350766363666132,0.0
residual,0.1,43,2023,R,219839,0.24836109889742417,0.24835525540911582,5.843488308343581e-06,0.5031181910398064,0.49228723979119676,0.042680174609373206,0.6898460637662338,0.5471140727523289,0.0
residual,0.1,43,2023,F,25686,0.28646178324087057,0.2864925548385403,-3.077159766973203e-05,0.47290352721326795,0.6688711039426347,0.032253668698798456,0.7707924651633853,0.5392981420395049,0.0
residual,0.1,43,2023,0-2,14526,0.2535732385869789,0.2535523322731471,2.0906313831781098e-05,0.5017898939832025,0.5128135354358426,0.0634291254536288,0.7007518629818749,0.5165871530338114,0.0
residual,0.1,43,2023,1-2,23456,0.2528851362916125,0.25288352937281466,1.6069187978584587e-06,0.504305934515689,0.5127312107948303,0.06345440989131852,0.6993504823392274,0.5221691797835623,0.0
residual,0.1,43,2023,2-2,20380,0.25204906543957495,0.2520415654215953,7.500017979666929e-06,0.49730127576054955,0.5069917310261908,0.06628197903192456,0.6976586822340302,0.5312625047461996,0.0
residual,0.25,43,2023,all,245525,0.2523470643919594,0.2523446930353671,2.371356592312246e-06,0.49995723449750534,0.510991155096029,0.06829292380401766,0.6983156382797007,0.5325841542968632,0.0
residual,0.25,43,2023,slice,58362,0.25276444560208794,0.2527544694647499,9.976137338052471e-06,0.5012336794489565,0.5117163538789528,0.06460718110786959,0.6991136944498979,0.524363547684722,0.0
residual,0.25,43,2023,outside,187163,0.25221691472463453,0.25221691472463453,0.0,0.49955920774939494,0.510765020382603,0.06940065581205052,0.698066784851379,0.5350766363666132,0.0
residual,0.25,43,2023,R,219839,0.24836109889742417,0.24834917803138698,1.1920866037185007e-05,0.5031181910398064,0.49253256161800846,0.04277375786042551,0.6898339575471173,0.5471429387518512,0.0
residual,0.25,43,2023,F,25686,0.28646178324087057,0.28654114335694214,-7.936011607156956e-05,0.47290352721326795,0.6689728856735639,0.03236933086242434,0.7709078757074977,0.5391471736170241,0.0
residual,0.25,43,2023,0-2,14526,0.2535732385869789,0.2535322463530588,4.0992233920067456e-05,0.5017898939832025,0.5137847623334472,0.06354203457110316,0.7007220585770042,0.5172812887265338,0.0
residual,0.25,43,2023,1-2,23456,0.2528851362916125,0.25289225936941384,-7.123077801318711e-06,0.504305934515689,0.5137129683761771,0.06355940718082125,0.6993763643154788,0.5223377686372717,0.0
residual,0.25,43,2023,2-2,20380,0.25204906543957495,0.2520415162221898,7.549217385161011e-06,0.49730127576054955,0.5079441119330802,0.066363156200269,0.6976650054568942,0.5311634226377289,0.0
residual,0.5,43,2023,all,245525,0.2523470643919594,0.25235119166613323,-4.1272741738151986e-06,0.49995723449750534,0.5113749970036764,0.06838208764995221,0.6983326601062284,0.5325500774231137,0.0
residual,0.5,43,2023,slice,58362,0.25276444560208794,0.2527818087663304,-1.736316424244544e-05,0.5012336794489565,0.5133311509108424,0.06496942101301123,0.6991853041267114,0.524469606742065,0.0
residual,0.5,43,2023,outside,187163,0.25221691472463453,0.25221691472463453,0.0,0.49955920774939494,0.510765020382603,0.06940065581205052,0.698066784851379,0.5350766363666132,0.0
residual,0.5,43,2023,R,219839,0.24836109889742417,0.24834621668112883,1.4882216295336592e-05,0.5031181910398064,0.4929414313293612,0.04300956780817815,0.6898282566919558,0.547101152023903,0.0
residual,0.5,43,2023,F,25686,0.28646178324087057,0.28662860721267147,-0.00016682397180090014,0.47290352721326795,0.6691425218917795,0.03265988247286667,0.771119374354859,0.5388225501608059,0.0
residual,0.5,43,2023,0-2,14526,0.2535732385869789,0.2535288326213368,4.440596564209143e-05,0.5017898939832025,0.5154034738294547,0.06393241951868968,0.7007360232376288,0.5181853750636984,0.0
residual,0.5,43,2023,1-2,23456,0.2528851362916125,0.2529365170298685,-5.1380738256001646e-05,0.504305934515689,0.5153492310117551,0.0639331602757385,0.6994819818966393,0.5224134144057624,0.0
residual,0.5,43,2023,2-2,20380,0.25204906543957495,0.25207130309668485,-2.2237657109902553e-05,0.49730127576054955,0.5095314134445628,0.06669222138609691,0.697738561262304,0.5308338744663008,0.0
lgb,0.1,43,2024,all,253507,0.24765471554060994,0.24764922891800883,5.486622601108548e-06,0.4861049201797189,0.49000668813133064,0.04453356820476179,0.6884270772376212,0.5525896291931882,0.0
lgb,0.1,43,2024,slice,61194,0.2486289835699724,0.2486062542625938,2.272930737859391e-05,0.49393731411576297,0.4914539879840018,0.04125158278430211,0.6903537732776112,0.5414119129732455,0.0
lgb,0.1,43,2024,outside,192313,0.24734470343644216,0.24734470343644216,0.0,0.48361265229079675,0.4895461572926232,0.04551865443748102,0.6878140025236334,0.5558880657742784,0.0
lgb,0.1,43,2024,R,223497,0.24775695980089035,0.24775360738595345,3.3524149369024148e-06,0.4897067969592433,0.4932781243979403,0.04454284641847574,0.6886369227352338,0.5523023514651199,0.0
lgb,0.1,43,2024,F,30010,0.24689325984451227,0.24687187888634624,2.1380958166034025e-05,0.45928023992002664,0.4656429363393127,0.036107987581844,0.686864270200638,0.5468700359896597,0.0
lgb,0.1,43,2024,0-2,16155,0.249464621711545,0.24943283139325176,3.179031829322887e-05,0.49229340761374185,0.4920827472171481,0.039565853151281846,0.6920147137704996,0.5283140912627597,0.0
lgb,0.1,43,2024,1-2,24399,0.24851924638837675,0.24848729322039068,3.195316798607073e-05,0.497807287183901,0.493451587221141,0.040663242844852135,0.6901150237827558,0.5439829781753378,0.0
lgb,0.1,43,2024,2-2,20640,0.24810464942833713,0.24809991593521658,4.733493120551158e-06,0.49064922480620154,0.4886004497476434,0.04303634977961205,0.6893359804124151,0.5481110668785882,0.0
lgb,0.25,43,2024,all,253507,0.24765471554060994,0.2476457047158776,9.010824732341716e-06,0.4861049201797189,0.4904416095938684,0.04438881877490482,0.6884198455310164,0.5526796821544282,0.0
lgb,0.25,43,2024,slice,61194,0.2486289835699724,0.24859165463011854,3.732893985386454e-05,0.49393731411576297,0.4932557272918353,0.04050546620484748,0.6903238146501917,0.5414842262174338,0.0
lgb,0.25,43,2024,outside,192313,0.24734470343644216,0.24734470343644216,0.0,0.48361265229079675,0.4895461572926232,0.04551865443748102,0.6878140025236334,0.5558880657742784,0.0
lgb,0.25,43,2024,R,223497,0.24775695980089035,0.24775328022123727,3.6795796530819658e-06,0.4897067969592433,0.4937394977366028,0.044392028916942855,0.68863619774483,0.5523646294583952,0.0
lgb,0.25,43,2024,F,30010,0.24689325984451227,0.24684454501173342,4.8714832778851136e-05,0.45928023992002664,0.4658808596359639,0.03583316452879482,0.6868085802617505,0.5473121733451352,0.0
lgb,0.25,43,2024,0-2,16155,0.249464621711545,0.24940310804056892,6.151367097606553e-05,0.49229340761374185,0.4935908718975831,0.038771277529617586,0.6919546645763107,0.5285670097362114,0.0
lgb,0.25,43,2024,1-2,24399,0.24851924638837675,0.24845716531703424,6.208107134250684e-05,0.497807287183901,0.4951387630365146,0.04004425749909794,0.6900538797397485,0.5442956945831217,0.0
lgb,0.25,43,2024,2-2,20640,0.24810464942833713,0.24811551000337992,-1.0860575042792586e-05,0.49064922480620154,0.49076743028406944,0.04221071543586302,0.68936643874532,0.547726077052199,0.0
lgb,0.5,43,2024,all,253507,0.24765471554060994,0.24765237966371306,2.33587689688064e-06,0.4861049201797189,0.49116647869809804,0.04427891950550433,0.6884331095558572,0.5526763607478435,0.0
lgb,0.5,43,2024,slice,61194,0.2486289835699724,0.2486193067855735,9.67678439889319e-06,0.49393731411576297,0.4962586261382246,0.03970620451245647,0.6903787632259564,0.5411862631313578,0.0
lgb,0.5,43,2024,outside,192313,0.24734470343644216,0.24734470343644216,0.0,0.48361265229079675,0.4895461572926232,0.04551865443748102,0.6878140025236334,0.5558880657742784,0.0
lgb,0.5,43,2024,R,223497,0.24775695980089035,0.24776527216721522,-8.312366324869647e-06,0.4897067969592433,0.49450845330104043,0.04427062785620611,0.6886602310361181,0.5523118649935665,0.0
lgb,0.5,43,2024,F,30010,0.24689325984451227,0.24681162205440837,8.163779010389449e-05,0.45928023992002664,0.46627739846371574,0.03554498248518484,0.6867416410628924,0.5478634869315206,0.0
lgb,0.5,43,2024,0-2,16155,0.249464621711545,0.24940146811878297,6.315359276201638e-05,0.49229340761374185,0.4961044130316417,0.03791122587917215,0.6919511743085773,0.5288195756139007,0.0
lgb,0.5,43,2024,1-2,24399,0.24851924638837675,0.248454423741101,6.482264727575293e-05,0.497807287183901,0.49795072272880403,0.03943477527016168,0.6900476836545695,0.5443378918121907,0.0
lgb,0.5,43,2024,2-2,20640,0.24810464942833713,0.24820201827123642,-9.736884289929248e-05,0.49064922480620154,0.49437906451144625,0.04128059553528415,0.6895394080623193,0.5465925981732745,0.0
cat,0.1,43,2024,all,253507,0.24765471554060994,0.24764886586745088,5.849673159058488e-06,0.4861049201797189,0.4899772801965187,0.044527928924185625,0.6884263147690404,0.5525785375626378,0.0
cat,0.1,43,2024,slice,61194,0.2486289835699724,0.24860475026125703,2.4233308715371216e-05,0.49393731411576297,0.49133216039746774,0.04123049642283858,0.6903506146162625,0.5413583879465984,0.0
cat,0.1,43,2024,outside,192313,0.24734470343644216,0.24734470343644216,0.0,0.48361265229079675,0.4895461572926232,0.04551865443748102,0.6878140025236334,0.5558880657742784,0.0
cat,0.1,43,2024,R,223497,0.24775695980089035,0.24775360584900913,3.3539518812242264e-06,0.4897067969592433,0.49322904820749053,0.04453375466075358,0.6886368761187462,0.5522759276943356,0.0
cat,0.1,43,2024,F,30010,0.24689325984451227,0.24686882349296438,2.44363515478907e-05,0.45928023992002664,0.4657600061162738,0.036244269082739526,0.686858176482629,0.5470106554937237,0.0
cat,0.1,43,2024,0-2,16155,0.249464621711545,0.24943400997416842,3.061173737656242e-05,0.49229340761374185,0.4920913331443883,0.03945305390435572,0.6920166622797864,0.5280888285612869,0.0
cat,0.1,43,2024,1-2,24399,0.24851924638837675,0.24848231147309205,3.693491528469761e-05,0.497807287183901,0.49336136726594754,0.04062748983913382,0.6901047600971645,0.543961207630404,0.0
cat,0.1,43,2024,2-2,20640,0.24810464942833713,0.24810042338772761,4.226040609511816e-06,0.49064922480620154,0.4883391829696317,0.04308451728227083,0.6893372233569234,0.5481264756765338,0.0
cat,0.25,43,2024,all,253507,0.24765471554060994,0.2476451858100601,9.529730549850957e-06,0.4861049201797189,0.4903680897568388,0.04437973696961122,0.6884187296800767,0.552647909563591,0.0
cat,0.25,43,2024,slice,61194,0.2486289835699724,0.24858950497072238,3.9478599250020174e-05,0.49393731411576297,0.4929511583255001,0.04048452629685555,0.6903191920397371,0.5413149826931101,0.0
cat,0.25,43,2024,outside,192313,0.24734470343644216,0.24734470343644216,0.0,0.48361265229079675,0.4895461572926232,0.04551865443748102,0.6878140025236334,0.5558880657742784,0.0
cat,0.25,43,2024,R,223497,0.24775695980089035,0.2477533991100076,3.560690882753459e-06,0.4897067969592433,0.4936168072604783,0.0443717757787719,0.6886363328351902,0.552299051868514,0.0
cat,0.25,43,2024,F,30010,0.24689325984451227,0.24683927618332294,5.3983661189332954e-05,0.45928023992002664,0.46617353407836654,0.03620559842602404,0.6867981481286478,0.547616767339018,0.0
cat,0.25,43,2024,0-2,16155,0.249464621711545,0.24940931599877303,5.530571277195806e-05,0.49229340761374185,0.4936123367156836,0.038524346386176814,0.6919662273589378,0.5279900557570409,0.0
cat,0.25,43,2024,1-2,24399,0.24851924638837675,0.24844707669950536,7.216968887138742e-05,0.497807287183901,0.49491321314853076,0.03999216048523186,0.6900331011046178,0.5442099226676647,0.0
cat,0.25,43,2024,2-2,20640,0.24810464942833713,0.24811620362533804,-1.1554197000912536e-05,0.49064922480620154,0.4901142633390402,0.04235699328209912,0.6893682461649453,0.5477354557079435,0.0
cat,0.5,43,2024,all,253507,0.24765471554060994,0.247652637587336,2.077953273948996e-06,0.4861049201797189,0.4910194390240385,0.04427762921673664,0.6884335067989182,0.5525962774566986,0.0
cat,0.5,43,2024,slice,61194,0.2486289835699724,0.24862037527993383,8.608290038569777e-06,0.49393731411576297,0.4956494882055542,0.03977475931586778,0.6903804088758007,0.5406965147195698,0.0
cat,0.5,43,2024,outside,192313,0.24734470343644216,0.24734470343644216,0.0,0.48361265229079675,0.4895461572926232,0.04551865443748102,0.6878140025236334,0.5558880657742784,0.0
cat,0.5,43,2024,R,223497,0.24775695980089035,0.24776591904852538,-8.959247635026424e-06,0.4897067969592433,0.4942630723487913,0.04423855073961293,0.6886613356726615,0.5521734786124924,0.0
cat,0.5,43,2024,F,30010,0.24689325984451227,0.24680898324773468,8.42765967775938e-05,0.45928023992002664,0.46686274734852107,0.03639187327848508,0.686736770051331,0.5482634413420162,0.0
cat,0.5,43,2024,0-2,16155,0.249464621711545,0.24942475572156594,3.9865989979043226e-05,0.49229340761374185,0.49614734266784255,0.03754653923004963,0.6919965442897098,0.527355643998837,0.0
cat,0.5,43,2024,1-2,24399,0.24851924638837675,0.24844213234176843,7.711404660831755e-05,0.497807287183901,0.49749962295283623,0.03945989385247824,0.6900223522804996,0.5441317502850228,0.0
cat,0.5,43,2024,2-2,20640,0.24810464942833713,0.24820148881742082,-9.683938908369716e-05,0.49064922480620154,0.4930727306213875,0.04165926524632844,0.6895387206615102,0.5464646548991416,0.0
lgb_cat_mean,0.1,43,2024,all,253507,0.24765471554060994,0.24764882068686497,5.894853744969897e-06,0.4861049201797189,0.4899919841639247,0.04452820551071549,0.688426237708932,0.5525872321021263,0.0
lgb_cat_mean,0.1,43,2024,slice,61194,0.2486289835699724,0.24860456309266546,2.442047730694119e-05,0.49393731411576297,0.4913930741907348,0.0412296980339683,0.6903502953810952,0.5413951230703726,0.0
lgb_cat_mean,0.1,43,2024,outside,192313,0.24734470343644216,0.24734470343644216,0.0,0.48361265229079675,0.4895461572926232,0.04551865443748102,0.6878140025236334,0.5558880657742784,0.0
lgb_cat_mean,0.1,43,2024,R,223497,0.24775695980089035,0.24775340075716706,3.5590437232890793e-06,0.4897067969592433,0.49325358630271543,0.04453599642340963,0.6886364838681837,0.5522921256557732,0.0
lgb_cat_mean,0.1,43,2024,F,30010,0.24689325984451227,0.24686996923827095,2.3290606241316292e-05,0.45928023992002664,0.46570147122779326,0.036170960441010036,0.6868604467774347,0.5469490499282559,0.0
lgb_cat_mean,0.1,43,2024,0-2,16155,0.249464621711545,0.24943250735616343,3.211435538155727e-05,0.49229340761374185,0.4920870401807681,0.03949793399492316,0.6920138372258516,0.5282179705918577,0.0
lgb_cat_mean,0.1,43,2024,1-2,24399,0.24851924638837675,0.248483889224414,3.535716396274591e-05,0.497807287183901,0.4934064772435442,0.04063416096373728,0.6901080466320757,0.5439842582027483,0.0
lgb_cat_mean,0.1,43,2024,2-2,20640,0.24810464942833713,0.2480991794751586,5.469953178516285e-06,0.49064922480620154,0.48846981635863757,0.04304913930229634,0.6893346029743747,0.548134008657913,0.0
lgb_cat_mean,0.25,43,2024,all,253507,0.24765471554060994,0.24764402835131322,1.0687189296726407e-05,0.4861049201797189,0.49040484967535364,0.04436832859707067,0.6884164262527328,0.5526822595116214,0.0
lgb_cat_mean,0.25,43,2024,slice,61194,0.2486289835699724,0.24858470999254595,4.427357742645133e-05,0.49393731411576297,0.49310344280866775,0.04042274376716335,0.6903096496833675,0.5414770587792577,0.0
lgb_cat_mean,0.25,43,2024,outside,192313,0.24734470343644216,0.24734470343644216,0.0,0.48361265229079675,0.4895461572926232,0.04551865443748102,0.6878140025236334,0.5558880657742784,0.0
lgb_cat_mean,0.25,43,2024,R,223497,0.24775695980089035,0.24775205303865858,4.906762231776662e-06,0.4897067969592433,0.4936781524985405,0.04436744859507395,0.6886336703181104,0.5523489269932308,0.0
lgb_cat_mean,0.25,43,2024,F,30010,0.24689325984451227,0.24683952340137588,5.373644313638737e-05,0.45928023992002664,0.46602719685716526,0.03598700789447616,0.6867985189924953,0.5475148902397715,0.0
lgb_cat_mean,0.25,43,2024,0-2,16155,0.249464621711545,0.24940050372250455,6.411798904043531e-05,0.49229340761374185,0.49360160430663336,0.03857409014997704,0.6919488923249826,0.5283426668497712,0.0
lgb_cat_mean,0.25,43,2024,1-2,24399,0.24851924638837675,0.24844641399372394,7.283239465280533e-05,0.497807287183901,0.4950259880925227,0.039947007811692574,0.6900319659607536,0.5443337963964077,0.0
lgb_cat_mean,0.25,43,2024,2-2,20640,0.24810464942833713,0.24810966814989951,-5.018721562388695e-06,0.49064922480620154,0.4904408468115548,0.04221193766055605,0.689354864812862,0.5478043514915035,0.0
lgb_cat_mean,0.5,43,2024,all,253507,0.24765471554060994,0.24764684097890216,7.874561707782446e-06,0.4861049201797189,0.49109295886106813,0.044214288859586844,0.6884218738399048,0.5527106542926324,0.0
lgb_cat_mean,0.5,43,2024,slice,61194,0.2486289835699724,0.2485963618012557,3.262176871671185e-05,0.49393731411576297,0.49595405717188945,0.03944515950617297,0.6903322172795573,0.5412497551597137,0.0
lgb_cat_mean,0.5,43,2024,outside,192313,0.24734470343644216,0.24734470343644216,0.0,0.48361265229079675,0.4895461572926232,0.04551865443748102,0.6878140025236334,0.5558880657742784,0.0
lgb_cat_mean,0.5,43,2024,R,223497,0.24775695980089035,0.24776044910001485,-3.4892991244983573e-06,0.4897067969592433,0.4943857628249159,0.04419657765324732,0.6886504110479,0.5523126385605859,0.0
lgb_cat_mean,0.5,43,2024,F,30010,0.24689325984451227,0.2468007538664623,9.250597804996707e-05,0.45928023992002664,0.46657007290611846,0.035839140391681804,0.6867198618313987,0.5482386645345958,0.0
lgb_cat_mean,0.5,43,2024,0-2,16155,0.249464621711545,0.24939027873150874,7.434298003625162e-05,0.49229340761374185,0.49612587784974205,0.037425514024263286,0.6919277013656435,0.5284017802958634,0.0
lgb_cat_mean,0.5,43,2024,1-2,24399,0.24851924638837675,0.24842544998325122,9.379640512552356e-05,0.497807287183901,0.4977251728408201,0.03915756856977982,0.68998894340187,0.5445409390998706,0.0
lgb_cat_mean,0.5,43,2024,2-2,20640,0.24810464942833713,0.24817699888649086,-7.23494581537365e-05,0.49064922480620154,0.49372589756641694,0.04117599960566988,0.6894892179545076,0.5468430885896174,0.0
residual,0.1,43,2024,all,253507,0.24765471554060994,0.24766630767415884,-1.1592133548898875e-05,0.4861049201797189,0.4895702519519393,0.045086652299275096,0.6884621504182404,0.5523710116915432,0.0
residual,0.1,43,2024,slice,61194,0.2486289835699724,0.24867700603948883,-4.802246951643441e-05,0.49393731411576297,0.48964597369291146,0.043701132308577306,0.6904990701498404,0.5410740695945192,0.0
residual,0.1,43,2024,outside,192313,0.24734470343644216,0.24734470343644216,0.0,0.48361265229079675,0.4895461572926232,0.04551865443748102,0.6878140025236334,0.5558880657742784,0.0
residual,0.1,43,2024,R,223497,0.24775695980089035,0.24775185620840132,5.103592489036357e-06,0.4897067969592433,0.49326418507276126,0.044789233072249836,0.6886334853175841,0.5523347832383722,0.0
residual,0.1,43,2024,F,30010,0.24689325984451227,0.2470291920207905,-0.00013593217627821952,0.45928023992002664,0.4620599896825495,0.037060034629168064,0.6871861478857979,0.543940774850153,0.0
residual,0.1,43,2024,0-2,16155,0.249464621711545,0.2495587883279709,-9.416661642591695e-05,0.49229340761374185,0.490384183573217,0.04217925988612329,0.6922705922557274,0.5275243074153066,0.0
residual,0.1,43,2024,1-2,24399,0.24851924638837675,0.2485743993401818,-5.5152951805054196e-05,0.497807287183901,0.49175829653975534,0.04309392244511,0.6902933665558183,0.5433484003870372,0.0
residual,0.1,43,2024,2-2,20640,0.24810464942833713,0.2481081256124523,-3.4761841151698114e-06,0.49064922480620154,0.4865711507395936,0.045378773622095483,0.6893556603809422,0.5485235727510498,0.0
residual,0.25,43,2024,all,253507,0.24765471554060994,0.24771121019954556,-5.649465893561856e-05,0.4861049201797189,0.4893505191453898,0.04601444786238759,0.6885549416321459,0.5520453109689795,0.0
residual,0.25,43,2024,slice,61194,0.2486289835699724,0.24886302271601285,-0.00023403914604044895,0.49393731411576297,0.4887356915641094,0.04753367818222924,0.6908834742133692,0.5403431073487333,0.0
residual,0.25,43,2024,outside,192313,0.24734470343644216,0.24734470343644216,0.0,0.48361265229079675,0.4895461572926232,0.04551865443748102,0.6878140025236334,0.5558880657742784,0.0
residual,0.25,43,2024,R,223497,0.24775695980089035,0.2477487268743071,8.232926583251476e-06,0.4897067969592433,0.49370464942365544,0.04500593112230604,0.688627262504645,0.5524508303882728,0.0
residual,0.25,43,2024,F,30010,0.24689325984451227,0.2474318078583532,-0.0005385480138409282,0.45928023992002664,0.4569234929940557,0.04010319029111313,0.6880163378986938,0.5386381669578204,0.0
residual,0.25,43,2024,0-2,16155,0.249464621711545,0.24981636719703837,-0.00035174548549338214,0.49229340761374185,0.4893444627877555,0.04623473681008383,0.6927994670858981,0.5267442429466973,0.0
residual,0.25,43,2024,1-2,24399,0.24851924638837675,0.24876922596093265,-0.00024997957255590286,0.497807287183901,0.49090553633305045,0.0470142239766356,0.6906960068858332,0.5424793860824588,0.0
residual,0.25,43,2024,2-2,20640,0.24810464942833713,0.248227715881528,-0.00012306645319087872,0.49064922480620154,0.48569418276394516,0.04896667201701371,0.6896054291779448,0.5480510331498051,0.0
residual,0.5,43,2024,all,253507,0.24765471554060994,0.24785941927535882,-0.00020470373474887338,0.4861049201797189,0.488984297801141,0.048284141815646935,0.6888671826850866,0.5515477424363067,0.0
residual,0.5,43,2024,slice,61194,0.2486289835699724,0.24947700510288412,-0.0008480215329117191,0.49393731411576297,0.4872185546827727,0.05605793213057639,0.6921769881625759,0.5393642525925806,0.0
residual,0.5,43,2024,outside,192313,0.24734470343644216,0.24734470343644216,0.0,0.48361265229079675,0.4895461572926232,0.04551865443748102,0.6878140025236334,0.5558880657742784,0.0
residual,0.5,43,2024,R,223497,0.24775695980089035,0.2477555807965217,1.3790043686401354e-06,0.4897067969592433,0.49443875667514575,0.04548814990744686,0.6886413724146401,0.5525205179935634,0.0
residual,0.5,43,2024,F,30010,0.24689325984451227,0.24863274778267874,-0.001739487938166473,0.45928023992002664,0.4483626651798994,0.04911501947484669,0.6905488860510981,0.5301809481342662,0.0
residual,0.5,43,2024,0-2,16155,0.249464621711545,0.25055587583062716,-0.0010912541190821745,0.49229340761374185,0.4876115948119863,0.05514216549091407,0.6943507635827499,0.5262481407088886,0.0
residual,0.5,43,2024,1-2,24399,0.24851924638837675,0.2493928628436326,-0.0008736164552558545,0.497807287183901,0.48948426932187555,0.05563077336397,0.6920100695682134,0.5414357034706105,0.0
residual,0.5,43,2024,2-2,20640,0.24810464942833713,0.24873203564439525,-0.0006273862160581234,0.49064922480620154,0.4842325694711975,0.05712695776066531,0.6906728847164005,0.5469248524336381,0.0
lgb,0.1,44,2022,all,247472,0.24313201729617934,0.24312299854583014,9.018750349198967e-06,0.5289204435249241,0.5251745022932264,0.0776334075711942,0.679041422940927,0.580944557375096,0.0
lgb,0.1,44,2022,slice,59575,0.2446615883773926,0.24462412487447327,3.746350291933265e-05,0.5264288711707931,0.522919864004527,0.07188589491758364,0.6821465749567673,0.5689117055923031,0.0
lgb,0.1,44,2022,outside,187897,0.24264704841874501,0.24264704841874501,0.0,0.5297104264570482,0.5258893624349491,0.07935549695058111,0.678056897209576,0.5846405263550047,0.0
lgb,0.1,44,2022,R,217024,0.24828303927859774,0.2482739161521542,9.123126443549845e-06,0.5036908360365674,0.500285424255132,0.040938093963799806,0.689683112681009,0.5469653877896707,0.0
lgb,0.1,44,2022,F,30448,0.20641711337104868,0.20640883858146872,8.27478957995953e-06,0.7087493431424067,0.7025762124922333,0.03395494542160418,0.6031907242365268,0.5244675328774241,0.0
lgb,0.1,44,2022,0-2,15595,0.24553331305874085,0.24550668601370176,2.6627045039084862e-05,0.5218339211285669,0.5232236078183167,0.07038659242805691,0.6839567719895581,0.5605483645679812,0.0
lgb,0.1,44,2022,1-2,23740,0.24545244465670835,0.24540250445798167,4.9940198726672325e-05,0.5291491154170177,0.5232289910214601,0.0706096838363189,0.6837775719040863,0.5628194372409538,0.0
lgb,0.1,44,2022,2-2,20240,0.24306230604159304,0.24303112723224216,3.1178809350884684e-05,0.5267786561264822,0.5223232454196433,0.07446274349657057,0.6788387740548042,0.5821011778657548,0.0
lgb,0.25,44,2022,all,247472,0.24313201729617934,0.24311457710242082,1.7440193758516687e-05,0.5289204435249241,0.5253256710878895,0.07726254073999748,0.6790239453861626,0.5810013068158386,0.0
lgb,0.25,44,2022,slice,59575,0.2446615883773926,0.24458914255901573,7.244581837687059e-05,0.5264288711707931,0.5235478127070512,0.07022454571906246,0.6820739739423718,0.5691533151183394,0.0
lgb,0.25,44,2022,outside,187897,0.24264704841874501,0.24264704841874501,0.0,0.5297104264570482,0.5258893624349491,0.07935549695058111,0.678056897209576,0.5846405263550047,0.0
lgb,0.25,44,2022,R,217024,0.24828303927859774,0.2482644919291172,1.854734948053549e-05,0.5036908360365674,0.500582685014711,0.04085219923693769,0.6896640196609205,0.5470344628124826,0.0
lgb,0.25,44,2022,F,30448,0.20641711337104868,0.20640756464350896,9.548727539721025e-06,0.7087493431424067,0.7016860825942445,0.034002428518811315,0.603184761222834,0.5247406352797471,0.0
lgb,0.25,44,2022,0-2,15595,0.24553331305874085,0.24548764237864035,4.567068010050135e-05,0.5218339211285669,0.5237219747668838,0.06875420111599097,0.6839195188916419,0.5608050998906386,0.0
lgb,0.25,44,2022,1-2,23740,0.24545244465670835,0.24534762268696902,0.00010482196973932156,0.5291491154170177,0.5237467925682969,0.06905943232587913,0.6836575470417932,0.5628899267612602,0.0
lgb,0.25,44,2022,2-2,20240,0.24306230604159304,0.24300720466748124,5.510137411179894e-05,0.5267786561264822,0.5231802317174731,0.07265724987510862,0.6787945619431559,0.582517636298309,0.0
lgb,0.5,44,2022,all,247472,0.24313201729617934,0.24311415918237742,1.7858113801921816e-05,0.5289204435249241,0.525577619078995,0.07672857034322456,0.6790236044352757,0.5809814804468643,0.0
lgb,0.5,44,2022,slice,59575,0.2446615883773926,0.2445874065370436,7.418184034899133e-05,0.5264288711707931,0.5245943938779248,0.06777027629707308,0.6820725576469805,0.5691476902207293,0.0
lgb,0.5,44,2022,outside,187897,0.24264704841874501,0.24264704841874501,0.0,0.5297104264570482,0.5258893624349491,0.07935549695058111,0.678056897209576,0.5846405263550047,0.0
lgb,0.5,44,2022,R,217024,0.24828303927859774,0.24826014613506442,2.289314353332017e-05,0.5036908360365674,0.5010781196140094,0.04084313618351463,0.6896551457779433,0.5470069278075881,0.0
lgb,0.5,44,2022,F,30448,0.20641711337104868,0.2064351434040029,-1.8030032954224895e-05,0.7087493431424067,0.700202532764263,0.03446336762082609,0.603245240393266,0.5248267975618515,0.0
lgb,0.5,44,2022,0-2,15595,0.24553331305874085,0.2455116281401973,2.168491854354082e-05,0.5218339211285669,0.5245525863478286,0.06635667076670745,0.683973790186227,0.5608264230939454,0.0
lgb,0.5,44,2022,1-2,23740,0.24545244465670835,0.24530956247415436,0.00014288218255398277,0.5291491154170177,0.5246097951463583,0.06678736804745206,0.6835721384621773,0.5626687657132592,0.0
lgb,0.5,44,2022,2-2,20240,0.24306230604159304,0.24302825545758747,3.4050584005573814e-05,0.5267786561264822,0.5246085422138561,0.06995731956952775,0.6788487547812537,0.5827668807311384,0.0
cat,0.1,44,2022,all,247472,0.24313201729617934,0.24312555589220264,6.4614039766985876e-06,0.5289204435249241,0.5252004661145954,0.07763341326441413,0.6790466292913789,0.5809084920055574,0.0
cat,0.1,44,2022,slice,59575,0.2446615883773926,0.24463474798184223,2.6840395550370433e-05,0.5264288711707931,0.5230277166071593,0.07188924165245068,0.6821682019136969,0.5687612958076059,0.0
cat,0.1,44,2022,outside,187897,0.24264704841874501,0.24264704841874501,0.0,0.5297104264570482,0.5258893624349491,0.07935549695058111,0.678056897209576,0.5846405263550047,0.0
cat,0.1,44,2022,R,217024,0.24828303927859774,0.24827634768366236,6.6915949353818505e-06,0.5036908360365674,0.5003142561494852,0.04094723460382314,0.6896880026936012,0.5469171265579387,0.0
cat,0.1,44,2022,F,30448,0.20641711337104868,0.20641229269758407,4.820673464606129e-06,0.7087493431424067,0.7025817335695373,0.033998247275628016,0.6031981853461653,0.5245449164201303,0.0
cat,0.1,44,2022,0-2,15595,0.24553331305874085,0.24552212787053693,1.1185188203921559e-05,0.5218339211285669,0.5233328210118556,0.07010775811759869,0.683987881764358,0.5604003050767055,0.0
cat,0.1,44,2022,1-2,23740,0.24545244465670835,0.2454146607153824,3.778394132594731e-05,0.5291491154170177,0.5233809717515382,0.0706458032321573,0.6838054626058382,0.562719378869535,0.0
cat,0.1,44,2022,2-2,20240,0.24306230604159304,0.24303623920425135,2.6066837341687243e-05,0.5267786561264822,0.5223782907020809,0.07463387729323315,0.6788457475608066,0.5819166608010549,0.0
cat,0.25,44,2022,all,247472,0.24313201729617934,0.24312299024971765,9.027046461690391e-06,0.5289204435249241,0.5253905806413119,0.07727548149534726,0.679041115861619,0.5808913503467938,0.0
cat,0.25,44,2022,slice,59575,0.2446615883773926,0.24462409041277747,3.7497964615135215e-05,0.5264288711707931,0.5238174442136323,0.07029009602885444,0.6821452993624658,0.5687015048525801,0.0
cat,0.25,44,2022,outside,187897,0.24264704841874501,0.24264704841874501,0.0,0.5297104264570482,0.5258893624349491,0.07935549695058111,0.678056897209576,0.5846405263550047,0.0
cat,0.25,44,2022,R,217024,0.24828303927859774,0.24827261948795362,1.0419790644117244e-05,0.5036908360365674,0.5006547647505936,0.04089958622153296,0.6896803959396476,0.5468888736281751,0.0
cat,0.25,44,2022,F,30448,0.20641711337104868,0.206418013377709,-9.00006660309316e-07,0.7087493431424067,0.7016998852875043,0.03413735923056163,0.6032075924888484,0.5248739258062749,0.0
cat,0.25,44,2022,0-2,15595,0.24553331305874085,0.24553924669665628,-5.933637915428447e-06,0.5218339211285669,0.5239950077507307,0.06813139044666358,0.6840246389597818,0.5602443029393755,0.0
cat,0.25,44,2022,1-2,23740,0.24545244465670835,0.2453854266956747,6.70179610336441e-05,0.5291491154170177,0.5241267443934924,0.06920183247708633,0.6837418449474324,0.5626217988122266,0.0
cat,0.25,44,2022,2-2,20240,0.24306230604159304,0.24302596859444403,3.633744714900966e-05,0.5267786561264822,0.5233178449235668,0.07313413297234328,0.6788246327020288,0.5819123913407668,0.0
cat,0.5,44,2022,all,247472,0.24313201729617934,0.24313771808152304,-5.700785343704107e-06,0.5289204435249241,0.5257074381858396,0.0767979944211854,0.6790717415106416,0.5807118224833288,0.0
cat,0.5,44,2022,slice,59575,0.2446615883773926,0.24468526919569877,-2.368081830617097e-05,0.5264288711707931,0.5251336568910873,0.06810231045843379,0.6822725169976301,0.5681298968127055,0.0
cat,0.5,44,2022,outside,187897,0.24264704841874501,0.24264704841874501,0.0,0.5297104264570482,0.5258893624349491,0.07935549695058111,0.678056897209576,0.5846405263550047,0.0
cat,0.5,44,2022,R,217024,0.24828303927859774,0.24828323035295788,-1.9107436013965362e-07,0.5036908360365674,0.5012222790857743,0.04101933179081596,0.6897017488981906,0.546650371988278,0.0
cat,0.5,44,2022,F,30448,0.20641711337104868,0.206462085685442,-4.497231439332117e-05,0.7087493431424067,0.7002301381507827,0.03481721338405037,0.6033043110299718,0.5250681292882574,0.0
cat,0.5,44,2022,0-2,15595,0.24553331305874085,0.2456581690293223,-0.0001248559705814556,0.5218339211285669,0.5250986523155227,0.06538330186733929,0.684274524530158,0.5594972328117761,0.0
cat,0.5,44,2022,1-2,23740,0.24545244465670835,0.24540988170891215,4.2562947796198625e-05,0.5291491154170177,0.5253696987967492,0.06725355212687725,0.6837894832117012,0.5621043225529803,0.0
cat,0.5,44,2022,2-2,20240,0.24306230604159304,0.24308572996797928,-2.3423926386240135e-05,0.5267786561264822,0.5248837686260438,0.07107882960409698,0.6789506748340027,0.5814193861855698,0.0
lgb_cat_mean,0.1,44,2022,all,247472,0.24313201729617934,0.24312394009706964,8.077199109696176e-06,0.5289204435249241,0.5251874842039108,0.07763124023022253,0.6790433298353609,0.5809299984892101,0.0
lgb_cat_mean,0.1,44,2022,slice,59575,0.2446615883773926,0.24462803603802097,3.3552339371634154e-05,0.5264288711707931,0.5229737903058431,0.07187784773240205,0.682154496114624,0.5688489914309945,0.0
lgb_cat_mean,0.1,44,2022,outside,187897,0.24264704841874501,0.24264704841874501,0.0,0.5297104264570482,0.5258893624349491,0.07935549695058111,0.678056897209576,0.5846405263550047,0.0
lgb_cat_mean,0.1,44,2022,R,217024,0.24828303927859774,0.24827479423299992,8.245045597821132e-06,0.5036908360365674,0.5002998402023087,0.040938542993809245,0.6896848750456831,0.5469457156885298,0.0
lgb_cat_mean,0.1,44,2022,F,30448,0.20641711337104868,0.20641023253019694,6.880840851736236e-06,0.7087493431424067,0.7025789730308853,0.03397170096551782,0.6031936612947357,0.5245096133466938,0.0
lgb_cat_mean,0.1,44,2022,0-2,15595,0.24553331305874085,0.2455129210795131,2.039197922773517e-05,0.5218339211285669,0.5232782144150862,0.07023675811303327,0.6839692367979923,0.5604926177389342,0.0
lgb_cat_mean,0.1,44,2022,1-2,23740,0.24545244465670835,0.2454072204385541,4.5224218154255036e-05,0.5291491154170177,0.5233049813864992,0.07061814291878865,0.6837886990917833,0.5627839147387022,0.0
lgb_cat_mean,0.1,44,2022,2-2,20240,0.24306230604159304,0.24303230382998114,3.0002211611895868e-05,0.5267786561264822,0.5223507680608621,0.07453911237504005,0.6788394338796988,0.5820296301327383,0.0
lgb_cat_mean,0.25,44,2022,all,247472,0.24313201729617934,0.24311667666390233,1.53406322770111e-05,0.5289204435249241,0.5253581258646007,0.07725538273877308,0.6790281907108654,0.5809680818968339,0.0
lgb_cat_mean,0.25,44,2022,slice,59575,0.2446615883773926,0.24459786404754183,6.372432985077281e-05,0.5264288711707931,0.5236826284603417,0.07019514190832364,0.6820916088394727,0.5690190968336646,0.0
lgb_cat_mean,0.25,44,2022,outside,187897,0.24264704841874501,0.24264704841874501,0.0,0.5297104264570482,0.5258893624349491,0.07935549695058111,0.678056897209576,0.5846405263550047,0.0
lgb_cat_mean,0.25,44,2022,R,217024,0.24828303927859774,0.24826644517785876,1.6594100738981377e-05,0.5036908360365674,0.5006187248826524,0.04085009101567403,0.6896679429950973,0.5469896197711267,0.0
lgb_cat_mean,0.25,44,2022,F,30448,0.20641711337104868,0.20641070707729994,6.406293748734138e-06,0.7087493431424067,0.7016929839408743,0.03403939386249719,0.6031913015971923,0.5248306591620986,0.0
lgb_cat_mean,0.25,44,2022,0-2,15595,0.24553331305874085,0.2455041578963594,2.9155162381444555e-05,0.5218339211285669,0.5238584912588072,0.06837576517385803,0.6839528250050796,0.5606026777658939,0.0
lgb_cat_mean,0.25,44,2022,1-2,23740,0.24545244465670835,0.24535801126552237,9.443339118597738e-05,0.5291491154170177,0.5239367684808947,0.06906932800257706,0.6836821251195658,0.562844384178682,0.0
lgb_cat_mean,0.25,44,2022,2-2,20240,0.24306230604159304,0.24300796545430228,5.4340587290757636e-05,0.5267786561264822,0.5232490383205199,0.07283695655505835,0.6787919782766246,0.5823153706171591,0.0
lgb_cat_mean,0.5,44,2022,all,247472,0.24313201729617934,0.2431175105832823,1.4506712897044416e-05,0.5289204435249241,0.5256425286324172,0.0767084017014956,0.6790303691306159,0.5809291415078488,0.0
lgb_cat_mean,0.5,44,2022,slice,59575,0.2446615883773926,0.24460132811295207,6.026026444053145e-05,0.5264288711707931,0.5248640253845062,0.06767887755651307,0.6821006579018727,0.568963498840289,0.0
lgb_cat_mean,0.5,44,2022,outside,187897,0.24264704841874501,0.24264704841874501,0.0,0.5297104264570482,0.5258893624349491,0.07935549695058111,0.678056897209576,0.5846405263550047,0.0
lgb_cat_mean,0.5,44,2022,R,217024,0.24828303927859774,0.2482632461213041,1.9793157293640506e-05,0.5036908360365674,0.5011501993498918,0.04082813674068865,0.6896613852939053,0.5469344176930576,0.0
lgb_cat_mean,0.5,44,2022,F,30448,0.20641711337104868,0.20644028681148635,-2.3173440437673776e-05,0.7087493431424067,0.7002163354575227,0.03452033437088389,0.6032557484060453,0.525045064195577,0.0
lgb_cat_mean,0.5,44,2022,0-2,15595,0.24553331305874085,0.24554775201960416,-1.443896086331109e-05,0.5218339211285669,0.5248256193316757,0.0655897853405011,0.6840474251983581,0.5604559365561208,0.0
lgb_cat_mean,0.5,44,2022,1-2,23740,0.24545244465670835,0.2453256683883353,0.00012677626837304112,0.5291491154170177,0.5249897469715537,0.06676741018180736,0.6836107311880759,0.5626619432278628,0.0
lgb_cat_mean,0.5,44,2022,2-2,20240,0.24306230604159304,0.24302250800614195,3.979803545109406e-05,0.5267786561264822,0.5247461554199498,0.07027551152694482,0.6788294634451952,0.5824594649018833,0.0
residual,0.1,44,2022,all,247472,0.24313201729617934,0.24313239895710906,-3.8166092972136134e-07,0.5289204435249241,0.5253218324032851,0.07823414991813273,0.6790629517394676,0.5808720634166873,0.0
residual,0.1,44,2022,slice,59575,0.2446615883773926,0.24466317378055838,-1.585403165776933e-06,0.5264288711707931,0.523531866975512,0.07455882335557418,0.6822360046644044,0.5686508903806052,0.0
residual,0.1,44,2022,outside,187897,0.24264704841874501,0.24264704841874501,0.0,0.5297104264570482,0.5258893624349491,0.07935549695058111,0.678056897209576,0.5846405263550047,0.0
residual,0.1,44,2022,R,217024,0.24828303927859774,0.24828092794367684,2.1113349208956578e-06,0.5036908360365674,0.5001884709290685,0.04101236055542145,0.689697275770641,0.5468844701489775,0.0
residual,0.1,44,2022,F,30448,0.20641711337104868,0.2064352643413418,-1.8150970293118185e-05,0.7087493431424067,0.7044647199683265,0.03409837543731439,0.603264753547752,0.5236734018409435,0.0
residual,0.1,44,2022,0-2,15595,0.24553331305874085,0.24555891436801958,-2.5601309278727724e-05,0.5218339211285669,0.523979256514078,0.07305532596888695,0.6840730094722991,0.5601001653355704,0.0
residual,0.1,44,2022,1-2,23740,0.24545244465670835,0.24546250018823554,-1.0055531527192185e-05,0.5291491154170177,0.5239004778988154,0.07317641438685799,0.683919276542391,0.5626653651529494,0.0
residual,0.1,44,2022,2-2,20240,0.24306230604159304,0.24303545226970313,2.6853771889906453e-05,0.5267786561264822,0.5227547986369172,0.07725704811958359,0.6788462336978763,0.581906378843939,0.0
residual,0.25,44,2022,all,247472,0.24313201729617934,0.2431404154030254,-8.398106846052578e-06,0.5289204435249241,0.5256939963630363,0.0787764896594826,0.6790841777651927,0.5808243881352448,0.0
residual,0.25,44,2022,slice,59575,0.2446615883773926,0.24469647375376577,-3.488537637316713e-05,0.5264288711707931,0.5250778201345139,0.07691853024568075,0.6823241766667238,0.5685213629011405,0.0
residual,0.25,44,2022,outside,187897,0.24264704841874501,0.24264704841874501,0.0,0.5297104264570482,0.5258893624349491,0.07935549695058111,0.678056897209576,0.5846405263550047,0.0
residual,0.25,44,2022,R,217024,0.24828303927859774,0.24828169598581595,1.3432927817857987e-06,0.5036908360365674,0.5003403016995518,0.041035363590786175,0.6896987547527076,0.5468392865752941,0.0
residual,0.25,44,2022,F,30448,0.20641711337104868,0.20649494518496417,-7.783181391549099e-05,0.7087493431424067,0.7064073512844776,0.03459645021035028,0.6034267304406244,0.5226623784614883,0.0
residual,0.25,44,2022,0-2,15595,0.24553331305874085,0.24562902700985825,-9.571395111740433e-05,0.5218339211285669,0.5256110965062866,0.07543838772964062,0.6842396462722244,0.5597344740467118,0.0
residual,0.25,44,2022,1-2,23740,0.24545244465670835,0.24550801307651632,-5.5568419807972e-05,0.5291491154170177,0.5254255097616854,0.07549057785676187,0.6840396911630906,0.5625292074303048,0.0
residual,0.25,44,2022,2-2,20240,0.24306230604159304,0.24302606310401959,3.62429375734552e-05,0.5267786561264822,0.524259114760658,0.07965207166763709,0.6788361300935256,0.5819960864716902,0.0
residual,0.5,44,2022,all,247472,0.24313201729617934,0.243173626691611,-4.160939543165765e-05,0.5289204435249241,0.5263142696292882,0.07979280754311016,0.6791675827046566,0.5806402313141862,0.0
residual,0.5,44,2022,slice,59575,0.2446615883773926,0.24483443202500077,-0.0001728436476081674,0.5264288711707931,0.5276544087328504,0.08114205717097055,0.6826706372152598,0.5679154889841032,0.0
residual,0.5,44,2022,outside,187897,0.24264704841874501,0.24264704841874501,0.0,0.5297104264570482,0.5258893624349491,0.07935549695058111,0.678056897209576,0.5846405263550047,0.0
residual,0.5,44,2022,R,217024,0.24828303927859774,0.24829346950810283,-1.0430229505087318e-05,0.5036908360365674,0.5005933529836907,0.04119997134698749,0.6897224164300378,0.5466341737500262,0.0
residual,0.5,44,2022,F,30448,0.20641711337104868,0.20668095829282188,-0.0002638449217731986,0.7087493431424067,0.7096450701447292,0.03638285517929382,0.6039359670183343,0.5206124017251477,0.0
residual,0.5,44,2022,0-2,15595,0.24553331305874085,0.24583044322071107,-0.0002971301619702216,0.5218339211285669,0.5283308298266344,0.07970859332686309,0.6847209496639592,0.5588191088067697,0.0
residual,0.5,44,2022,1-2,23740,0.24545244465670835,0.24566501346629116,-0.00021256880958281377,0.5291491154170177,0.5279672295331351,0.07964317871484401,0.6844383658780054,0.5618858926356156,0.0
residual,0.5,44,2022,2-2,20240,0.24306230604159304,0.2430927918069505,-3.0485765357468608e-05,0.5267786561264822,0.5267663083002259,0.0839232224331425,0.6790174504024608,0.58167047157834,0.0
lgb,0.1,44,2023,all,245525,0.2523470643919594,0.25232546247319065,2.1601918768765493e-05,0.49995723449750534,0.5108017663106386,0.06807968669497283,0.6982699491446155,0.5325723173673746,0.0
lgb,0.1,44,2023,slice,58362,0.25276444560208794,0.2526735677859458,9.087781614214308e-05,0.5012336794489565,0.5109196080249208,0.06365864589263034,0.698921483338355,0.5241552838288968,0.0
lgb,0.1,44,2023,outside,187163,0.25221691472463453,0.25221691472463453,0.0,0.49955920774939494,0.510765020382603,0.06940065581205052,0.698066784851379,0.5350766363666132,0.0
lgb,0.1,44,2023,R,219839,0.24836109889742417,0.24834968832797458,1.141056944958807e-05,0.5031181910398064,0.49237231591025615,0.04254479705106431,0.6898346444992051,0.5471263602155813,0.0
lgb,0.1,44,2023,F,25686,0.28646178324087057,0.2863529565287134,0.00010882671215717288,0.47290352721326795,0.6685340697665928,0.032014820049575926,0.7704652671366089,0.5394671880002505,0.0
lgb,0.1,44,2023,0-2,14526,0.2535732385869789,0.2534310163352524,0.00014222225172649816,0.5017898939832025,0.5127145400597085,0.06255935662469396,0.7004807176047243,0.5167661750573591,0.0
lgb,0.1,44,2023,1-2,23456,0.2528851362916125,0.2528112734388161,7.386285279642468e-05,0.504305934515689,0.5127879894759606,0.06264021474860473,0.6991834838867177,0.5219274172452998,0.0
lgb,0.1,44,2023,2-2,20380,0.25204906543957495,0.25197520068972623,7.386474984871771e-05,0.49730127576054955,0.5074898760301748,0.06543150506626115,0.6975085823660452,0.5313443524618722,0.0
lgb,0.25,44,2023,all,245525,0.2523470643919594,0.2522975962273527,4.9468164606714105e-05,0.49995723449750534,0.511093445994024,0.06783093507540289,0.6982085956212725,0.5325989339697002,0.0
lgb,0.25,44,2023,slice,58362,0.25276444560208794,0.2525563363680816,0.0002081092340063262,0.5012336794489565,0.512146684791707,0.06252006292055237,0.6986633732012999,0.5242861254653775,0.0
lgb,0.25,44,2023,outside,187163,0.25221691472463453,0.25221691472463453,0.0,0.49955920774939494,0.510765020382603,0.06940065581205052,0.698066784851379,0.5350766363666132,0.0
lgb,0.25,44,2023,R,219839,0.24836109889742417,0.24833705553316973,2.404336425443354e-05,0.5031181910398064,0.49274525191565666,0.04245484892529888,0.689809074786384,0.5471588967693649,0.0
lgb,0.25,44,2023,F,25686,0.28646178324087057,0.2861947116080451,0.0002670716328254663,0.47290352721326795,0.668130300233459,0.03180734272637498,0.7700976503912261,0.5395300307039053,0.0
lgb,0.25,44,2023,0-2,14526,0.2535732385869789,0.25323508101860137,0.0003381575683775173,0.5017898939832025,0.5135372738931119,0.061402007426194616,0.7000580681255357,0.5177217680221491,0.0
lgb,0.25,44,2023,1-2,23456,0.2528851362916125,0.2527183933769578,0.00016674291465473834,0.504305934515689,0.5138549150790029,0.0615598668178729,0.6989739932329063,0.5217165702979275,0.0
lgb,0.25,44,2023,2-2,20380,0.25204906543957495,0.25188603931245607,0.00016302612711888154,0.49730127576054955,0.5091894744430406,0.06427405014698671,0.697311791163478,0.5313419351203843,0.0
lgb,0.5,44,2023,all,245525,0.2523470643919594,0.25226325017046264,8.381422149678075e-05,0.49995723449750534,0.5115795787996663,0.06750117535079764,0.6981320721075766,0.5325357295835472,0.0
lgb,0.5,44,2023,slice,58362,0.25276444560208794,0.25241184482190565,0.00035260078018228835,0.5012336794489565,0.5141918127363508,0.06093864776753488,0.698341443937393,0.524207948130723,0.0
lgb,0.5,44,2023,outside,187163,0.25221691472463453,0.25221691472463453,0.0,0.49955920774939494,0.510765020382603,0.06940065581205052,0.698066784851379,0.5350766363666132,0.0
lgb,0.5,44,2023,R,219839,0.24836109889742417,0.2483279557001471,3.314319727706905e-05,0.5031181910398064,0.49336681192465776,0.04243828796295237,0.6897906474708272,0.5470806069516359,0.0
lgb,0.5,44,2023,F,25686,0.28646178324087057,0.2859442904671106,0.0005174927737599533,0.47290352721326795,0.6674573510115696,0.03165807082911709,0.7695238984222363,0.539383507178993,0.0
lgb,0.5,44,2023,0-2,14526,0.2535732385869789,0.2529549169866859,0.0006183216002930148,0.5017898939832025,0.514908496948784,0.05978697153492492,0.6994535235323931,0.5191843704664523,0.0
lgb,0.5,44,2023,1-2,23456,0.2528851362916125,0.25261136452009086,0.0002737717715216581,0.504305934515689,0.5156331244174069,0.06007243157068108,0.6987270131966502,0.5210470136342628,0.0
lgb,0.5,44,2023,2-2,20380,0.25204906543957495,0.2517951323436806,0.000253933095894332,0.49730127576054955,0.5120221384644835,0.06265617754066428,0.6971050366389576,0.5310217962821577,0.0
cat,0.1,44,2023,all,245525,0.2523470643919594,0.25232260476512774,2.4459626831674353e-05,0.49995723449750534,0.5107879061104438,0.06805078139382746,0.6982630967847122,0.5325408036576519,0.0
cat,0.1,44,2023,slice,58362,0.25276444560208794,0.25266154560075405,0.00010290000133389432,0.5012336794489565,0.510861299096975,0.0635285803511423,0.6988926559221378,0.5240116081680539,0.0
cat,0.1,44,2023,outside,187163,0.25221691472463453,0.25221691472463453,0.0,0.49955920774939494,0.510765020382603,0.06940065581205052,0.698066784851379,0.5350766363666132,0.0
cat,0.1,44,2023,R,219839,0.24836109889742417,0.24835344041632004,7.658481104122483e-06,0.5031181910398064,0.4923736976619985,0.042545506984524195,0.6898421915162467,0.5470855945252987,0.0
cat,0.1,44,2023,F,25686,0.28646178324087057,0.2862935274964806,0.00016825574438994462,0.47290352721326795,0.6683897581348075,0.032136603665224556,0.770335174699303,0.5394720919809469,0.0
cat,0.1,44,2023,0-2,14526,0.2535732385869789,0.2534271750278002,0.00014606355917867742,0.5017898939832025,0.5127068809717489,0.062393513664703464,0.7004702707286194,0.5166306786933725,0.0
cat,0.1,44,2023,1-2,23456,0.2528851362916125,0.252793741287889,9.139500372351561e-05,0.504305934515689,0.5127972296416095,0.062475374187609914,0.6991434067223676,0.5218143521239125,0.0
cat,0.1,44,2023,2-2,20380,0.25204906543957495,0.2519636891191687,8.537632040622745e-05,0.49730127576054955,0.5073177216108161,0.06535437873889223,0.6974796017784113,0.5311672460822334,0.0
cat,0.25,44,2023,all,245525,0.2523470643919594,0.2522912136524375,5.585073952191211e-05,0.49995723449750534,0.5110587954935375,0.06776414768376855,0.698193341644058,0.5325110160534577,0.0
cat,0.25,44,2023,slice,58362,0.25276444560208794,0.25252948530564323,0.0002349602964447084,0.5012336794489565,0.5120009124718424,0.06221696695768415,0.6985992007473829,0.5238951195942761,0.0
cat,0.25,44,2023,outside,187163,0.25221691472463453,0.25221691472463453,0.0,0.49955920774939494,0.510765020382603,0.06940065581205052,0.698066784851379,0.5350766363666132,0.0
cat,0.25,44,2023,R,219839,0.24836109889742417,0.2483468073289034,1.4291568520757858e-05,0.5031181910398064,0.49274870629501233,0.04246097278195938,0.6898287009750039,0.5470457935070326,0.0
cat,0.25,44,2023,F,25686,0.28646178324087057,0.2860502396494563,0.0004115435914142651,0.47290352721326795,0.6677695211539965,0.03217094518352334,0.7697838672239147,0.5394785313058788,0.0
cat,0.25,44,2023,0-2,14526,0.2535732385869789,0.25322975964658345,0.00034347894039543636,0.5017898939832025,0.5135181261732128,0.061014041948403944,0.7000421905566793,0.5174064060406033,0.0
cat,0.25,44,2023,1-2,23456,0.2528851362916125,0.2526784347035644,0.00020670158804814154,0.504305934515689,0.5138780154931251,0.06117089981241807,0.6988827977224665,0.5213827989767579,0.0
cat,0.25,44,2023,2-2,20380,0.25204906543957495,0.2518589287720742,0.00019013666750072877,0.49730127576054955,0.5087590883946437,0.06410113999520085,0.697244297871161,0.530839498878368,0.0
cat,0.5,44,2023,all,245525,0.2523470643919594,0.25225302400477334,9.404038718607843e-05,0.49995723449750534,0.5115102777986932,0.06738620446169914,0.6981076611062894,0.5323449280541672,0.0
cat,0.5,44,2023,slice,58362,0.25276444560208794,0.25236882403216476,0.0003956215699231769,0.5012336794489565,0.5139002680966218,0.060413041138153774,0.6982387485004474,0.5233542761804792,0.0
cat,0.5,44,2023,outside,187163,0.25221691472463453,0.25221691472463453,0.0,0.49955920774939494,0.510765020382603,0.06940065581205052,0.698066784851379,0.5350766363666132,0.0
cat,0.5,44,2023,R,219839,0.24836109889742417,0.2483486978745143,1.2401022909863668e-05,0.5031181910398064,0.4933737206833688,0.0424650242021056,0.6898324216667642,0.5468330596968667,0.0
cat,0.5,44,2023,F,25686,0.28646178324087057,0.2856690152899102,0.0007927679509603935,0.47290352721326795,0.6667357928526443,0.032576004157714125,0.768933027576188,0.5391474016384452,0.0
cat,0.5,44,2023,0-2,14526,0.2535732385869789,0.25295854723135835,0.0006146913556205336,0.5017898939832025,0.5148702015089861,0.059108991209173734,0.699455111609548,0.5183463782983033,0.0
cat,0.5,44,2023,1-2,23456,0.2528851362916125,0.2525443528530516,0.00034078343856092097,0.504305934515689,0.5156793252456512,0.05937980212385582,0.6985740359473398,0.52030970369362,0.0
cat,0.5,44,2023,2-2,20380,0.25204906543957495,0.2517464725496227,0.00030259288995226896,0.49730127576054955,0.5111613663676898,0.062381641654290824,0.6969858832954866,0.5299487229863895,0.0
lgb_cat_mean,0.1,44,2023,all,245525,0.2523470643919594,0.25232380209685024,2.3262295109183206e-05,0.49995723449750534,0.5107948362105411,0.06806353517203918,0.6982660172365049,0.5325585580565715,0.0
lgb_cat_mean,0.1,44,2023,slice,58362,0.25276444560208794,0.25266658269460235,9.786290748559079e-05,0.5012336794489565,0.5108904535609478,0.06358599460881804,0.6989049420659715,0.5240907390853393,0.0
lgb_cat_mean,0.1,44,2023,outside,187163,0.25221691472463453,0.25221691472463453,0.0,0.49955920774939494,0.510765020382603,0.06940065581205052,0.698066784851379,0.5350766363666132,0.0
lgb_cat_mean,0.1,44,2023,R,219839,0.24836109889742417,0.2483513565926089,9.742304815263392e-06,0.5031181910398064,0.4923730067861274,0.04254271008389263,0.6898379979161526,0.5471084777374022,0.0
lgb_cat_mean,0.1,44,2023,F,25686,0.28646178324087057,0.28632280728282344,0.00013897595804712726,0.47290352721326795,0.6684619139507002,0.032069073507967526,0.7703989822511783,0.5394781847133187,0.0
lgb_cat_mean,0.1,44,2023,0-2,14526,0.2535732385869789,0.25342814053137475,0.00014509805560414257,0.5017898939832025,0.5127107105157287,0.06246884574630339,0.7004734133121728,0.5166989624153844,0.0
lgb_cat_mean,0.1,44,2023,1-2,23456,0.2528851362916125,0.2528015428357804,8.359345583214273e-05,0.504305934515689,0.5127926095587851,0.06255013937306292,0.6991613440544531,0.5218791134522425,0.0
lgb_cat_mean,0.1,44,2023,2-2,20380,0.25204906543957495,0.25196844657053824,8.061886903670823e-05,0.49730127576054955,0.5074037988204955,0.06538537614152061,0.6974919009293598,0.5312543474225337,0.0
lgb_cat_mean,0.25,44,2023,all,245525,0.2523470643919594,0.25229295792546413,5.4106466495285055e-05,0.49995723449750534,0.5110761207437805,0.06778687939409013,0.698197821400648,0.532567575064375,0.0
lgb_cat_mean,0.25,44,2023,slice,58362,0.25276444560208794,0.25253682334469024,0.00022762225739769715,0.5012336794489565,0.5120737986317747,0.06231992011164474,0.6986180467813903,0.5241368751041051,0.0
lgb_cat_mean,0.25,44,2023,outside,187163,0.25221691472463453,0.25221691472463453,0.0,0.49955920774939494,0.510765020382603,0.06940065581205052,0.698066784851379,0.5350766363666132,0.0
lgb_cat_mean,0.25,44,2023,R,219839,0.24836109889742417,0.2483406328089217,2.046608850245213e-05,0.5031181910398064,0.49274697910533455,0.0424426151915542,0.6898162648654803,0.5471182716207456,0.0
lgb_cat_mean,0.25,44,2023,F,25686,0.28646178324087057,0.2861197585676659,0.000342024673204655,0.47290352721326795,0.6679499106937277,0.03194767381138116,0.7699331249564682,0.5395524528103133,0.0
lgb_cat_mean,0.25,44,2023,0-2,14526,0.2535732385869789,0.25322645064414523,0.00034678794283365955,0.5017898939832025,0.5135277000331623,0.06115954805781058,0.7000371850202743,0.5175669353459882,0.0
lgb_cat_mean,0.25,44,2023,1-2,23456,0.2528851362916125,0.252692385742935,0.00019275054867751162,0.504305934515689,0.5138664652860641,0.061316555099979374,0.6989153164868184,0.5216002841965861,0.0
lgb_cat_mean,0.25,44,2023,2-2,20380,0.25204906543957495,0.25186624445533223,0.0001828209842427153,0.49730127576054955,0.5089742814188422,0.06413939161385655,0.6972644079065843,0.5311309185440188,0.0
lgb_cat_mean,0.5,44,2023,all,245525,0.2523470643919594,0.25225234902989424,9.471536206517861e-05,0.49995723449750534,0.5115449282991796,0.06740079936974021,0.6981073531674611,0.5324877561121113,0.0
lgb_cat_mean,0.5,44,2023,slice,58362,0.25276444560208794,0.25236598445834635,0.0003984611437415908,0.5012336794489565,0.5140460404164865,0.06047560207660876,0.698237453022553,0.5239654533594825,0.0
lgb_cat_mean,0.5,44,2023,outside,187163,0.25221691472463453,0.25221691472463453,0.0,0.49955920774939494,0.510765020382603,0.06940065581205052,0.698066784851379,0.5350766363666132,0.0
lgb_cat_mean,0.5,44,2023,R,219839,0.24836109889742417,0.24833313229887083,2.7966598553336164e-05,0.5031181910398064,0.4933702663040131,0.04239043295755346,0.6898010517689901,0.5470178850613976,0.0
lgb_cat_mean,0.5,44,2023,F,25686,0.28646178324087057,0.2857957846341712,0.0006659986066993584,0.47290352721326795,0.6670965719321068,0.03195272546994001,0.7691985699057011,0.5394526888781541,0.0
lgb_cat_mean,0.5,44,2023,0-2,14526,0.2535732385869789,0.25293285335523336,0.0006403852317455327,0.5017898939832025,0.514889349228885,0.059247776467885316,0.6994028851300538,0.5189295008105422,0.0
lgb_cat_mean,0.5,44,2023,1-2,23456,0.2528851362916125,0.2525537454972671,0.00033139079434540974,0.504305934515689,0.5156562248315292,0.05952492177118898,0.6985985079277817,0.5208809513957542,0.0
lgb_cat_mean,0.5,44,2023,2-2,20380,0.25204906543957495,0.25174584409892015,0.00030322134065480233,0.49730127576054955,0.5115917524160867,0.062320620858308265,0.6969912326765965,0.5306471709520305,0.0
residual,0.1,44,2023,all,245525,0.2523470643919594,0.2523446111006142,2.4532913452390837e-06,0.49995723449750534,0.510749116842382,0.06826849941297669,0.6983134390866969,0.5325608799566508,0.0
residual,0.1,44,2023,slice,58362,0.25276444560208794,0.2527541247707674,1.032083132052053e-05,0.5012336794489565,0.5106981152609013,0.06450381707176733,0.6991044425931712,0.5241673962072897,0.0
residual,0.1,44,2023,outside,187163,0.25221691472463453,0.25221691472463453,0.0,0.49955920774939494,0.510765020382603,0.06940065581205052,0.698066784851379,0.5350766363666132,0.0
residual,0.1,44,2023,R,219839,0.24836109889742417,0.24835519624485167,5.902652572498113e-06,0.5031181910398064,0.49227482872959005,0.0426751437509753,0.6898459352594678,0.5471130091714269,0.0
residual,0.1,44,2023,F,25686,0.28646178324087057,0.2864888520285902,-2.7068787719630727e-05,0.47290352721326795,0.6688651732321689,0.032258173075579585,0.7707843405067016,0.5393363705908235,0.0
residual,0.1,44,2023,0-2,14526,0.2535732385869789,0.25355155148899394,2.1687097984945947e-05,0.5017898939832025,0.5127686865668256,0.06342124779060183,0.7007501590593715,0.5165223858666117,0.0
residual,0.1,44,2023,1-2,23456,0.2528851362916125,0.25287839533880496,6.740952807560152e-06,0.504305934515689,0.512686674232705,0.06344848725751676,0.6993395424998597,0.5221900252678243,0.0
residual,0.1,44,2023,2-2,20380,0.25204906543957495,0.2520427258035032,6.339636071772681e-06,0.49730127576054955,0.5069336030905148,0.06628034868277527,0.6976608615922233,0.5312752415355126,0.0
residual,0.25,44,2023,all,245525,0.2523470643919594,0.2523436645914523,3.3998005071200765e-06,0.49995723449750534,0.5109618223233824,0.06829099220838708,0.6983133597487415,0.5325797766434854,0.0
residual,0.25,44,2023,slice,58362,0.25276444560208794,0.25275014287052455,1.4302731563387017e-05,0.5012336794489565,0.5115929528816586,0.0645998864515038,0.6991041088237411,0.5243248629982138,0.0
residual,0.25,44,2023,outside,187163,0.25221691472463453,0.25221691472463453,0.0,0.49955920774939494,0.510765020382603,0.06940065581205052,0.698066784851379,0.5350766363666132,0.0
residual,0.25,44,2023,R,219839,0.24836109889742417,0.2483491112737764,1.1987623647763401e-05,0.5031181910398064,0.49250153396399116,0.04276232727698729,0.6898337941284196,0.5471369969350587,0.0
residual,0.25,44,2023,F,25686,0.28646178324087057,0.28653188411977687,-7.010087890629846e-05,0.47290352721326795,0.6689580588973992,0.0323805608133393,0.7708874945461399,0.5392440553584203,0.0
residual,0.25,44,2023,0-2,14526,0.2535732385869789,0.25353059508519066,4.264350178823095e-05,0.5017898939832025,0.5136726401609045,0.06352639520720893,0.7007182899076401,0.5170926175040678,0.0
residual,0.25,44,2023,1-2,23456,0.2528851362916125,0.25287977117529936,5.365116313160723e-06,0.504305934515689,0.5136016269708639,0.06354901506718355,0.6993497033085971,0.5223810301061796,0.0
residual,0.25,44,2023,2-2,20380,0.25204906543957495,0.2520446762175787,4.389221996248249e-06,0.49730127576054955,0.5077987920938902,0.066363027080235,0.6976709263575245,0.5311727019545555,0.0
residual,0.5,44,2023,all,245525,0.2523470643919594,0.25234937621713155,-2.311825172129911e-06,0.49995723449750534,0.5113163314583831,0.06838031161211128,0.6983285494878031,0.5325375907530927,0.0
residual,0.5,44,2023,slice,58362,0.25276444560208794,0.2527741712947542,-9.725692666273655e-06,0.5012336794489565,0.5130843489162543,0.06496863055328253,0.6991680110320803,0.5243490043752379,0.0
residual,0.5,44,2023,outside,187163,0.25221691472463453,0.25221691472463453,0.0,0.49955920774939494,0.510765020382603,0.06940065581205052,0.698066784851379,0.5350766363666132,0.0
residual,0.5,44,2023,R,219839,0.24836109889742417,0.24834635367607424,1.4745221349921067e-05,0.5031181910398064,0.49287937602132664,0.04299054312447888,0.6898284551591334,0.5470848767530355,0.0
residual,0.5,44,2023,F,25686,0.28646178324087057,0.2866100813640405,-0.00014829812316990987,0.47290352721326795,0.66911286833945,0.03268217321442874,0.7710783835265986,0.5390281038712121,0.0
residual,0.5,44,2023,0-2,14526,0.2535732385869789,0.25352653239398293,4.6706192995960016e-05,0.5017898939832025,0.5151792294843694,0.06391465298432089,0.70073012773864,0.5178335394893845,0.0
residual,0.5,44,2023,1-2,23456,0.2528851362916125,0.25291269694467194,-2.7560653059421902e-05,0.504305934515689,0.5151265482011287,0.06392704730274373,0.6994309411413975,0.5224390731828676,0.0
residual,0.5,44,2023,2-2,20380,0.25204906543957495,0.2520784865561933,-2.942111661835556e-05,0.49730127576054955,0.5092407737661828,0.06670503741708275,0.6977519857168875,0.5307711150806234,0.0
lgb,0.1,44,2024,all,253507,0.24765471554060994,0.24764821808161794,6.497458992005267e-06,0.4861049201797189,0.49000322754563147,0.04450552220380198,0.688424999726056,0.5525937737569692,0.0
lgb,0.1,44,2024,slice,61194,0.2486289835699724,0.24860206669353563,2.6916876436772208e-05,0.49393731411576297,0.4914396518938808,0.04112650446217724,0.6903451668174284,0.5414084099132099,0.0
lgb,0.1,44,2024,outside,192313,0.24734470343644216,0.24734470343644216,0.0,0.48361265229079675,0.4895461572926232,0.04551865443748102,0.6878140025236334,0.5558880657742784,0.0
lgb,0.1,44,2024,R,223497,0.24775695980089035,0.24775258496555408,4.374835336273808e-06,0.4897067969592433,0.49327709733156544,0.0445116163522755,0.6886348158977403,0.5523053527625544,0.0
lgb,0.1,44,2024,F,30010,0.24689325984451227,0.2468709543209026,2.2305523609655875e-05,0.45928023992002664,0.465621352319144,0.036088813781197306,0.6868624110915027,0.5468727432633027,0.0
lgb,0.1,44,2024,0-2,16155,0.249464621711545,0.24941983190400413,4.478980754085704e-05,0.49229340761374185,0.49209389436257794,0.03943776439265757,0.6919885493974408,0.5284608400860787,0.0
lgb,0.1,44,2024,1-2,24399,0.24851924638837675,0.24848862215955822,3.0624228818526555e-05,0.497807287183901,0.4934360610255489,0.04052381912773364,0.6901174566406253,0.5438831192390619,0.0
lgb,0.1,44,2024,2-2,20640,0.24810464942833713,0.24809610430058,8.545127757136894e-06,0.49064922480620154,0.48856757469013207,0.04292731107206209,0.6893280667701278,0.5480865893854787,0.0
lgb,0.25,44,2024,all,253507,0.24765471554060994,0.24764336164342854,1.1353897181404227e-05,0.4861049201797189,0.4904329581296201,0.04432060192763809,0.6884150322922711,0.5526901538476352,0.0
lgb,0.25,44,2024,slice,61194,0.2486289835699724,0.24858194803686856,4.703553310383968e-05,0.49393731411576297,0.49321988706653275,0.04019731605851694,0.6903038749548845,0.5414784967538866,0.0
lgb,0.25,44,2024,outside,192313,0.24734470343644216,0.24734470343644216,0.0,0.48361265229079675,0.4895461572926232,0.04551865443748102,0.6878140025236334,0.5558880657742784,0.0
lgb,0.25,44,2024,R,223497,0.24775695980089035,0.24775088442438667,6.075376503683616e-06,0.4897067969592433,0.49373693007066566,0.04431548159436409,0.6886312640468302,0.5523726856189429,0.0
lgb,0.25,44,2024,F,30010,0.24689325984451227,0.24684259459991661,5.066524459565458e-05,0.45928023992002664,0.46582689958554185,0.035790220646738986,0.6868046641333672,0.5473208361736792,0.0
lgb,0.25,44,2024,0-2,16155,0.249464621711545,0.24937125861966372,9.336309188126557e-05,0.49229340761374185,0.493618739761158,0.03845098246925578,0.69189057210314,0.5290173281807748,0.0
lgb,0.25,44,2024,1-2,24399,0.24851924638837675,0.24846147836812255,5.77680202542008e-05,0.497807287183901,0.4950999475475341,0.03970346118465261,0.690061961373108,0.5440225447968942,0.0
lgb,0.25,44,2024,2-2,20640,0.24810464942833713,0.24810656174726972,-1.9123189325953582e-06,0.49064922480620154,0.4906852426402911,0.04194334341779879,0.6893479329515756,0.5477144957977846,0.0
lgb,0.5,44,2024,all,253507,0.24765471554060994,0.24764830691390893,6.408626701009945e-06,0.4861049201797189,0.49114917576960165,0.04414927053398985,0.6884247370019696,0.5526918534196442,0.0
lgb,0.5,44,2024,slice,61194,0.2486289835699724,0.24860243469705856,2.6548872913839672e-05,0.49393731411576297,0.49618694568761923,0.03911284387108409,0.6903440784362971,0.5410980627246841,0.0
lgb,0.5,44,2024,outside,192313,0.24734470343644216,0.24734470343644216,0.0,0.48361265229079675,0.4895461572926232,0.04551865443748102,0.6878140025236334,0.5558880657742784,0.0
lgb,0.5,44,2024,R,223497,0.24775695980089035,0.2477610147540062,-4.054953115839588e-06,0.4897067969592433,0.49450331796916575,0.04412312218019682,0.6886514582746288,0.5523214506633867,0.0
lgb,0.5,44,2024,F,30010,0.24689325984451227,0.24680892457008244,8.433527442983091e-05,0.45928023992002664,0.46616947836287187,0.03547643319748199,0.6867362490221117,0.5478704507278856,0.0
lgb,0.5,44,2024,0-2,16155,0.249464621711545,0.24933993361768542,0.0001246880938595707,0.49229340761374185,0.49616014875879133,0.03727835605546363,0.6918273172770605,0.5296141808251495,0.0
lgb,0.5,44,2024,1-2,24399,0.24851924638837675,0.24846635218717517,5.289420120158095e-05,0.497807287183901,0.4978730917508429,0.03878765221507411,0.6900704976732357,0.543663660051382,0.0
lgb,0.5,44,2024,2-2,20640,0.24810464942833713,0.24818605786062034,-8.140843228321426e-05,0.49064922480620154,0.49421468922388956,0.04077004544363183,0.6895065480857837,0.5465338935178892,0.0
cat,0.1,44,2024,all,253507,0.24765471554060994,0.24765013115405415,4.584386555789299e-06,0.4861049201797189,0.4900057317006431,0.04454324634832878,0.6884289386065774,0.5525809273346703,0.0
cat,0.1,44,2024,slice,61194,0.2486289835699724,0.24860999193545605,1.8991634516352107e-05,0.49393731411576297,0.4914500258002208,0.04129498678960827,0.6903614843286944,0.5413673720830332,0.0
cat,0.1,44,2024,outside,192313,0.24734470343644216,0.24734470343644216,0.0,0.48361265229079675,0.4895461572926232,0.04551865443748102,0.6878140025236334,0.5558880657742784,0.0
cat,0.1,44,2024,R,223497,0.24775695980089035,0.2477552268942255,1.7329066648585911e-06,0.4897067969592433,0.49325923156675433,0.044550947727737114,0.6886402061664848,0.5522770644917677,0.0
cat,0.1,44,2024,F,30010,0.24689325984451227,0.2468674392966378,2.582054787447774e-05,0.45928023992002664,0.4657755597720774,0.03623612383196624,0.6868555408779351,0.5470148740117786,0.0
cat,0.1,44,2024,0-2,16155,0.249464621711545,0.24944200331433092,2.261839721406922e-05,0.49229340761374185,0.4922063318525309,0.039526231298120336,0.6920331788351943,0.5281650275716089,0.0
cat,0.1,44,2024,1-2,24399,0.24851924638837675,0.24849306548076106,2.6180907615691584e-05,0.497807287183901,0.49347933359553053,0.04068841369746599,0.6901265984345473,0.5438173977267171,0.0
cat,0.1,44,2024,2-2,20640,0.24810464942833713,0.24809699507219932,7.654356137809515e-06,0.49064922480620154,0.48845917283642065,0.04314731038172456,0.6893307070117753,0.5482608154099176,0.0
cat,0.25,44,2024,all,253507,0.24765471554060994,0.24764846376706853,6.251773541410266e-06,0.4861049201797189,0.4904392185171496,0.04441877998368699,0.6884254956998341,0.5526485421457252,0.0
cat,0.25,44,2024,slice,61194,0.2486289835699724,0.24860308448909585,2.589908087655135e-05,0.49393731411576297,0.49324582183238264,0.04064198855732319,0.690347221476784,0.5413579130731047,0.0
cat,0.25,44,2024,outside,192313,0.24734470343644216,0.24734470343644216,0.0,0.48361265229079675,0.4895461572926232,0.04551865443748102,0.6878140025236334,0.5558880657742784,0.0
cat,0.25,44,2024,R,223497,0.24775695980089035,0.24775752355827502,-5.637573846639654e-07,0.4897067969592433,0.49369226565863794,0.04441501416628022,0.6886447761884753,0.5522934930171948,0.0
cat,0.25,44,2024,F,30010,0.24689325984451227,0.24683624996649264,5.700987801962598e-05,0.45928023992002664,0.4662124182178757,0.03619075347914163,0.6867924223452913,0.5476440166853723,0.0
cat,0.25,44,2024,0-2,16155,0.249464621711545,0.24943001912875876,3.460258278623063e-05,0.49229340761374185,0.49389983348604016,0.038708779751217684,0.69200880095455,0.5282019734754166,0.0
cat,0.25,44,2024,1-2,24399,0.24851924638837675,0.2484740731061999,4.517328217684691e-05,0.497807287183901,0.49520812897248834,0.04013604329335918,0.6900877492577834,0.543871380614988,0.0
cat,0.25,44,2024,2-2,20640,0.24810464942833713,0.2481083470679488,-3.697639611666137e-06,0.49064922480620154,0.49041423800601264,0.04251172863448421,0.6893534252659358,0.5480776474923705,0.0
cat,0.5,44,2024,all,253507,0.24765471554060994,0.2476595759696872,-4.860429077269135e-06,0.4861049201797189,0.49116169654466046,0.04435796888518455,0.6884477374628212,0.552582244759922,0.0
cat,0.5,44,2024,slice,61194,0.2486289835699724,0.2486491187596002,-2.013518962779015e-05,0.49393731411576297,0.4962388152193191,0.04007256667391053,0.6904393619253493,0.540798580470761,0.0
cat,0.5,44,2024,outside,192313,0.24734470343644216,0.24734470343644216,0.0,0.48361265229079675,0.4895461572926232,0.04551865443748102,0.6878140025236334,0.5558880657742784,0.0
cat,0.5,44,2024,R,223497,0.24775695980089035,0.24777440739581602,-1.7447594925668053e-05,0.4897067969592433,0.49441398914511075,0.044325617481345975,0.6886786313278574,0.5521437159098284,0.0
cat,0.5,44,2024,F,30010,0.24689325984451227,0.24680437839402838,8.88814504838853e-05,0.45928023992002664,0.46694051562753924,0.03638071410599605,0.6867281744453594,0.5483087406697034,0.0
cat,0.5,44,2024,0-2,16155,0.249464621711545,0.24946856124680253,-3.9395352575410936e-06,0.49229340761374185,0.4967223362085557,0.03791503753431941,0.6920860622530002,0.5277484126828634,0.0
cat,0.5,44,2024,1-2,24399,0.24851924638837675,0.24849649644689747,2.2749941479272007e-05,0.497807287183901,0.4980894546007514,0.03971508042454373,0.6901318665532389,0.5434359495583999,0.0
cat,0.5,44,2024,2-2,20640,0.24810464942833713,0.24818815647408093,-8.350704574380807e-05,0.49064922480620154,0.49367267995533265,0.041957236621759805,0.6895139809074677,0.5472071091131031,0.0
lgb_cat_mean,0.1,44,2024,all,253507,0.24765471554060994,0.2476489622953727,5.753245237244409e-06,0.4861049201797189,0.49000447962313726,0.04452200388622316,0.6884265395745475,0.5525901381927363,0.0
lgb_cat_mean,0.1,44,2024,slice,61194,0.2486289835699724,0.24860514973102832,2.3833838944081753e-05,0.49393731411576297,0.49144483884705076,0.04120015892023525,0.6903515459129538,0.5413971865532818,0.0
lgb_cat_mean,0.1,44,2024,outside,192313,0.24734470343644216,0.24734470343644216,0.0,0.48361265229079675,0.4895461572926232,0.04551865443748102,0.6878140025236334,0.5558880657742784,0.0
lgb_cat_mean,0.1,44,2024,R,223497,0.24775695980089035,0.24775371635268464,3.2434482057086544e-06,0.4897067969592433,0.4932681644491599,0.04452915864304148,0.6886371284951751,0.5522940117861709,0.0
lgb_cat_mean,0.1,44,2024,F,30010,0.24689325984451227,0.24686881509287192,2.4444751640345652e-05,0.45928023992002664,0.46569845604561066,0.03615734786092809,0.6868581959559708,0.546948880025038,0.0
lgb_cat_mean,0.1,44,2024,0-2,16155,0.249464621711545,0.2494300584047423,3.4563306802681826e-05,0.49229340761374185,0.4921501131075544,0.03947118020256963,0.6920091252788672,0.5283093695455926,0.0
lgb_cat_mean,0.1,44,2024,1-2,24399,0.24851924638837675,0.24848998548456017,2.9260903816580308e-05,0.497807287183901,0.49345769731053973,0.040595635177763545,0.6901202911537558,0.5438629747656942,0.0
lgb_cat_mean,0.1,44,2024,2-2,20640,0.24810464942833713,0.24809562903460028,9.020393736847154e-06,0.49064922480620154,0.4885133737632764,0.04302678817293162,0.6893275241209645,0.5481901256120888,0.0
lgb_cat_mean,0.25,44,2024,all,253507,0.24765471554060994,0.24764458568985265,1.0129850757295555e-05,0.4861049201797189,0.4904360883233849,0.04435476163430411,0.6884175822917408,0.5526856807995958,0.0
lgb_cat_mean,0.25,44,2024,slice,61194,0.2486289835699724,0.24858701886631007,4.1964703662328295e-05,0.49393731411576297,0.49323285444945764,0.04035220560987717,0.6903144387800241,0.5414833977261079,0.0
lgb_cat_mean,0.25,44,2024,outside,192313,0.24734470343644216,0.24734470343644216,0.0,0.48361265229079675,0.4895461572926232,0.04551865443748102,0.6878140025236334,0.5558880657742784,0.0
lgb_cat_mean,0.25,44,2024,R,223497,0.24775695980089035,0.24775301913379902,3.940667091334449e-06,0.4897067969592433,0.49371459786465166,0.04435192597127249,0.6886356316611603,0.5523488190415365,0.0
lgb_cat_mean,0.25,44,2024,F,30010,0.24689325984451227,0.24683703655884068,5.622328567159163e-05,0.45928023992002664,0.46601965890170877,0.03595840232066928,0.6867936775960685,0.5475177651810638,0.0
lgb_cat_mean,0.25,44,2024,0-2,16155,0.249464621711545,0.24939526884655375,6.935286499124005e-05,0.49229340761374185,0.49375928662359914,0.038510694191389055,0.6919388313205855,0.5286448107577151,0.0
lgb_cat_mean,0.25,44,2024,1-2,24399,0.24851924638837675,0.24846241113966458,5.683524871216705e-05,0.497807287183901,0.4951540382600112,0.03985312696580233,0.6900640155857636,0.5440261127473138,0.0
lgb_cat_mean,0.25,44,2024,2-2,20640,0.24810464942833713,0.24810170033392567,2.9490944114529682e-06,0.49064922480620154,0.49054974032315196,0.0421605248007194,0.6893390518625817,0.5479617785917572,0.0
lgb_cat_mean,0.5,44,2024,all,253507,0.24765471554060994,0.24764863338021467,6.082160395270986e-06,0.4861049201797189,0.49115543615713114,0.044193729461997816,0.6884255232438401,0.5527042310814828,0.0
lgb_cat_mean,0.5,44,2024,slice,61194,0.2486289835699724,0.24860378714164072,2.5196428331680787e-05,0.49393731411576297,0.49621288045346923,0.039316964070014684,0.6903473355827137,0.5412270931709957,0.0
lgb_cat_mean,0.5,44,2024,outside,192313,0.24734470343644216,0.24734470343644216,0.0,0.48361265229079675,0.4895461572926232,0.04551865443748102,0.6878140025236334,0.5558880657742784,0.0
lgb_cat_mean,0.5,44,2024,R,223497,0.24775695980089035,0.2477629716447838,-6.0118438934553264e-06,0.4897067969592433,0.49445865355713814,0.044170892030815284,0.6886554994951537,0.5522966602277711,0.0
lgb_cat_mean,0.5,44,2024,F,30010,0.24689325984451227,0.24679710858459947,9.615125991280227e-05,0.45928023992002664,0.46655499699520553,0.035800454784803225,0.6867127940788984,0.5482469182540758,0.0
lgb_cat_mean,0.5,44,2024,0-2,16155,0.249464621711545,0.249382767321614,8.185438993099647e-05,0.49229340761374185,0.49644124248367355,0.037312355242808536,0.6919133173698189,0.5289607212306464,0.0
lgb_cat_mean,0.5,44,2024,1-2,24399,0.24851924638837675,0.2484599659270498,5.9280461326943756e-05,0.497807287183901,0.49798127317579716,0.0389799705230387,0.6900578741333596,0.5438402164830736,0.0
lgb_cat_mean,0.5,44,2024,2-2,20640,0.24810464942833713,0.24816409087261626,-5.944144427913467e-05,0.49064922480620154,0.49394368458961113,0.041089661765248385,0.689463814949579,0.5471439616893983,0.0
residual,0.1,44,2024,all,253507,0.24765471554060994,0.2476663569748939,-1.1641434283948815e-05,0.4861049201797189,0.48959178928959357,0.04509350334053625,0.6884622372466802,0.5523718853656132,0.0
residual,0.1,44,2024,slice,61194,0.2486289835699724,0.24867721027652898,-4.822670655657557e-05,0.49393731411576297,0.4897351959345806,0.043730182664547035,0.6904994298520543,0.5410659054027558,0.0
residual,0.1,44,2024,outside,192313,0.24734470343644216,0.24734470343644216,0.0,0.48361265229079675,0.4895461572926232,0.04551865443748102,0.6878140025236334,0.5558880657742784,0.0
residual,0.1,44,2024,R,223497,0.24775695980089035,0.24775250203979196,4.457761098392021e-06,0.4897067969592433,0.4932845490075156,0.04480178643704288,0.6886348049386579,0.5523343795110529,0.0
residual,0.1,44,2024,F,30010,0.24689325984451227,0.24702479870866528,-0.00013153886415301352,0.45928023992002664,0.462090265841528,0.03702478398191536,0.6871770535927664,0.5439923248278039,0.0
residual,0.1,44,2024,0-2,16155,0.249464621711545,0.2495628842318607,-9.82625203157228e-05,0.49229340761374185,0.4904769866971207,0.04220840468638223,0.6922787629298892,0.5274672328925365,0.0
residual,0.1,44,2024,1-2,24399,0.24851924638837675,0.2485724998984114,-5.3253510034656504e-05,0.497807287183901,0.49183715952806867,0.043131014829820694,0.6902895519867274,0.543372767942964,0.0
residual,0.1,44,2024,2-2,20640,0.24810464942833713,0.24810777063347209,-3.1212051349593928e-06,0.49064922480620154,0.48666981611450527,0.04540003451183014,0.6893548409064965,0.5485209568716058,0.0
residual,0.25,44,2024,all,253507,0.24765471554060994,0.24771109153577864,-5.637599516869485e-05,0.4861049201797189,0.4894043624895253,0.0460288386691299,0.6885545768448575,0.5520402310021248,0.0
residual,0.25,44,2024,slice,61194,0.2486289835699724,0.24886253113030887,-0.00023354756033647228,0.49393731411576297,0.48895874716828214,0.047593848290127125,0.6908819630173177,0.5403101589270926,0.0
residual,0.25,44,2024,outside,192313,0.24734470343644216,0.24734470343644216,0.0,0.48361265229079675,0.4895461572926232,0.04551865443748102,0.6878140025236334,0.5558880657742784,0.0
residual,0.25,44,2024,R,223497,0.24775695980089035,0.24775057808277304,6.38171811731536e-06,0.4897067969592433,0.4937555592605409,0.045039268810971,0.6886310374391028,0.5524449003353397,0.0
residual,0.25,44,2024,F,30010,0.24689325984451227,0.2474170187335925,-0.0005237588890802392,0.45928023992002664,0.456999183391502,0.03998381312591754,0.6879851428751128,0.5387265322801069,0.0
residual,0.25,44,2024,0-2,16155,0.249464621711545,0.24982616350284456,-0.0003615417912995744,0.49229340761374185,0.48957647059751475,0.04630125525469266,0.6928185709206369,0.5265559261490322,0.0
residual,0.25,44,2024,1-2,24399,0.24851924638837675,0.24876381501905992,-0.0002445686306831729,0.497807287183901,0.4911026938038337,0.047095472961754065,0.6906848633133649,0.5425597523178541,0.0
residual,0.25,44,2024,2-2,20640,0.24810464942833713,0.24822498720686173,-0.00012033777852460403,0.49064922480620154,0.48594084620122424,0.04900117307719061,0.6895991691703518,0.5480142652500442,0.0
residual,0.5,44,2024,all,253507,0.24765471554060994,0.24785837556247672,-0.00020366002186678056,0.4861049201797189,0.4890919844894119,0.048303977019890434,0.6888642195786199,0.551524219699432,0.0
residual,0.5,44,2024,slice,61194,0.2486289835699724,0.24947268133712913,-0.0008436977671567314,0.49393731411576297,0.4876646658911182,0.05614136570660288,0.6921647129684222,0.5393040093612875,0.0
residual,0.5,44,2024,outside,192313,0.24734470343644216,0.24734470343644216,0.0,0.48361265229079675,0.4895461572926232,0.04551865443748102,0.6878140025236334,0.5558880657742784,0.0
residual,0.5,44,2024,R,223497,0.24775695980089035,0.2477600719800847,-3.1121791943533594e-06,0.4897067969592433,0.49454057634891657,0.045561054307063135,0.6886505189449892,0.5524997422794501,0.0
residual,0.5,44,2024,F,30010,0.24689325984451227,0.2485904833849982,-0.0016972235404859315,0.45928023992002664,0.44851404597479205,0.048816578154843235,0.6904557374231567,0.5302161963452736,0.0
residual,0.5,44,2024,0-2,16155,0.249464621711545,0.25057399026251165,-0.0011093685509666606,0.49229340761374185,0.4880756104315049,0.05525388163913526,0.6943833825947135,0.5258420423720154,0.0
residual,0.5,44,2024,1-2,24399,0.24851924638837675,0.24937983316839807,-0.0008605867800213218,0.497807287183901,0.48987858426344216,0.05575760844778814,0.6919814229676423,0.541604845150347,0.0
residual,0.5,44,2024,2-2,20640,0.24810464942833713,0.24872044087101047,-0.0006157914426733468,0.49064922480620154,0.4847258963457559,0.05714396108520126,0.6906448236717311,0.546828966597718,0.0
