tree
version=v4
num_class=1
num_tree_per_iteration=1
label_index=0
max_feature_idx=56
objective=binary sigmoid:1
feature_names=season game_month game_dayofweek inning top_bottom game_type balls_before strikes_before outs_before run_top_before run_bot_before run_total_before score_diff_home score_diff_pitcher_team runner_on_1b runner_on_2b runner_on_3b num_runners_on base_state home_win_expectancy away_win_expectancy li pitcher_id batter_id pitcher_hand batter_hand pitcher_team_id batter_team_id asof_pitcher_n asof_pitcher_success_rate asof_pitcher_reverse_rate asof_pitcher_middle_rate asof_pitcher_ball_rate asof_pitcher_strike_rate asof_pitcher_prev1_game_success_rate asof_pitcher_prev3_game_success_rate asof_pitcher_prev5_game_success_rate asof_pitcher_prev1_game_middle_rate asof_pitcher_prev3_game_middle_rate asof_pitcher_prev5_game_middle_rate asof_batter_n asof_batter_success_rate asof_batter_middle_rate asof_pitcher_pitchmix_n asof_pitcher_fastball_rate asof_pitcher_breaking_rate asof_pitcher_offspeed_rate count_state same_hand late_inning two_strikes three_balls pitcher_rate_gap_1_5 pitcher_rate_gap_career_5 log1p_asof_pitcher_n log1p_asof_batter_n log1p_asof_pitcher_pitchmix_n
feature_infos=[2019:2024] [3:10] [0:6] [1:13] -1:1:0 -1:1:0 [0:3] [0:2] [0:2] [0:30] [0:26] [0:36] [-27:20] [-27:27] [0:1] [0:1] [0:1] [0:3] -1:7:3:1:5:2:0:6:4 [0:100] [0:100] [0:10.83] [20700:24633] [20889:24632] -1:1:0 -1:1:0 -1:1:9:5:0:2:6:3:4:7:8:11:10 -1:1:2:9:5:0:8:4:7:6:3:11:10 [0:15439] [0:1] [0:1] [0:1] [0:1] [0:1] [0:1] [0:1] [0:1] [0:1] [0:1] [0:1] [0:13927] [0:1] [0:1] [0:15439] [0:1] [0:1] [0:1] [0:11] [0:1] [0:1] [0:1] [0:1] [-0.769231:0.71428599999999998] [-0.80000000000000004:0.39965699999999998] [0:9.6447168235787668] [0:9.5416564814480243] [0:9.6447168235787668]
tree_sizes=3433 3575 3577 3601 3557 3586 3548 3581 3639 3574 3561 3548 3579 3575 3593 3595 3563 3585 3590 3514 3586 3579 3544 3620 3588 3555 3622 3569 3598 3601 3588 3541 3602 3589 3546 3629 3547 3584 3517 3581 3588 3605 3544 3594 3555 3566 3554 3614 3547 3526 3639 3578 3623 3585 3571 3564 3601 3605 3564 3569 3594 3617 3543 3598 3650 3638 3509 3540 3639 3551 3521 3602 3599 3539 3571 3587 3578 3639 3604 3547 3524 3554 3611 3581 3570 3590 3621 3625 3537 3618 3601 3585 3581 3577 3552 3509 3658 3558 3573 3590 3576 3575 3570 3571 3580 3562 3584 3576 3515 3575 3552 3603 3542 3516 3526 3507 3562 3577 3585 3603 3662 3641 3568 3598 3568 3514 3527 3582 3545 3603 3508 3551 3563 3547 3546 3638 3622 3552 3538 3562 3537 3605 3600 3576 3560 3621 3554 3606 3582 3514 3619 3633 3532 3572 3554 3618 3558 3560 3514 3608 3571 3525 3549 3522 3574 3589 3524 3520 3603 3576 3547 3651 3556 3588 3572 3586 3600 3511 3540 3640 3608 3583 3520 3579 3554 3563 3502 3574 3611 3651 3517 3518 3587 3614 3548 3466 3534 3610 3576 3553 3539 3617 3651 3570 3566 3617 3532 3630 3552 3544 3579 3559 3604 3523 3530 3557 3587 3609 3604 3582 3539 3557 3571 3610 3577 3560 3548 3575 3521 3618 3580 3601 3587 3644 3624 3532

Tree=0
num_leaves=31
num_cat=7
split_feature=36 5 0 30 30 41 36 32 5 0 41 32 0 0 27 30 27 30 5 0 48 30 0 5 44 36 26 48 32 0
split_gain=5096.88 2103.13 1779.35 1495.26 796.576 533.371 352.064 304.371 270.614 477.53 266.723 231.895 206.674 215.24 187.146 150.866 147.316 138.735 124.601 139.699 104.409 100.285 89.8402 188.544 85.9942 85.2364 84.0573 81.5478 74.6468 73.9931
threshold=0.55739400000000006 0 2022.5000000000002 0.22897350000000002 0.17735450000000005 0.59531950000000011 0.45855050000000003 0.37309950000000008 1 2022.5000000000002 0.56423750000000006 0.37309950000000008 2020.5000000000002 2019.5000000000002 2 0.29224200000000006 3 0.1271265 4 2022.5000000000002 1.0000000180025095e-35 0.25686950000000003 2022.5000000000002 5 0.43015750000000003 0.50159750000000014 6 1.0000000180025095e-35 0.37672450000000007 2020.5000000000002
decision_type=8 1 2 10 8 8 10 8 1 2 8 10 2 2 9 10 9 10 1 2 2 10 2 1 10 10 9 2 10 2
left_child=3 4 12 10 14 6 15 26 -7 -10 11 25 13 -3 -2 27 18 24 -12 29 -8 -22 23 -13 -16 -1 -6 -5 -19 -20
right_child=1 2 -4 5 7 8 20 -9 9 -11 16 22 -14 -15 17 -17 -18 28 19 -21 21 -23 -24 -25 -26 -27 -28 -29 -30 -31
leaf_value=0.093955880544163359 0.095562255866119786 0.11504360654235246 0.089002963188277301 0.090234041164122175 0.10023606610837776 0.091994930455903651 0.092086994692213611 0.09194111735009626 0.11363016226038186 0.089585014976230323 0.094434666046054702 0.093030202739243534 0.11796843510930161 0.10400274953994033 0.11085608662141069 0.084544107352989548 0.097356223622080601 0.10203545859487775 0.1058852239608226 0.091198847343570685 0.091173683998034175 0.08768532894039785 0.090106432471923903 0.10950837403097741 0.10402938485545396 0.096695569645092502 0.096530597461678386 0.086909568095375297 0.097662111874144031 0.11807868085611664
leaf_weight=15273.164985194802 3874.9753890186548 4083.0043220371008 2940.0923662930727 13075.391689240932 7598.2941937744617 2889.2075913101435 31730.897599771619 12691.012089982629 1991.7398443073034 1180.5766666382551 765.76597645878792 17837.35854806006 7696.0727809965611 2634.2848460525274 2064.3254792094231 12623.415158510208 12962.397556558251 18884.986268296838 958.82879918813705 350.70585110783577 16721.884461179376 13437.322123065591 10281.967203781009 644.29104794561863 8976.9223865717649 30831.683806568384 20210.235334396362 13685.759553864598 4349.6505203545094 879.2589794844389
leaf_count=61231 15535 16369 11787 52420 30462 11583 127211 50879 7985 4733 3070 71511 30854 10561 8276 50608 51967 75711 3844 1406 67039 53871 41221 2583 35989 123606 81024 54867 17438 3525
internal_value=0.0951342 0.100807 0.11026 0.092385 0.0987207 0.0899881 0.0894707 0.0957894 0.0986278 0.104676 0.0952185 0.0944691 0.114598 0.110724 0.101831 0.0872524 0.0987451 0.102537 0.10478 0.108453 0.0908831 0.0896179 0.0923552 0.0936085 0.105312 0.0957873 0.0975469 0.088532 0.101218 0.111762
internal_weight=294125 96003.9 17353.5 198122 78650.4 107336 101275 40499.5 6061.52 3172.32 90785.4 74868.5 14413.4 6717.29 38150.9 39384.6 15917 34275.9 2954.56 2188.79 61890.1 30159.2 28763.6 18481.6 11041.2 46104.8 27808.5 26761.2 23234.6 1838.09
internal_count=1179166 384885 69571 794281 315314 430317 406016 162365 24301 12718 363964 300152 57784 26930 152949 157895 63812 137414 11845 8775 248121 120910 115315 74094 44265 184837 111486 107287 93149 7369
cat_boundaries=0 1 2 3 4 5 6 7
cat_threshold=2 2 2 1026 2 2 66
is_linear=0
shrinkage=1


Tree=1
num_leaves=31
num_cat=5
split_feature=29 41 29 30 41 0 41 35 35 29 29 29 0 26 0 27 35 29 35 27 27 0 53 27 0 35 30 41 28 32
split_gain=5398.77 1326.02 984.951 627.42 493.956 481.526 430.024 370.972 213.248 192.724 180.54 155.102 150.347 146.184 135.601 177.561 118.131 115.838 114.848 112.894 109.311 100.979 99.4637 92.4571 91.2678 87.689 79.1957 79.1515 87.9978 74.4429
threshold=0.54243600000000003 0.57379900000000006 0.49334650000000008 0.13878850000000001 0.60289650000000006 2022.5000000000002 0.59322400000000008 0.63047150000000007 0.53949650000000016 0.45746100000000006 0.51823850000000016 0.66674900000000015 2022.5000000000002 0 2022.5000000000002 1 0.65825050000000018 0.57042550000000014 0.55360200000000015 2 3 2022.5000000000002 0.16403500000000001 4 2022.5000000000002 0.46515850000000003 0.29068400000000005 0.54949250000000005 10741.500000000002 0.37450750000000005
decision_type=10 8 8 10 8 2 8 8 10 10 8 10 2 9 2 9 10 10 10 9 9 2 10 9 2 8 10 10 2 10
left_child=2 3 6 11 10 7 9 19 21 26 25 -2 18 -9 15 -6 -17 -10 20 -3 -8 -5 -11 -15 -13 -4 -1 28 -12 -23
right_child=1 5 4 8 14 -7 12 13 17 22 27 24 -14 23 -16 16 -18 -19 -20 -21 -22 29 -24 -25 -26 -27 -28 -29 -30 -31
leaf_value=-0.007150791051038022 0.0068561330290570991 0.014729779096459585 -0.0054886620932951035 0.0014650403273938205 0.015759269311896446 -0.0016165785778253729 0.011507590949511098 0.021565748022387435 0.0017593170793559229 -0.0060625314762858921 -0.001877351453892871 0.015625548695799126 -0.0058052545463165468 0.017353222888390935 -0.0023169112703516916 0.001163347692931903 0.020197027972515099 0.0047276661256326477 0.018284753242047293 0.0074375406598387421 -0.0011992409939893967 -0.00048541710001973038 0.011189792863472561 0.0096516640580964971 0.00030051579046678183 -0.0026934656006197552 -0.011130052131166693 0.0011213371605223567 0.0062733268453458906 -0.0057088177408082764
leaf_weight=7433.6073720753193 14999.715800747275 2439.5750032067299 14770.236083522439 20881.705647945404 2036.8804942071438 2428.3750195354223 934.6311953663826 3730.9838983416557 22221.500530615449 40045.007294371724 41151.607901319861 3097.3780697137117 1387.9108822643757 3179.8559593856335 1144.8385632634163 2154.2345252782106 337.66985806822777 25422.389229983091 562.49076065421104 9628.7388234585524 1696.3277597427368 8584.2727127969265 299.17592363059521 2782.6791829615831 398.86724375188351 32260.675426572561 11752.665837183595 11958.60473498702 1223.2588145285845 3445.4391288310289
leaf_count=29795 60154 9788 59202 83718 8173 9735 3750 14974 89094 160504 164966 12427 5563 12760 4589 8637 1355 101942 2257 38612 6801 34415 1200 11160 1599 129320 47098 47943 4905 13810
internal_value=-4.30308e-05 0.00474438 -0.00349054 0.00320593 -0.00172875 0.0110414 -0.00643127 0.0124553 0.00206117 -0.00711297 -0.00221119 0.00818892 0.00241916 0.0168299 0.00688179 0.00921375 0.00376068 0.00334403 0.00600507 0.00893579 0.00335049 0.000203012 -0.00593303 0.0137928 0.0138875 -0.00357224 -0.00959123 -0.00103238 -0.00164093 -0.001985
internal_weight=294391 123241 171150 99051.3 107038 24190.2 64111.8 21761.8 80555.3 59530.5 101364 18496 4581.36 9693.52 5673.62 4528.78 2491.9 47643.9 3193.45 12068.3 2630.96 32911.4 40344.2 5962.54 3496.25 47030.9 19186.3 54333.5 42374.9 12029.7
internal_count=1180246 494188 686058 397159 429090 97029 256968 87294 322979 238597 406336 74180 18371 38894 22754 18165 9992 191036 12808 48400 10551 131943 161704 23920 14026 188522 76893 217814 169871 48225
cat_boundaries=0 1 2 3 4 5
cat_threshold=2050 3074 3074 2 18
is_linear=0
shrinkage=0.03


Tree=2
num_leaves=31
num_cat=4
split_feature=29 5 0 5 0 29 30 29 0 0 34 48 29 0 0 28 42 44 34 31 27 35 48 27 0 33 41 0 28 42
split_gain=5015.87 1439.2 2229.3 1068.06 2137.82 873.863 623.756 217.819 196.159 250.723 182.991 139.182 129.881 126.258 111.821 108.439 128.287 96.654 86.8558 83.1047 81.7297 75.3302 66.76 63.7965 63.7406 57.7641 54.0779 52.7222 52.3338 48.5166
threshold=0.54243600000000003 0 2022.5000000000002 1 2022.5000000000002 0.5046560000000001 0.13878850000000001 0.45746100000000006 2020.5000000000002 2019.5000000000002 0.49444350000000004 1.0000000180025095e-35 0.57144000000000006 2020.5000000000002 2019.5000000000002 10741.500000000002 0.14286350000000003 0.42655050000000005 0.41707150000000009 0.090400700000000014 2 0.41915500000000006 1.0000000180025095e-35 3 2020.5000000000002 0.40470700000000009 0.54459750000000018 2019.5000000000002 4007.5000000000005 0.14826350000000002
decision_type=8 1 2 1 2 10 8 10 2 2 10 2 10 2 2 2 10 10 8 10 9 8 2 9 2 10 8 2 2 10
left_child=3 6 8 5 13 7 17 28 9 -3 29 -9 -12 14 -5 16 -7 19 -18 -2 -19 -13 -6 24 -14 -25 -23 -22 -1 -8
right_child=1 2 -4 4 22 15 10 11 -10 -11 12 21 23 -15 -16 -17 18 20 -20 -21 27 26 -24 25 -26 -27 -28 -29 -30 -31
leaf_value=-0.0086552052824926326 0.018020976569058864 0.019486973684438889 -0.0059073954657698465 0.018607107892690929 -0.0039174249245673802 -0.00077475155939982145 0.0007949042492220019 -0.0039871109740454427 0.021632270120539802 0.0078048089797358314 0.0016507432497957825 -0.010057053072280315 -0.0052148374732719164 0.019957428172476643 0.0067426500479790983 0.0061330442737492462 -0.0058999843740777822 0.00065846351113268335 -0.0024698361742010169 0.00776425295234991 0.0094130596983846536 -0.0070168486143005323 -0.010081758103232271 -0.0024153443871648243 0.0040320971564249703 0.0051435084242470279 -0.0036768043985183877 0.0059298824220346972 -0.01424102549199803 -0.0021273126149983727
leaf_weight=16629.30590569973 1479.0877683609724 3890.5737820118666 4572.4426096826792 1235.3563165962696 2754.5614292621613 39129.399448081851 14832.229694098234 29910.231747463346 7276.8528828471899 2904.2466734349728 32833.223890915513 5578.903927385807 1177.7623475193977 3938.4754649102688 1733.3858138918877 1498.9975704997778 8419.6430239379406 1634.92636308074 31881.412250742316 1409.5421720594168 8318.724087163806 17047.158686190844 3794.1770708709955 936.88478934764862 1550.6202039718628 25142.893539711833 5938.3437236994505 7567.5709837079048 1688.4214810431004 7796.4173890650272
leaf_count=66622 5939 15628 18327 4959 11038 156850 59471 119865 29234 11655 131649 22353 4723 15809 6954 6012 33745 6557 127789 5656 33377 68310 15203 3757 6218 100840 23798 30360 6763 31257
internal_value=-8.53008e-06 0.00460395 0.0122831 -0.00333176 0.0047795 -0.00402404 0.00323564 -0.00631655 0.0181961 0.0145038 0.00209533 -0.00542051 0.00294234 0.0164209 0.0117036 -0.00184819 -0.00199942 0.0079414 -0.00318759 0.0130397 0.00709707 -0.00691981 -0.00749645 0.00441304 2.80384e-05 0.0048687 -0.00615584 0.00775226 -0.00917396 -0.000210732
internal_weight=294502 123324 18644.1 171178 13456 157722 104680 76792.4 14071.7 6794.82 84270 58474.6 61641.4 6907.22 2968.74 80929.5 79430.5 20409.9 40301.1 2888.63 17521.2 28564.4 6548.74 28808.2 2728.38 26079.8 22985.5 15886.3 18317.7 22628.6
internal_count=1180718 494648 74844 686070 53963 632107 419804 307711 56517 27283 337915 234326 247187 27722 11913 324396 318384 81889 161534 11595 70294 114461 26241 115538 10941 104597 92108 63737 73385 90728
cat_boundaries=0 1 2 3 4
cat_threshold=2 2 2 2
is_linear=0
shrinkage=0.03


Tree=3
num_leaves=31
num_cat=3
split_feature=29 5 0 5 0 29 29 29 0 0 26 30 32 0 48 0 34 42 32 33 44 31 41 48 34 28 6 34 30 41
split_gain=4891.27 1289.21 2066.2 1023.8 2050.43 901.474 553.673 228.674 224.608 202.985 201.932 134.532 131.951 129.772 126.212 123.912 119.777 99.0826 74.2331 71.2371 64.8608 64.2166 62.7763 61.8138 60.7332 57.3353 56.9119 54.8038 50.5728 49.3909
threshold=0.54495600000000011 0 2022.5000000000002 1 2022.5000000000002 0.5046560000000001 0.58899550000000012 0.45746100000000006 2020.5000000000002 2019.5000000000002 2 0.13878850000000001 0.37278050000000001 2020.5000000000002 1.0000000180025095e-35 2019.5000000000002 0.49444350000000004 0.13516450000000005 0.38071150000000004 0.42338800000000004 0.42655050000000005 0.092584300000000022 0.53894750000000002 1.0000000180025095e-35 0.30060250000000005 10741.500000000002 2.5000000000000004 0.41949900000000001 0.29422150000000008 0.48720000000000008
decision_type=8 1 2 1 2 10 10 10 2 2 9 10 10 2 2 2 10 8 10 10 10 10 10 2 8 2 2 10 10 8
left_child=3 6 8 5 13 7 16 28 9 -3 -8 20 25 15 -9 -5 -2 -14 -13 -18 21 -12 -21 -6 -16 -7 -26 -25 -1 -19
right_child=1 2 -4 4 23 12 10 14 -10 -11 11 18 17 -15 24 -17 19 29 -20 22 -22 -23 -24 27 26 -27 -28 -29 -30 -31
leaf_value=-0.0073060088132882121 -0.00026019515821402945 0.018259883478621453 -0.0056678888526244678 0.018373241009393554 -0.003846312862314833 -0.0008453088568897341 -0.0032303337964507657 -0.0039189745230232727 0.021484584296641265 0.0076660023632320728 0.017403547139737293 0.00578156659376893 -0.00069534628907993458 0.019404121170673371 -0.011522022252062945 0.0060388857657196239 -0.00059550039964367276 -0.0085751873752241414 -0.0011697944303765771 0.0020380929279576925 0.0081877569184097224 0.0074378172430218902 0.0043930250663196608 -0.013852633420313423 -0.0058834016108797044 0.0050423796906503395 -0.010924150469368682 -0.0065803748494227951 -0.010515950382650911 -0.0036610160588586489
leaf_weight=7912.3325918763876 18606.329008311033 3884.0482397675514 4483.2685496658087 1258.0321843773127 2837.3633468002081 45313.409757301211 1810.4300764203072 29876.326434478164 7116.0086313188076 2834.6716341972351 1506.6991709321737 14696.191018953919 11485.752314895391 4064.1023575514555 2196.9700697511435 1787.282230079174 5620.1774182915688 2000.050104573369 1517.3965056240559 25204.502966463566 13240.522298783064 980.59996618330479 17200.337658718228 1654.1124517321587 24220.597415879369 1534.9806791990995 2219.1490416675806 2217.6887445598841 10398.363166436553 24689.745233535767
leaf_count=31693 74602 15623 17965 5056 11368 181629 7261 119709 28632 11381 6057 58956 46039 16334 8800 7173 22538 8015 6085 101080 53144 3937 68991 6625 97029 6158 8890 8883 41639 98946
internal_value=4.70583e-08 0.00470448 0.0120235 -0.00317869 0.00465763 -0.00384801 0.00336829 -0.00620352 0.0177587 0.0138001 0.00649893 0.00705037 -0.00171918 0.015882 -0.00528619 0.0111572 0.0017818 -0.00302855 0.00512906 0.00257353 0.00903225 0.0135004 0.00299426 -0.00723362 -0.00671097 -0.000651449 -0.00630881 -0.00970329 -0.00913195 -0.00403132
internal_weight=294367 118701 18318 175666 13818.6 161848 100383 76823.7 13834.7 6718.72 33751.8 31941.4 85023.9 7109.42 58513 3045.31 66631.3 38175.5 16213.6 48025 15727.8 2487.3 42404.8 6709.16 28636.7 46848.4 26439.7 3871.8 18310.7 26689.8
internal_count=1180238 476252 73601 703986 55439 648547 402651 307760 55636 27004 135440 128179 340787 28563 234428 12229 267211 153000 65041 192609 63138 9994 170071 26876 114719 187787 105919 15508 73332 106961
cat_boundaries=0 1 2 3
cat_threshold=2 2 2
is_linear=0
shrinkage=0.03


Tree=4
num_leaves=31
num_cat=4
split_feature=29 5 0 5 0 29 29 29 26 0 0 41 27 32 48 0 0 28 0 36 32 29 28 41 34 22 36 41 0 50
split_gain=4539.41 1214.91 1944.43 967.628 1842.2 804.937 533.773 214.607 197.118 194.538 217.825 141.724 135.608 131.445 126.323 125.671 113.6 105.464 87.0921 86.6312 84.0946 79.3205 70.7133 69.7919 67.4232 64.8553 64.0359 60.2819 54.4929 51.6855
threshold=0.54243600000000003 0 2022.5000000000002 1 2022.5000000000002 0.5046560000000001 0.58899550000000012 0.45974550000000008 2 2020.5000000000002 2019.5000000000002 0.54902100000000009 3 0.37278050000000001 1.0000000180025095e-35 2019.5000000000002 2020.5000000000002 417.50000000000006 2019.5000000000002 0.49599200000000004 0.37158800000000008 0.67588450000000011 9657.5000000000018 0.53353300000000015 0.30060250000000005 23786.500000000004 0.41575050000000008 0.54588950000000003 2019.5000000000002 1.0000000180025095e-35
decision_type=8 1 2 1 2 10 10 10 9 2 2 8 9 10 2 2 2 2 2 10 8 10 2 8 8 2 10 8 2 2
left_child=3 6 9 5 16 7 11 27 -8 10 -3 20 -10 19 -9 29 18 -17 -5 -7 25 -19 -21 -15 -16 -2 -6 -1 -13 -14
right_child=1 2 -4 4 26 13 8 14 12 -11 -12 28 15 23 24 17 -18 21 -20 22 -22 -23 -24 -25 -26 -27 -28 -29 -30 -31
leaf_value=-0.009719354572370548 0.00080201690186668421 0.017916258207064391 -0.0055608228587673116 0.016966943578347039 -0.011409082325392448 -0.0026946467123514428 -0.003371052468192626 -0.0037444493648503903 0.00088115331564893253 0.020381869881663496 0.0070246368014886679 0.0059801619071196679 0.011269904449372899 -0.0042662158126357637 -0.011693849726529315 0 0.018695574672253506 0.0062747605679331249 0.0064604066688089103 -0.00014762816707007098 -0.0013519826063671096 0.016445141153922354 0.005944780424419446 -0.0016346553319667109 -0.0061367641747827363 0.0036809713316985505 -0.0049094952512327697 -0.0057761726028305767 0.0026333102468875714 0.0066869323440000702
leaf_weight=14758.269015312195 29889.595802620053 3897.5766843706369 4573.9264405071735 1229.2629451602697 1970.9199912399054 13162.854237183928 1821.9424753338099 29351.073273777962 3209.4963954389095 7250.4898435771465 2898.2764389961958 6798.8178832381964 7771.7822346389294 20255.052297070622 2142.3860470354557 2399.1515981554985 3943.1600487977266 14625.647423863411 1724.1470849812031 29172.531938552856 12397.85140183568 727.12067270278931 1818.2898045182228 16522.25884757936 26006.203329443932 9229.5302826464176 4554.6803103834391 4650.3176885545254 12478.990855023265 3177.6640723496675
leaf_count=59087 119869 15700 18324 4947 7892 52751 7306 117586 12877 29224 11642 27277 31213 81158 8578 9629 15870 58703 6922 116931 49708 2927 7295 66217 104158 37019 18242 18621 50055 12762
internal_value=-3.25939e-05 0.00436025 0.0114202 -0.00319152 0.00453961 -0.00384922 0.00310202 -0.00604701 0.00620787 0.016952 0.0132808 0.00162149 0.00675492 -0.00176015 -0.00512455 0.00741 0.015349 0.00584759 0.0108563 -0.000655785 0.00079956 0.00676151 0.000209398 -0.00308503 -0.00656198 0.00148226 -0.00688149 -0.00877715 0.00381597 0.0099448
internal_weight=294409 123148 18620.3 171261 13422.2 157839 104528 76908.2 33732.8 14046.3 6795.85 70794.8 31910.9 80931 57499.7 28701.4 6896.57 17751.9 2953.41 44153.7 51517 15352.8 30990.8 36777.3 28148.6 39119.1 6525.6 19408.6 19277.8 10949.4
internal_count=1180490 494235 74890 686255 53873 632382 419345 308030 135417 56566 27342 283928 128111 324352 230322 115234 27739 71259 11869 176977 206596 61630 124226 147375 112736 156888 26134 77708 77332 43975
cat_boundaries=0 1 2 3 4
cat_threshold=2 2 2 2
is_linear=0
shrinkage=0.03


Tree=5
num_leaves=31
num_cat=4
split_feature=29 29 29 41 41 0 41 41 35 36 35 0 35 29 29 36 32 48 26 36 0 27 0 0 27 27 30 41 42 35
split_gain=4211.37 1097.51 835.439 425.021 364.055 347.092 308.112 267.198 213.653 200.267 161.337 158.219 151.112 132.964 132.034 124.799 122.312 97.9552 94.5669 117.246 94.4159 116.406 90.315 85.2644 93.0232 82.9845 77.9861 72.4647 67.445 66.8053
threshold=0.54243600000000003 0.60983650000000011 0.5046560000000001 0.59121050000000008 0.56873400000000018 2022.5000000000002 0.60871400000000009 0.59322400000000008 0.46055350000000006 0.5232690000000001 0.60030500000000009 2022.5000000000002 0.66720450000000009 0.66674900000000015 0.58899550000000012 0.50280900000000017 0.36545250000000001 1.0000000180025095e-35 0 0.60196600000000011 2022.5000000000002 1 2020.5000000000002 2022.5000000000002 2 3 0.30232850000000006 0.53865550000000006 0.14304150000000002 0.65524550000000004
decision_type=8 10 10 8 10 2 8 8 8 10 10 2 10 10 10 8 10 2 9 8 2 9 2 2 9 9 10 8 10 10
left_child=2 4 3 8 9 7 15 13 26 -2 20 12 25 -3 -11 28 -7 29 19 -17 21 -5 -9 24 -8 -6 -1 -20 -4 -10
right_child=1 5 6 10 11 16 23 22 17 14 -12 -13 -14 -15 -16 18 -18 -19 27 -21 -22 -23 -24 -25 -26 -27 -28 -29 -30 -31
leaf_value=-0.0065197113423643037 -0.000448106604161791 0.0072651846827801415 -0.0012420809716027802 0.010314457457023935 0.011733649308839781 0.0081134877868365273 0.014853647937482166 0.013670190448516643 -0.0030674139710220052 0.0021176648990585581 0.016768940152945236 -0.0011114372126421778 0.016107758364372657 0.013648060584873648 0.0054385954885683482 0.00087168215010976048 -0.0030127108435441556 -0.0057201027102911361 -0.0017585367072143721 0.010805360055813082 -0.0049659687383437857 -0.00047778491566815299 0.020982324526327534 -0.001737745942302522 0.0044088552944466317 0.0056115094609143646 -0.0096347083627949075 0.00077989324686611331 -0.0039826005666904873 0.0083285257729364317
leaf_weight=26490.454319521785 21757.659611284733 10642.880795791745 14864.985095873475 1390.1657786667347 2493.5621049553156 1466.7806143462658 1508.9067258536816 4444.4311989247799 20947.989679947495 44838.629869058728 630.26889473199844 1979.1343314945698 1782.035805106163 4090.4347004592419 14211.179813936353 4637.6959054172039 2244.3145679235458 20530.737998187542 27881.118967905641 1390.316888704896 1757.837737351656 2496.9470930844545 2383.8214954435825 746.60353770852089 1636.1850416958332 10711.485733881593 10065.633311897516 15867.177399367094 17824.976100340486 469.2630854845047
leaf_count=106075 87240 42766 59570 5599 10047 5889 6082 17897 83910 179868 2539 7932 7184 16478 57058 18596 8993 82218 111732 5582 7039 10008 9630 2991 6567 43005 40291 63603 71416 1884
internal_value=5.84351e-05 0.00429161 -0.00298503 -0.00510055 0.00285053 0.00986461 -0.000907729 0.0113232 -0.00570121 0.00201105 0.00240811 0.00684602 0.00789886 0.00904173 0.00291764 -0.00129741 0.00137975 -0.00423797 -0.000350903 0.00316677 0.000791334 0.00340445 0.0162354 0.00733671 0.0095 0.00678538 -0.00737896 -0.000837 -0.00273756 -0.00281519
internal_weight=294184 123046 171137 84779.3 97773.7 25272.7 86358 21561.6 78504.1 80807.5 6275.22 16966.2 14987.1 14733.3 59049.8 82466.3 3711.1 41948 49776.3 6028.01 5644.95 3887.11 6828.25 3891.7 3145.09 13205 36556.1 43748.3 32690 21417.3
internal_count=1179689 493987 685702 339563 392334 101653 346139 86771 314378 324166 25185 68168 60236 59244 236926 330499 14882 168012 199513 24178 22646 15607 27527 15640 12649 53052 146366 175335 130986 85794
cat_boundaries=0 1 2 3 4
cat_threshold=2 3074 2 3074
is_linear=0
shrinkage=0.03


Tree=6
num_leaves=31
num_cat=6
split_feature=36 5 0 30 30 5 0 32 36 0 5 27 0 0 32 27 30 30 0 32 0 30 36 1 44 32 36 27 53 31
split_gain=3658.06 1521.29 1255.29 1102.84 542.264 384.009 990.967 252.323 227.681 209.197 637.892 222.514 160.644 165.956 150.959 148.909 124.669 107.348 100.972 99.1385 83.3236 81.7484 78.2568 69.9819 58.6414 57.8019 54.6494 52.6178 51.5175 48.2657
threshold=0.55739400000000006 0 2022.5000000000002 0.23200800000000002 0.18113050000000003 1 2022.5000000000002 0.3718915000000001 0.46702700000000003 2022.5000000000002 2 3 2020.5000000000002 2019.5000000000002 0.37450750000000005 4 0.12878300000000004 0.17122050000000003 2020.5000000000002 0.350775 2019.5000000000002 0.30232850000000006 0.50280900000000017 6.5000000000000009 0.42655050000000005 0.37672450000000007 0.53388950000000013 5 -0.076568499999999998 0.096271450000000022
decision_type=8 1 2 10 8 1 2 10 10 2 1 9 2 2 10 9 10 10 2 10 2 10 10 2 10 10 10 9 10 10
left_child=3 4 12 9 15 8 -7 -6 21 10 11 -1 13 23 26 -2 24 -13 20 -10 -12 -5 -19 -3 29 -18 27 -11 -23 -17
right_child=1 2 -4 5 7 6 -8 -9 19 14 18 17 -14 -15 -16 16 25 22 -20 -21 -22 28 -24 -25 -26 -27 -28 -29 -30 -31
leaf_value=-0.0052700231090701847 4.6475365389384315e-05 0.019662667904947022 -0.0049449369796808664 -0.0059505647142140475 0.0021446078204554867 0.014538499115364518 -0.006851802118923089 -0.0030575107849128477 -0.0016169309578060295 -0.0027808915397050829 0.018363705634498 0.0034506172895286697 0.019533639972361721 0.0071950292838903864 -0.0046162013818587446 0.016266108787283785 0.0055571196214926656 -0.0013876161975717222 0.019591415516513368 -0.004550016931735042 0.0046422636044154341 -0.014224271159276377 0.0011719821105323869 0.011108202303106775 0.0076339460335743282 0.0018611899300808546 0.0025211854782316071 0.00097146188143035195 -0.008148198094013074 0.0058896560991645057
leaf_weight=5979.4179769605398 4152.9002436548471 2746.4615283608437 2949.4752420932055 32016.778082057834 25880.327568516135 3253.881953805685 4850.6620647609234 12412.023190423846 14451.250808298588 8384.0297898054123 584.77105233073235 11120.854362055659 7606.5752112567425 2616.6318647712469 12564.407881587744 1433.1847783774137 19810.867903590202 17788.742574214935 1470.1606509834528 37103.17964451015 1273.4194879084826 1491.8381243497133 27150.841036915779 1304.8664899617434 9634.7766338437796 4752.0727685689926 4497.1272683143616 5589.8201281875372 8769.7767118215561 582.15223614871502
leaf_count=23968 16665 11094 11812 128193 103811 13104 19419 49740 57898 33606 2358 44615 30757 10522 50329 5782 79557 71288 5935 148602 5118 5970 108863 5270 38731 19067 18036 22405 35096 2341
internal_value=-2.59789e-05 0.00478494 0.0128601 -0.00235187 0.00301589 -0.00452728 0.00173466 0.00045751 -0.00506849 -5.1202e-05 0.000911412 0.000224195 0.0165414 0.0131163 -0.00207956 0.00544189 0.00605807 0.00081179 0.0137003 -0.00372857 0.00899915 -0.00670132 0.000158106 0.0169251 0.00861931 0.00484362 -0.00035199 -0.00127914 -0.00903836 0.0132968
internal_weight=294223 95882.3 17224 198341 78658.3 101937 8104.54 38292.4 93832.8 96403.6 65368.2 62039.9 14274.5 6667.96 31035.4 40366 36213.1 56060.4 3328.35 51554.4 1858.19 42278.4 44939.6 4051.33 11650.1 24562.9 18471 13973.8 10261.6 2015.34
internal_count=1179952 385149 69455 794803 315694 408282 32523 153551 375759 386521 262145 248734 57643 26886 124376 162143 145478 224766 13411 206500 7476 169259 180151 16364 46854 98624 74047 56011 41066 8123
cat_boundaries=0 1 2 3 4 5 6
cat_threshold=2 2 2 2 2 996
is_linear=0
shrinkage=0.03


Tree=7
num_leaves=31
num_cat=4
split_feature=29 5 0 5 0 29 30 0 0 29 32 29 32 0 48 26 0 42 29 36 35 36 28 46 27 0 1 1 50 48
split_gain=3767.55 1010.72 1655.39 854.831 1631.69 695.541 467.505 169.275 185.389 165.263 157.978 130.854 117.818 111.451 111.139 95.1844 93.0042 90.8093 76.3268 64.3857 62.3651 60.2168 54.2134 50.0179 49.0309 72.7125 47.2086 46.94 46.581 46.3757
threshold=0.54495600000000011 0 2022.5000000000002 1 2022.5000000000002 0.50385900000000017 0.13709800000000003 2020.5000000000002 2019.5000000000002 0.45746100000000006 0.37672450000000007 0.57766200000000012 0.37278050000000001 2020.5000000000002 1.0000000180025095e-35 2 2019.5000000000002 0.13554050000000004 0.66674900000000015 0.40917200000000004 0.40037450000000008 0.49599200000000004 10741.500000000002 0.093173250000000013 3 2020.5000000000002 6.5000000000000009 6.5000000000000009 1.0000000180025095e-35 1.0000000180025095e-35
decision_type=8 1 2 1 2 10 8 2 2 10 8 10 10 2 2 9 2 10 10 10 8 10 2 10 9 2 2 2 2 2
left_child=3 6 7 5 13 9 15 8 27 -1 11 21 20 16 -11 -2 26 -14 28 -6 -7 -8 -22 -12 25 -13 -5 -3 -17 -19
right_child=1 2 -4 4 19 12 10 -9 -10 14 23 24 17 -15 -16 18 -18 29 -20 -21 22 -23 -24 -25 -26 -27 -28 -29 -30 -31
leaf_value=-0.0079684437856459185 -0.002178527278583513 0.018819770251694908 -0.0052091726434036834 0.020559967469728643 -0.011139912213004151 -0.0057929337026353181 -0.0011673882152983945 0.01906237903953216 0.0064895133790981233 -0.0033957598039358987 -0.003607928629168494 -0.0054744623771411684 -0.00059556023889710595 0.01766874342467201 -0.0060414066359852046 0.0078970809383633531 0.0056443075269767195 -0.0024840678469354241 0.012287679260119658 -0.0044711370543755709 -0.00050774067470050609 0.0020356380140314555 0.0052610850169728897 0.00025846270208205416 0.0047302198675879988 0.0046258821813647388 0.0080792764645767744 0.011433381590221791 0.004274228553723434 -0.0049822190846563327
leaf_weight=18340.959676146507 928.45723715424538 2709.6332183033228 4466.0627115815878 821.80688475072384 1800.7040578126907 1948.6905125826597 6243.9795590490103 7051.9419016987085 2820.7458671629429 29266.794831588864 4095.9353477358818 1100.9116774946451 11995.162056460977 4045.950724363327 28110.684462934732 10947.568070009351 1811.176241800189 13429.976749882102 2734.2267027944326 4838.5582156330347 43914.767830446362 33866.636474743485 1513.172782227397 11303.764564618468 22901.465496182442 1527.0266793966293 430.49096465110779 1147.4076079428196 4590.357841566205 13486.630985438824
leaf_count=73394 3730 10967 17885 3319 7206 7806 25034 28578 11349 117196 16424 4416 48071 16346 112526 44011 7281 53795 11028 19370 176001 135873 6076 45332 91964 6127 1739 4640 18452 54021
internal_value=8.07507e-06 0.00414381 0.0106487 -0.00277872 0.00440161 -0.00338833 0.00296245 0.0158092 0.0123622 -0.00548685 0.00196455 0.0026062 -0.00154639 0.0143875 -0.0046927 0.00717176 0.0100311 -0.0027697 0.00764581 -0.00628858 -0.00054091 0.00153623 -0.00031459 -0.000768455 0.00428572 0.000380319 0.0163231 0.0166408 0.00682975 -0.0037373
internal_weight=294192 118436 18195.8 175756 13748.7 162007 100240 13729.7 6677.79 75718.4 81039.7 65640 86288.4 7109.42 57377.5 19200.6 3063.47 38911.8 18272.2 6639.26 47376.6 40110.6 45427.9 15399.7 25529.4 2627.94 1252.3 3857.04 15537.9 26916.6
internal_count=1179957 475810 73419 704147 55261 648886 402391 55534 26956 303116 325170 263414 345770 28685 229722 77221 12339 155887 73491 26576 189883 160907 182077 61756 102507 10543 5058 15607 62463 107816
cat_boundaries=0 1 2 3 4
cat_threshold=2 2 130 2
is_linear=0
shrinkage=0.03


Tree=8
num_leaves=31
num_cat=3
split_feature=29 29 29 41 41 41 41 35 34 34 34 35 48 41 32 35 30 29 34 36 28 27 29 36 35 27 25 22 48 41
split_gain=3541.75 861.018 673.069 363.714 299.178 276.611 261.012 189.198 153.503 136.287 135.15 123.297 110.197 89.3556 96.0864 80.3293 79.4953 72.6439 69.9835 67.8359 64.2407 60.3024 58.2261 57.6749 57.3037 55.3638 52.9087 52.6504 51.5911 51.0766
threshold=0.54495600000000011 0.60089900000000018 0.50599050000000012 0.59322400000000008 0.58401700000000012 0.60289650000000006 0.57286550000000014 0.46055350000000006 0.56131400000000009 0.66815500000000017 0.49444350000000004 0.61023000000000016 1.0000000180025095e-35 0.54087000000000007 0.3778565000000001 0.58699400000000013 0.30232850000000006 0.57042550000000014 0.60234150000000009 0.58226450000000007 9188.5000000000018 0 0.65910800000000014 0.49193550000000003 0.62518900000000011 1 2 23594.500000000004 1.0000000180025095e-35 0.51527750000000017
decision_type=8 10 10 8 8 8 8 10 10 10 10 10 2 10 10 8 10 10 10 10 2 9 10 8 10 9 1 2 2 10
left_child=2 6 3 7 8 13 10 16 23 -8 -2 21 24 14 19 -6 -1 -12 25 27 -21 -5 -10 -3 -9 -7 -14 -4 -16 -19
right_child=1 4 5 11 15 18 9 12 22 -11 17 -13 26 -15 28 -17 -18 29 -20 20 -22 -23 -24 -25 -26 -27 -28 -29 -30 -31
leaf_value=-0.0057135132802103644 -0.00031303973113872463 -0.0052302083005958521 -0.0024237156330815376 0.0046857276827645573 0.0060173092920902116 0.0082084434984526396 0.0048134162397422547 -0.0024679961760903043 0.0070205425554984114 0.012347380693754578 0.0015284167692370485 0.015424981800867306 -0.0042302548190364213 0.00025381264740984027 -0.0020245251220132338 0.013929274061904008 -0.0087306018349532846 0.00136761695046629 0.011952732980225674 0.00045882119836002637 0.0095054096647847804 -0.0016068710523858074 0.01134025984670514 0.0036529860100756035 0.0055287968299405649 0.00024619940115384246 -0.0075769909678573772 -1.1459723964881088e-05 -0.0049725283446929811 0.0045002708066627069
leaf_weight=28175.853256896138 19824.858427241445 727.28343734145164 18178.325425326824 2387.6952883005142 1375.2017120271921 1436.9455225616693 10057.928857281804 20621.104836538434 11917.582214877009 2763.7124126106501 28088.154699638486 596.46380078792572 14246.704276621342 25983.387967973948 11091.805023998022 7964.3104236274958 11007.787844479084 6220.9575156271458 1399.9901910275221 2461.3345148265362 992.46424941718578 3176.1499061733484 3733.2625467628241 6445.5662894248962 834.34536470472813 1747.0929583609104 6128.2145846188068 14794.829339846969 10406.66648183763 19383.463747382164
leaf_count=112778 79506 2915 72835 9612 5536 5794 40446 82575 47941 11160 112691 2414 57034 104158 44431 32227 44045 24974 5651 9868 3987 12729 15085 25915 3350 7006 24532 59291 41681 77859
internal_value=4.55116e-05 0.00405342 -0.00265801 -0.00452901 0.00824337 -0.000814464 0.00249199 -0.00506348 0.0063884 0.00644221 0.00180242 0.00249398 -0.00365825 -0.00120688 -0.00186259 0.0127698 -0.00656247 0.00258404 0.00635808 -0.000922674 0.00307307 0.00109478 0.00805484 0.00274629 -0.00215489 0.00387982 -0.0052393 -0.00134236 -0.00345344 0.00374057
internal_weight=294169 118502 175667 87174.3 32163.2 88492.8 86339.1 81014 22823.7 12821.6 73517.4 6160.31 41830.4 83908.8 57925.4 9339.51 39183.6 53692.6 4584.03 36427 3453.8 5563.85 15650.8 7172.85 21455.5 3184.04 20374.9 32973.2 21498.5 25604.4
internal_count=1180026 476255 703771 349069 129619 354702 346636 324314 91856 51606 295030 24755 167491 336251 232093 37763 156823 215524 18451 145981 13855 22341 63026 28830 85925 12800 81566 132126 86112 102833
cat_boundaries=0 1 2 3
cat_threshold=2050 1026 2
is_linear=0
shrinkage=0.03


Tree=9
num_leaves=31
num_cat=6
split_feature=29 5 0 5 0 29 30 0 32 29 0 27 0 32 0 0 41 26 48 50 0 27 36 28 26 30 48 41 48 36
split_gain=3364.15 896.685 1572.65 790.901 1500.12 642.077 435.201 173 155.347 152.842 148.214 122.529 111.833 104.672 100.522 93.7734 93.2678 91.1087 76.4778 72.9631 72.4491 127.4 64.8483 65.2475 64.181 63.1737 50.6883 50.4689 49.6295 49.2532
threshold=0.54495600000000011 0 2022.5000000000002 1 2022.5000000000002 0.5053160000000001 0.15032150000000002 2020.5000000000002 0.3718915000000001 0.46873500000000007 2019.5000000000002 2 2020.5000000000002 0.37278050000000001 2019.5000000000002 2019.5000000000002 0.51497850000000012 3 1.0000000180025095e-35 1.0000000180025095e-35 2020.5000000000002 4 0.51252600000000015 9412.5000000000018 5 0.27146900000000002 1.0000000180025095e-35 0.54459750000000018 1.0000000180025095e-35 0.50159750000000014
decision_type=8 1 2 1 2 10 8 2 10 10 2 9 2 10 2 2 8 9 2 2 2 9 8 2 9 10 2 8 2 8
left_child=3 6 7 5 12 9 11 10 16 25 -3 -2 14 22 -5 19 -8 -17 -11 -13 21 -15 -7 -24 -18 -1 -27 -20 -22 -26
right_child=1 2 -4 4 -6 13 8 -9 -10 18 -12 15 -14 20 -16 17 24 -19 27 -21 28 -23 23 -25 29 26 -28 -29 -30 -31
leaf_value=-0.0047742567961165036 -8.8833487735365613e-05 0.015408304439170854 -0.0053673995315975179 0.016094108282115365 -0.0059044045019393957 -0.0017198576845248387 0.00017715837504077162 0.018368936220765866 -0.0010142681319660002 -0.0030930033863693046 0.006314027878422045 0.010136006678359746 0.017222397403938883 -0.0098334735633572191 0.0049497654895334043 0.0064442047025026943 0.0047490871939450422 0.00066331563123944075 -0.0061930448944312027 0.0049187188739324072 -0.0020838384263738175 0.00048040376757089477 0.00012236339572136465 0.0058440809718721164 -0.00053966985219693303 -0.0064495742444532628 -0.0096368988117838568 -0.0031149103549421558 -0.0047126025154147376 0.0027731505580971712
leaf_weight=7837.2936167120934 2638.3870527893305 3869.0884416252375 4484.9644531011581 1244.2970864623785 6666.3859150111675 20026.873293206096 13714.954263105989 7061.7755388319492 15914.058618575335 26584.466058045626 2800.5298883020878 8450.9422651827335 4026.7249464392662 1188.9366701096296 1787.9718518704176 9264.8325715959072 13370.458299875259 3369.9311373233795 18785.037057653069 3426.3329796642065 12609.870035365224 10405.459802955389 24562.807360723615 1933.1888819336891 4790.2434306591749 9318.5003464072943 8911.6945361346006 6511.7124410569668 13402.961111947894 25233.97224290669
leaf_count=31364 10596 15705 17960 5037 26680 80237 55030 28718 63821 106436 11280 34033 16306 4761 7192 37280 53695 13543 75174 13792 50505 41697 98456 7765 19210 37285 35653 26064 53675 101303
internal_value=1.65253e-05 0.00392586 0.0100485 -0.00261596 0.00429707 -0.00320163 0.0028119 0.0150859 0.0016055 -0.00516338 0.0115987 0.00605499 0.0139338 -0.00138354 0.00954414 0.00671474 0.00233606 0.00491085 -0.00421984 0.00863508 -0.00256059 -0.000584971 -0.000431316 0.000541575 0.00301764 -0.00703943 -0.00801065 -0.00540234 -0.00343983 0.00224286
internal_weight=294195 118390 18216.4 175804 13725.4 162079 100174 13731.4 73023.7 77948.7 6669.62 27150.4 7058.99 84130.1 3032.27 24512 57109.6 12634.8 51881.2 11877.3 37607.2 11594.4 46522.9 26496 43394.7 26067.5 18230.2 25296.7 26012.8 30024.2
internal_count=1180253 475966 73663 704287 55215 649072 402303 55703 293059 311976 26985 109244 28535 337096 12229 98648 229238 50823 207674 47825 150638 46458 186458 106221 174208 104302 72938 101238 104180 120513
cat_boundaries=0 1 2 3 4 5 6
cat_threshold=2 2 2 601 2 65
is_linear=0
shrinkage=0.03


Tree=10
num_leaves=31
num_cat=6
split_feature=29 29 5 0 5 0 5 0 30 32 35 0 0 36 0 26 42 29 30 48 42 7 24 32 26 22 48 29 42 30
split_gain=3228.47 826.346 673.622 1320.92 471.48 747.772 405.6 817.208 330.42 142.708 141.079 118.015 150.962 116.932 113.612 86.9267 77.9698 76.7373 75.6706 73.3025 69.914 64.5768 57.9514 57.2366 47.7548 47.2148 46.5116 46.1166 45.5383 45.405
threshold=0.55567650000000002 0.5046560000000001 0 2022.5000000000002 1 2022.5000000000002 2 2022.5000000000002 0.13878850000000001 0.37672450000000007 0.43942000000000009 2020.5000000000002 2019.5000000000002 0.50159750000000014 2020.5000000000002 3 0.1427245 0.66674900000000015 0.20705000000000004 1.0000000180025095e-35 0.14304150000000002 1.5000000000000002 4 0.36709850000000005 5 22532.000000000004 1.0000000180025095e-35 0.58083900000000011 0.13516450000000005 0.30381700000000006
decision_type=8 10 1 2 1 2 1 2 8 8 8 2 2 8 2 9 10 10 10 2 10 2 1 10 9 2 2 10 10 10
left_child=1 6 8 11 13 14 10 -8 15 16 24 12 -4 20 25 -2 -10 21 -15 -12 -3 -17 -21 -20 28 -6 -5 -18 -1 -26
right_child=2 4 3 26 5 -7 7 -9 9 -11 19 -13 -14 18 -16 17 27 -19 23 22 -22 -23 -24 -25 29 -27 -28 -29 -30 -31
leaf_value=-0.00091869813801616113 -0.0025765705283163705 -0.00097338219045594817 0.015606899195442465 -0.0013801615529904587 0.017381157430482994 -0.0054741411439317954 0.012583059585679702 -0.0066371408161988886 0.0039963563646373884 -0.0012317999092587421 -0.0030699038689463399 0.017549081172400248 0.0060942155493100602 0.00098437464318323225 0.018549125686107722 0.0075758263972474926 0.00054336562018200208 0.01176672351154193 -0.00010757187493217057 -0.0043976051995646484 -0.0035855614675871098 0.0033799072532842427 -0.0075965447783278581 -0.0022976316954354792 -0.0068474657841764049 0.0061019589351697665 -0.0079150321380728108 0.0032216063044800108 -0.0062020510331970355 -0.010261198977488523
leaf_weight=1941.8532390743494 860.76863248646259 17049.353990852833 3704.5353790521622 1766.5491042882204 441.94718983769417 2724.1198392212391 3600.19357393682 4445.0975571274757 25901.425362303853 9086.2071894109249 25998.490956649184 6480.0045384317636 2555.2913655489683 25713.682928487659 2585.0909157693386 11288.711091309786 14410.19697637856 2773.7428021281958 24579.98680588603 17012.095688089728 20189.432948872447 4718.9768322706223 7354.9131265878677 19113.914011135697 13472.655077055097 1437.976281195879 2239.6196464598179 9705.3253729939461 6215.5392767637968 4838.8073050826788
leaf_count=7770 3460 68310 15067 7073 1788 10904 14565 17786 104044 36445 104075 26420 10298 103118 10504 45455 57822 11220 98543 68077 80855 18990 29428 76571 53909 5804 8967 38989 24869 19356
internal_value=-2.49904e-05 -0.0022036 0.00450826 0.00997266 -0.000532757 0.00690124 -0.00444398 0.00196148 0.00334548 0.00222422 -0.00511514 0.0146973 0.0117333 -0.00103435 0.0144568 0.00671695 0.00285269 0.00714238 -0.000306196 -0.00418123 -0.00239059 0.00634163 -0.00536522 -0.00106639 -0.00689038 0.00879296 -0.00504411 0.00162274 -0.00494278 -0.00774849
internal_weight=294207 198715 95491.4 16746 113836 7189.13 84879.6 8045.29 78745.4 59103.2 76834.4 12739.8 6259.83 106646 4465.01 19642.2 50016.9 18781.4 69407.6 50365.5 37238.8 16007.7 24367 43693.9 26468.9 1879.92 4006.17 24115.5 8157.39 18311.5
internal_count=1180482 796232 384250 67825 456397 29000 339835 32351 316425 237300 307484 51785 25365 427397 18096 79125 200855 75665 278232 201580 149165 64445 97505 175114 105904 7592 16040 96811 32639 73265
cat_boundaries=0 1 2 3 4 5 6
cat_threshold=2 2 2 130 2 456
is_linear=0
shrinkage=0.03


Tree=11
num_leaves=31
num_cat=7
split_feature=29 5 5 29 35 35 30 41 32 35 23 26 41 42 26 23 46 26 29 28 29 30 29 35 44 28 53 52 26 27
split_gain=2995.23 735.761 703.094 673.919 402.206 328.307 306.101 234.727 145.688 145.063 142.468 130.72 101.516 100.102 119.136 98.2775 82.2362 80.4827 69.4697 65.7415 63.0236 61.809 60.4495 59.7241 57.5693 56.0925 53.8461 53.562 50.7493 47.9125
threshold=0.55144950000000004 0 1 0.5046560000000001 0.57308800000000015 0.63253350000000008 0.13878850000000001 0.59531950000000011 0.37672450000000007 0.44461950000000006 24341.500000000004 2 0.51790700000000012 0.1427245 3 23428.000000000004 0.16096950000000002 4 0.52816950000000007 880.50000000000011 0.57926400000000011 0.30232850000000006 0.47319700000000003 0.69248450000000006 0.44275950000000003 105.50000000000001 0.080137500000000042 0.00099300000000002186 5 6
decision_type=8 1 1 10 8 10 8 10 8 8 2 9 10 10 9 2 10 9 10 2 10 10 10 10 10 2 10 10 9 9
left_child=1 3 6 9 11 7 17 15 12 21 23 19 -8 -5 26 -3 27 24 -16 -4 -14 -1 -11 -6 -2 -25 -15 -9 -19 -7
right_child=2 5 4 13 10 29 8 16 -10 22 -12 -13 20 14 18 -17 -18 28 -20 -21 -22 -23 -24 25 -26 -27 -28 -29 -30 -31
leaf_value=-0.0056948149723482916 0.013719695618879583 0.0034292374377552638 0.0055620118518830289 -0.00015129928828758071 0.011270718292750189 0.0095850400621389827 0.00056332684048577099 0.0015892026552801976 -0.0011193286739362126 -0.0055209739968038445 -0.0053361715546424975 0.010008131800927921 0.0023938847537814468 0.0010174054930533042 -0.0036389022151125921 -0.0036910155536573684 0.014042845375910242 -0.0020505959673317877 -0.0012814543746676457 -0.0035163976442453594 0.0047735642240565252 -0.0088054583577253809 -0.0031802268429363192 0.0072895082861243136 0.0073059392267162578 0.016865983248040853 0.0095697452499761103 0.0087640184840611594 0.0053899883134430667 0.019128723798050754
leaf_weight=20765.849632352591 1727.6647426486015 2781.1404387652874 1012.5786408931017 48100.432045727968 7005.9179023951292 964.0440576672554 15355.582451462746 1914.0457850843668 11050.955385446548 14138.363195359707 386.41128872334957 1391.9439247101545 23209.006801739335 3854.1891774833202 24164.113824859262 4661.4813828766346 1249.0977495610714 875.85878853499889 21153.541533708572 2439.3496988415718 17748.339754983783 8050.2725496590137 33912.048392280936 651.85051272809505 4890.847222417593 4317.6228265166283 800.33703002333641 1856.6066018342972 12445.427871674299 1192.4970691055059
leaf_count=83085 7004 11186 4086 192785 28459 3909 61629 7715 44321 56571 1547 5635 93169 15453 96768 18678 5059 3520 84766 9780 71354 32203 135729 2655 19700 17621 3216 7515 50143 4848
internal_value=1.06026e-05 -0.00223741 0.00408826 -0.00277782 0.00963142 0.00422671 0.00299518 0.00235196 0.00202789 -0.00488112 0.0125026 0.00229452 0.00264607 -0.00112891 -0.00206924 -0.001026 0.00736394 0.00626073 -0.00253874 -0.000839732 0.00342609 -0.00656569 -0.00386989 0.0130819 0.00897659 0.015621 0.00249427 0.00513407 0.00489701 0.0150285
internal_weight=294067 189558 104509 174939 17205.7 14618.9 87303.7 12462.4 67363.9 76866.5 12361.8 4843.87 56312.9 98072.6 49972.2 7442.62 5019.75 19939.8 45317.7 3451.93 40957.3 28816.1 48050.4 11975.4 6618.51 4969.47 4654.53 3770.65 13321.3 2156.54
internal_count=1180109 759486 420623 700576 69783 58910 350840 50153 270473 307588 50282 19501 226152 392988 200203 29864 20289 80367 181534 13866 164523 115288 192300 48735 26704 20276 18669 15230 53663 8757
cat_boundaries=0 1 2 3 4 5 6 7
cat_threshold=2 2 6 2 65 130 82
is_linear=0
shrinkage=0.03


Tree=12
num_leaves=31
num_cat=8
split_feature=36 30 41 30 41 35 35 41 26 32 27 27 36 34 32 26 30 41 48 24 26 41 30 34 48 36 26 28 26 48
split_gain=2599.85 798.857 731.642 348.524 288.361 203.51 199.812 176.925 149.648 134.295 111.189 104.371 102.849 94.2712 91.269 90.0311 86.9538 79.4349 76.6465 77.2863 75.6239 63.7536 61.2301 52.9383 49.5321 49.0861 48.9122 48.2977 46.0353 43.1786
threshold=0.55739400000000006 0.22952800000000004 0.58243300000000009 0.17735450000000005 0.59531950000000011 0.63848800000000006 0.45617200000000008 0.54053750000000012 0 0.3718915000000001 1 2 0.68362400000000012 0.51630650000000011 0.37450750000000005 3 0.30232850000000006 0.65316950000000007 1.0000000180025095e-35 4 5 0.69192950000000009 0.12335900000000001 0.44843700000000003 1.0000000180025095e-35 0.50159750000000014 6 309.50000000000006 7 1.0000000180025095e-35
decision_type=8 10 8 8 10 10 10 8 9 10 9 9 10 10 10 9 10 8 2 1 9 10 8 8 2 10 9 2 9 2
left_child=1 7 3 10 6 22 16 14 13 -10 -2 21 23 -5 25 -7 26 20 28 -20 -9 29 -4 -12 -16 -1 -3 -14 -8 -6
right_child=2 4 5 8 11 15 18 17 9 -11 12 -13 27 -15 24 -17 -18 -19 19 -21 -22 -23 -24 -25 -26 -27 -28 -29 -30 -31
leaf_value=-0.0015571357137089102 0.00073273167894071672 -0.0029149510302991432 0.010681891182903594 -0.0022932140083325031 0.0084588194636092597 0.016595920269696696 -0.00029158286042764632 -0.0022817485005306795 0.0015208108779955984 -0.0023828005481223258 -0.00067286574858660571 -0.001061899042115853 0.0042562483061830084 0.0072597135681462541 -0.0011070148916853275 0.010028944070861219 -0.0081955608887313014 0.0077647597071751678 -0.0031623434944030053 -0.0066644908762815936 0.0019693280768196919 0.016124307363770109 0.0052709440066176843 0.0052898804254126967 -0.0040761613686924117 0.00077040172790427384 -0.0056474038568495874 0.012839558879254837 -0.002760594531032961 0.0001376507635181365
leaf_weight=12470.228617176414 4980.4154814332724 8134.0268522202969 2555.8402922451496 1154.8787507265806 1230.5953837931156 3696.7703880220652 10218.030369952321 4304.7395098656416 22502.883707717061 12244.202365428209 1398.8314355909824 3144.5728957056999 804.5242844671011 4649.378579929471 10454.405710235238 4273.1796265989542 9721.1935459524393 1877.7319033592939 21529.390510708094 7740.4501414299011 29339.804335936904 543.46571637690067 7382.2573034912348 27445.714381277561 9861.8713349550962 23547.025358095765 22907.247561052442 2383.3136515468359 20531.754710033536 1043.5388787090778
leaf_count=49972 20040 32555 10358 4635 4967 15129 40918 17263 90318 49066 5622 12609 3255 18728 41882 17347 38892 7590 86192 30981 117738 2211 29781 110514 39500 94459 91670 9686 82210 4208
internal_value=7.53475e-06 -0.00194813 0.00407593 0.00281326 -0.00371311 0.00954179 -0.00409248 0.000102656 0.000891008 0.000144262 0.00491823 0.0026935 0.00556596 0.00534439 -0.000942494 0.0131172 -0.00571423 0.00176091 -0.00299034 -0.0040901 0.00142427 0.0068714 0.00666833 0.00499963 -0.00255016 -3.46896e-05 -0.00493547 0.0106888 -0.00194223 0.00465885
internal_weight=294072 198600 95472.2 77564.1 106744 17908 100782 91855.8 40551.3 34747.1 37012.8 5962.17 32032.4 5804.26 56333.5 7969.95 40762.5 35522.3 60019.6 29269.8 33644.5 2817.6 9938.1 28844.5 20316.3 36017.3 31041.3 3187.84 30749.8 2274.13
internal_count=1180296 795817 384479 311864 427413 72615 403418 368404 162747 139384 149117 23995 129077 23363 225813 32476 163117 142591 240301 117173 135001 11386 40139 116136 81382 144431 124225 12941 123128 9175
cat_boundaries=0 1 2 3 4 5 6 7 8
cat_threshold=1026 2 2050 2 2 2 2440 2074
is_linear=0
shrinkage=0.03


Tree=13
num_leaves=31
num_cat=4
split_feature=30 35 35 26 35 26 30 0 0 30 30 32 30 22 0 31 42 40 32 42 0 1 40 42 35 0 27 53 26 32
split_gain=2456.52 807.889 443.212 322.192 257.144 194.239 183.121 175.295 144.376 131.58 128.806 116.168 107.406 83.5719 67.1197 64.3411 63.0233 60.9884 60.7728 69.6254 52.4865 67.6055 51.6427 49.6948 46.8834 45.4013 44.6612 43.6425 42.2406 42.0877
threshold=0.2147995 0.59527800000000008 0.46515850000000003 0 0.60611250000000017 1 0.13878850000000001 2022.5000000000002 2022.5000000000002 0.15185300000000002 0.28088300000000005 0.38211950000000006 0.2482385 23517.000000000004 2020.5000000000002 0.11331050000000002 0.12974150000000004 1651.5000000000002 0.36794800000000011 0.1427245 2022.5000000000002 5.5000000000000009 1600.5000000000002 0.14286350000000003 0.39588600000000002 2019.5000000000002 2 -0.070693999999999937 3 0.37278050000000001
decision_type=10 8 10 9 8 9 8 2 2 10 10 10 10 2 2 10 8 2 10 10 2 2 2 8 8 2 9 10 9 10
left_child=1 7 10 8 12 17 15 9 14 -1 20 13 18 -9 25 -5 -14 -6 -4 -20 21 27 -16 -11 -12 -3 -25 -2 -23 -18
right_child=2 3 4 6 5 -7 -8 11 -10 23 24 -13 16 -15 22 -17 29 -19 19 -21 -22 28 -24 26 -26 -27 -28 -29 -30 -31
leaf_value=0.0046629287545270175 0.0036825683618568542 0.012103193927754425 0.00015392990550263958 0.010128948080476582 0.01325296035439478 0.00048263628901819235 0.0032642722781474382 -0.0016147639473466197 0.002073811872336797 0.0020452210167092567 -0.0086026337334720523 -0.004479209415213503 -0.00017523002855882248 0.0023925375454845492 0.01682262419220458 0.0060211856161580648 -0.0024905419127466645 0.0046057824716677119 -0.00038196874457172735 -0.0036446999063576898 -0.004845639379686649 -0.0052919988507965227 0.0068790987283880427 -0.0022672343586761716 -0.0055327224281517514 0.0040602251348625124 0.0010127168611520933 -0.0017970108168158647 -0.0021141651767808971 -0.0046938539958618335
leaf_weight=13759.299963578582 2023.1904109418392 2014.2251793146133 23002.665943264961 5399.8906248062849 1702.7143488675356 7625.5525656938553 23748.080810934305 9934.3417652696371 1277.0769727379084 35639.484933048487 7115.3829874992371 6139.3079656362534 5619.6753806769848 8853.0739474594593 3639.7073747515678 9684.1411698609591 15202.831666409969 1320.6514689177275 11815.510440558195 11773.949005320668 18246.048380970955 7484.6668949872255 558.86105908453465 5043.9565036892891 12482.614802330732 944.58311559259892 14281.444740816951 3686.1300154924393 7763.1534036248922 16248.762432590127
leaf_count=55401 8124 8228 92210 21900 6924 30616 95526 39825 5128 143069 28479 24582 22538 35538 14940 39091 60870 5305 47372 47150 73016 29962 2271 20241 49960 3813 57294 14771 31099 65042
internal_value=1.27129e-05 0.00287109 -0.00261779 0.0060685 -0.0013428 0.00304629 0.00490779 0.00125686 0.0113859 0.00203864 -0.00466209 -0.000897349 -0.00190191 0.000272055 0.0130576 0.00749542 -0.00310726 0.0094627 -0.000942083 -0.00201199 -0.00366712 -0.00263908 0.0155121 0.00138095 -0.00664998 0.00955236 0.000154225 0.000140429 -0.00368162 -0.00363013
internal_weight=294031 140917 153114 47266.6 94312.3 10648.9 38832.1 93650.9 8434.45 68724.2 58801.2 24926.7 83663.4 18787.4 7157.38 15084 37071.3 3023.37 46592.1 23589.5 39203.2 20957.1 4198.57 54964.9 19598 2958.81 19325.4 5709.32 15247.8 31451.6
internal_count=1180285 566847 613438 190897 378027 42845 156517 375950 34380 276005 235411 99945 335182 75363 29252 60991 148450 12229 186732 94522 156972 83956 17211 220604 78439 12041 77535 22895 61061 125912
cat_boundaries=0 1 2 3 4
cat_threshold=3074 2 2 579
is_linear=0
shrinkage=0.03


Tree=14
num_leaves=31
num_cat=4
split_feature=36 5 0 30 30 5 0 32 36 41 27 32 0 0 0 32 28 30 36 0 5 28 48 34 1 48 48 48 31 7
split_gain=2431.86 986.392 920.659 715.22 384.014 325.2 755.444 186.777 183.54 160.084 129.159 118.168 115.876 127.166 98.0397 87.1033 76.9268 71.0844 67.8174 61.9233 77.6487 61.5681 56.077 52.445 52.3434 52.2348 51.0567 50.7671 48.9678 47.1175
threshold=0.55739400000000006 0 2022.5000000000002 0.22522150000000005 0.17735450000000005 1 2022.5000000000002 0.37278050000000001 0.46163950000000004 0.56356150000000016 2 0.37756350000000005 2020.5000000000002 2019.5000000000002 2019.5000000000002 0.37309950000000008 1183.5000000000002 0.30232850000000006 0.50159750000000014 2022.5000000000002 3 297.50000000000006 1.0000000180025095e-35 0.48429300000000003 6.5000000000000009 1.0000000180025095e-35 1.0000000180025095e-35 1.0000000180025095e-35 0.094601450000000017 1.5000000000000002
decision_type=8 1 2 10 8 1 2 8 10 8 9 10 2 2 2 10 2 10 10 2 1 2 2 10 2 2 2 2 10 2
left_child=3 4 12 9 10 8 -7 23 17 11 -2 18 13 24 29 -10 -16 25 -1 20 -13 -11 -8 -6 -3 -5 -14 -21 -18 -12
right_child=1 2 -4 5 7 6 22 -9 15 21 14 19 26 -15 16 -17 28 -19 -20 27 -22 -23 -24 -25 -26 -27 -28 -29 -30 -31
leaf_value=-0.0011654368656812653 -0.00051344342211059684 0.016467069661414147 -0.0047428025105725755 -0.0035408835895172877 -0.0012366374171753718 0.012690264258505784 -0.0016153743613695302 -0.002511447159589853 -0.0018183859772504648 0.0069479184919498159 0.0083425219284572888 -0.0014995614401838761 0.018807794740100647 0.0055380235671183328 0.0011453962925096141 -0.0040443792036998745 0.013199258611179099 -0.0077133960833750976 0.0012549810864841099 -0.0018068169731500433 0.010022750223959294 0.002055990267524602 -0.0079323179700913765 0.0024130116455454795 0.0090626664474837224 -0.0059840636801329694 0.013767493072377105 -0.0067218589321967641 0.0047687464619169014 0.0044114622922918623
leaf_weight=15679.559961333871 3870.4160843938589 2717.7670147567987 2960.421380341053 15770.947249948978 4156.7217646539211 3584.2597141563892 2241.8666583895683 12833.754429087043 32851.4562869519 2847.4971490949392 9824.8925019353628 14210.024505898356 3618.5017111897469 2606.2453633397818 6184.4363294690847 30661.779292494059 652.75712431967258 9713.9197442978621 30995.886142686009 3610.1973071098328 543.12701535224915 12578.902038097382 2946.2122000008821 23578.308497413993 1309.7034588009119 15964.757799699903 3897.9329477399588 4025.0334678739309 13579.104133561254 3878.1512294858694
leaf_count=62836 15552 11135 11854 63106 16672 14532 8971 51411 131544 11467 39667 56938 14862 10530 24888 122715 2663 38863 124370 14453 2197 50543 11787 94677 5349 63873 16013 16110 54671 15642
internal_value=4.42875e-06 0.00393262 0.0104597 -0.0018913 0.00251024 -0.00344445 0.00210167 0.000479621 -0.0039083 0.000199133 0.00467771 -0.000417681 0.0136428 0.0107297 0.00526607 -0.00289362 0.00394588 -0.00546205 0.000441231 -0.0022095 -0.00107139 0.00296209 -0.00521094 0.00186487 0.0140752 -0.00477133 0.0162045 -0.00440341 0.00516023 0.00723338
internal_weight=293895 95669.1 17110.6 198225 78558.5 113735 8772.34 40568.8 104963 84490.2 37989.8 69063.8 14150.2 6633.72 34119.3 63513.2 20416.3 41449.6 46675.4 22388.4 14753.2 15426.4 5188.08 27735 4027.47 31735.7 7516.43 7635.23 14231.9 13703
internal_count=1179891 385586 69743 794305 315843 455391 35290 162760 420101 338914 153083 276904 57889 27014 137531 254259 82222 165842 187206 89698 59135 62010 20758 111349 16484 126979 30875 30563 57334 55309
cat_boundaries=0 1 2 3 4
cat_threshold=2 2 2 2
is_linear=0
shrinkage=0.03


Tree=15
num_leaves=31
num_cat=4
split_feature=29 5 0 5 0 29 30 32 0 0 29 48 0 26 29 0 29 48 7 34 48 46 30 46 34 28 27 0 0 46
split_gain=2445.36 730.022 1240.25 540.345 1172.61 408.964 321.32 144.497 123.752 145.924 106.564 90.3705 88.5859 87.3442 82.7603 72.161 72.1147 67.7225 52.5314 52.4172 51.3488 49.406 46.6976 46.0327 45.1852 42.0292 43.3578 59.4377 45.0814 41.9036
threshold=0.54243600000000003 0 2022.5000000000002 1 2022.5000000000002 0.49970250000000005 0.14064250000000003 0.38767250000000003 2020.5000000000002 2019.5000000000002 0.45746100000000006 1.0000000180025095e-35 2020.5000000000002 2 0.57766200000000012 2019.5000000000002 0.66674900000000015 1.0000000180025095e-35 1.5000000000000002 0.39228100000000005 1.0000000180025095e-35 0.078950700000000013 0.27146900000000002 0.099201400000000009 0.30060250000000005 6840.5000000000009 3 2022.5000000000002 2019.5000000000002 0.093173250000000013
decision_type=8 1 2 1 2 10 8 8 2 2 10 2 2 9 10 2 10 2 2 10 2 10 10 10 8 2 9 2 2 8
left_child=3 6 8 5 12 10 13 14 9 -3 22 21 15 -2 25 -5 18 -12 -15 -13 -6 -7 -1 -22 -19 26 27 -8 -28 -9
right_child=1 2 -4 4 20 11 7 29 -10 -11 17 19 -14 16 -16 -17 -18 24 -20 -21 23 -23 -24 -25 -26 -27 28 -29 -30 -31
leaf_value=-0.0038933276843282193 -0.0028577407125057871 0.014131183430083081 -0.004775482858572125 0.01381593870822095 -0.0024998197381346289 -0.0029238225749119184 -0.0033180292056268022 -0.0050572470398819215 0.016010234040042357 0.0051515727854966192 -0.0027426393795223253 -0.004803072141808788 0.015143590028606727 0.0063682108176671935 0.0032372662730910367 0.0042433567662381226 0.010565165167350956 -0.0094395943113101018 0.0027177230869259296 -0.0019862018542671105 -0.010574073562899036 -0.00011639314223769434 -0.0073989193660530745 -0.0037108124137748858 -0.004591188358954403 -0.0010622848978820453 0.0041794980252246742 0.0058958675726498381 0.0013495090339927622 -0.00073163696855964582
leaf_weight=4624.4577502012253 1042.1227827966213 3825.3324033617973 4575.1805781275034 1214.5590562522411 2762.8425685465336 6612.8447280824184 3164.3435952365398 2805.3429958075285 7103.6942939013243 2867.1092993170023 25098.658452242613 7070.5587446540594 3887.6995705217123 12209.080889344215 26369.292026802897 1736.9071236550808 2729.6953600049019 1891.8686330318451 5057.7222036272287 38099.668094724417 2288.5611130148172 38500.060137704015 13744.454911053181 1461.730771869421 22193.088664785028 6698.1073701381683 6108.2155572623014 782.08456237614155 30137.396700575948 7223.646766141057
leaf_count=18500 4191 15688 18316 4953 11056 26486 12693 11247 29251 11587 100435 28307 15863 49277 106054 7005 11102 7568 20390 152612 9156 154225 54989 5848 88784 26873 24539 3137 120962 28968
internal_value=6.10885e-06 0.00323853 0.00875305 -0.00231056 0.00348276 -0.0028009 0.00226695 0.00142958 0.0132417 0.0102927 -0.00456647 -0.0014794 0.0121575 0.00557984 0.00189212 0.00820276 0.00601985 -0.00383637 0.00530132 -0.00242808 -0.00562306 -0.00052875 -0.00651878 -0.00791211 -0.0049744 0.00113487 0.00150183 -0.00147763 0.00182706 -0.00194575
internal_weight=293886 122698 18371.3 171188 13352.3 157836 104327 83288.4 13796.1 6692.44 67552.5 90283.1 6839.17 21038.6 73259.4 2951.47 19996.5 49183.6 17266.8 45170.2 6513.13 45112.9 18368.9 3750.29 24085 46890.1 40192 3946.43 36245.6 10029
internal_count=1180062 494275 74842 685787 53881 631906 419433 334473 56526 27275 270276 361630 27821 84960 294258 11958 80769 196787 69667 180919 26060 180711 73489 15004 96352 188204 161331 15830 145501 40215
cat_boundaries=0 1 2 3 4
cat_threshold=2 2 130 2
is_linear=0
shrinkage=0.03


Tree=16
num_leaves=31
num_cat=6
split_feature=29 5 0 5 0 29 30 0 0 33 48 29 29 26 1 22 41 33 42 0 41 26 0 48 41 41 27 26 29 43
split_gain=2363.53 643.521 1130.08 513.977 1131.13 435.495 309.02 105.642 147.15 103.616 97.6418 92.8091 78.9972 69.7975 68.6227 61.3245 53.3357 58.1089 53.126 50.2216 49.3621 71.6197 49.2425 48.9605 48.2208 46.3289 45.4688 47.5571 44.9706 48.1248
threshold=0.54243600000000003 0 2022.5000000000002 1 2022.5000000000002 0.49970250000000005 0.14361850000000001 2020.5000000000002 2019.5000000000002 0.42451950000000005 1.0000000180025095e-35 0.45974550000000008 0.5723815000000001 2 6.5000000000000009 22249.500000000004 0.53808950000000011 0.45133850000000003 0.14097750000000001 2020.5000000000002 0.5229155000000002 3 2021.5000000000002 1.0000000180025095e-35 0.46995400000000004 0.5268695000000001 4 5 0.51823850000000016 10741.500000000002
decision_type=8 1 2 1 2 10 8 2 2 10 2 10 10 9 2 2 8 10 8 2 10 9 2 2 8 8 9 9 10 2
left_child=3 6 7 5 14 11 13 8 -3 22 28 25 24 15 -5 -2 17 -12 -13 -16 -14 -22 -8 -4 -11 -1 -15 -28 -7 -30
right_child=1 2 23 4 -6 10 9 -9 -10 12 16 18 20 26 19 -17 -18 -19 -20 -21 21 -23 -24 -25 -26 -27 27 -29 29 -31
leaf_value=-0.0077823009778750863 0.012509903418258144 0.013793327959403072 -0.0010077300100953535 0.01439123263485686 -0.0055554199623323837 -0.0015599458234026545 0.00016692136864553795 0.015208028221527068 0.0047830112777953572 -0.0051148703908135921 -0.0044529659785554889 -0.0026053399601084623 0.0012030315102754348 -0.00084280501259777511 0.0039694995711597918 0.0061520138901504425 -0.0011360406888070631 -0.0016268619316189101 -0.0046645886672420185 0.012126695017411645 -0.005109167701155326 0.0041664332539478799 -0.0040606115977500573 -0.0072623261720498192 0.0011241441007151941 -0.0048347158452361986 -0.0027720205811753379 0.0051193563494709333 0.00016254256336987273 0.0082545423578760952
leaf_weight=9912.6899985074997 1861.5490148961544 3807.1913475841284 2022.5878099054098 4068.355435281992 6534.0491416603327 18297.758695140481 6877.6075397282839 7085.9580152183771 2883.1859527379274 1142.6787110418081 15304.991018429399 18344.752687871456 9635.4588609039783 1451.7794505208731 1330.9581890404224 5329.10339397192 18286.546929508448 11526.200743287802 29693.847976699471 1425.0667333006859 767.25055487453938 19612.056629508734 3863.6821459382772 2577.8972672820091 39678.502291098237 9516.5069695413113 715.18949022889137 13512.051689103246 26116.480449795723 676.0018859654665
leaf_count=39661 7591 15649 8097 16583 26143 73265 27602 29258 11658 4583 61259 73399 38713 5838 5389 21509 73261 46175 118800 5835 3080 78915 15485 10318 159245 38074 2873 54566 104632 2720
internal_value=-6.65613e-06 0.00316812 0.00834526 -0.00228673 0.00336181 -0.00276552 0.00225673 0.0126442 0.00991874 0.00139213 -0.00140147 -0.00458875 0.00180865 0.0053389 0.0119028 0.00779584 -0.00238826 -0.00324036 -0.00387905 0.00820684 0.00297742 0.00381459 -0.00135166 -0.00452148 0.000948402 -0.00634107 0.00420127 0.00471839 -0.000413317 0.000368733
internal_weight=293858 122824 18376.8 171034 13358.4 157676 104447 13776.3 6690.38 81577.2 90208 67467.8 70835.9 22869.7 6824.38 7190.65 45117.7 26831.2 48038.6 2756.02 30014.8 20379.3 10741.3 4600.49 40821.2 19429.2 15679 14227.2 45090.2 26792.5
internal_count=1180176 494980 74980 685196 53950 631246 420000 56565 27307 327623 361312 269934 284536 92377 27807 29100 180695 107434 192199 11224 120708 81995 43087 18415 163828 77735 63277 57439 180617 107352
cat_boundaries=0 1 2 3 4 5 6
cat_threshold=2 2 65 2 2 2
is_linear=0
shrinkage=0.03


Tree=17
num_leaves=31
num_cat=4
split_feature=29 5 0 5 0 29 30 0 0 34 34 48 0 30 0 33 0 27 6 41 29 3 29 29 25 36 43 48 41 1
split_gain=2106.72 623.815 1088.22 513.87 1059.34 442.817 272.307 106.424 116.183 101.057 95.2258 90.8132 87.5395 74.6602 72.7471 71.1192 68.469 115.716 66.5679 66.1146 54.4659 54.2779 51.8617 50.9293 49.341 47.4195 49.5471 45.056 42.5757 42.4557
threshold=0.54495600000000011 0 2022.5000000000002 1 2022.5000000000002 0.49143600000000004 0.13709800000000003 2020.5000000000002 2019.5000000000002 0.41707150000000009 0.49444350000000004 1.0000000180025095e-35 2020.5000000000002 0.25292650000000005 2019.5000000000002 0.44846350000000007 2020.5000000000002 2 2.5000000000000004 0.50870450000000011 0.44827850000000008 6.5000000000000009 0.65910800000000014 0.57926400000000011 3 0.5715690000000001 9188.5000000000018 1.0000000180025095e-35 0.48064850000000009 6.5000000000000009
decision_type=8 1 2 1 2 10 8 2 2 8 8 2 2 10 2 10 2 9 2 8 10 2 10 10 1 10 2 2 8 2
left_child=3 6 7 5 12 11 21 8 29 -7 -8 20 14 -13 -5 16 17 -11 19 -12 -1 22 28 -21 -15 -17 -27 -4 -2 -3
right_child=1 2 27 4 -6 9 10 -9 -10 15 18 13 -14 24 -16 25 -18 -19 -20 23 -22 -23 -24 -25 -26 26 -28 -29 -30 -31
leaf_value=-0.0059030386645920084 -0.0012207864155814134 0.015264766035885564 -0.0010982960173850319 0.013355345574890404 -0.0050629260707183163 -0.0032230753229159546 -0.00033054098427318991 0.015120468786706559 0.0051189451500343363 -0.0078757125152831703 -1.299078849074639e-05 -0.0030389319989630693 0.014615917392092344 -0.0056645719226557879 0.0038784494149514308 -0.00040258588611482221 -0.0025500477375771267 0.00078781861854751412 -0.0013839353858680183 0.0020003434763671366 -0.0027762298161610488 0.0023433495462326947 0.0099450965070418066 0.0040457674154531437 -0.0086886397645347703 0.0010808883130543582 0.0081708164723529181 -0.0071834448577606028 0.0058686713775058796 0.008177529578509795
leaf_weight=6605.5402023494244 808.3050876557827 2673.1697858721018 1956.4520520418882 1249.3118143975735 6617.7163335978985 21971.431637808681 20474.806406244636 6925.2781590223312 2811.9506806731224 1531.0720234811306 9081.7114550471306 6091.2715975195169 3967.9277383983135 12800.11668869853 1783.5296453386545 34283.273032099009 30929.589470788836 13667.821139484644 4711.0316044390202 28828.043501228094 21216.776933312416 4110.7073834836483 2800.6252007633448 17786.087409257889 7976.9898187369108 3879.6964290291071 1152.9978668987751 2526.3109932541847 11461.713530853391 1111.5855320841074
leaf_count=26431 3256 11026 7832 5113 26477 87954 82155 28676 11376 6129 36458 24368 16260 51207 7202 137333 123815 54761 18931 115775 84888 16606 11410 71613 31917 15551 4643 10110 46304 4567
internal_value=2.52631e-05 0.00312456 0.00826549 -0.00205697 0.00353872 -0.0025273 0.00219901 0.012512 0.00976335 -0.00140802 0.00143626 -0.00472488 0.0116727 -0.00597065 0.00780147 -0.00094085 -0.00173986 -8.89798e-05 0.0020356 0.00232544 -0.00352023 0.00541297 0.00624763 0.00278165 -0.00682814 -2.56777e-06 0.00271506 -0.00453685 0.00539901 0.0131993
internal_weight=293793 118068 18004.7 175725 13618.5 162107 100063 13522 6596.71 107416 80881.7 54690.7 7000.77 26868.4 3032.84 85444.4 46128.5 15198.9 60406.9 55695.8 27822.3 19181.4 15070.6 46614.1 20777.1 39316 5032.69 4482.76 12270 3784.76
internal_count=1180144 476095 73587 704049 55052 648997 402508 55645 26969 430186 324932 218811 28575 107492 12315 342232 184705 60890 242777 223846 111319 77576 60970 187388 83124 157527 20194 17942 49560 15593
cat_boundaries=0 1 2 3 4
cat_threshold=2 2 2 2
is_linear=0
shrinkage=0.03


Tree=18
num_leaves=31
num_cat=4
split_feature=29 5 0 5 0 29 29 26 0 0 34 21 0 48 34 0 29 29 28 42 41 41 29 44 36 48 44 28 26 0
split_gain=2002.67 543.645 999.317 484.843 984.285 393.121 250.893 140.587 116.645 108.462 102.179 94.9714 91.4952 82.5259 80.3277 75.762 58.6155 58.0672 57.2104 49.7335 48.5457 47.9698 47.0561 46.3161 44.3823 43.286 43.0432 42.3471 42.3191 40.7267
threshold=0.54495600000000011 0 2022.5000000000002 1 2022.5000000000002 0.49143600000000004 0.58899550000000012 2 2020.5000000000002 2019.5000000000002 0.41707150000000009 0.23500000000000001 2020.5000000000002 1.0000000180025095e-35 0.49444350000000004 2019.5000000000002 0.52631950000000016 0.65910800000000014 910.50000000000011 0.13885450000000002 0.50918500000000011 0.52343050000000002 0.45555200000000007 0.80562900000000004 0.41575050000000008 1.0000000180025095e-35 0.45334200000000008 1683.5000000000002 3 2019.5000000000002
decision_type=8 1 2 1 2 10 10 9 2 2 10 2 2 2 8 2 10 10 2 10 10 8 10 10 10 2 10 2 9 2
left_child=3 6 8 5 12 13 14 27 9 -3 19 -9 15 22 -2 -5 -12 20 -15 -7 -13 -16 -1 -24 -6 -4 -20 -8 -28 -22
right_child=1 2 25 4 24 10 7 11 -10 -11 16 17 -14 18 21 -17 -18 -19 26 -21 29 -23 23 -25 -26 -27 28 -29 -30 -31
leaf_value=-0.0051830610776098657 -0.0005731202893522443 0.012392480048741831 -0.0010935089414783521 0.013080683493931031 -0.0086153770941847091 -0.0012846402809913145 -0.0088101273680712341 0.00078262322109454694 0.014681749346082362 0.0045854625541805688 -0.0015477787215829816 0.0018295579036893307 0.014324635696139197 -0.003926841234500612 0.00042489910890015637 0.0033852506562359747 6.4677048141145941e-05 0.0093494939240748153 -0.0025343451130381413 -0.004228380868471231 0.0073346328280578981 0.0024341454841825478 -0.0027037692807466694 0.009567293158285084 -0.0032151943060213834 -0.0070707581472927309 -0.013250611783357378 0.00033113414514140082 -0.006874036571318823 0.0045235705459040288
leaf_weight=8791.8926528394222 17999.578969538212 3783.314536973834 1966.7482757568359 1231.952881410718 1956.2815257608891 8069.0261350125074 821.93465588986874 4587.0303592681885 6895.3331044465303 2811.857278123498 51138.073711767793 3793.9458562135696 3957.2504418939352 10219.11720867455 15995.120409160852 1793.0270969420671 33575.937498793006 3077.9986668676138 1917.3290964365005 14539.271940112114 7339.4200923144817 32514.973523855209 18732.930133908987 277.07453782856464 4687.5448192358017 2485.659443706274 1040.3110575973988 1006.1471503823996 13661.954924583435 12997.039617881179
leaf_count=35180 72213 15623 7873 5052 7827 32311 3301 18502 28633 11382 204745 15274 16254 40886 64211 7243 134555 12545 7670 58188 29682 130700 74948 1109 18754 9946 4164 4035 54658 52408
internal_value=4.66283e-05 0.0030678 0.0078769 -0.00198483 0.00344868 -0.00244219 0.00220555 0.00431777 0.0119442 0.0090721 -0.00138712 0.00478255 0.0113129 -0.00451378 0.00113713 0.00735277 -0.000908357 0.00545738 -0.00570219 -0.00317938 0.00495857 0.00177233 -0.00336497 -0.00252186 -0.00481297 -0.00443969 -0.00679111 -0.00374976 -0.00734357 0.00554049
internal_weight=293665 118076 17942.9 175589 13626.1 161963 100133 33623.5 13490.5 6595.17 107322 31795.4 6982.23 54640.6 66509.7 3024.98 84714 27208.4 26838.7 22608.3 24130.4 48510.1 27801.9 19010 6643.83 4452.41 16619.6 1828.08 14702.3 20336.5
internal_count=1179872 476328 73457 703544 55130 648414 402871 135747 55638 27005 429799 128411 28549 218615 267124 12295 339300 109909 107378 90499 97364 194911 111237 76057 26581 17819 66492 7336 58822 82090
cat_boundaries=0 1 2 3 4
cat_threshold=2 2 2 16
is_linear=0
shrinkage=0.03


Tree=19
num_leaves=31
num_cat=7
split_feature=36 5 0 30 30 41 33 27 41 0 0 0 28 42 5 0 30 52 26 36 7 26 0 5 0 28 1 26 36 0
split_gain=1800.95 870.56 726.975 431.369 305.904 177.967 137.019 124.068 115.05 105.848 100.87 100.426 99.8202 96.9285 96.8504 235.153 84.6031 73.2749 71.5987 68.0252 65.3816 61.5058 58.4387 56.255 155.712 53.4868 52.7581 47.2356 46.3219 46.2578
threshold=0.54056950000000015 0 2022.5000000000002 0.2482385 0.17735450000000005 0.5671655000000001 0.41981650000000009 1 0.56799400000000011 2020.5000000000002 2019.5000000000002 2019.5000000000002 1183.5000000000002 0.1427245 2 2022.5000000000002 0.30232850000000006 -0.11632899999999995 3 0.42411350000000009 1.5000000000000002 4 2019.5000000000002 5 2022.5000000000002 1561.5000000000002 6.5000000000000009 6 0.36994600000000005 2020.5000000000002
decision_type=8 1 2 10 8 8 8 9 10 2 2 2 2 10 1 2 10 10 9 10 2 9 2 1 2 2 2 9 10 2
left_child=3 4 9 5 7 13 -6 25 16 10 26 20 -13 18 22 29 -5 -8 -1 -15 -9 -19 27 -10 -25 -2 -3 -7 -18 -16
right_child=1 2 -4 8 6 14 17 11 23 -11 -12 12 -14 19 15 -17 28 21 -20 -21 -22 -23 -24 24 -26 -27 -28 -29 -30 -31
leaf_value=-0.0032004462552616829 -0.0045987523012795822 0.014419430790104951 -0.0036971493803024005 -0.0036223802803057254 -0.0034339148998348053 -0.0031452296260569639 -0.0018963524233992679 0.0073382902162294015 -0.0022677011226220735 0.014146393022348278 0.0047750907978015844 2.0274510729625901e-05 0.0042263972375707233 -0.0054421006051348026 0.0074810316210296721 -0.0037394720562280801 -0.010417322609664676 0.0023837469504913349 0.0003669231459653737 -0.0017699449522462832 0.0029707376950784395 0.00010839943837658807 -0.00097111021009804776 0.010027076654489417 -0.004376807815428518 0.0020626467596868577 0.0070875687866774175 0.0047836068739983331 -0.0055515671845248488 0.015638709850697638
leaf_weight=5930.9711060076952 2113.4920606017113 2802.2516152113676 3375.575357452035 46837.020077556372 7628.4369221925735 807.93012547492981 7311.9069111198187 10788.55330362916 4633.1352994441986 7763.014724701643 2942.1015450656414 7273.8750023692846 16929.507882073522 5060.8721554875374 1260.0016980171204 1364.1875375062227 2084.5059715807438 23525.850095823407 34138.020880773664 44902.357957929373 4365.5583139210939 19657.685345828533 6651.350265443325 1417.2940240949392 1282.2350382804871 2216.1931581646204 1332.7310584485531 3855.321844831109 12160.649908751249 1303.5442635118961
leaf_count=23758 8495 11619 13509 187427 30556 3235 29310 43661 18540 32314 11916 29291 68293 20258 5121 5459 8349 94469 136832 179892 17638 78846 26672 5807 5130 8911 5491 15467 48674 5379
internal_value=-6.27858e-06 0.00281947 0.00885961 -0.00195918 0.00173827 -0.000753547 0.000312 0.00363502 -0.00381382 0.011718 0.00904514 0.0041648 0.00296372 -0.00126129 0.00224325 0.00630128 -0.00424008 0.000878667 -0.000161274 -0.00214281 0.00608291 0.00134933 0.000830601 -0.000258627 0.00317709 -0.00118033 0.0120704 0.00340584 -0.00626773 0.0116543
internal_weight=293716 120027 18215.7 173689 101811 105275 58123.9 43687.2 68414.8 14840.1 7077.08 39357.5 24203.4 90032.2 15242.3 3927.73 61082.2 50495.4 40069 49963.2 15154.1 43183.5 11314.6 7332.66 2699.53 4329.69 4134.98 4663.25 14245.2 2563.55
internal_count=1180319 484319 74849 696000 409470 422073 233181 176289 273927 61340 29026 158883 97584 360740 61333 15959 244450 202625 160590 200150 61299 173315 45374 29477 10937 17406 17110 18702 57023 10500
cat_boundaries=0 1 2 3 4 5 6 7
cat_threshold=2 2 2 2 87 2 2
is_linear=0
shrinkage=0.03


Tree=20
num_leaves=31
num_cat=5
split_feature=29 29 41 41 41 29 0 34 35 29 34 35 34 26 36 36 48 41 46 26 41 41 26 0 41 48 26 48 0 27
split_gain=1854.47 549.315 348.08 244.32 183.071 173.997 152.342 128.647 119.758 97.1985 94.7538 91.0367 87.5668 67.8871 57.6756 57.6653 54.6128 57.201 54.8082 51.4161 46.8537 46.8074 45.7164 43.8235 43.822 42.9801 40.3265 36.8269 36.2804 43.7314
threshold=0.56199450000000006 0.51823850000000016 0.56211650000000002 0.59531950000000011 0.65316950000000007 0.46452450000000006 2022.5000000000002 0.44843700000000003 0.68562450000000019 0.58899550000000012 0.58793200000000001 0.41709850000000004 0.6040635000000002 0 0.60196600000000011 0.53248150000000016 1.0000000180025095e-35 0.54949250000000005 0.098267550000000023 1 0.53612050000000011 0.60871400000000009 2 2022.5000000000002 0.55409350000000013 1.0000000180025095e-35 3 1.0000000180025095e-35 2022.5000000000002 4
decision_type=8 10 8 8 10 10 2 8 8 10 8 8 10 9 8 8 2 8 10 9 10 10 9 2 8 2 9 2 2 9
left_child=1 3 7 5 10 25 8 -2 21 -9 16 -7 28 -12 20 -11 18 -18 -3 -16 27 -4 -17 -6 -15 -1 -10 -13 29 -5
right_child=2 4 6 12 23 11 -8 9 26 15 13 14 -14 24 19 22 17 -19 -20 -21 -22 -23 -24 -25 -26 -27 -28 -29 -30 -31
leaf_value=-0.0041907442008815203 -0.0011834634443700493 -0.0019103159769066219 0.0051185858127845004 0.0065720120058110733 0.010737216527481554 -0.0049055575660197845 -0.00088555298999680324 0.0017687671071143934 0.013947300208800121 -0.00045519672139712617 0.005605055197180916 -0.0020819159174224268 0.0087753154681524843 0.00024048115119293864 0.0080441113898744709 0.0061155983223712277 -0.0022185945961054987 0.00050268381413623615 0.0009577570442924413 -0.00061485717914674042 -0.0011889139027667465 0.0085618738858569913 0.0034799198081513654 -0.0029742112660647532 0.0032515331013134655 -0.0067474005894902047 0.0088252705388718895 -0.0038127615459408039 -0.0027925530364581183 0
leaf_weight=11931.29202015698 7198.0853219479322 7816.995698928833 11595.745017334819 1402.0690375417471 1791.8628042936325 12690.270140022039 2120.3652555495501 25356.567620366812 2667.0028872638941 2036.9807051569223 3240.7494724392891 24183.344565093517 1546.7394960075617 17829.143513128161 867.49747695028782 11917.792002663016 23789.50469763577 9797.1964622884989 25677.343666896224 2046.4730074852705 22127.880042716861 5204.8926055729389 12219.712276652455 232.52705375850201 5762.5406884402037 11990.26277461648 3478.5537806451321 20612.818706572056 1795.9679381996393 2580.1796478778124
leaf_count=47759 28896 31350 46921 5744 7350 50780 8499 101971 11160 8181 13094 96786 6332 71499 3513 48347 95323 39320 102946 8197 88595 21333 49373 931 23197 48004 14283 82483 7186 10354
internal_value=6.17033e-05 -0.00144556 0.00383416 -0.00285547 0.000226194 -0.00322027 0.00679433 0.00256992 0.00750533 0.00309483 3.33268e-05 -0.00256642 0.00244108 0.00154022 -0.00214075 0.00437797 -0.000569027 -0.00142393 0.000287392 0.00198375 -0.00232087 0.00618845 0.00478709 0.00914542 0.000977143 -0.00547416 0.0110957 -0.00287923 0.000736644 0.00233672
internal_weight=293508 209713 83795.7 113775 95937.9 106450 25066.6 58729.1 22946.2 51531.1 93913.5 82528.3 7324.96 26832.4 69838 26174.5 67081 33586.7 33494.3 2913.97 66924 16800.6 24137.5 2024.39 23591.7 23921.6 6145.56 44796.2 5778.22 3982.25
internal_count=1179707 840743 338964 455733 385010 426117 102196 236768 93697 207872 376729 330354 29616 107790 279574 105901 268939 134643 134296 11710 267864 68254 97720 8281 94696 95763 25443 179269 23284 16098
cat_boundaries=0 1 2 3 4 5
cat_threshold=2 2 1091 3074 2
is_linear=0
shrinkage=0.03


Tree=21
num_leaves=31
num_cat=7
split_feature=29 29 41 5 5 34 29 34 35 34 48 6 27 27 29 41 35 26 34 33 30 28 41 26 41 48 26 31 46 41
split_gain=1711.87 602.561 287.759 277.286 270.173 176.739 149.462 127.832 110.265 100.818 92.3683 82.315 80.1556 73.668 69.2268 68.8026 56.2643 55.0143 52.9521 51.8539 50.3752 46.0079 45.3075 44.5396 41.5506 47.9803 52.0474 41.3083 39.9661 39.0405
threshold=0.57144000000000006 0.51823850000000016 0.57286550000000014 0 1 0.52819600000000011 0.47767750000000003 0.59788200000000014 0.57804700000000009 0.69586500000000007 1.0000000180025095e-35 2.5000000000000004 2 3 0.66674900000000015 0.48351800000000006 0.41709850000000004 4 0.6820305000000001 0.41082550000000007 0.18638950000000001 229.50000000000003 0.53612050000000011 5 0.55251850000000002 1.0000000180025095e-35 6 0.15033300000000002 0.099201400000000009 0.54588950000000003
decision_type=8 10 8 1 1 10 10 8 10 8 2 2 9 9 10 10 8 9 10 10 10 2 10 9 10 2 9 10 10 8
left_child=1 3 8 6 11 10 20 12 17 -4 -5 15 23 -10 21 -3 -8 -2 27 -17 -1 -15 -18 -6 25 26 -21 -7 -12 -22
right_child=2 4 9 5 7 18 16 -9 13 -11 28 -13 -14 14 -16 19 22 -19 -20 24 29 -23 -24 -25 -26 -27 -28 -29 -30 -31
leaf_value=0.0049863468604796398 -0.0012848921386063869 -0.0032889398992528712 0.0058333699791034812 0.0029481527861864227 0.012234754583801728 0.00083496385892027072 -0.0045738154070295491 0.010312931667248492 0.00035834327928613806 0.010685542283636282 -0.0071844735010188447 -0.0029118543024096747 -0.0034534091398722897 -0.00010054930180751242 0.0094983284771505954 -0.002089493814337266 -0.0026843017526087384 0.0022649492408411552 0.011964592698343232 0.0034222313786304815 -0.0054934813167657002 0.0047511234177619946 -0.00094607570429059513 0.0031466440324184851 0.0018293301784240445 -0.00064631781360925764 0.00042502456814525055 0.0088504665643563806 -0.00036479265719968677 -0.003077319428967325
leaf_weight=460.04817005991936 4959.145819440484 4852.8455983251333 11149.45387648046 2738.861858189106 639.729507163167 1289.8107938766479 9405.9563052803278 3262.6759480237961 3762.2124824076891 5947.8691119104624 1981.850949972868 8388.3075313270092 1400.6399547159672 1911.5429765284061 2623.615651756525 7057.7457140833139 38450.725562915206 18649.854915902019 1350.9013015627861 6449.5531872063875 26977.094466686249 20420.321705788374 20898.647050514817 2072.9116767942905 18768.909433186054 30126.511560603976 27236.463241636753 1061.339346960187 1283.406734123826 7849.3752690851688
leaf_count=1841 19922 19448 45418 11048 2616 5224 37631 13414 15181 24616 7970 33633 5632 7727 10800 28285 153864 75094 5555 25875 107963 82548 83651 8408 75346 120768 109201 4314 5173 31407
internal_value=2.87407e-05 -0.00124681 0.00414477 -0.00277869 0.000333333 0.00206838 -0.00323121 0.00587839 0.00303946 0.00752469 -0.00110635 -6.40863e-05 0.00234866 0.00428863 0.00487774 0.000188485 -0.00241557 0.00151837 0.00722209 0.000377182 -0.00481928 0.00433453 -0.00207281 0.00534906 0.000588426 0.000222905 0.00100116 0.00447268 -0.00451598 -0.00495009
internal_weight=293428 224004 69424 113748 110256 9706.17 104042 7375.96 52326.7 17097.3 6004.12 102880 4113.28 28717.7 24955.5 94492 68755.3 23609 3702.05 89639.2 35286.5 22331.9 59349.4 2712.64 82581.4 63812.5 33686 2351.15 3265.26 34826.5
internal_count=1179573 898267 281306 455641 442626 39284 416357 30070 211272 70034 24191 412556 16656 116256 101075 378923 275146 95016 15093 359475 141211 90275 237515 11024 331190 255844 135076 9538 13143 139370
cat_boundaries=0 1 2 3 4 5 6 7
cat_threshold=2 2 1282 2 130 2450 18
is_linear=0
shrinkage=0.03


Tree=22
num_leaves=31
num_cat=6
split_feature=29 5 0 5 0 29 29 26 0 0 21 35 32 42 30 27 0 0 29 0 32 0 30 26 44 28 0 25 34 46
split_gain=1604.26 494.497 865.243 377.921 791.945 296.973 210.143 112.926 92.0092 117.984 85.9446 80.8669 69.5052 62.4906 61.7531 61.6583 60.5327 60.7405 59.4621 57.1646 51.8845 46.7285 43.7459 41.6056 40.2141 39.5891 36.7415 38.3001 36.6395 36.4011
threshold=0.54243600000000003 0 2022.5000000000002 1 2022.5000000000002 0.49072400000000005 0.58899550000000012 2 2020.5000000000002 2019.5000000000002 0.29500000000000004 0.46630650000000001 0.38801800000000003 0.14692350000000001 0.20809350000000001 3 2020.5000000000002 2019.5000000000002 0.45974550000000008 2022.5000000000002 0.37247750000000007 2019.5000000000002 0.16940050000000004 4 0.59927750000000002 251.50000000000003 2019.5000000000002 5 0.33484850000000005 0.1486915
decision_type=8 1 2 1 2 10 10 9 2 2 2 8 10 10 10 9 2 2 10 2 10 2 10 9 10 2 2 1 8 8
left_child=3 6 8 5 16 18 12 -8 9 29 -9 -7 13 26 -13 19 17 24 25 -12 -16 -17 -14 -15 -5 -1 27 -2 -20 -3
right_child=1 2 -4 4 -6 11 7 10 -10 -11 15 14 22 23 20 21 -18 -19 28 -21 -22 -23 -24 -25 -26 -27 -28 -29 -30 -31
leaf_value=-0.0031931409816383406 0.0054655479417103983 0.0099653128272955156 -0.0040761103849821451 0.01727468247744162 -0.0044700625628356699 -0.0027994624188521725 -0.0034948258325298385 0.00069075370003719857 0.013379164025204523 0.0038092363586864331 -0.0013856997624524608 0.00061529577802662443 0.00095406875414317399 0.001684432535991599 -0.00055562547477976663 0.0070376618754260413 0.012661584767651621 0.003241448743992134 -0.0060216842952309927 0.01084430469776987 -0.0023514653251648573 0.0042898097012377687 -0.0030979428855102352 -0.0010378440470742495 0.0060961900059858737 -0.0062765995277645047 0.0014896435393672725 0.0012492089671271357 -0.0030093720882149923 0.016566556486964507
leaf_weight=5157.7422898411751 4821.395728752017 2655.9534572213888 4607.0563240647316 633.44013954699039 6562.0390180796385 26971.56039378047 1819.4276660233736 5332.6557402461767 6963.6164921373129 2868.6878185272217 2224.4788780063391 18587.832212239504 4008.7005304694176 7946.2121156901121 32072.214283049107 9200.7893218994141 3822.1981801241636 1723.3718762248755 4164.8327037841082 403.51031754910946 26481.240176334977 14455.070705860853 5927.6220051944256 13821.311387956142 560.62436360120773 14285.382459521294 30960.52829156816 3281.3041072636843 30046.016306608915 1096.7099176198244
leaf_count=20644 19417 11050 18437 2617 26257 107939 7302 21538 29175 11639 8956 74502 16112 31915 128463 37367 15793 6973 16664 1624 105987 58433 23757 55470 2306 57192 124406 13203 120203 4566
internal_value=-3.40735e-05 0.0025881 0.00715201 -0.00191036 0.00294431 -0.00231991 0.00179085 0.00375098 0.0109621 0.00841058 0.00416898 -0.00138503 0.000864193 0.00124445 -0.000890017 0.00487496 0.0101665 0.00687781 -0.00413325 0.000489099 -0.0013684 0.00535833 -0.00146039 -4.23096e-05 0.0120798 -0.0054608 0.00196219 0.00376288 -0.00337746 0.0119142
internal_weight=293464 122395 18192 171068 13301.7 157767 104203 33435.9 13585 6621.35 31616.5 104113 70767.1 60830.8 77141.3 26283.8 6739.63 2917.44 53654 2627.99 58553.5 23655.9 9936.32 21767.5 1194.06 19443.1 39063.2 8102.7 34210.8 3752.66
internal_count=1179907 494367 74867 685540 53946 631594 419500 135220 56430 27255 127918 416891 284280 244411 308952 106380 27689 11896 214703 10580 234450 95800 39869 87385 4923 77836 157026 32620 136867 15616
cat_boundaries=0 1 2 3 4 5 6
cat_threshold=2 2 2 2 67 2
is_linear=0
shrinkage=0.03


Tree=23
num_leaves=31
num_cat=4
split_feature=29 41 29 41 34 34 41 48 29 34 29 47 26 48 46 36 34 53 28 28 29 26 36 27 34 28 41 42 46 26
split_gain=1524.44 426.115 299.628 195.579 195.293 156.413 112.074 109.208 101.604 84.9688 76.313 72.6574 67.9634 67.0817 52.3205 57.8051 49.588 47.3391 46.6443 45.6437 45.9536 44.0956 45.1443 43.3454 42.8993 40.2388 38.8811 38.2225 38.2 37.3579
threshold=0.54243600000000003 0.55357450000000019 0.48478650000000006 0.56356150000000016 0.65828050000000016 0.50641150000000013 0.5671655000000001 1.0000000180025095e-35 0.58899550000000012 0.62981500000000012 0.60983650000000011 9.5000000000000018 0 1.0000000180025095e-35 0.076723250000000007 0.56289400000000012 0.7371080000000001 -0.079771500000000009 8576.5000000000018 155.50000000000003 0.67588450000000011 1 0.57482600000000017 2 0.41707150000000009 1522.5000000000002 0.66184750000000003 0.15232250000000003 0.15789900000000004 3
decision_type=10 8 8 8 8 8 8 2 10 10 10 2 9 2 10 8 10 8 2 2 10 9 10 9 8 2 8 10 10 9
left_child=2 5 6 7 10 29 13 14 -7 25 -3 24 -6 21 -4 27 26 -15 -17 -10 -21 22 -1 -14 -9 -5 -8 -16 -23 -2
right_child=1 4 3 9 12 8 16 11 19 -11 -12 -13 23 17 15 18 -18 -19 -20 20 -22 28 -24 -25 -26 -27 -28 -29 -30 -31
leaf_value=-0.0015197974353678082 -0.0037120264681191847 0.0027043633621089396 -0.0026246423474115452 0.0021850759996512245 0.011394026356642955 0.001219483711838359 -0.0017438970724498973 -0.0039191212077685587 -6.9927068496430895e-05 0.0063123357313099385 0.0065552751633018739 -0.0067000494884904655 0.007989155378185028 -0.010208204051308777 7.6327809256464876e-05 0.001673039484927849 0.01101947359050739 -0.005106151006895967 0.0098576170723807029 0.0039158194523440807 0.0094364831347605125 -0.0048958769568521691 0.012552945663251535 0.00363792923857766 -0.0017300814849695713 -0.00098527201392189265 0.0048719271875416461 -0.00199576413324458 -0.0014600744077178946 -0.0002303870415981876
leaf_weight=6094.6082275658846 3169.8193457722664 20684.024004787207 9267.1566852778196 8879.2314734905958 3848.4747872203588 36420.092769607902 5839.889642611146 10425.463827475905 2337.3059365898371 3165.5732493251562 5992.6918214559555 3514.1966823190451 6737.8341712802649 1800.1873933821917 26893.085297197104 4327.0039392411709 330.04750749468803 19841.987166076899 733.75052639842033 16643.482214167714 1486.873365342617 11631.174741983414 208.9794497191906 3108.9078803658485 36037.382873952389 6044.7037408351898 921.75080378353596 11393.497397452593 3925.8102289438248 21821.337780922651
leaf_count=24395 12719 83500 37109 35736 16123 146394 23441 41723 9494 12894 24477 14071 27617 7211 107686 17356 1355 79438 2957 67329 6132 46553 848 12600 144320 24264 3750 45613 15710 87601
internal_value=-1.24651e-05 0.00254642 -0.0018391 -0.00102626 0.00506892 0.00130215 -0.00377717 -0.00153356 0.00217131 0.00184888 0.0035712 -0.00253799 0.00798268 -0.00434726 -0.000578815 -0.000140597 -0.000275427 -0.00553328 0.00287077 0.0038631 0.00437171 -0.00317112 -0.00104109 0.006625 -0.00222213 0.000899027 -0.000835829 -0.000539619 -0.00402864 -0.00067516
internal_weight=293526 122251 171275 120681 40371.9 81878.9 50594.4 102592 56887.8 18089.5 26676.7 49977 13695.2 43502.7 52614.5 43347.3 7091.69 21642.2 5060.75 20467.7 18130.4 21860.6 6303.59 9846.74 46462.8 14923.9 6761.64 38286.6 15557 24991.2
internal_count=1180416 493986 686430 483729 164317 329669 202701 410835 229349 72894 107977 200114 56340 174155 210721 173612 28546 86649 20313 82955 73461 87506 25243 40217 186043 60000 27191 153299 62263 100320
cat_boundaries=0 1 2 3 4
cat_threshold=2050 2314 794 2
is_linear=0
shrinkage=0.03


Tree=24
num_leaves=31
num_cat=5
split_feature=29 5 0 5 0 29 29 0 26 0 27 0 48 0 32 6 48 46 26 41 32 34 46 30 48 29 0 32 48 28
split_gain=1498.26 535.497 917.655 294.93 654.307 265.436 196.756 122.998 108.577 104.934 89.5973 115.914 86.5871 84.2352 78.4787 64.2698 54.8621 51.5312 51.416 51.2153 50.8513 49.5227 48.9483 45.3368 47.6287 41.8799 41.513 47.5819 40.854 39.0134
threshold=0.52992450000000002 0 2022.5000000000002 1 2022.5000000000002 0.57144000000000006 0.47767750000000003 2020.5000000000002 2 2019.5000000000002 3 2019.5000000000002 1.0000000180025095e-35 2022.5000000000002 0.39690750000000002 2.5000000000000004 1.0000000180025095e-35 0.076723250000000007 4 0.54500050000000011 0.40266800000000008 0.42131100000000005 0.097242600000000012 0.29224200000000006 1.0000000180025095e-35 0.45016850000000003 2020.5000000000002 0.41435250000000007 1.0000000180025095e-35 1502.5000000000002
decision_type=10 1 2 1 2 10 8 2 9 2 9 2 2 2 10 2 2 8 9 8 10 8 10 10 2 10 2 10 2 2
left_child=3 5 7 6 26 21 23 9 20 -3 13 -12 17 -10 18 19 -6 -8 -13 -14 -7 -2 -18 -1 25 -25 27 -5 -9 -21
right_child=1 2 -4 4 16 8 12 28 10 -11 11 14 15 -15 -16 -17 22 -19 -20 29 -22 -23 -24 24 -26 -27 -28 -29 -30 -31
leaf_value=-0.0035402108729619612 -0.0016210621155847657 0.011022323538405326 -0.0039540321927515089 0.010312608599723052 -0.001259749567416724 -0.00099740789107950019 -0.002983495356517906 0.015611316222421137 -0.0020962012112532009 0.0036528372261952755 0.0059749118509382403 0.0042459772880045063 -0.0031209622326451789 0.0075372600630686324 -0.0041124364814728578 -0.0065390221637307219 -0.010206137873042745 -0.00050935275911186562 0.0018068898990152298 0.00091637676513783275 -0.011842008896904548 0.00056631273878175519 -0.0027964302441105563 -0.0059977631087947819 -0.007389066784661889 -0.0016271763714935264 0.011849239299801719 0.0018337352989169099 0.011095669986702495 -0.0024842148750622078
leaf_weight=19459.279274582863 10851.462242007256 3910.0617819428444 5336.1442391425371 1374.8503690212965 2466.9511999636889 2054.2876706719398 9436.738446071744 3591.2079371064901 4495.1561740040779 3165.3451828360558 14178.460164606571 15806.757166773081 31116.988497301936 994.85672689974308 1438.3656884282827 3823.7897580564022 1972.4683582633734 38643.78189240396 15547.999588102102 5931.6256096363068 479.68030241131783 65537.313805893064 1378.6209788173437 4525.4279318898916 7785.8921242207289 3542.6853144019842 3261.7452320605516 1069.3116285204887 3886.9648395031691 6197.1253239810467
leaf_count=77860 43484 16328 21354 5631 9870 8247 37763 15104 18077 12852 57548 63853 124525 4001 5783 15303 7896 154702 62671 23751 1924 262985 5516 18128 31190 14176 13501 4352 16342 24810
internal_value=1.70598e-05 0.00209459 0.00668211 -0.00219614 0.00240248 0.00139974 -0.00260261 0.010584 0.00298893 0.0077326 0.00328187 0.00370596 -0.00189222 -0.000341256 0.00272471 -0.0028072 -0.00467219 -0.000995731 0.00303967 -0.0024761 -0.00306162 0.000255139 -0.00717199 -0.00451557 -0.00570994 -0.00408369 0.00962011 0.00662219 0.0132736 -0.000818851
internal_weight=293261 151274 19889.7 141987 11523.9 131384 130463 14553.6 54995.6 7075.41 52461.6 46971.6 95150 5490.01 32793.1 47069.5 5818.04 48080.5 31354.8 43245.7 2533.97 76388.8 3351.09 35313.3 15854 8068.11 5705.91 2444.16 7478.17 12128.8
internal_count=1179527 610553 81980 568974 46766 528573 522208 60626 222104 29180 211933 189855 380854 22078 132307 188389 23282 192465 126524 173086 10171 306469 13412 141354 63494 32304 23484 9983 31446 48561
cat_boundaries=0 1 2 3 4 5
cat_threshold=2 2 2 2 73
is_linear=0
shrinkage=0.03


Tree=25
num_leaves=31
num_cat=4
split_feature=29 29 41 5 0 5 0 0 5 34 35 30 32 0 0 1 1 21 26 42 0 28 29 41 0 6 32 28 0 42
split_gain=1425.94 428.911 268.901 218.702 470.36 194.402 385.588 133.16 137.529 115.14 110.694 84.9566 69.4468 56.9569 55.9334 52.2996 49.0414 48.491 47.2531 46.2885 45.2457 43.9283 52.7938 43.8143 53.5445 46.418 42.6062 40.0999 38.9159 36.049
threshold=0.56424500000000011 0.51757100000000011 0.57286550000000014 0 2022.5000000000002 1 2022.5000000000002 2022.5000000000002 2 0.44843700000000003 0.44425600000000004 0.13709800000000003 0.37278050000000001 2019.5000000000002 2020.5000000000002 6.5000000000000009 6.5000000000000009 0.35500000000000004 3 0.1427245 2020.5000000000002 262.50000000000006 0.44604800000000006 0.48538450000000005 2019.5000000000002 2.5000000000000004 0.36709850000000005 240.50000000000003 2019.5000000000002 0.14900350000000004
decision_type=8 10 8 1 2 1 2 2 1 8 8 8 10 2 2 2 2 2 9 10 2 2 10 8 2 2 8 2 2 8
left_child=1 3 9 10 16 12 14 8 13 -2 21 18 29 -4 28 -10 -5 27 -11 -12 -17 -1 -23 -14 -25 -26 -9 -13 -7 -3
right_child=2 5 7 4 -6 6 -8 26 15 11 19 17 23 -15 -16 20 -18 -19 -20 -21 -22 22 -24 24 25 -27 -28 -29 -30 -31
leaf_value=-0.001389857625725556 -0.0011531622634043427 0.00087899369693263975 0.0065650240837770426 0.011368994927923258 -0.0043911729904393274 0.012375657115089594 -0.0046364351275911047 0.0066052310231724037 0.012490117580270991 0.0071146667455979883 -0.0014342409934456465 -0.0052367277465215018 -0.0058697870042893792 0.0015675202885152451 0.01357871959025478 0.0037625189143559077 0.0048234337308501966 0.0026861546250332366 0.0035798011780363102 -0.0029936845731105542 0.010577405495719441 -0.0074146679713221544 -0.0041787523237697731 0.0018639715637117533 -0.0011904300012681251 -0.0054890174253064486 -0.0042158676089081989 0.00091547595007650685 0.0031346686603139322 -0.00067080749904969419
leaf_weight=3865.7259071916342 7119.2651871591806 41067.008030593395 5894.2818108052015 2761.9824982881546 5186.1633364856243 649.91402927041054 2333.6259578317404 436.52042524516582 4302.3374035954475 5220.0647318214178 30930.461913332343 1105.7121390104294 1813.5767620503902 3179.1012330055237 2395.6170306056738 1608.7278249561787 1685.1150125414133 30920.98426130414 10272.759757652879 38708.477093011141 1985.5190605819225 5661.6959532797337 23693.163550019264 4732.3599530309439 24059.585254237056 2499.1568177342415 1271.0993617922068 6804.2840791940689 1144.9091304540634 20104.621201649308
leaf_count=15479 28595 164747 23956 11390 20756 2700 9337 1756 18076 21387 123787 4458 7260 12854 10012 6633 6926 124672 41679 154892 8422 22692 94812 18991 96373 10009 5089 27410 4642 80607
internal_value=-2.2131e-05 -0.00130402 0.00339 -0.00257747 0.00174249 0.000116876 0.00512406 0.00654301 0.00734671 0.00243078 -0.00298238 0.00290105 -0.000229463 0.00481842 0.0105662 0.0102451 0.00890039 0.00214999 0.0047808 -0.00230157 0.00754119 -0.00440829 -0.00480458 -0.00133641 -0.00107217 -0.00159663 -0.00142539 5.00292e-05 0.00651263 0.000369139
internal_weight=293414 213293 80120.7 112493 9633.26 100800 6524.07 18677.6 16970 61443.1 102860 54323.8 94276.3 9073.38 4190.44 7896.58 4447.1 38831 15492.8 69638.9 3594.25 33220.6 29354.9 33104.7 31291.1 26558.7 1707.62 7910 1794.82 61171.6
internal_count=1180399 855412 324987 450734 39072 404678 26691 76786 69941 248201 411662 219606 377987 36810 17354 33131 18316 156540 63066 278679 15055 132983 117504 132633 125373 106382 6845 31868 7342 245354
cat_boundaries=0 1 2 3 4
cat_threshold=2 2 2 3
is_linear=0
shrinkage=0.03


Tree=26
num_leaves=31
num_cat=2
split_feature=29 5 0 29 5 0 30 0 0 0 32 32 41 47 28 1 34 33 1 34 48 30 44 41 48 48 32 42 6 46
split_gain=1235.8 564.194 871.453 248.128 240.748 540.82 138.17 121.4 101.937 90.4987 135.472 86.0284 81.3848 72.3645 60.6559 59.548 53.4182 47.8298 46.7789 45.8294 44.7187 44.2974 42.8936 42.4247 42.2021 41.9029 39.0776 51.8969 38.4688 37.5038
threshold=0.52530050000000006 0 2022.5000000000002 0.58083900000000011 1 2022.5000000000002 0.24277550000000001 2020.5000000000002 2019.5000000000002 2019.5000000000002 0.40143500000000004 0.37756350000000005 0.50870450000000011 7.5000000000000009 1001.5000000000001 6.5000000000000009 0.50213700000000017 0.39919300000000008 5.5000000000000009 0.35198250000000003 1.0000000180025095e-35 0.29068400000000005 0.80562900000000004 0.48863950000000006 1.0000000180025095e-35 1.0000000180025095e-35 0.38683650000000008 0.14812650000000002 2.5000000000000004 0.059743400000000009
decision_type=8 1 2 10 1 2 10 2 2 2 10 10 8 2 2 2 10 10 2 8 2 10 10 8 2 2 10 10 2 8
left_child=4 3 7 13 6 15 19 8 18 12 14 20 -5 16 -11 -6 26 -16 -3 -1 22 -13 -8 -21 -23 -9 27 -2 -19 -10
right_child=1 2 -4 9 5 -7 11 25 29 10 -12 21 -14 -15 17 -17 -18 28 -20 23 -22 24 -24 -25 -26 -27 -28 -29 -30 -31
leaf_value=-0.0041980715433821911 0.0011449575234242053 0.013764717459040095 -0.0037845616159985036 -0.00039206238475468519 0.011612925336099136 -0.0044269285725737585 -0.0014543390088524548 0.015029359526448372 -0.0016468553047896582 -0.0004168438521334657 -0.0077082542118950661 -0.003640120064461841 0.0059280740292581725 -0.0016158543163639133 0.011228948406200496 0.0049864037964506471 0.0011673490254820187 0.003239396381875986 0.0071975088911768398 -0.0046908589603108205 -0.0034352110049663737 -0.0041421345919196067 0.010605613777292407 -0.00074909353038121512 -0.0075102777879591303 0.01054598160722435 -0.0024104256745324155 -0.0016848570070658916 -0.0015441036814966423 0.0054057074883473071
leaf_weight=4479.4273191839457 16563.439188748598 2005.2105519920588 5575.9757676124573 2164.5784103274345 3163.7851797938347 5556.5406045615673 17522.129018679261 3736.4473115056753 949.47250983119011 5428.9026042968035 1238.4097867310047 25632.805505916476 11670.800630748272 16372.978876680136 635.30214726924896 2030.7041390389204 51255.923960387707 19801.81380520761 1982.8363774418831 2625.8896420300007 16727.820388182998 7026.7880555987358 266.00138418376446 38649.561904653907 6534.5530878305435 4020.9161600470543 6796.6133745908737 8996.5056866258383 1627.6662373244762 2317.0098220407963
leaf_count=17924 66441 8422 22312 8745 13078 22239 70116 15799 3856 21904 4977 102561 47471 65691 2631 8362 205818 79937 8299 10508 66947 28141 1065 154720 26188 16978 27228 36052 6567 9421
internal_value=-4.43617e-05 0.00169512 0.00633737 0.00102434 -0.00222388 0.00207409 -0.00261097 0.010099 0.00729425 0.00294254 0.00198057 -0.00341504 0.00493723 0.000207333 0.00241887 0.00903254 0.000564753 0.0031179 0.0105149 -0.00131483 -0.00232071 -0.00437773 -0.00127055 -0.00100091 -0.00576859 0.0127143 -0.000388911 0.000147674 0.0028745 0.00334692
internal_weight=293357 163141 20587.9 142553 130216 10751 119465 15011.9 7254.53 42567.5 28732.1 73710.1 13835.4 99985.5 27493.7 5194.49 83612.5 22064.8 3988.05 45754.9 34516 39194.1 17788.1 41275.5 13561.3 7757.36 32356.6 25559.9 21429.5 3266.48
internal_count=1180398 658549 85087 573462 521849 43679 478170 62775 29998 172232 116016 295018 56216 401230 111039 21440 335539 89135 16721 183152 138128 156890 71181 165228 54329 32777 129721 102493 86504 13277
cat_boundaries=0 1 2
cat_threshold=2 2
is_linear=0
shrinkage=0.03


Tree=27
num_leaves=31
num_cat=6
split_feature=35 5 0 35 42 32 41 53 32 26 0 48 1 0 3 6 41 5 0 48 0 5 44 26 6 0 26 48 41 46
split_gain=1100.62 573.69 439.702 310.235 160.195 158.824 133.453 96.8677 82.6314 77.1024 71.9271 69.3745 68.6222 68.7542 65.1306 56.358 56.2743 55.6476 136.581 52.6529 52.3071 44.5266 43.2329 41.1477 40.7583 40.0293 39.1718 39.1495 38.3673 38.0492
threshold=0.57308800000000015 0 2022.5000000000002 0.46515850000000003 0.14097750000000001 0.39287400000000006 0.54500050000000011 0.01760200000000001 0.37247750000000007 1 2019.5000000000002 1.0000000180025095e-35 6.5000000000000009 2020.5000000000002 4.5000000000000009 1.5000000000000002 0.69192950000000009 2 2022.5000000000002 1.0000000180025095e-35 2021.5000000000002 3 0.49320750000000008 4 2.5000000000000004 2019.5000000000002 5 1.0000000180025095e-35 0.50870450000000011 0.20312850000000002
decision_type=8 1 2 10 10 8 8 10 10 9 2 2 2 2 2 2 10 1 2 2 2 1 10 9 2 2 9 2 8 10
left_child=3 5 12 6 7 14 11 16 -6 -8 -11 -1 -3 -14 23 22 24 -12 -19 21 -7 -10 -13 29 26 28 -5 -15 -16 -2
right_child=1 2 -4 4 8 20 9 -9 19 10 17 15 13 27 25 -17 -18 18 -20 -21 -22 -23 -24 -25 -26 -27 -28 -29 -30 -31
leaf_value=-0.0024864211747935494 0.0036739290628455832 0.012034454328538656 -0.0035273259984171415 0.00018036586782235381 -0.00046376298469956304 -8.845742453458393e-05 -0.0041912936108473341 -0.0015658334129799204 -0.0017327047532567483 0.0046251961954379937 -0.001621515814914942 -0.0014136366704203733 0.0038247390559286365 0.013611830424110108 -0.0015467213701220426 -0.0070696886985023672 0.0087357806989441112 0.0099030687223393629 -0.0050867292455999361 -0.003753339798618856 -0.004529652376503145 0.0041658916420206629 -0.0046836753396822597 0.0027113832700743474 -0.0016395833197383693 0.00074916453137276076 0.0020893345130638197 0.0072645529281157705 0.0041180161933231842 0.008476865894660587
leaf_weight=26628.244637727737 3948.3419832587242 7528.7210057377815 2516.5219504088163 14160.875446587801 44957.116672843695 6286.6416834443808 4251.655882447958 12692.126163616776 13946.754117354751 2895.4134697765112 9751.0714448094368 4926.4575463533401 2460.9532797187567 1743.531976595521 1271.8475067466497 6604.4637716263533 914.25937777757645 1301.7360842078924 936.72367341816425 15027.234792247415 3858.6158308982849 1250.0286953151226 14276.769365951419 19755.417901366949 4073.9932574778795 23687.42209662497 30846.739718303084 1845.2669285535812 6696.4612059742212 2421.9849132150412
leaf_count=106619 15921 31678 10072 56862 180305 25284 17048 50910 55829 11630 39053 19728 10138 7411 5123 26452 3771 5386 3749 60217 15456 5060 57184 79748 16361 95291 123954 7822 27133 9881
internal_value=-1.46165e-05 0.0028859 0.00797846 -0.00117838 -0.000346208 0.00167849 -0.00278089 0.000773361 -0.00128013 -0.000634512 0.000382611 -0.00356356 0.0101134 0.00771291 0.00228656 -0.00467337 0.00136786 -0.000640033 0.00361852 -0.00249328 -0.0017814 -0.00124481 -0.00384668 0.00339599 0.00122947 0.00136975 0.00148993 0.0103654 0.00320984 0.0054992
internal_weight=293463 84021.7 16095 209442 137869 67926.7 71572.5 62688 75181.1 19136.6 14884.9 52435.9 13578.5 6049.75 57781.5 25807.7 49995.9 11989.5 2238.46 30224 10145.3 15196.8 19203.2 26125.7 49081.6 31655.7 45007.6 3588.8 7968.31 6370.33
internal_count=1181076 340958 67121 840118 553269 273837 286849 251858 301411 76866 59818 209983 57049 25371 233097 103364 200948 48188 9135 121106 40740 60889 76912 105550 197177 127547 180816 15233 32256 25802
cat_boundaries=0 1 2 3 4 5 6
cat_threshold=2 2 2 2 3 642
is_linear=0
shrinkage=0.03


Tree=28
num_leaves=31
num_cat=5
split_feature=29 41 5 29 22 29 36 1 6 6 36 28 36 32 27 36 23 29 28 41 41 26 22 36 22 3 26 42 47 27
split_gain=1173.81 350.885 265.972 220.602 154.121 153.625 114.184 74.8788 67.6008 63.6647 62.3258 63.2403 60.4607 58.0509 54.8284 50.4224 49.6882 48.895 47.0197 46.3197 44.0251 42.8295 41.954 39.2114 38.7408 38.4635 36.968 36.1985 34.4148 34.3069
threshold=0.54243600000000003 0.57286550000000014 0 0.50599050000000012 23786.500000000004 0.58995950000000008 0.65561550000000013 6.5000000000000009 2.5000000000000004 1.5000000000000002 0.52184500000000011 332.50000000000006 0.50159750000000014 0.37309950000000008 1 0.68362400000000012 24178.500000000004 0.47767750000000003 9657.5000000000018 0.53353300000000015 0.48064850000000009 2 24310.500000000004 0.40022350000000007 22621.500000000004 2.5000000000000004 3 0.13402200000000003 4.5000000000000009 4
decision_type=10 8 1 8 2 10 8 2 2 2 8 2 10 8 9 10 2 10 2 8 10 9 2 8 2 2 9 10 2 9
left_child=2 5 3 9 7 8 14 16 12 17 -7 -12 -2 18 -3 26 24 -1 28 -15 -14 -8 -6 -9 -4 -22 -13 -19 -5 -28
right_child=1 6 4 13 22 10 21 23 -10 -11 11 15 20 19 -16 -17 -18 27 -20 -21 25 -23 -24 -25 -26 -27 29 -29 -30 -31
leaf_value=-0.0035402369800490224 -0.0010520649806683379 0.0060326717401939147 0.012868845479278957 0.00030172183865596246 0.00029822213893352636 -0.0011158339275462461 0.010507784008139155 -0.0064859948635920027 -0.0025979991288137701 -0.0044888089228354456 0.00068146373330218025 0.0047939530954960114 -0.0022693498310985792 -0.0027257637066915169 0.0025840067125510037 0.0085706906540606708 -0.0018808628203535449 9.3663895101104159e-05 0.0042830139517379268 -0.00053757986639339859 0.0031174634737177759 0.0056220304616080938 -0.0054547889582719769 0.0030873490191896205 0.0065820815550772585 0.0011031187217356373 -0.0020410629582382372 -0.0023175905050147856 -0.0015217815283294128 0.0031179751350216916
leaf_weight=25574.273789525032 11428.384111002088 7594.1329209506512 1403.826933786273 27334.022219642997 3826.5507663339376 2742.1950591653585 4416.42858761549 435.80747228860855 5353.7702075988054 21049.571700572968 5382.4124725311995 13085.164936199784 2821.0167132914066 19255.157714962959 9378.6649129241705 2256.6018491238356 424.68217943608761 7178.0941932499409 2096.4812120944262 15966.170825690031 11225.272371992469 2768.1313869506121 1617.0945410877466 3067.6102274954319 2507.1768929958344 35960.15491618216 1423.1242799907923 25157.179672762752 14113.209487631917 5998.2851299643517
leaf_count=102410 45833 31090 5816 109495 15511 11012 18697 1757 21511 84256 21915 53038 11328 77046 38062 9369 1704 28721 8435 63939 45166 11452 6475 12547 10299 144640 5754 100652 56531 24305
internal_value=-6.45022e-06 0.00224365 -0.00160972 -0.00195317 0.00246586 0.00144248 0.00548123 0.00515881 0.000632763 -0.00307387 0.00319212 0.00361297 0.000914911 -0.000829263 0.00413468 0.00430464 0.00779545 -0.00255882 -9.60234e-05 -0.00173482 0.00136508 0.0086551 -0.00140733 0.00188339 0.00885447 0.00158313 0.00383254 -0.00178143 -0.000318541 0.00212281
internal_weight=292841 121834 171007 157724 13282.7 97676.4 24157.4 7839.1 66788.6 78959.1 30887.8 28145.6 61434.8 78765 16972.8 22763.2 4335.69 57909.5 43543.7 35221.3 50006.4 7184.56 5443.65 3503.42 3911 47185.4 20506.6 32335.3 41447.2 7421.41
internal_count=1178766 493172 685594 631485 54109 393871 99301 32123 268478 316039 125393 114381 246967 315446 69152 92466 17819 231783 174461 140985 201134 30149 21986 14304 16115 189806 83097 129373 166026 30059
cat_boundaries=0 1 2 3 4 5
cat_threshold=2 274 2083 2393 2082
is_linear=0
shrinkage=0.03


Tree=29
num_leaves=31
num_cat=5
split_feature=29 30 5 41 34 48 5 5 34 36 46 46 28 34 48 48 36 32 26 44 26 47 32 41 41 21 30 36 42 32
split_gain=1055.4 325.152 277.962 227.669 135.504 119.051 116.689 99.6518 96.282 89.1911 74.7664 72.7837 65.2957 64.4441 58.2374 52.4679 50.4436 48.7901 46.6746 46.4477 46.2791 45.0022 44.2436 47.8009 41.2048 38.4112 37.1036 35.983 35.5449 38.7425
threshold=0.55927750000000021 0.2482385 0 0.55357450000000019 0.59585250000000012 1.0000000180025095e-35 1 2 0.44843700000000003 0.50360550000000004 0.23022250000000002 0.15167600000000003 285.50000000000006 0.67066000000000014 1.0000000180025095e-35 1.0000000180025095e-35 0.38112350000000006 0.37278050000000001 3 0.80562900000000004 4 9.5000000000000018 0.36794800000000011 0.48538450000000005 0.5671655000000001 0.35500000000000004 0.10682800000000002 0.43143300000000007 0.1427245 0.38947500000000007
decision_type=8 10 1 8 10 2 1 1 8 8 10 10 2 8 2 2 8 10 9 10 9 2 10 8 8 2 8 8 10 10
left_child=1 2 9 8 11 6 17 20 -2 12 16 27 -1 15 18 -9 -7 19 -10 -3 -5 28 -11 -24 -18 -16 -22 -4 -14 -30
right_child=3 5 4 7 -6 10 -8 13 14 22 -12 -13 21 -15 25 -17 24 -19 -20 -21 26 -23 23 -25 -26 -27 -28 -29 29 -31
leaf_value=0.0024743026645604421 -0.0016304577437985484 -0.00098386694017322412 -0.0062388060250408222 -0.0048874936445421329 0.0099004462850550024 -0.008069356978484335 0.0037035623147422749 0.0078242302961477102 0.00432049484113125 0.00075608983692484815 -0.00072278721859026494 0.0079780494255902498 -0.0007043427259495965 0.0093395695962935135 -0.0014055932245279313 0.0017567111236273698 -0.0044537326387083321 -0.0030030665444264163 0.0017688845336032045 0.011773243575241897 0.0070004864845905745 -0.0053505865810054001 -0.0054940700319789778 -0.00046352505985784178 -0.0010210745083879241 0.0016125951372578358 0.0032902445641731478 0.0012540147781796955 -0.0016688361043556159 -0.0044830083136749126
leaf_weight=3263.6261594444513 7186.0938849151134 15265.875864654779 722.66346019506454 554.22289127111435 3238.2773818224669 3108.4827306270599 3490.1055801361799 2489.2563468068838 13101.643593937159 38657.127213835716 5801.3047785460949 1315.0433916896582 19110.640118673444 5673.2720778435469 4787.1852503716946 2680.1220834851265 26330.62580268085 20387.563576623797 12926.06349979341 257.97668819129467 2839.4085154533386 3194.0410651862621 1796.4832915216684 31350.337751299143 3603.368863016367 18121.436708271503 17513.152384266257 2802.4407071769238 15277.527122452855 6223.6916683316231
leaf_count=13065 28846 61097 2910 2229 13479 12480 14186 10306 53044 155103 23236 5384 76523 24043 19315 11079 105457 81605 52153 1033 11644 12784 7190 125592 14526 73259 70869 11397 61149 24901
internal_value=7.63911e-06 -0.00117037 -0.000232553 0.00275879 0.00515086 -0.0026915 -0.00152818 0.00478942 0.00160929 -0.000598773 -0.00387055 0.00196282 -0.0016137 0.00712612 0.00208572 0.0046871 -0.00442218 -0.00203774 0.00305714 -0.000767702 0.00357528 -0.0019191 6.61633e-05 -0.000737547 -0.00404166 0.000980477 0.00380842 -0.000277546 -0.00164811 -0.00248533
internal_weight=293069 205197 126952 87871.9 8078.42 78245.3 39401.5 31749.4 56122.4 118873 38843.8 4840.15 47069.5 10842.7 48936.3 5169.38 33042.5 35911.4 26027.7 15523.9 20906.8 43805.9 71803.9 33146.8 29934 22908.6 20352.6 3525.1 40611.9 21501.2
internal_count=1179884 823097 509477 356787 33170 313620 157921 130170 226617 476307 155699 19691 188422 45428 197771 21385 132463 143735 105197 62130 84742 175357 287885 132782 119983 92574 82513 14307 162573 86050
cat_boundaries=0 1 2 3 4 5
cat_threshold=2 2 2 1099 2
is_linear=0
shrinkage=0.03


Tree=30
num_leaves=31
num_cat=6
split_feature=29 5 34 30 5 32 22 35 1 26 30 36 48 23 27 28 26 26 48 48 34 48 7 33 34 31 46 46 23 46
split_gain=1031.82 461.145 223.848 222.559 203.443 135.804 125.202 120.35 70.2953 69.26 64.0039 63.7804 63.6585 63.0526 57.1645 54.6437 51.0732 50.7289 49.3967 49.1429 45.4766 43.6093 41.5353 39.9466 38.7572 38.3577 36.9065 36.3758 34.5592 33.7312
threshold=0.52530050000000006 0 0.56683850000000013 0.13878850000000001 1 0.37344650000000007 23786.500000000004 0.45617200000000008 6.5000000000000009 2 0.23464800000000002 0.54288750000000008 1.0000000180025095e-35 24312.000000000004 3 5401.5000000000009 4 5 1.0000000180025095e-35 1.0000000180025095e-35 0.67661950000000015 1.0000000180025095e-35 1.5000000000000002 0.40891400000000006 0.52916900000000011 0.10245700000000001 0.23022250000000002 0.16286800000000004 23578.500000000004 0.097242600000000012
decision_type=8 1 8 8 1 8 2 8 2 9 10 8 2 2 9 2 9 9 2 2 8 2 2 8 10 10 10 10 2 10
left_child=4 3 9 17 7 11 8 16 24 -3 -9 15 -8 19 -13 -5 -1 -2 -12 -4 -21 -11 25 -7 -6 -19 -20 -10 -23 -14
right_child=1 2 13 5 6 23 12 10 27 21 18 14 29 -15 -16 -17 -18 22 26 20 -22 28 -24 -25 -26 -27 -28 -29 -30 -31
leaf_value=-0.0019069547546241075 -0.0021185498069885415 0.0088515275358242822 0.010395223602499712 0.00089201865324122268 0.0041268265351104916 -0.0032117113495295311 0.0020456355997927555 -0.00038777454386696261 -0.00076695499416715293 0.0028745094916866462 -0.0013316791114235079 -0.00024033728381308669 -0.0075936493947225906 -0.0022421855353039334 0.0023183902112854774 -0.001573601868789179 -0.0042501076893650663 0.0085439541087972606 -0.0037644113992313416 0.0034141469345678795 0.0085143235525405054 0.0013025765310256633 0.0020696217943496869 -0.00062458774263021277 0.010536889415329691 0.0043897765741979173 -0.00085185697961664259 0.007552994534206949 -0.0050381101865314007 -0.00023454556717826875
leaf_weight=11594.234853461385 1187.3017240166664 954.41944113373756 6172.017398416996 29278.834479257464 1608.8746399581432 6852.6480988115072 2103.9249988794327 25080.039973959327 2085.5940034091473 2856.3006095737219 26439.897134512663 9761.6304276585579 1616.8177268356085 511.34906880557537 39935.079085320234 11170.793705224991 31275.929727256298 2463.6142312437296 20096.01942025125 2489.8311737328768 4418.0344091355801 1369.2352567762136 5639.1496456861496 25048.352367281914 1859.9306724816561 11242.217287123203 4900.4436270147562 606.87975260615349 1754.8471458554268 870.61225360631943
leaf_count=46414 4780 3938 25989 117479 6556 27465 8506 100419 8481 11616 105795 39267 6515 2046 160873 44799 125250 10141 80429 10334 18667 5587 22912 100438 7712 45677 19609 2497 7077 3515
internal_value=2.56229e-06 0.00159222 0.00579637 0.00098666 -0.00198954 0.000500185 0.0019609 -0.00234563 0.00475578 0.0014044 -0.00163185 0.00109566 -0.00178376 0.00803432 0.00181562 0.000210291 -0.00361872 0.00387639 -0.00223781 0.00843879 0.00668267 0.000191928 0.00424506 -0.00118152 0.0075786 0.00514038 -0.00319479 0.00110354 -0.00225091 -0.00503336
internal_weight=293245 163106 20526 142580 130139 122047 10752.6 119387 6161.28 6934.8 76516.4 90146.3 4591.35 13591.2 49696.7 40449.6 42870.2 20532.3 51436.4 13079.9 6907.87 5980.38 19345 31901 3468.81 13705.8 24996.5 2692.47 3124.08 2487.43
internal_count=1180783 659085 85254 573831 521698 490321 43782 477916 25246 28218 306252 362418 18536 57036 200140 162278 171664 83510 205833 54990 29001 24280 78730 127903 14268 55818 100038 10978 12664 10030
cat_boundaries=0 1 2 3 4 5 6
cat_threshold=2 2 2520 34 392 130
is_linear=0
shrinkage=0.03


Tree=31
num_leaves=31
num_cat=7
split_feature=36 5 0 30 41 30 35 0 5 27 26 32 0 0 32 0 5 32 49 0 32 1 41 44 31 26 0 26 45 0
split_gain=966.713 333.681 403.807 294.009 135.348 117.517 99.6358 98.1923 224.721 180.254 95.0535 94.0169 86.3276 65.9002 60.2947 59.6392 122.98 59.2066 56.8876 54.4536 57.8036 52.5669 51.5309 50.5427 47.3873 46.5236 60.5903 45.8068 45.7111 45.5102
threshold=0.56673450000000014 0 2022.5000000000002 0.23146050000000004 0.6000430000000001 0.14221250000000005 0.41709850000000004 2022.5000000000002 1 2 3 0.3658550000000001 2020.5000000000002 2019.5000000000002 0.350775 2022.5000000000002 4 0.37756350000000005 1.0000000180025095e-35 2019.5000000000002 0.36832800000000004 6.5000000000000009 0.53353300000000015 0.5351855000000002 0.10487950000000001 5 2022.5000000000002 6 0.20459050000000004 2020.5000000000002
decision_type=8 1 2 10 8 8 10 2 1 9 9 8 2 2 10 2 1 10 2 2 10 2 10 10 10 9 2 9 10 2
left_child=3 5 21 7 6 18 28 8 9 -1 -11 25 13 -10 -8 16 -6 27 24 -12 -21 -3 -16 -13 -2 26 -7 -9 -5 -23
right_child=1 2 -4 4 15 11 14 17 12 10 19 23 -14 -15 22 -17 -18 -19 -20 20 -22 29 -24 -25 -26 -27 -28 -29 -30 -31
leaf_value=-0.0043661966579093209 0.0080092850958514376 0.010567844063889177 -0.0039355028359093916 -0.001220511036091901 -0.0010089649564772388 -0.0021527673489355804 -0.00047410426892060176 0.0016530309422895368 0.011729697884925769 -0.0027456886439956077 0.0029756320876497275 0.0010258086599069837 0.01318666541915255 4.5408114350402272e-05 -0.0030851403191867331 -0.0020461133870287463 0.010197390798226713 -0.0030029011653687379 0.00056715021128213999 0.0016758185084853787 -0.00053691057684857437 0.0036204005498513283 -0.0012474706819103614 -0.0021802773551894386 0.0038378190138791835 0.001645097580770205 0.0073407881290541883 -0.001311665177156654 -0.0048656746546352032 0.0089607601051264179
leaf_weight=6698.2661756128073 3168.8831084817648 7208.4602091610432 2676.8050011247396 3776.689239948988 1704.8619381934404 763.92762967944145 19361.720548644662 6936.178109318018 638.76611112058163 6072.1946803480387 12182.373102754354 8357.8108431249857 1599.8451260179281 1360.9237919896841 37210.087862849236 1719.6107695400715 1810.7774293273687 11707.445357859135 3670.4267945736647 24149.241092398763 18941.909900471568 2500.9965451806784 21883.407928958535 9381.678596034646 11184.343008697033 27884.142723470926 2806.1300691813231 14397.902872368693 17851.706922873855 3470.7182968258858
leaf_count=26841 13047 30565 10716 15131 6826 3069 77521 27849 2663 24332 48965 33578 6723 5526 148963 6882 7558 46850 14905 97035 75909 10338 87648 37623 45465 112370 11298 57713 71553 14854
internal_value=2.19163e-05 0.00276138 0.00667629 -0.00106165 -0.00218076 0.00183712 -0.00242689 6.39704e-05 0.000688203 0.000301137 0.000812015 0.00107688 0.00799044 0.00380471 -0.00192907 0.00251763 0.00475827 -0.00128858 0.00390993 0.00120395 0.000702486 0.00883416 -0.00240522 -0.000668148 0.00476236 0.00206197 0.00528605 -0.000346114 -0.00423081 0.00673214
internal_weight=293078 83074.3 15857 210004 105319 67217.3 100084 104685 71643.5 68044 61345.7 49193.7 3599.54 1999.69 78455.2 5235.25 3515.64 33041.5 18023.7 55273.5 43091.2 13180.2 59093.5 17739.5 14353.2 31454.2 3570.06 21334.1 21628.4 5971.71
internal_count=1180316 337828 66473 842488 422082 271355 400816 420406 287994 273082 246241 197938 14912 8189 314132 21266 14384 132412 73417 221909 172944 55757 236611 71201 58512 126737 14367 85562 86684 25192
cat_boundaries=0 1 2 3 4 5 6 7
cat_threshold=2 2 2 2 2 2 67
is_linear=0
shrinkage=0.03


Tree=32
num_leaves=31
num_cat=3
split_feature=29 5 0 5 0 29 29 21 0 35 0 41 26 1 32 0 6 32 29 22 50 0 41 36 44 30 33 46 1 46
split_gain=970.721 380.137 714.068 185.54 470.385 180.181 114.399 106.426 105.216 71.6709 70.8679 62.6463 56.7023 54.0864 52.0844 50.6266 48.737 45.7542 45.1236 43.4928 36.7449 35.3383 33.8433 32.9262 32.1586 31.2963 31.0493 30.1759 29.2878 28.6785
threshold=0.52631950000000016 0 2022.5000000000002 1 2022.5000000000002 0.58083900000000011 0.45555200000000007 0.35500000000000004 2020.5000000000002 0.40388400000000008 2019.5000000000002 0.54949250000000005 2 6.5000000000000009 0.37278050000000001 2019.5000000000002 2.5000000000000004 0.38524700000000006 0.66674900000000015 23871.500000000004 1.0000000180025095e-35 2019.5000000000002 0.48064850000000009 0.49515750000000008 0.80562900000000004 0.2142145 0.49939750000000005 0.16490650000000004 6.5000000000000009 0.060946350000000003
decision_type=10 1 2 1 2 10 10 2 2 8 2 10 9 2 10 2 2 10 10 2 2 2 10 10 10 8 10 10 2 10
left_child=3 5 8 6 13 11 25 17 10 -8 28 16 -9 -5 23 -16 19 -7 -14 22 -21 -13 -2 -11 -25 -1 -20 -6 -3 -12
right_child=1 2 -4 4 27 7 9 12 -10 14 29 21 18 -15 15 -17 -18 -19 26 20 -22 -23 -24 24 -26 -27 -28 -29 -30 -31
leaf_value=0.0031747370078245491 -0.0033341086316286098 0.010707541085487807 -0.0037729605212253221 0.010677169314225212 -0.0051742329183609914 0.0006885802292119161 -0.0041114557742256653 -0.0027654493078424309 0.01134985974933451 -0.0016839799603613659 -0.001400587468118035 0.0032021198458589777 0.0033427602640943412 0.0044301918299269917 0.00059615654989653947 -0.0025398048907673428 -0.002742639707473567 -0.0050885201824337036 0.0088348004990687328 0.0023263616823711165 -0.00088433788726895082 0.00080324251977438707 -0.00013578215149941914 -0.00014663110122458683 0.0090892857634162424 -0.0046944231164945524 -0.0017072386841890119 0.00064575463476628588 0.0050348705035079483 0.0047738871662015413
leaf_weight=460.8622339963913 3176.6951712667942 2708.3499804586172 5521.141131952405 3241.1705500483513 4685.773908123374 7401.6524295508862 11299.686780139804 1272.7760919928551 7554.1619088202715 19876.356918439269 954.83368945121765 8328.5201465785503 29991.707299023867 2071.2340911030769 5135.1205890476704 45923.501566007733 5927.7224917858839 1476.8286296576262 2144.5208080410957 11751.766754463315 4394.3827374130487 16575.099752694368 47353.964307755232 21879.592265322804 341.6379107683897 16925.584654524922 278.5302612632513 955.65711714327335 1220.9698220193386 2260.9903633743525
leaf_count=1844 12733 11536 22095 13509 18763 29936 45234 5108 32341 79539 3889 33536 121522 8566 20555 183767 23767 5956 8879 47153 17632 66582 189992 87613 1368 67867 1139 3824 5124 9232
internal_value=3.75391e-06 0.00157529 0.0054205 -0.00189298 0.00184506 0.0010199 -0.00222931 0.00264841 0.00887573 -0.00185369 0.0062521 0.000308624 0.00341852 0.00825108 -0.00157938 -0.00222381 -0.000136356 -0.000270387 0.00366221 9.50121e-05 0.00145067 0.00160699 -0.00033763 -0.000796963 -2.07684e-06 -0.0044836 0.00761001 -0.00418319 0.00895767 0.00293166
internal_weight=293091 160295 20220.4 132796 10953.8 140074 121842 42566 14699.3 104456 7145.14 97508.2 33687.5 5312.4 93156.2 51058.6 72604.5 8878.48 32414.8 66676.8 16146.1 24903.6 50530.7 42097.6 22221.2 17386.4 2423.05 5641.43 3929.32 3215.82
internal_count=1180601 648152 84217 532449 44662 563935 487787 172540 62122 418076 29781 391395 136648 22075 372842 204322 291277 35892 131540 267510 64785 100118 202725 168520 88981 69711 10018 22587 16660 13121
cat_boundaries=0 1 2 3
cat_threshold=2 2 2
is_linear=0
shrinkage=0.03


Tree=33
num_leaves=31
num_cat=6
split_feature=29 5 0 5 0 29 30 0 0 48 0 6 26 47 34 30 48 42 34 0 46 26 46 41 48 25 31 48 48 26
split_gain=919.978 257.557 546.37 221.787 576.786 179.415 148.331 74.9948 80.3733 68.2667 66.2368 66.1058 55.1768 53.987 52.2309 49.9312 43.0939 42.5223 42.4592 41.4586 37.807 37.7461 36.999 36.2204 36.1132 33.9393 33.7465 33.3306 32.2652 31.8225
threshold=0.54243600000000003 0 2022.5000000000002 1 2022.5000000000002 0.48478650000000006 0.13709800000000003 2020.5000000000002 2019.5000000000002 1.0000000180025095e-35 2020.5000000000002 2.5000000000000004 2 9.5000000000000018 0.49444350000000004 0.18709250000000002 1.0000000180025095e-35 0.13421450000000004 0.37987350000000003 2019.5000000000002 0.076723250000000007 3 0.40577550000000001 0.50870450000000011 1.0000000180025095e-35 4 0.12030200000000001 1.0000000180025095e-35 1.0000000180025095e-35 5
decision_type=10 1 2 1 2 10 10 2 2 2 2 2 9 2 10 8 2 10 8 2 10 9 10 10 2 1 10 2 2 9
left_child=3 6 7 5 10 15 12 8 -3 20 19 14 26 17 -8 -1 -17 -11 -19 -5 -7 -14 -22 -16 -9 -18 -2 -6 -4 -30
right_child=1 2 28 4 27 9 11 24 -10 13 -12 -13 21 -15 23 16 25 18 -20 -21 22 -23 -24 -25 -26 -27 -28 -29 29 -31
leaf_value=0.0053604185571780221 0.0084723160580052435 0.0090125691710170579 -0.0007478042181054865 0.0093854229898894057 -0.0014736898960738833 -0.0020476835784075283 -0.00014237692279142633 0.012933773604005574 0.002265231225998819 -0.00016549814088356258 0.011154771484266026 -0.001963758421138152 -0.0030076984297228706 -0.0052283878546192323 -0.00010767461337551137 -0.0025053159993781962 -0.0034862331892466648 -0.0045542163364353508 -0.0016790792311704224 0.002078356639846467 0.00019752733107631826 0.0031387386059148858 -0.0037287364961159702 0.0019402214856088765 0.0084947381280391816 -0.0059510483327246851 0.0040643717798754244 -0.0058191799075717676 0.0029227030035530962 -0.0070922433572808323
leaf_weight=583.53765417635441 2955.9194245636463 3676.528399631381 2012.8900833725929 1195.7622627466917 2774.6008255928755 9712.5146552324295 20863.155436784029 3237.0408609509468 2825.9533674716949 14236.028673037887 3773.6122720986605 6689.6057225465775 960.86091558635235 3899.3284849226475 9239.3714646399021 22446.277120694518 14050.126988008618 5410.8562218546867 32432.412938863039 1714.5375913232565 44753.303368583322 11736.934652507305 2266.6040612757206 48057.314776644111 3568.580210596323 7954.1700944155455 3423.424983561039 3791.9371555894613 319.65735787153244 2238.9132068306208
leaf_count=2335 12206 15634 8057 5012 11102 38874 83754 13953 11541 57017 15862 26890 3872 15609 37125 89874 56280 21655 129832 6977 179209 47758 9072 193642 15305 31905 13916 15189 1279 8958
internal_value=1.43705e-05 0.00200686 0.0053331 -0.00140479 0.00232174 -0.00171804 0.00143419 0.00840695 0.00608721 -0.00107807 0.00852528 0.00089625 0.00382471 -0.00182144 0.00114148 -0.00331892 -0.00343389 -0.00156548 -0.00209129 0.0050975 -0.000343991 0.00266867 7.3972e-06 0.00160948 0.0106153 -0.00437927 0.00610498 -0.00398913 -0.00360837 -0.00584363
internal_weight=292802 121806 17879.6 170996 13250.5 157745 103927 13308.1 6502.48 112711 6683.91 84849.4 19077.1 55978.6 78159.8 45034.1 44450.6 52079.3 37843.3 2910.3 56732.4 12697.8 47019.9 57296.7 6805.62 22004.3 6379.34 6566.54 4571.46 2558.57
internal_count=1179694 493890 74727 685804 54142 631662 419163 56433 27175 451268 27851 341411 77752 224113 314521 180394 178059 208504 151487 11989 227155 51630 188281 230767 29258 88185 26122 26291 18294 10237
cat_boundaries=0 1 2 3 4 5 6
cat_threshold=2 2 65 130 2 321
is_linear=0
shrinkage=0.03


Tree=34
num_leaves=31
num_cat=8
split_feature=29 29 5 0 0 5 27 26 41 32 48 35 47 29 32 0 28 0 0 48 1 34 0 5 26 41 33 0 27 26
split_gain=839.845 292.376 171.645 378.589 144.276 310.592 140.505 135.189 122.58 81.243 79.9519 75.2155 70.2566 59.9112 59.0558 54.8927 94.5629 54.5688 51.4982 46.5553 45.5429 44.8247 43.553 123.026 67.2668 41.534 40.6411 39.8506 39.2862 39.2018
threshold=0.57144000000000006 0.50599050000000012 0 2022.5000000000002 2022.5000000000002 1 2 3 0.54419950000000006 0.36944500000000008 1.0000000180025095e-35 0.64298350000000004 9.5000000000000018 0.45016850000000003 0.37309950000000008 2019.5000000000002 297.50000000000006 2020.5000000000002 2020.5000000000002 1.0000000180025095e-35 7.5000000000000009 0.57712150000000018 2022.5000000000002 4 5 0.48351800000000006 0.46960350000000006 2019.5000000000002 6 7
decision_type=10 8 1 2 2 1 9 9 8 10 2 10 2 10 8 2 2 2 2 2 2 10 2 1 9 8 10 2 9 9
left_child=1 8 12 17 5 6 -2 -8 10 28 13 22 14 -1 21 -9 -17 -4 20 -11 -7 -3 23 24 -10 -16 -12 -27 -6 -18
right_child=4 2 3 -5 9 18 7 15 11 19 26 -13 -14 -15 25 16 29 -19 -20 -21 -22 -23 -24 -25 -26 27 -28 -29 -30 -31
leaf_value=-0.0046873974346216965 -0.0025396122103136572 -8.8147864997269418e-05 0.0054257017182835279 -0.0039477483799116283 0.0073028760109606402 0.007742755142494305 -0.0066941317413990366 0.0048459890740817479 -0.0041800471504438641 0.00018605179633290894 -0.0045239671846163849 0.0086041621602875994 -0.0028548198618707226 -0.0013258595712917431 -0.0049223909734300592 -0.0035807387460625897 0.0041889574206496064 0.011454615857732976 0.010232116678720836 -0.0055788417002556843 0.0014898703075570529 0.0015114980361097075 -0.0031890180680654943 0.0063839000393106837 0.00021426071392822269 0.0014610305922470347 -0.0014644347937074341 -0.0011417114061263078 0.0011343680002269079 0.0016560994258560371
leaf_weight=5802.9308226555586 4515.3183470964432 51116.141443490982 2456.1200322806835 3360.3811113089323 1052.4301415830851 3888.5640060007572 1232.2991583049297 14083.625126153231 4317.605459138751 2348.7708881497383 25699.323256909847 799.93134382367134 9077.0930945426226 27140.307504102588 2277.1512044072151 2103.4341474473476 12433.959022641182 3100.8809449076653 5397.6974621415138 2693.9663617610931 1454.6013761460781 22773.853375181556 5071.5446055084467 2330.5951361656189 11319.546034693718 6183.2561368644238 4648.5954954177141 36409.453755423427 7584.4477249979973 10041.335153207183
leaf_count=23276 18178 204970 10139 13447 4237 16399 4948 57445 17284 9413 103012 3341 36370 108637 9113 8493 50375 13192 23315 10790 6021 91476 20304 9678 45307 24820 18617 145786 30625 40569
internal_value=-4.75879e-06 -0.000895863 -3.0276e-05 0.00399293 0.00289321 0.00357725 0.00246877 0.0030364 -0.00225404 0.00013306 -0.00294468 -0.00041904 -0.00031124 -0.00191928 -0.000116508 0.00334947 0.00249161 0.00879968 0.00815569 -0.00288925 0.0060479 0.000404519 -0.00073471 -3.98747e-05 -0.00100025 -0.000975155 -0.0040565 -0.000763086 0.00190153 0.00306165
internal_weight=292715 223885 136754 8917.38 68830.4 55150.8 44410 39894.7 87130.4 13679.6 63291.2 23839.2 127837 32943.2 118760 38662.4 24578.7 5557 10740.9 5042.74 5343.17 73890 23039.3 17967.7 15637.2 44869.9 30347.9 42592.7 8636.88 22475.3
internal_count=1179577 898769 549313 36778 280808 225743 180008 161830 349456 55065 253542 95914 512535 131913 476165 156882 99437 23331 45735 20203 22420 296446 92573 72269 62591 179719 121629 170606 34862 90944
cat_boundaries=0 1 2 3 4 5 6 7 8
cat_threshold=2 2 2 2 2 2 2 77
is_linear=0
shrinkage=0.03


Tree=35
num_leaves=31
num_cat=4
split_feature=29 5 34 30 5 34 6 34 32 29 48 46 36 48 48 6 48 26 29 41 34 3 44 26 28 48 22 41 34 7
split_gain=764.166 339.996 191.585 189.845 132.179 112.827 102.498 83.7736 82.1447 76.0297 61.4863 56.1512 52.2258 50.2098 46.3021 45.6547 45.4894 43.9266 39.208 39.7824 37.0128 36.7982 36.5399 35.4185 39.5966 35.155 34.4675 36.9172 33.12 32.9746
threshold=0.51823850000000016 0 0.56683850000000013 0.14064250000000003 1 0.53693950000000013 2.5000000000000004 0.32049400000000006 0.37756350000000005 0.45746100000000006 1.0000000180025095e-35 0.16989650000000003 0.56766650000000018 1.0000000180025095e-35 1.0000000180025095e-35 2.5000000000000004 1.0000000180025095e-35 2 0.66674900000000015 0.47781350000000006 0.67661950000000015 2.5000000000000004 0.45334200000000008 3 5401.5000000000009 1.0000000180025095e-35 24410.500000000004 0.53079150000000019 0.40089300000000005 1.5000000000000002
decision_type=8 1 8 8 1 10 2 8 8 10 2 10 10 2 2 2 2 9 10 8 8 2 10 9 2 2 2 8 8 2
left_child=4 3 11 17 7 10 8 -1 12 -9 -6 16 23 -4 -11 22 -3 -2 19 -19 -15 -14 -16 -5 -25 -8 27 -24 -10 -21
right_child=1 2 13 6 5 -7 25 9 28 14 -12 -13 21 20 15 -17 -18 18 -20 29 -22 -23 26 24 -26 -27 -28 -29 -30 -31
leaf_value=-0.0048925361764127128 -0.0020388541250447073 0.0023669698904547026 0.0087868579581216501 0.0020180234176059991 0.0022058883515163347 0.005660238512030436 -0.00082330363977336206 -0.0039008062583117467 -0.0030569069775094873 -0.00088301709073032543 -0.0038220789682100321 0.0062758397228651246 0.0039692082276983768 0.0023557482051333313 0.00022553350069734785 -0.0057561053776700047 -0.0028348232929227054 -0.0023422162770011744 0.0070678686842270116 0.0044085100546720568 0.0067795586048325406 0.0014541436682841064 -0.0038221359389105369 0.00063923768241902045 -0.0012698325870034804 -0.004224959797433806 0.0012245682694124389 -0.0016257559537044754 -0.00036913082244565803 0.0014475947982895492
leaf_weight=9773.7683811336756 1270.1795634329319 2872.3808737844229 6480.2706691622734 11449.356728583574 2809.0600114613771 3561.2873651385307 5723.0797218978405 15408.897939652205 4963.4646437764168 40331.095332741737 3311.2209481745958 1408.7868063300848 6731.0134546607733 2732.8460935950279 5463.4455530196428 3231.1167148798704 3186.8440904766321 1096.5501149743795 2695.326294451952 11586.443327412009 4643.6997521817684 23956.324775964022 13799.587492227554 40633.306976824999 12868.524896487594 5283.0254563689232 2134.0544060021639 13898.203073769808 24633.958179548383 4835.823638483882
leaf_count=39168 5112 11721 27515 46031 11394 14729 22966 61803 19870 161381 13390 5825 27172 11381 21867 12936 12944 4429 11182 47185 19774 96606 55243 163077 51604 21199 8540 55629 98742 19641
internal_value=-1.15968e-05 0.00120976 0.00476507 0.00072881 -0.00193483 0.00141572 0.000315227 -0.00224694 0.000559376 -0.00197218 -0.00105076 0.000886552 0.000986934 0.00685255 -0.0015948 -0.00233903 -0.000364009 0.00334973 0.00368924 0.0031687 0.00514632 0.00200711 -0.0020249 0.0005044 0.000179419 -0.00245956 -0.00243803 -0.00272141 -0.000821146 0.00353887
internal_weight=292773 179051 21324.8 157726 113722 9681.57 136242 104040 125236 94266.4 6120.28 7468.01 95638.5 13856.8 78857.5 38526.4 6059.22 21484.3 20214.1 17518.8 7376.55 30687.3 35295.3 64951.2 53501.8 11006.1 29831.8 27697.8 29597.4 16422.3
internal_count=1180056 723976 89160 634816 456080 39513 547267 416567 503102 377399 24784 30490 384490 58670 315596 154215 24665 87549 82437 71255 31155 123778 141279 260712 214681 44165 119412 110872 118612 66826
cat_boundaries=0 1 2 3 4
cat_threshold=2 2 130 65
is_linear=0
shrinkage=0.03


Tree=36
num_leaves=31
num_cat=8
split_feature=29 29 5 0 41 41 0 5 48 41 44 0 6 25 46 21 6 48 27 0 29 32 0 5 27 26 22 41 30 5
split_gain=749.843 274.139 144.055 325.753 138.986 104.647 87.9295 102.141 86.417 78.7717 65.6782 64.4583 67.5735 57.9491 54.8539 53.6168 51.4021 49.7933 49.1619 47.7136 45.597 45.0675 43.5736 63.524 54.1342 44.027 43.4369 42.0258 40.6994 39.5964
threshold=0.57042550000000014 0.5081635000000001 0 2022.5000000000002 0.55357450000000019 0.5671655000000001 2022.5000000000002 1 1.0000000180025095e-35 0.48538450000000005 0.45584350000000007 2019.5000000000002 2.5000000000000004 2 0.072034700000000021 0.35500000000000004 2.5000000000000004 1.0000000180025095e-35 3 2020.5000000000002 0.43743400000000005 0.3269450000000001 2022.5000000000002 4 5 6 23849.500000000004 0.69192950000000009 0.25292650000000005 7
decision_type=10 10 1 2 8 8 2 1 2 8 8 2 2 1 10 2 2 2 9 2 8 10 2 1 9 9 2 8 8 1
left_child=1 5 9 19 15 8 7 18 20 -3 -10 13 14 -11 -13 -2 28 26 -6 -4 -1 -17 23 24 -23 -26 -16 -7 -12 -22
right_child=4 2 3 -5 6 27 -8 -9 10 11 16 12 -14 -15 17 21 -18 -19 -20 -21 29 22 -24 -25 25 -27 -28 -29 -30 -31
leaf_value=-0.0043941658387175574 -0.00035865680251315597 -0.0033835366770154939 0.0051644210492524248 -0.0037172803223314349 0.0051266363543459254 -4.6082135684860669e-05 -0.0015296650978900742 0.0076193642672662274 -0.00034890637311963801 0.0033623718860815686 -0.0020022575619674087 -0.0020076355289124753 -0.0028853929957142494 -0.00042680678831317174 0.0002879911478364844 0.004875166539079095 -0.0077611956006634472 -0.0005459915221579587 0.0018219748970329801 0.010964641101257855 -0.0013628753080433208 -0.0018605294720744829 -0.00022761589643072034 0.0077326436843531262 -0.0064359606575274493 0.0028301108329585266 0.0024035096249437828 0.0062113950774972185 -0.0043562172805684998 0.0037743627391057383
leaf_weight=4418.8308148235083 9181.2689424753189 6652.3805427402258 2313.0758087188005 3189.2643409073353 8467.1446294337511 11215.929606720805 2053.1576391905546 8361.0951740592718 5195.9762247651815 8845.9479492753744 9733.2480765879154 11466.574657529593 8344.9304882287979 6139.0989548414946 28202.43659350276 4934.9740613400936 2962.7267051041126 39746.070656239986 7914.3451715558767 2948.6641881912947 34835.601985931396 2869.9839979112148 7332.8528417646885 1867.6458333879709 461.43382482230663 16885.1180113554 12678.821966543794 1053.0885242372751 21042.275543943048 1399.079090103507
leaf_count=17734 37102 26646 9561 12763 34487 45214 8239 35833 20812 35550 38983 45950 33426 24649 113082 20034 11882 159320 32208 12596 139410 11552 29503 7911 1851 68424 50843 4375 84388 5674
internal_value=2.24861e-05 -0.000831302 5.20889e-05 0.00383943 0.00272256 -0.00208688 0.00442304 0.00491834 -0.00248449 -0.000209941 -0.00349521 -2.66894e-05 -0.000300797 0.00180824 -6.61866e-05 0.00167495 -0.0039788 0.000209613 0.00353676 0.00842494 -0.0015156 0.00221933 0.00177231 0.00243767 0.00194595 0.00257726 0.000944955 0.000489959 -0.00361298 -0.00116339
internal_weight=292713 222384 130527 8451 70329 91856.8 26795.7 24742.6 79587.7 122076 38934.2 115424 100439 14985 92093.9 43533.3 33738.3 80627.3 16381.5 5261.74 40653.5 34352 29417 22084.2 20216.5 17346.6 40881.3 12269 30775.5 36234.7
internal_count=1180002 892858 524386 34920 287144 368472 110767 102528 318883 489466 156065 462820 402621 60199 369195 176377 135253 323245 66695 22157 162818 139275 119241 89738 81827 70275 163925 49589 123371 145084
cat_boundaries=0 1 2 3 4 5 6 7 8
cat_threshold=2 2 2 284 2 2 2 2
is_linear=0
shrinkage=0.03


Tree=37
num_leaves=31
num_cat=6
split_feature=29 36 5 0 5 0 0 5 32 27 21 27 32 0 0 29 0 5 42 7 22 42 46 28 29 53 52 7 47 6
split_gain=676.982 258.602 223.278 211.31 135.071 328.032 102.247 311.759 98.1447 94.8516 87.189 83.1063 53.0012 51.3691 51.8213 50.4253 47.7713 47.2289 47.0831 46.6347 43.6255 43.5325 40.7153 34.648 45.9741 38.3499 38.3461 34.3636 30.7317 30.4797
threshold=0.57144000000000006 0.49599200000000004 0 2022.5000000000002 1 2022.5000000000002 2022.5000000000002 2 0.37278050000000001 3 0.35500000000000004 4 0.38524700000000006 2020.5000000000002 2019.5000000000002 0.44604800000000006 2020.5000000000002 5 0.14003350000000001 1.5000000000000002 23632.500000000004 0.13657450000000002 0.10535300000000002 262.50000000000006 0.47220750000000006 0.010830499999999967 -1.0000000180025095e-35 1.5000000000000002 10.500000000000002 1.5000000000000002
decision_type=8 10 1 2 1 2 2 1 10 9 2 9 10 2 2 10 2 1 8 2 2 8 10 2 10 10 10 2 2 2
left_child=1 6 8 16 10 13 7 9 19 -1 12 17 -2 14 -6 -13 22 -8 27 20 -3 -10 -4 25 -25 26 -11 -12 -23 -17
right_child=4 2 3 -5 5 -7 11 -9 21 23 18 15 -14 -15 -16 29 -18 -19 -20 -21 -22 28 -24 24 -26 -27 -28 -29 -30 -31
leaf_value=-0.0053440430094990558 0.00052365669501539761 0.00015036972324648299 0.0010050333680139498 -0.0022205967031582179 0.0080107100655391807 -0.0030798627052127507 0.0017738810344133081 0.0077816192527375054 -0.00010194073125023027 -0.00041434477521173359 0.0041882362732866161 -0.0062670981300648899 -0.0048059035331653255 0.0098059481606632502 0.0019481069486857678 -0.0025763035499263669 0.010545941465857273 -0.0031744497150133955 0.0014619201969767097 -0.00073907709264542593 0.0019555819280124096 -0.0018268744053271211 0.0085792236080528481 -0.0034229589659861099 -0.00099086417498823955 -0.0055005181291965678 0.0045731771808083799 0.001623400550537371 -0.0063296474539864603 -0.0046629707429243833
leaf_weight=5575.3306133747101 9590.2279308736324 26674.984448745847 1224.8676238954067 2613.4974689036608 3250.1772726178169 3293.1509286612272 4634.1499718725681 3354.0142082720995 16118.03160597384 3271.2672363519669 16359.251310110092 5325.284888997674 2031.4961258172989 5401.1548180282116 2109.2058635950089 24665.446582749486 3154.6896559745073 2771.1480000019073 20313.367173060775 20442.197773635387 22029.892730101943 26662.720038741827 1356.9685670286417 9002.2809264659882 31672.248727723956 752.74262474477291 2393.2551611512899 6666.5882001817226 1442.1896609663963 8547.6270647197962
leaf_count=22328 38773 107047 5045 10459 13934 13180 18565 13963 64606 13109 66570 21394 8184 23486 8648 98747 13514 11101 82134 82013 88396 106750 5660 36093 126802 3017 9589 27075 5773 34223
internal_value=-2.63454e-05 -0.000827854 0.000105522 0.00483922 0.00257093 0.00519655 -0.00194233 -0.00108109 -0.000242983 -0.00164647 0.00189876 -0.00299169 -0.000406378 0.00773239 0.00563277 -0.00355053 0.00806031 -7.42274e-05 0.00251758 0.00046259 0.000967578 -0.00134685 0.00500284 -0.00120637 -0.0015301 0.000838727 0.00168889 0.00344726 -0.00205965 -0.0031146
internal_weight=292699 223685 121720 8350.02 69014.6 14053.7 101965 56021.1 113370 52667.1 54960.9 45943.7 11621.7 10760.5 5359.38 38538.4 5736.53 7405.3 43339.2 69147.1 48704.9 44222.9 2581.84 47091.8 40674.5 6417.27 5664.52 23025.8 28104.9 33213.1
internal_count=1180178 898194 489263 34678 281984 59248 408931 224901 454585 210938 222736 184030 46957 46068 22582 154364 24219 29666 175779 277456 195443 177129 10705 188610 162895 25715 22698 93645 112523 132970
cat_boundaries=0 1 2 3 4 5 6
cat_threshold=2 2 2 2 2 2
is_linear=0
shrinkage=0.03


Tree=38
num_leaves=31
num_cat=11
split_feature=36 5 0 29 32 48 5 0 0 5 27 24 29 27 26 1 0 26 44 22 48 28 22 3 0 1 26 27 5 28
split_gain=696.705 267.907 310.916 260.789 107.231 92.6206 92.5573 81.0725 77.1481 182.559 124.722 75.7619 75.7349 64.8709 62.1588 58.2108 56.8059 67.7709 51.0224 48.5849 47.2724 45.4959 45.3952 43.4727 42.8093 48.3008 42.1049 79.8543 42.0709 41.5249
threshold=0.55739400000000006 0 2022.5000000000002 0.51823850000000016 0.39287400000000006 1.0000000180025095e-35 1 2022.5000000000002 2022.5000000000002 2 3 4 0.58899550000000012 5 6 6.5000000000000009 2022.5000000000002 7 0.48276050000000009 24305.500000000004 1.0000000180025095e-35 2389.5000000000005 24088.500000000004 2.5000000000000004 2020.5000000000002 9.5000000000000018 8 9 10 155.50000000000003
decision_type=8 1 2 10 8 2 1 2 2 1 9 1 10 9 9 2 2 9 10 2 2 2 2 2 2 2 9 9 1 2
left_child=3 4 15 5 12 6 -1 -8 9 10 -5 16 23 -10 -12 29 17 28 -18 21 -17 -15 -20 -2 -16 -26 27 -14 -7 -3
right_child=1 2 -4 8 -6 11 7 -9 13 -11 14 -13 26 19 24 20 18 -19 22 -21 -22 -23 -24 -25 25 -27 -28 -29 -30 -31
leaf_value=-0.0015627399177825386 0.0028668208973197402 0.0059397467802002109 -0.0032735369981192267 -0.00381674268461186 -0.0014603262768137046 -0.0042751815097142112 0.008267138322667086 -0.00073952622346939306 0.0024962687853597133 0.0076447578774164809 -0.0028331119590745352 -0.0048327725546928888 -0.0052974496760672032 -0.0045353229987078513 0.0019682298983996279 0.0080088859610708343 -0.00044330827884396577 5.3526789720500483e-05 -0.005943806765551383 0.0016451483882043948 0.0027098959969869157 -0.0014253524042544881 -0.0022490836085544423 0.00049547677690706181 0.00066655529541291667 -0.0033910156029137994 0.0036908748041396319 0.0029559889467403481 0.0051407803972246015 0.010837565304820048
leaf_weight=48844.764503881335 8814.9450155943632 2328.9330780953169 2941.225485265255 5952.4862554967403 10658.504697576165 6326.7091088742018 1664.549038246274 1939.9715830236673 3829.8454997390509 3205.9754316657782 4014.7231897711754 14734.715515166521 1447.7494667172432 5533.3344860672951 23674.71416695416 2987.5926624834538 3617.6884509772062 13154.83306889236 7666.1834357082844 3467.6499167084694 3127.6641584932804 18257.29858250916 4970.7008399367332 33230.940372735262 23825.209882840514 2965.4199123680592 20180.521865457296 3780.0886671543121 452.64796563982964 5013.6454852372408
leaf_count=195532 35502 9974 11774 23846 42839 25340 6933 7763 15348 13447 16090 59155 5864 22148 95142 12788 14482 52744 30717 13899 13329 73176 19919 133645 95569 11895 82313 15374 1874 21622
internal_value=-5.26393e-05 0.00206654 0.00555274 -0.00106385 0.00133408 -0.00210582 -0.00121992 0.00341481 7.2926e-05 0.000671608 0.000300822 -0.00301755 0.00177612 -0.00115158 0.000752005 0.00748426 -0.00227728 -0.00120144 -0.00359436 -0.00166573 0.00530626 -0.00215043 -0.00449374 0.000993513 0.00103847 0.000215979 0.00306972 0.000657162 -0.00363471 0.00929121
internal_weight=292611 94511.8 16399.1 198099 78112.8 103373 52449.3 3604.52 94726.7 63638.5 60432.6 50923.5 67454.2 31088.1 54480.1 13457.8 36188.8 19934.2 16254.6 27258.3 6115.26 23790.6 12636.9 42045.9 50465.3 26790.6 25408.4 5227.84 6779.36 7342.58
internal_count=1180043 385024 69487 795019 315537 414459 210228 14696 380560 255989 242542 204231 272698 124571 218696 57713 145076 79958 65118 109223 26117 95324 50636 169147 202606 107464 103551 21238 27214 31596
cat_boundaries=0 1 2 3 4 5 6 7 8 9 10 11
cat_threshold=2 2 2 2 2 2 2 3 646 162 2
is_linear=0
shrinkage=0.03


Tree=39
num_leaves=31
num_cat=7
split_feature=30 5 0 32 41 46 35 1 30 27 26 34 34 0 27 48 0 0 5 48 27 34 32 26 42 0 22 44 43 32
split_gain=596.592 220.942 630.327 234.615 121.346 88.9613 79.7186 72.9954 66.4851 64.4869 55.072 54.7993 53.7356 50.693 71.8571 59.1861 43.8524 42.5647 39.5387 37.922 42.5049 36.3961 35.5728 33.1612 42.0036 32.3447 30.5128 29.2624 29.1571 28.1347
threshold=0.17735450000000005 0 2022.5000000000002 0.37309950000000008 0.56284150000000011 0.050051450000000004 0.49298250000000005 6.5000000000000009 0.29644700000000007 1 2 0.57004650000000001 0.60847150000000017 2019.5000000000002 3 1.0000000180025095e-35 2021.5000000000002 2020.5000000000002 4 1.0000000180025095e-35 5 0.52819600000000011 0.43205950000000004 6 0.13516450000000005 2019.5000000000002 23882.000000000004 0.61887850000000011 1330.5000000000002 0.41706250000000006
decision_type=8 1 2 10 8 10 10 2 10 9 9 10 8 2 9 2 2 2 1 2 9 10 8 9 10 2 2 10 2 10
left_child=4 3 7 6 9 -5 23 -3 13 -1 -8 16 25 14 -7 29 -11 27 -13 -4 -21 -12 -22 -2 -25 -6 -10 -9 -28 -15
right_child=1 2 19 5 12 8 10 17 26 11 21 18 -14 15 -16 -17 -18 -19 -20 20 22 -23 -24 24 -26 -27 28 -29 -30 -31
leaf_value=-0.0011656047750765949 -0.0021650231103800027 0.0097477441242437811 -0.0012017135163876996 -0.004069596221897006 0.0046182911193806218 -0.0080618863994543523 -0.00050334017408436077 0.0053574221580504318 -0.0022725003717215145 0.0020350838783828582 3.0692792352132775e-05 0.0026666549530382634 0.0056405805979749318 -0.00032064956005288677 0.0019031861113526802 -0.0026124608067273338 -0.00087263241575491002 0.0072769545103665446 0.0072995717029008377 -0.010740739791508873 -0.0022189887025335061 0.0018612774948730476 -0.009123555286401977 0.0017870664419666162 -0.0011513684235492153 0.0012247424661344754 -0.0027381233641256336 -0.0024774232736910723 -0.0074086576060971932 -0.0031551345716270395
leaf_weight=6620.2475695312023 17128.968784555793 5885.1483219116926 3692.7148007154465 17524.159663468599 4438.4156095683575 705.71381257474422 28975.779894217849 753.75416687130928 4975.2884224057198 11533.501083910465 15423.216381534934 19898.309760436416 11897.200167819858 25003.803825572133 6884.1529808193445 28526.788254126906 7821.0747672468424 2102.0066472440958 1817.2795460671186 1003.9885400086641 3014.4807112514973 26849.629242360592 870.17607849836349 5794.8861675560474 17828.829619303346 5949.6440465599298 2007.8777369111776 983.15738445520401 3115.8797509819269 3609.9827150702477
leaf_count=26755 68601 25015 14777 70212 18132 2825 116212 3116 19947 46598 61867 80764 49935 100083 27587 114222 31470 8995 7706 4024 12074 107960 3491 23228 71410 24268 8062 4042 12537 14449
internal_value=1.71805e-05 -0.000742081 0.00241466 -0.00102503 0.00243348 -0.00214443 -0.000101693 0.00764417 -0.00169304 0.00157832 0.000503321 0.0020212 0.00426172 -0.00133901 0.000961742 -0.00164517 0.000858589 0.00440643 0.0030567 -0.00350831 -0.0052427 0.00119387 -0.0037695 -0.00116015 -0.000428985 0.00267848 -0.0039582 0.000908737 -0.00558691 -0.000679596
internal_weight=292636 222660 18305.4 204355 69975.7 92353.6 112001 9724.07 74829.5 47690.4 71248.6 41070.2 22285.3 64730.4 7589.87 57140.6 19354.6 3838.92 21715.6 8581.36 4888.65 42272.8 3884.66 40752.7 23623.7 10388.1 10099 1736.91 5123.76 28613.8
internal_count=1180364 894736 75534 819202 285628 369924 449278 41168 299712 193293 286039 166538 92335 259166 30412 228754 78068 16153 88470 34366 19589 169827 15565 163239 94638 42400 40546 7158 20599 114532
cat_boundaries=0 1 2 3 4 5 6 7
cat_threshold=2 2 904 2 2 93 770
is_linear=0
shrinkage=0.03


Tree=40
num_leaves=31
num_cat=8
split_feature=30 36 41 32 41 41 30 36 42 28 34 26 35 26 34 32 34 47 53 41 26 41 27 40 26 27 26 27 40 53
split_gain=598.398 226.407 152.125 115.193 89.1098 73.366 63.0425 52.245 47.6095 45.7693 41.437 41.0631 47.4611 40.2257 39.4601 39.2671 37.4157 36.5152 30.9902 30.7401 30.3841 29.5422 27.9368 38.2145 28.5611 27.7086 26.8528 28.0082 34.7924 26.8083
threshold=0.2147995 0.60196600000000011 0.6000430000000001 0.37379350000000006 0.55305150000000014 0.55357450000000019 0.29068400000000005 0.50159750000000014 0.14900350000000004 405.50000000000006 0.6564080000000001 0 0.58004350000000005 1 0.53302150000000015 0.37309950000000008 0.35198250000000003 4.5000000000000009 0.019780999999999997 0.53002650000000007 2 0.48720000000000008 3 4585.5000000000009 4 5 6 7 5810.5000000000009 -0.13744149999999994
decision_type=10 8 8 10 8 8 10 10 10 2 10 9 10 9 10 10 8 2 10 10 9 10 9 2 9 9 9 9 2 10
left_child=1 4 3 7 8 9 16 26 15 18 -6 12 -9 -7 -4 20 -5 -13 -3 -8 -1 -18 23 -23 -25 -10 -2 -28 -29 -27
right_child=2 5 14 6 10 13 19 11 25 -11 -12 17 -14 -15 -16 -17 21 -19 -20 -21 -22 22 -24 24 -26 29 27 28 -30 -31
leaf_value=0.0019674409083324665 -0.002584622760390981 0.0013966045807724133 0.00072635251615115533 -0.0037565965475179694 0.0016157341530590782 0.0062513605251196076 -0.0051145569867717443 0.00020758484346401293 -0.0021375765790233973 0.0029269191157389428 0.005061706938352545 0.00043364517303471522 0.005790249884268333 0.0033445243923421113 0.0047848037561430612 -0.00061614038692113483 -0.0042830971774282071 -0.0018187023528521758 -0.0034902936762766183 -0.0024350226196736963 6.3584117285879325e-05 -0.0012629494690012835 -0.00070790254584253952 -0.00019407630602017069 -0.0047139915720555642 -0.0056895249513343529 0.00043648195613288701 -0.00074175507789784321 -0.0042904968602467614 0.00015492737405737691
leaf_weight=19652.48721049726 13136.327406868339 3273.3569684326649 5023.9301404505968 8644.0926851481199 24757.433803632855 8531.1760411560535 9718.5027049034834 3419.7750373035669 10636.614832773805 15882.349989771843 3608.7981428951025 19185.064715832472 2297.6714303642511 8974.8126249909401 3803.7886224389076 15176.16417004168 3492.2830783575773 9768.1756616383791 1809.7421870231628 6492.6611515581608 12306.451684162021 14775.897536635399 24300.191150397062 1590.1462286114693 6486.3076926767826 739.97898937761784 8787.5901244878769 8458.9240732192993 3536.727171972394 14231.800668016076
leaf_count=79172 52626 13355 20420 34639 100122 36218 39049 13714 42728 64694 14793 76924 9327 37029 15848 60901 14002 39156 7357 26070 49481 59209 97498 6365 25964 2965 35200 33870 14162 57165
internal_value=-4.4917e-05 0.00137523 -0.0013414 -0.00157575 0.00062953 0.00333407 -0.00238438 -0.00068515 7.29287e-05 0.00213387 0.00205568 0.00013301 0.00245391 0.00476913 0.00247953 0.000639006 -0.00192993 -0.000325208 -0.000338418 -0.00404389 0.00123597 -0.00161736 -0.00141903 -0.00217245 -0.00383427 -0.00096778 -0.00152225 -0.000847392 -0.00178986 -0.000132924
internal_weight=292499 139581 152918 144090 101110 38471.4 75500.1 68590.3 72743.5 20965.4 28366.2 34670.7 5717.45 17506 8827.72 47135.1 59288.9 28953.2 5083.1 16211.2 31958.9 50644.8 47152.5 22852.4 8076.45 25608.4 33919.6 20783.2 11995.7 14971.8
internal_count=1180023 565980 614043 577775 407327 158653 302796 274979 292412 85406 114915 139121 23041 73247 36268 189554 237677 116080 20712 65119 128653 203038 189036 91538 32329 102858 135858 83232 48032 60130
cat_boundaries=0 1 2 3 4 5 6 7 8
cat_threshold=2050 3091 125 2460 520 518 71 267
is_linear=0
shrinkage=0.03


Tree=41
num_leaves=31
num_cat=6
split_feature=29 29 5 35 35 5 34 34 32 48 26 42 48 26 6 23 26 29 23 42 33 30 33 30 42 32 26 36 43 43
split_gain=576.401 207.873 129.148 99.488 86.9709 74.9144 76.3769 73.2543 72.7643 55.1471 54.6689 52.562 49.1821 46.2804 44.8717 44.7513 35.1008 33.5004 32.8009 29.34 28.5134 28.3673 28.3019 31.4724 27.5603 32.4868 28.6626 36.1846 33.6116 28.3912
threshold=0.52530050000000006 0.60835250000000018 0 0.56761850000000014 0.45617200000000008 1 0.6820305000000001 0.56131400000000009 0.37309950000000008 1.0000000180025095e-35 2 0.14706000000000002 1.0000000180025095e-35 3 2.5000000000000004 24161.000000000004 4 0.45974550000000008 24352.500000000004 0.13402200000000003 0.46377650000000009 0.14361850000000001 0.40470700000000009 0.16760650000000002 0.13554050000000004 0.39379250000000005 5 0.57587750000000015 8774.5000000000018 1522.5000000000002
decision_type=8 10 1 10 8 1 8 8 8 2 9 8 2 9 2 2 9 10 2 10 10 10 8 10 8 10 9 8 2 2
left_child=2 5 4 12 13 8 9 21 10 -7 -2 -12 -4 19 17 -11 -9 -6 -14 -1 -15 -3 23 -10 -19 26 27 -26 -29 -28
right_child=1 7 3 -5 14 6 -8 16 22 15 11 -13 18 20 -16 -17 -18 24 -20 -21 -22 -23 -24 -25 25 -27 29 28 -30 -31
leaf_value=0.00096230561083105565 0.0019092336081503677 0.0022644545660714436 0.0026852270705332326 0.0075679574036883294 -0.0030832944231988955 0.0041708640276977155 0.0070135779447542479 0.0054978785172396759 0.00043119571458759016 0.00041871268371212501 0.0010596436175771226 -0.00084910936432112775 -0.00093493025345774746 -0.0040157609066217822 -0.0035161198211085239 -0.008340597514564712 0.002863678720167575 0.00030193268191698293 -0.0088426653358709088 -0.0022149611999893216 -0.0012263871677738473 -0.0021863087248539153 -0.00024130041951614712 -0.004022791248605195 -0.00018858180547021516 -0.0025577434286892802 0.0003879273415440587 0.0016220270876035931 0.011169068076531792 -0.0021060087546346806
leaf_weight=3271.1235382407904 34691.888222634792 3500.0407571494579 3989.8085268139839 2079.2857630252838 5961.0176032930613 3631.9730703979731 3208.322736620903 12609.203178808093 2173.2015920728445 3399.0518182218075 37568.069826900959 19823.000239670277 4023.1909396648407 22879.158172637224 6626.9953735470772 616.74818499386311 7373.7430953830481 17036.368966564536 534.31623676419258 12795.612360775471 3895.6242034733295 2031.3872127085924 27834.761973306537 4093.9579861015081 14153.000602006912 10710.576980113983 5657.9464484602213 1075.7917130887508 484.18889901041985 14807.792405679822
leaf_count=13102 139847 14315 16291 8758 23899 15006 13751 52976 8750 14002 151233 79578 16366 91743 26531 2477 30435 68201 2146 51280 15611 8249 111702 16397 56646 42864 22645 4307 1953 59261
internal_value=8.93467e-06 0.00119981 -0.00148014 0.00168724 -0.00176243 0.000736599 0.00312818 0.00368624 0.000530535 0.00149219 0.000969065 0.000399754 0.000250994 -0.00284513 -0.00115573 -0.000924303 0.00453211 -0.000931333 -0.00187381 -0.00156518 -0.00360987 0.000624216 -0.000652695 -0.00247407 -0.00073006 -0.00110565 -0.000674758 0.000287531 0.0046202 -0.00141442
internal_weight=292537 162555 129982 10626.6 119355 137041 10856.1 25514.4 126185 7647.77 92083 57391.1 8547.32 42841.5 76513.7 4015.8 19982.9 69886.7 4557.51 16066.7 26774.8 5531.43 34101.9 6267.16 63925.7 46889.3 36178.7 15713 1559.98 20465.7
internal_count=1180322 658718 521604 43561 478043 552743 45236 105975 507507 31485 370658 230811 34803 171736 306307 16479 83411 279776 18512 64382 107354 22564 136849 25147 255877 187676 144812 62906 6260 81906
cat_boundaries=0 1 2 3 4 5 6
cat_threshold=2 2 99 424 3395 538
is_linear=0
shrinkage=0.03


Tree=42
num_leaves=31
num_cat=7
split_feature=30 30 5 0 32 5 0 27 0 0 6 42 0 0 6 1 31 0 3 1 47 22 25 26 27 46 45 32 48 26
split_gain=555.597 175.585 156.472 341.952 115.07 100.261 332.449 69.4742 145.67 70.3164 63.0443 52.8919 52.8911 57.9078 51.6147 48.2648 45.2127 44.7008 39.9115 38.7415 36.3291 36.1062 34.1867 39.2186 31.3218 29.6212 29.0698 26.6078 26.3433 25.9935
threshold=0.21680350000000001 0.13709800000000003 0 2022.5000000000002 0.37278050000000001 1 2022.5000000000002 2 2020.5000000000002 2019.5000000000002 2.5000000000000004 0.14304150000000002 2020.5000000000002 2019.5000000000002 1.5000000000000002 6.5000000000000009 0.10098350000000002 2022.5000000000002 4.5000000000000009 5.5000000000000009 9.5000000000000018 21694.500000000004 3 4 5 0.21666950000000004 0.42882250000000005 0.42727550000000009 1.0000000180025095e-35 6
decision_type=10 8 1 2 10 1 2 9 2 2 2 10 2 2 2 2 10 2 2 2 2 2 1 9 9 10 10 10 2 9
left_child=1 16 4 15 14 7 12 8 -3 22 18 -6 13 19 21 -4 -1 -10 26 -7 25 -2 23 -9 -17 -13 -11 -15 -5 -30
right_child=2 5 3 28 11 6 -8 9 17 10 -12 20 -14 27 -16 24 -18 -19 -20 -21 -22 -23 -24 -25 -26 -27 -28 -29 29 -31
leaf_value=0.0057659749277408998 0.0051328791943553737 -0.005859685693272697 0.008959924797492632 -0.00067062313592685806 -0.0014931803815456304 0.012444138629961811 -0.0040116784990037613 -0.0033860310406627434 -0.0010093552245060082 0.0017173288977405745 -0.0024054353645716251 -0.0032753339825397939 0.0098734144188261826 0.0023793384085186334 -0.002161389379483548 -0.0071913727186419312 0.0028520251301543099 0.0041177109688954727 6.2363205006843274e-05 0.0039943884715958715 -0.0062909405448370662 -0.00030061651441842227 0.00097156729330666151 0.0042570790885038592 0.0045869508549310272 -0.0010276118068561207 -0.0020511195468661081 -0.0080324239456669635 -0.0067365646209208091 -0.0016379784339076156
leaf_weight=6262.9316389113665 1122.7899210602045 4469.7884897887707 3903.8516041189432 2774.9977042973042 32257.60002887249 1011.6684610247612 3504.9656627029181 636.43651509284973 3470.4282216727734 30112.80798971653 6404.0873522609472 29363.965090617537 3515.2340665012598 1621.1522077620029 15477.951488539577 211.70066249370575 20913.329606845975 2724.472711712122 39632.795246839523 975.90792135894299 3048.0226392894983 48658.895923122764 6841.9111307561398 9025.2862066477537 2168.2003051489592 6487.4557296931744 1952.7432222813368 252.0023829638958 2108.9549385160208 1637.7753231972456
leaf_count=26450 4516 17919 16576 11105 129209 4378 14028 2552 13925 121182 25710 117686 15324 6649 62014 887 85927 10938 159273 4166 12218 194967 27576 36441 9093 25967 7834 1029 8461 6565
internal_value=2.01419e-05 0.00135422 -0.00126104 0.00190832 -0.0015588 0.000845926 0.00358759 0.000562164 -0.0017311 0.000821137 0.000444748 -0.00239335 0.0072029 0.00475782 -0.00064831 0.00690249 0.00352523 0.00124155 0.000699835 0.00832262 -0.00313888 -0.000177163 0.00260065 0.00375051 0.00350797 -0.00286956 0.00148673 0.000952011 -0.00289998 -0.00454129
internal_weight=292550 143328 149222 12805.5 136417 116152 10880.9 105271 10664.7 94606.1 78102.4 71157 7375.97 3860.73 65259.6 6283.75 27176.3 6194.9 71698.3 1987.58 38899.4 49781.7 16503.6 9661.72 2379.9 35851.4 32065.6 1873.15 6521.73 3746.73
internal_count=1180565 581301 599264 52687 546577 468924 45574 423350 42782 380568 313999 285080 31546 16222 261497 26556 112377 24863 288289 8544 155871 199483 66569 38993 9980 143653 129016 7678 26131 15026
cat_boundaries=0 1 2 3 4 5 6 7
cat_threshold=2 2 2 2 2 84 139
is_linear=0
shrinkage=0.03


Tree=43
num_leaves=31
num_cat=7
split_feature=30 36 5 41 41 33 26 52 36 28 5 29 22 48 35 48 36 28 26 48 46 30 22 40 26 6 29 27 53 27
split_gain=486.472 216.936 166.118 116.285 86.4587 75.7899 70.0409 65.4234 60.6978 62.514 59.0438 57.3327 49.993 44.3825 42.277 41.7699 49.7611 38.0582 37.4124 36.1364 39.0519 43.5296 36.4643 34.1292 32.3257 29.7417 29.6025 29.2627 29.8082 28.9604
threshold=0.17820350000000004 0.50159750000000014 0 0.58746150000000008 0.53579850000000018 0.41981650000000009 1 -0.10414249999999996 0.60196600000000011 332.50000000000006 2 0.45974550000000008 23761.500000000004 1.0000000180025095e-35 0.73348900000000017 1.0000000180025095e-35 0.40022350000000007 763.50000000000011 3 1.0000000180025095e-35 0.095245100000000013 0.31250350000000005 21495.000000000004 765.50000000000011 4 1.5000000000000002 0.53638350000000012 5 0.0089135000000000204 6
decision_type=10 10 1 8 8 10 9 10 10 2 1 10 2 2 10 2 8 2 9 2 10 10 2 2 9 2 10 9 10 9
left_child=3 4 5 8 11 27 -6 -4 13 -10 17 -2 29 -1 -5 -13 -17 -8 -7 20 21 -20 -21 -12 -15 26 -24 28 -3 -9
right_child=1 2 7 14 6 18 10 12 9 -11 23 15 -14 24 -16 16 -18 -19 19 22 -22 -23 25 -25 -26 -27 -28 -29 -30 -31
leaf_value=0.0018815799588769292 -0.0041660444540378627 0.0016909332350824439 -0.0019952747171725366 0.0040919350043141173 -0.0031198471244541304 -0.00077831486950568002 0.0011809130277297081 0.011357801272602323 -0.00062614215713208262 0.0036997483179333087 0.0073132613062301659 -0.0011353649837886834 0.0010413801381019315 -0.0025660356347089863 0.0094778315845047961 -0.0064257240645807503 -0.0023141001506488371 -0.0011680058984177583 -0.00092895518587320764 0.0061189863386705377 0.0018659985594514409 0.011947326443518856 -0.00088069664306585158 0.0013755498917680414 0.00047312023840392355 -0.0019541858089403286 0.0012633978688485902 -0.0035553954700258288 -0.0023610752859061774 0.0055775143774351582
leaf_weight=19296.232024237514 12542.10999725759 2651.4275214523077 1331.5202267467976 11281.387268722057 7845.1767629832029 25942.367598190904 9051.9431330412626 983.26423561573029 3668.6315488666296 16355.107880234718 1382.5849629491568 29199.868172287941 1959.4551767110825 3961.1668524295092 1496.7036726623774 3005.841014906764 22972.368959739804 19696.46819216013 7824.8115336745977 809.54280392825603 24569.762232348323 240.44347614049911 11342.061606615782 2396.3426142036915 15149.751511067152 7549.5043096393347 11832.882571280003 7037.0982763618231 4228.2800999432802 4685.8381768018007
leaf_count=77943 50430 10622 5454 47129 31523 104016 36272 4213 15076 67124 5802 116902 8072 15981 6567 12058 92040 78891 31416 3270 98644 964 45433 9832 61192 30290 47595 28180 16934 19868
internal_value=-2.24444e-05 -0.000717149 0.000201779 0.00213391 -0.00167795 -0.000135583 -0.000578042 0.0041207 0.00156606 0.00290571 3.52659e-05 -0.00233318 0.0051925 0.000866672 0.00472721 -0.00191582 -0.00279168 -0.000427318 0.000182356 0.000571256 0.0012712 -0.000537066 -0.00015205 0.00355997 -0.000156642 -0.00031884 0.000212783 -0.00219599 -0.00079387 0.00662069
internal_weight=292290 221081 112988 71209 108093 104028 40372.5 8960.08 58430.9 20023.7 32527.3 67720.2 7628.56 38407.2 12778.1 55178.1 25978.2 28748.4 90111.4 64169 32635 8065.26 31534 3778.93 19110.9 30724.4 23174.9 13916.8 6879.71 5669.1
internal_count=1179733 888721 454971 291012 433750 417364 162320 37607 237316 82200 130797 271430 32153 155116 53696 221000 104098 115163 361628 257612 131024 32380 126588 15634 77173 123318 93028 55736 27556 24081
cat_boundaries=0 1 2 3 4 5 6 7
cat_threshold=2 2 2 896 18 752 648
is_linear=0
shrinkage=0.03


Tree=44
num_leaves=31
num_cat=7
split_feature=29 5 41 34 29 29 48 26 48 3 21 5 32 22 7 22 41 5 28 32 44 28 7 26 34 36 27 22 26 34
split_gain=464.213 187.008 110.371 104.293 92.2579 80.0312 77.4676 74.1178 71.2848 55.231 49.8256 46.3926 42.9036 38.5696 38.38 48.701 42.3889 37.1386 35.4675 35.1933 34.8903 34.6502 33.6806 32.7088 30.127 29.0128 29.0121 28.2505 28.2344 28.2062
threshold=0.52816950000000007 0 0.5671655000000001 0.67661950000000015 0.58899550000000012 0.44358650000000005 1.0000000180025095e-35 1 1.0000000180025095e-35 3.5000000000000004 0.29500000000000004 2 0.37309950000000008 23854.500000000004 1.5000000000000002 23632.500000000004 0.54854650000000016 3 176.50000000000003 0.35641450000000002 0.45584350000000007 1683.5000000000002 1.5000000000000002 4 0.48089100000000007 0.37610750000000009 5 24604.500000000004 6 0.34391800000000006
decision_type=8 1 8 8 10 10 2 9 2 2 2 1 10 2 2 2 10 1 2 10 10 2 2 9 10 8 9 2 9 8
left_child=2 4 5 6 12 -1 -3 21 17 -10 -9 23 14 -13 15 16 -2 27 -5 -8 -11 -6 -12 -4 26 -22 -21 29 -18 -7
right_child=1 3 11 18 7 8 19 10 9 20 22 13 -14 -15 -16 -17 28 -19 -20 24 25 -23 -24 -25 -26 -27 -28 -29 -30 -31
leaf_value=-0.004078773989968777 -0.00025716225623855415 0.0045813385278972276 -0.0017487245281440787 0.0035881255951262106 -0.0083125759482723834 -0.0027523948447480437 0.0067842403448630144 -0.00020361960084733043 -0.00069519310404726287 -0.00039006808642552676 0.0036688144842509278 0.0048258446339197944 -0.00071545779070882011 -0.00041613352726311653 -0.00039994514115188827 0.0023124968875794867 -0.0020013955513422279 0.0035631585622220765 0.007804827463420737 -0.00080039070503634278 -0.0068739082316639265 0 0.0012969943170338886 0.0013466126880103957 0.0004871235575112802 -0.0029304415607987436 -0.0084470335995770803 -0.0064434074619275786 0.0028328571339854389 -0.00043776998837352253
leaf_weight=10779.057145237923 23966.08264619112 5456.5467696785927 5881.1116489768028 2718.9017073661089 827.05531273782253 5273.3909992426634 560.67368537187576 5337.3345633149147 16294.44208112359 4751.4621358662844 18425.876906007528 3891.6879475563765 28578.935620352626 1854.1346744149923 21853.465965762734 18895.627175867558 1250.443785354495 1849.3357359170914 5524.9827224463224 1031.3939516246319 1790.6869851052761 1001.5590830594301 7684.8018360584974 6401.7084499597549 3639.5735969096422 30211.763119325042 801.92008319497108 772.76202547550201 7738.559558570385 47220.522764772177
leaf_count=43362 96273 22712 23553 11672 3322 21114 2332 21662 65319 19035 75273 16285 114626 7589 87842 76002 5031 7537 24066 4207 7193 4017 31314 25636 15165 121085 3239 3093 31217 189021
internal_value=-7.77187e-06 0.00111499 -0.00128093 0.00384367 0.000717463 -0.00161256 0.00199171 0.00208964 -0.00136641 -0.00215163 0.00243145 0.000905258 0.000270701 0.00312974 0.000653506 0.00109808 0.000400705 -0.000610028 0.00641957 -0.000346406 -0.00279639 -0.00375947 0.00297213 -0.00013341 -0.0010857 -0.00315266 -0.00422018 -0.00075567 0.00215752 -0.000671006
internal_weight=292266 155294 136972 19734 135560 118943 11490.1 33276.6 108164 53048.4 31448 18028.6 102283 5745.82 73704.2 51850.7 32955.1 55116 8243.88 6033.56 36753.9 1828.61 26110.7 12282.8 5472.89 32002.5 1833.31 53266.7 8989 52493.9
internal_count=1179794 629972 549822 83393 546579 476759 47655 135588 433397 212632 128249 73063 410991 23874 296365 208523 132521 220765 35738 24943 147313 7339 106587 49189 22611 128278 7446 213228 36248 210135
cat_boundaries=0 1 2 3 4 5 6 7
cat_threshold=2 2 2 2 531 2338 130
is_linear=0
shrinkage=0.03


Tree=45
num_leaves=31
num_cat=6
split_feature=30 36 5 0 32 0 5 5 0 21 47 48 46 38 41 26 0 25 44 0 0 0 42 26 36 22 47 47 7 22
split_gain=456.429 171.397 138.139 306.04 110.443 89.7251 131.827 70.3135 130.621 65.6412 61.9588 50.0371 47.678 41.9605 41.8239 47.8674 41.1555 60.2627 39.707 38.4597 36.1501 36.1406 35.2098 33.1314 31.4447 30.0308 30.7776 29.8358 29.7464 28.8148
threshold=0.21550400000000003 0.60196600000000011 0 2022.5000000000002 0.37379350000000006 2022.5000000000002 1 2 2022.5000000000002 0.24500000000000002 5.5000000000000009 1.0000000180025095e-35 0.17428900000000003 0.18949500000000002 0.50817750000000006 3 2019.5000000000002 4 0.66300700000000001 2020.5000000000002 2019.5000000000002 2020.5000000000002 0.14286350000000003 5 0.41575050000000008 23555.500000000004 10.500000000000002 9.5000000000000018 1.5000000000000002 21694.500000000004
decision_type=10 8 1 2 10 2 1 1 2 2 2 2 10 10 8 9 2 1 10 2 2 2 10 9 10 2 2 2 2 2
left_child=1 5 4 21 10 6 14 9 13 -3 29 23 22 -9 -1 -16 17 -17 -13 20 -8 -4 -6 -7 -5 26 -18 -14 -11 -2
right_child=2 7 3 24 12 11 19 8 -10 28 -12 18 27 -15 15 16 25 -19 -20 -21 -22 -23 -24 -25 -26 -27 -28 -29 -30 -31
leaf_value=-0.0011137389126827017 0.0045724254897721948 -0.0010285769393920704 0.0038458682553919855 -0.0059574537162261076 -0.0018497843596060424 0.0016444887654162405 0.0094297553805077067 0.0068276657223491086 -0.0035795305613684335 0.0034934986915790877 -0.0021871051794487575 -0.0017952284976183387 -0.00065634439661869004 -0.0023656042964412937 -0.001768505435954871 0.0043347174414879756 0.00041316209289816508 0.00031394357264071676 -0.0084898906585457942 0.0098731348608308254 0.0016229035794840952 0.0084464138406839372 -0.0034494647990532964 -0.0013373504094194473 -0.0013830860054187676 0.0017635453695471778 -0.0045098012072347145 -0.0049662554768728226 0.001123364286169977 -0.00017021940988155111
leaf_weight=8935.1793460100889 1176.5391401797533 4835.3432885855436 2717.2394197285175 1917.22485268116 22155.253749251366 7766.3216696530581 762.4566218405962 8557.9293499737978 1367.8019308596849 16543.971996173263 16202.794824123383 12263.96828533709 18033.006767302752 465.01313146948814 4878.456649646163 8442.7609406858683 23360.920836284757 5594.4390119314194 853.58998116850853 1636.0008852928877 1812.9487414509058 3660.9706639796495 28448.022189304233 5875.3957905769348 4674.065846607089 18896.94741460681 1198.2638428807259 1572.5697579234838 6758.224510923028 50850.621989294887
leaf_count=35855 4735 19571 11379 7698 88775 31209 3249 37363 5477 67467 64921 49225 72196 1968 19558 34150 93968 22587 3418 7086 7422 15670 114069 23565 18718 76093 4812 6297 27493 203762
internal_value=-6.48529e-06 0.00122288 -0.00114996 0.00180926 -0.00142744 0.000580066 0.00110917 0.00292834 0.0050393 0.00214728 -0.000567273 -0.000911963 -0.00226288 0.00634992 0.000803933 0.00107917 0.00132149 0.00273481 -0.00223499 0.00626595 0.00395406 0.00649392 -0.00274983 0.000358245 -0.0027203 0.000864411 0.000171224 -0.00100428 0.00280762 -6.21355e-05
internal_weight=292214 140806 151408 12969.5 138439 102278 75518.4 38528.3 10390.7 28137.5 68230 26759.3 70208.9 9022.94 71307 62371.8 57493.3 14037.2 13117.6 4211.41 2575.41 6378.21 50603.3 13641.7 6591.29 43456.1 24559.2 19605.6 23302.2 52027.2
internal_count=1179756 571536 608220 53465 554755 412197 304780 159339 44808 114531 273418 107417 281337 39331 287023 251168 231610 56737 52643 17757 10671 27049 202844 54774 26416 174873 98780 78493 94960 208497
cat_boundaries=0 1 2 3 4 5 6
cat_threshold=2 2 2 2 2 2259
is_linear=0
shrinkage=0.03


Tree=46
num_leaves=31
num_cat=5
split_feature=36 5 0 29 41 1 26 0 41 27 0 32 47 0 0 29 33 32 5 0 7 28 7 22 0 27 0 29 31 22
split_gain=451.82 262.111 353.481 130.84 82.3585 80.2923 66.7839 89.7798 63.6661 63.548 71.7408 93.7031 60.8691 56.6662 55.7633 52.9591 45.5453 38.9705 37.5578 76.9623 36.271 35.1678 33.8532 37.3753 36.8178 38.8039 33.5307 33.1707 32.7121 27.4409
threshold=0.49599200000000004 0 2022.5000000000002 0.57460900000000004 0.53579850000000018 6.5000000000000009 1 2019.5000000000002 0.48351800000000006 2 2019.5000000000002 0.40266800000000008 9.5000000000000018 2022.5000000000002 2020.5000000000002 0.5081635000000001 0.41082550000000007 0.45513150000000008 3 2022.5000000000002 1.5000000000000002 285.50000000000006 1.5000000000000002 23897.500000000004 2019.5000000000002 4 2020.5000000000002 0.48228950000000009 0.17914200000000002 24305.500000000004
decision_type=8 1 2 10 10 2 9 2 8 9 2 10 2 2 2 10 10 10 1 2 2 2 2 2 2 9 2 10 10 2
left_child=4 3 5 8 12 17 -6 -8 -2 13 20 21 27 -5 -7 -10 -17 28 -9 26 -11 -12 23 24 25 -18 -20 -1 -3 -29
right_child=1 2 -4 9 6 14 7 18 15 10 11 -13 -14 -15 -16 16 22 -19 19 -21 -22 -23 -24 -25 -26 -27 -28 29 -30 -31
leaf_value=-0.0029374977145006846 -0.0030350944260275543 0.0093341868298939968 -0.0028068608338349091 -0.0029449200370404694 -0.0029774216419169918 0.0010159410880311204 0.0040108994445806354 -0.00097725966983055589 -0.0011452709353098459 0.0049537959111189481 -0.0022213604140028471 -0.006745568636355591 -0.0055105120093213878 0.0059923091804324037 0.0062337262482328104 -0.0018690801733229471 -0.00031044322435223117 0.0024575195196971491 0 -0.0030038757209756312 0.0015160253520432069 0.0019594912769685391 -0.00031323670891201242 0.0023806580839900761 0.0001718761068786312 0.0039154948966981275 0.0089524025627562339 -0.00163808369266229 0.002204263224953938 0.0022464104840082518
leaf_weight=21603.821825936437 6171.855280905962 7303.2125315666199 5241.3669384866953 3981.6928726434708 7793.5570246130228 3445.3684669435024 4564.1167897433043 22777.817915961146 24386.105989053845 9605.6337241083384 1934.3530692309141 1237.3912179321051 4800.7841058522463 755.84528316557407 4004.2523903995752 7109.564974874258 3061.3859100788832 1011.3759150207043 515.34860479831696 1323.2900805175304 3921.1065176725388 26522.332048133016 24005.122606486082 13928.396068319678 35515.692856088281 5355.3049770742655 1336.7814729511738 36629.841340720654 643.56686566770077 1704.3439829796553
leaf_count=86771 24726 31799 20986 16047 31314 14348 18362 91266 97620 39447 7830 4974 19254 3055 17596 28496 12314 4359 2117 5301 16029 107602 96337 55899 142527 21560 5707 146704 2711 6821
internal_value=-6.48465e-06 0.000864175 0.00397045 0.00046243 -0.00160479 0.00613737 -0.000501245 0.000131303 -6.84455e-05 0.00178615 0.00214771 0.00132153 -0.00225733 -0.00150664 0.00382596 9.28821e-05 0.000432595 0.00805427 -0.000550138 0.00250227 0.00396004 0.00167404 0.00063291 0.00102596 0.000595647 0.00237956 0.00645091 -0.001996 0.0087616 -0.00146443
internal_weight=292191 189141 21649.1 167492 103050 16407.8 38310.9 30517.4 119533 47958.4 43220.8 29694.1 64738.8 4737.54 7449.62 113362 88975.5 8958.16 25953.2 3175.42 13526.7 28456.7 81865.9 57860.8 43932.4 8416.69 1852.13 59938 7946.78 38334.2
internal_count=1179879 766262 91799 674463 413617 70813 154067 122753 479479 194984 175882 120406 259550 19102 31944 454753 357133 38869 104391 13125 55476 115432 328637 232300 176401 33874 7824 240296 34510 153525
cat_boundaries=0 1 2 3 4 5
cat_threshold=2 2 2 2 195
is_linear=0
shrinkage=0.03


Tree=47
num_leaves=31
num_cat=6
split_feature=29 41 48 41 35 26 5 6 34 34 48 24 26 30 29 44 52 33 6 46 26 42 32 35 26 46 35 22 39 42
split_gain=392.545 172.715 106.659 102.944 99.2294 68.0709 64.667 64.054 61.9541 55.8512 46.0729 45.0997 43.8615 41.6958 38.9906 37.6988 37.124 34.008 31.9387 30.0992 28.2497 28.036 27.9817 27.3159 35.1654 31.3783 27.3043 26.113 23.1032 22.2919
threshold=0.52530050000000006 0.55251850000000002 1.0000000180025095e-35 0.53383550000000002 0.62748400000000004 0 1 2.5000000000000004 0.34391800000000006 0.53073800000000004 1.0000000180025095e-35 2 3 0.21307350000000003 0.59081300000000014 0.45334200000000008 -0.11632899999999995 0.45877150000000005 1.5000000000000002 0.23962550000000002 4 0.14871750000000003 0.37344650000000007 0.5645460000000001 5 0.11292750000000001 0.40569550000000004 24085.500000000004 0.14143050000000004 0.14097750000000001
decision_type=8 8 2 8 8 9 1 2 10 10 2 1 9 10 8 10 10 10 2 10 9 10 10 10 9 10 10 2 10 10
left_child=3 2 5 8 12 16 13 11 -1 27 23 22 -3 28 21 -12 -2 18 -17 -15 -6 -7 -4 29 -25 -26 -14 -8 -5 -10
right_child=1 4 7 6 20 14 9 -9 10 -11 15 -13 26 19 -16 17 -18 -19 -20 -21 -22 -23 -24 24 25 -27 -28 -29 -30 -31
leaf_value=-0.0039716065424517484 -0.00098841578663154384 0.0029365423823149292 0.00070629884681610417 0.003815040974317797 0.0057585658197529584 0.00073564751166118366 0.0015511641303602227 -0.0042130660237502809 0.00036010320766623226 0.0055556497546342147 0.0002429620457462804 -0.0019888637675783056 -0.0045161607894585306 -0.0013386939732800607 0.0025974448073772987 -0.0027093327945442842 0.0031436304168674955 -0.00094612905482758516 -0.0054409907525932106 0.0008516225611276564 0.0031301921447816935 -0.0011006590044040413 -0.0010956293270595258 0.0078320262607488571 -0.003688110077110673 0.0027734945806230449 0.00097823988388508177 -0.0040215164960966708 0.00011766719993767567 -0.0015203117503701951
leaf_weight=11122.074459373951 2192.2294344455004 13592.842951059341 26484.637282803655 2631.9597014188766 7832.3344417214394 21013.472291067243 3084.1791880130768 4129.1232953667641 7345.3881820738316 3040.460470482707 4172.186246663332 11228.39067338407 841.9889081120491 32425.470590502024 6679.6096636205912 14590.90669298172 17352.184226214886 6602.5072581321001 5290.6109587848186 6817.321761995554 7306.2031707763672 11613.767765671015 10958.028962045908 666.40682584047318 1113.5094781965017 1710.8208822906017 21163.998105198145 998.93040084838867 3639.5752320289612 24564.40696631372
leaf_count=44651 8844 55354 106728 10546 33733 84428 12655 16622 29416 12829 16713 45313 3400 129879 27246 58540 70232 26456 21239 27291 30372 46602 44131 2704 4460 6853 85899 4048 14574 98380
internal_value=2.87541e-05 0.00101197 0.000352097 -0.00120093 0.00246338 0.00123051 -0.000177325 -0.000626433 -0.00189862 0.00247915 -0.00154897 -0.000321295 0.00159667 -0.000593892 0.000509471 -0.00240083 0.00267717 -0.00281843 -0.00343847 -0.000957388 0.00449878 8.1048e-05 0.000178097 -0.000810296 0.00170494 0.000213392 0.000765716 0.000178517 0.0016752 -0.00108652
internal_weight=292206 162389 111651 129817 50737.4 58851.3 52637.9 52800.2 77178.8 7123.57 66056.7 48671.1 35598.8 45514.3 39306.8 30656.2 19544.4 26484 19881.5 39242.8 15138.5 32627.2 37442.7 35400.5 3490.74 2824.33 22006 4083.11 6271.53 31909.8
internal_count=1180138 658904 450146 521234 208758 237352 211822 212794 309412 29532 264761 196172 144653 182290 158276 122948 79076 106235 79779 157170 64105 131030 150859 141813 14017 11313 89299 16703 25120 127796
cat_boundaries=0 1 2 3 4 5 6
cat_threshold=1106 2 2 2641 3139 2
is_linear=0
shrinkage=0.03


Tree=48
num_leaves=31
num_cat=10
split_feature=36 5 0 29 28 48 24 29 0 5 27 27 22 5 0 27 0 26 0 28 26 48 1 30 46 26 53 0 1 48
split_gain=395.911 157.981 244.251 148.506 83.9211 67.1487 63.9883 63.7254 58.0888 147.706 91.4492 58.1688 49.8552 49.5556 51.6126 49.1941 48.3956 47.979 53.705 46.3524 45.7435 43.994 47.0256 40.8225 40.7792 38.0776 38.0267 36.549 50.2921 34.8797
threshold=0.55739400000000006 0 2022.5000000000002 0.51823850000000016 356.50000000000006 1.0000000180025095e-35 1 0.57926400000000011 2022.5000000000002 2 3 4 24270.000000000004 5 2022.5000000000002 6 2019.5000000000002 7 2022.5000000000002 2013.5000000000002 8 1.0000000180025095e-35 6.5000000000000009 0.20941500000000002 0.15403950000000002 9 -0.0018119999999999801 2020.5000000000002 9.5000000000000018 1.0000000180025095e-35
decision_type=8 1 2 10 2 2 1 10 2 1 9 9 2 1 2 9 2 9 2 2 9 2 2 10 10 9 10 2 2 2
left_child=3 4 21 5 16 13 17 29 9 10 -5 -10 19 -1 -15 25 -2 23 -19 -13 -12 -3 -23 -7 -25 -9 -18 -22 -29 -6
right_child=1 2 -4 8 7 6 -8 15 11 -11 20 12 -14 14 -16 -17 26 18 -20 -21 27 22 -24 24 -26 -27 -28 28 -30 -31
leaf_value=-0.0010080405963364025 0.00064362355554271292 0.0078718757442189837 -0.0034243840484917344 -0.0032074948629048686 0.0016291122147961514 0.0020211014346345341 -0.0039581644142696343 0.0016407927665183682 0.0025288915808639708 0.0069651928074581483 -0.0023671154397055588 -0.0047272725998151839 0.0017995952524612808 0.0065968981830955122 -0.00062875484669156238 0.0032257983467327174 -0.00054352444051681778 0.00080140785153335313 -0.0022722040955262981 -0.0012919483113475244 0.0018105346673931179 0.0066672944473655706 0.0016478742102412356 -0.0044674118695341098 -0.0010485693994910571 -0.0038163317972139013 -0.0052339809960887567 0.00065061137086667011 -0.0034969156813944636 -0.00021005968927565634
leaf_weight=48778.510993584991 6698.8359661847353 6406.7338069081306 2975.5065901130438 5946.9157525748014 18331.550256177783 1394.8081896752119 14719.74390104413 4014.3318773806095 3821.6333011090755 3166.222503721714 4019.2362115979195 4343.7854209542274 3734.1543427109718 1623.2713386714458 1948.5235759466887 22372.894268810749 2968.9894284456968 10806.078747808933 9697.2146694511175 19234.933894768357 23693.648572161794 3717.069714024663 3102.5913142561913 9556.2240381240845 4717.3339665383101 1597.8114648461342 3303.0985695123672 23810.440521255136 2954.2791605144739 18741.069010540843
leaf_count=195343 27245 27960 11916 23820 73714 5594 59184 16323 15320 13415 16107 17390 14970 6826 7799 91408 11954 43340 38872 77089 95288 16223 13369 38387 18945 6448 13297 95528 11851 75316
internal_value=3.57611e-05 0.00163643 0.00433249 -0.000726003 0.00107609 -0.00151306 -0.00228931 0.00151558 0.000131518 0.000651615 0.00031996 -0.000929751 -0.00141542 -0.000757783 0.00264947 0.00259657 -0.00112579 -0.00160908 -0.000650624 -0.00192661 0.000706191 0.00608018 0.00438984 -0.00285877 -0.00334006 7.65538e-05 -0.00301978 0.000952135 0.000191348 0.000698617
internal_weight=292197 94230.5 16201.9 197967 78028.6 103242 50891.4 65057.7 94725.2 63590.7 60424.5 31134.5 27312.9 52350.3 3571.79 27985 12970.9 36171.7 20503.3 23578.7 54477.6 13226.4 6819.66 15668.4 14273.6 5612.14 6272.09 50458.4 26764.7 37072.6
internal_count=1180241 385173 69468 795068 315705 414290 204322 263209 380778 256009 242594 124769 109449 209968 14625 114179 52496 145138 82212 94479 218774 57552 29592 62926 57332 22771 25251 202667 107379 149030
cat_boundaries=0 1 2 3 4 5 6 7 8 9 10
cat_threshold=2 2 2 2 2 2 34 71 2 345
is_linear=0
shrinkage=0.03


Tree=49
num_leaves=31
num_cat=10
split_feature=30 34 48 5 0 5 0 6 0 5 27 30 48 26 41 33 0 46 26 0 26 27 27 46 0 29 11 0 32 26
split_gain=357.263 134.651 117.807 122.833 119.316 111.351 129.532 69.2627 55.3541 60.4076 94.0231 48.6366 47.5857 47.2757 41.4327 46.206 40.494 39.6977 50.8565 46.3426 39.0966 37.7459 37.0511 36.1667 35.9567 35.9553 35.2712 34.2967 32.4084 30.7289
threshold=0.21680350000000001 0.57364950000000003 1.0000000180025095e-35 0 2022.5000000000002 1 2022.5000000000002 1.5000000000000002 2022.5000000000002 2 3 0.29879600000000001 1.0000000180025095e-35 4 0.54807750000000011 0.43367250000000007 2020.5000000000002 0.16490650000000004 5 2022.5000000000002 6 7 8 0.40577550000000001 2019.5000000000002 0.67588450000000011 3.5000000000000004 2022.5000000000002 0.37488650000000007 9
decision_type=8 8 2 1 2 1 2 2 2 1 9 10 2 9 8 10 2 10 9 2 9 9 9 10 2 10 2 2 10 9
left_child=1 8 3 17 -5 13 26 11 9 10 -1 14 -10 25 15 -4 -11 18 19 -2 -21 27 -22 -19 -23 -3 -7 -15 -14 -12
right_child=2 5 7 4 -6 6 -8 -9 12 16 29 -13 28 21 -16 -17 -18 23 -20 20 22 24 -24 -25 -26 -27 -28 -29 -30 -31
leaf_value=-0.0031703572368809814 -0.0010509490592856064 0.0021888206651541364 -0.0029183008561285179 0.0077308758599496279 -0.00068092796189545262 0.0038400094277762937 -0.0035424312877563682 -0.0034746897361076063 0.00029378026162208846 0.0020795569853738587 -0.0015042809802955277 -0.0036248035445642398 -0.0012595467012125037 -0.003982242976872134 0.00043725806739817823 -0.00068299982497436605 0.0091711999676048969 0.00066504966459643401 -0.0018394713277112514 0.0062630667397107305 0.0081677796320973935 0.0025930879870190043 -0.00054218778447354707 -0.0033061529754581133 0.00033956101563516661 0.0067304346993920308 0.0074466868910981901 0.0053445791114887162 -0.004733518540192304 0.00113944118638039
leaf_weight=5736.7849426269531 7718.6263670772314 20556.333074942231 13578.772197961807 3301.8762330114841 2794.2587040364742 4291.0086116045713 1486.1938518434763 18698.172180995345 10619.91173659265 1953.0502254664898 4343.2109052836895 7414.4137632995844 6512.1531983613968 2382.4371575862169 12939.590498805046 21625.162670612335 1165.8868635445833 24587.562490195036 29139.710221946239 1739.5470274090767 502.43432655930519 9348.3843289464712 2953.3937716931105 2248.6247669756413 20129.63197350502 1705.2298540323973 5843.6440335214138 411.692417755723 3875.4472246021032 42564.736552104354
leaf_count=23006 30921 83370 54467 14119 11184 18769 5951 75168 42619 8104 17405 29875 26151 9569 52259 86688 5065 98476 116766 6982 2012 38073 11827 9001 81112 7172 25561 1656 15516 171489
internal_value=-2.06572e-05 0.00105121 -0.00104736 -0.000208138 0.00387184 0.00204318 0.0047103 -0.00189439 0.000195987 0.00069075 0.000449649 -0.00136184 -0.00111582 0.00147405 -0.0010125 -0.00154622 0.00474635 -0.000569768 -0.00114518 0.000420275 0.00261196 0.000738178 0.000741349 0.000330849 0.00105507 0.00253777 0.00592417 -0.00258379 -0.00255951 0.00089367
internal_weight=292168 142926 149242 74986 6096.13 66154.6 11620.8 74256.1 76771.2 55763.7 52644.7 55557.9 21007.5 54533.7 48143.5 35203.9 3118.94 68889.9 42053.7 12914 5195.38 32272.1 3455.83 26836.2 29478 22261.6 10134.7 2794.13 10387.6 46907.9
internal_count=1180333 580588 599745 301288 25303 271233 50281 298457 309355 225069 211900 223289 84286 220952 193414 141155 13169 275985 168508 51742 20821 130410 13839 107477 119185 90542 44330 11225 41667 188894
cat_boundaries=0 1 2 3 4 5 6 7 8 9 10
cat_threshold=2 2 2 2 81 266 2 2 2 2
is_linear=0
shrinkage=0.03


Tree=50
num_leaves=31
num_cat=3
split_feature=36 42 5 35 28 31 48 29 48 24 3 29 35 41 41 28 41 33 53 48 40 53 22 29 41 35 5 47 52 53
split_gain=383.462 120.417 112.105 85.06 78.9912 66.7078 62.2644 56.9835 52.1706 61.5701 48.9226 44.1851 43.8174 38.8875 35.4913 33.9022 32.9821 32.6266 29.5075 27.6837 27.6692 26.9121 28.2503 26.7469 25.3702 24.2199 24.0667 23.4411 23.1249 23.042
threshold=0.55739400000000006 0.14097750000000001 0 0.39588600000000002 356.50000000000006 0.090400700000000014 1.0000000180025095e-35 0.48478650000000006 1.0000000180025095e-35 1 2.5000000000000004 0.57846500000000012 0.68896750000000007 0.48863950000000006 0.69192950000000009 145.50000000000003 0.53353300000000015 0.48305950000000003 -0.0011294999999999498 1.0000000180025095e-35 5166.5000000000009 0.019780999999999997 24099.500000000004 0.53136250000000007 0.47781350000000006 0.40388400000000008 2 9.5000000000000018 -0.1218875 0.00076649999999997564
decision_type=8 10 1 10 2 10 2 10 2 1 2 10 10 10 10 2 10 10 10 2 2 10 2 10 8 10 1 2 10 10
left_child=1 7 4 29 18 -6 15 19 16 13 24 -12 -8 -10 21 -4 23 27 -2 26 -15 22 25 -5 -7 -9 -1 -11 -23 -3
right_child=2 3 6 8 5 10 12 14 9 17 11 -13 -14 20 -16 -17 -18 -19 -20 -21 -22 28 -24 -25 -26 -27 -28 -29 -30 -31
leaf_value=-0.00073729000124067904 0.00049331010121621028 -0.0034060747390824292 0.0024256682328355371 -0.0013620249949738781 0.0071134679646047199 -0.0026345738065578555 0.00043410603594962844 -0.0017050378143490417 -0.004041321162276657 -0.0036870323239981805 0.0001867625919075544 0.0020323771315365097 0.0048852600116878067 -0.00015272067697032739 0.0056189703001773778 0.0070337423871325438 0.0010148828553460069 0.0020686326434018569 -0.0023661232346592928 -0.0024399919944909599 -0.0019821033934303333 -0.0074083712048696893 0.0028348450495835923 0.00027642887872188936 0.0032057888055815023 0.0006029817975612481 0.0038496427133842843 -0.0089596382296724224 -0.000940888920267781 -0.0091139533278911129
leaf_weight=8161.2414627224207 6141.1568832397461 11755.979152590036 1964.578644245863 27386.867190733552 1881.6843901276588 696.01266321539879 5336.6560657918453 4438.9731338918209 3813.1004832088947 10430.088210374117 29208.42288415134 19490.594017252326 3188.2142831385136 20061.053587272763 1206.913484364748 5630.4335759282112 11147.775675788522 825.87941861152649 6855.8390535414219 9841.301470592618 11863.628631278872 559.01662921905518 4727.7316956967115 13289.410708039999 13669.138561844826 51200.514581605792 1174.4277577996254 827.7370640784502 4539.7552542090416 679.04013784229755
leaf_count=32703 24862 47254 8422 109678 7870 2804 22502 17823 15291 41876 117372 79371 13987 80525 5100 24396 44820 3310 27746 39592 47553 2240 18978 53325 55422 205879 4821 3326 18220 2732
internal_value=1.49188e-05 -0.000734437 0.00159203 -0.00138205 0.00112041 0.00154782 0.00386995 0.000110722 -0.0010896 -0.00180436 0.00138095 0.00092612 0.00210344 -0.00117701 0.000525566 0.00584716 -0.0004294 -0.00365655 -0.00101291 -0.00132986 -0.000833605 0.000430953 0.000608114 -0.000826005 0.00292024 0.000418225 -0.00015599 -0.00407965 -0.00165979 -0.0037223
internal_weight=291993 197930 94062.7 112081 77942.8 64945.9 16119.9 85849.9 99645.5 47821.5 63064.2 48699 8524.87 35737.8 66672.9 7595.01 51824.1 12083.7 12997 19177 31924.7 65466 60367.2 40676.3 14365.2 55639.5 9335.67 11257.8 5098.77 12435
internal_count=1179800 795046 384754 449690 315447 262839 69307 345356 399704 191881 254969 196743 36489 143369 268240 32818 207823 48512 52608 77116 128078 263140 242680 163003 58226 223702 37524 45202 20460 49986
cat_boundaries=0 1 2 3
cat_threshold=2 2 2
is_linear=0
shrinkage=0.03


Tree=51
num_leaves=31
num_cat=8
split_feature=29 41 48 5 48 41 34 26 30 24 52 32 22 34 41 32 32 23 18 6 44 5 28 23 30 42 34 27 24 5
split_gain=360.536 136.128 98.941 84.5746 74.8383 70.8748 66.7022 55.4619 49.7522 48.3699 43.0826 38.463 45.3615 37.3461 35.7372 34.9235 33.1518 32.8281 32.4665 31.0888 30.0984 29.1838 28.554 28.425 25.4292 24.6564 24.4301 33.3732 24.0181 23.6672
threshold=0.52992450000000002 0.55251850000000002 1.0000000180025095e-35 0 1.0000000180025095e-35 0.5206995000000002 0.65240300000000018 1 0.28912700000000008 2 -0.087662000000000004 0.37642250000000005 24570.500000000004 0.62558400000000003 0.5047640000000001 0.33451750000000008 0.38565050000000006 24356.500000000004 3 1.5000000000000002 0.77093750000000016 4 1311.5000000000002 23701.500000000004 0.35485600000000006 0.14826350000000002 0.53693950000000013 5 6 7
decision_type=10 8 2 1 2 8 8 9 10 1 8 8 2 10 10 10 8 2 1 2 10 1 2 2 8 10 10 9 1 1
left_child=2 4 3 11 7 16 23 10 13 15 25 12 20 19 -13 -6 -4 -17 -11 -7 -1 -15 -22 -3 -16 -2 27 -5 -10 -8
right_child=1 6 5 26 9 8 29 -9 28 18 -12 14 -14 21 24 17 -18 -19 -20 -21 22 -23 -24 -25 -26 -27 -28 -29 -30 -31
leaf_value=0.00022328155658808273 0.0014497893006716366 0.0019151847631724889 -0.0022512057590723688 -0.0048799711187141187 0.0021378127426939357 -0.00059964344760085066 0.0028874715660392016 0.00030942113929865452 -0.002201494935880924 0.00018594755134654641 0.0028161571619795306 -0.003482397270778842 -0.005910219366980711 0.00052699115447411762 -0.0007066013922395818 -0.00017444332136445963 -0.0045429091257648989 -0.0059566162466741122 -0.0032724015697472211 -0.0026701082066518935 0.00036726819525613496 0.0064378117014577815 0.014379639454348184 -0.0006845537667855545 -0.0059089780520407004 -0.0033435729757408713 0.0057716447759272116 0.0030413940348236498 -0.0057260811584918447 0.0052827823138590262
leaf_weight=30587.844400629401 2224.168753683567 28493.987832278013 13186.214888513088 568.36042056977749 6095.9507222026587 25711.345142945647 8278.2605701982975 30220.505644261837 5167.4592456668615 3556.3369392007589 19858.994299903512 5684.3181425333023 1075.4801635742188 3765.2537478655577 27108.025152757764 30206.991766095161 10110.593327954412 907.99768979847431 7711.7864127457142 8774.1928577870131 266.9853592813015 941.13410480320454 262.90773756802082 4344.8521919846535 871.98039057850838 1697.4248116016388 2162.0265528559685 2678.4334907084703 2663.6462951600552 6891.8229987472296
leaf_count=122482 8978 116101 52866 2291 24644 103141 33846 121661 20791 14363 80535 22776 4312 15080 108571 121740 40654 3641 31141 35206 1069 4014 1054 17785 3509 6838 9146 10991 10752 30337
internal_value=-8.53517e-06 0.00101372 -0.00109528 -0.000306988 0.000395772 -0.0018937 0.00233205 0.00116404 -0.00122217 -0.000459404 0.00224758 -0.000603598 0.000136946 -0.000784834 -0.00131262 6.13216e-05 -0.00324753 -0.000344701 -0.00218123 -0.00112749 0.000347459 0.00171869 0.00741765 0.00157027 -0.000870419 -0.000618298 0.00329731 0.00163662 -0.0034059 0.00397848
internal_weight=292075 150489 141586 71266.4 102480 70319.8 48008.9 54001.1 47023 48479.1 23780.6 65857.5 32193.2 39191.9 33664.3 37210.9 23296.8 31115 11268.1 34485.5 31117.7 4706.39 529.893 32838.8 27980 3921.59 5408.82 3246.79 7831.11 15170.1
internal_count=1180315 611610 568705 286201 413541 282504 198069 218012 188984 195529 96351 263773 128917 157441 134856 150025 93520 125381 45504 138347 124605 19094 2123 133886 112080 15816 22428 13282 31543 64183
cat_boundaries=0 1 2 3 4 5 6 7 8
cat_threshold=2 1107 2 60 2 361 2 2
is_linear=0
shrinkage=0.03


Tree=52
num_leaves=31
num_cat=4
split_feature=30 34 5 0 32 41 32 29 26 0 7 0 41 41 27 29 46 30 28 46 34 6 7 46 55 46 46 27 22 3
split_gain=316.394 136.944 128.791 182.559 83.9177 69.2785 81.3018 66.0588 55.2692 47.7639 47.6537 50.4769 37.2787 35.5998 35.3888 28.8997 27.2883 29.9463 34.6852 26.8353 25.8697 25.4728 24.8461 24.6708 23.3553 23.3154 23.1122 22.7739 21.8638 27.0963
threshold=0.17033200000000004 0.50213700000000017 0 2022.5000000000002 0.36867550000000004 0.55093250000000016 0.38376500000000008 0.67588450000000011 1 2019.5000000000002 1.5000000000000002 2019.5000000000002 0.50658500000000017 0.54500050000000011 2 0.51256350000000006 0.050051450000000004 0.31032300000000007 1424.5000000000002 0.016398800000000002 0.56683850000000013 1.5000000000000002 1.5000000000000002 0.009885765000000003 4.8713658868283671 0.074416550000000012 0.11209450000000001 3 23496.500000000004 2.5000000000000004
decision_type=8 10 1 2 10 8 10 10 9 2 2 2 10 10 9 10 10 10 2 10 8 2 2 10 2 10 10 9 2 2
left_child=7 5 4 14 22 6 15 10 24 -10 11 13 -6 27 -4 -2 -8 -18 -19 -9 26 -17 28 -14 -7 -16 -13 -1 -3 -30
right_child=1 2 3 -5 12 8 16 19 9 -11 -12 20 23 -15 25 21 17 18 -20 -21 -22 -23 -24 -25 -26 -27 -28 -29 29 -31
leaf_value=-0.0017509727027246445 -0.0016621630899898213 0.00031892204839349865 0.010973565628359671 -0.0026505373196432586 -0.0031585014476262084 0.0019437416705724213 -0.0042579039894746736 0.00036259988331929349 0.0031919188143453496 -5.8500336687428174e-05 0.00015137136387966853 -0.0014859198490998467 -0.0042870367968198429 0.0049391925342405201 0.0026854204686235948 0.00018535080385270454 -0.0019160229010558708 -0.001796895513264973 -0.0078358016939623493 0.0057543087564706236 0.0022333242094370624 -0.0018194843203505778 -0.00032347802894933846 -0.00056126382150807467 -0.0036523148364376906 0.0066093997917731186 0.001296321145389019 0.0028787521217328465 0.0033766225317632833 0.001009467783384296
leaf_weight=1281.9692625999451 26448.164319962263 20253.09422750771 1141.8459919542074 3075.5433250814676 6775.6706497967243 789.9371704608202 8425.730499625206 1008.4543793350458 5413.26231944561 16285.351831629872 15421.207860633731 4107.1974356919527 1677.0991641134024 7793.3022018373013 2230.7030562907457 23131.409059584141 23816.272509768605 1683.9857633709908 1776.6462010145187 5068.4876148104668 14124.153128355742 7559.2034384012222 17417.733477070928 34840.74378824234 4183.2376556098461 3662.3583713024855 7737.4366596192122 3618.2624882012606 6161.6255522221327 15029.924685150385
leaf_count=5169 106000 81411 5009 12316 27143 3214 33850 4346 21832 65653 62920 16593 6725 32185 9613 92734 95483 6787 7187 21790 58065 30293 69987 139626 16801 15857 31319 14784 24781 60420
internal_value=-4.06075e-05 -0.000543873 0.000208279 0.00343772 -0.000111139 -0.00125066 -0.0016378 0.00189775 9.58659e-05 0.000750999 0.00156352 0.00212595 -0.00111394 0.00367766 0.00610366 -0.000935174 -0.00276128 -0.00229746 -0.00490996 0.00486512 0.00136599 -0.000307599 0.000625933 -0.000733531 -0.00275125 0.00512258 0.000328898 0.0016634 0.00102565 0.00169953
internal_weight=291940 231780 112266 10110.5 102156 119513 92841.4 60160.5 26671.8 21698.6 54083.5 38662.3 43293.5 12693.5 7034.91 57138.8 35702.6 27276.9 3460.63 6076.94 25968.8 30690.6 58862.4 36517.8 4973.17 5893.06 11844.6 4900.23 41444.6 21191.6
internal_count=1179893 932722 452888 42795 410093 479834 372334 247171 107500 87485 221035 158115 173494 52138 30479 229027 143307 109457 13974 26136 105977 123027 236599 146351 20015 25470 47912 19953 166612 85201
cat_boundaries=0 1 2 3 4
cat_threshold=2 2 2696 2
is_linear=0
shrinkage=0.03


Tree=53
num_leaves=31
num_cat=4
split_feature=36 5 0 29 32 0 5 7 34 1 0 22 29 48 28 0 22 1 6 46 25 5 28 0 21 0 22 53 33 0
split_gain=324.206 124.918 198.7 101.17 73.0594 67.5824 160.071 56.7293 54.4248 52.0339 50.3595 47.3567 45.0992 40.5519 40.4572 38.6602 39.876 35.1382 34.6516 34.4373 29.1023 27.0726 27.0696 27.0453 27.0339 26.5431 28.1685 32.5592 25.3892 25.2518
threshold=0.5500965000000001 0 2022.5000000000002 0.5053160000000001 0.40833500000000006 2022.5000000000002 1 1.5000000000000002 0.29442750000000006 6.5000000000000009 2020.5000000000002 24305.500000000004 0.5997935000000002 1.0000000180025095e-35 1877.5000000000002 2019.5000000000002 23869.500000000004 8.5000000000000018 1.5000000000000002 0.17875300000000002 2 3 155.50000000000003 2020.5000000000002 0.31500000000000006 2020.5000000000002 22925.500000000004 0.029492000000000022 0.41675950000000006 2020.5000000000002
decision_type=8 1 2 10 10 2 1 2 10 2 2 2 10 2 2 2 2 2 2 10 1 1 2 2 2 2 2 8 10 2
left_child=3 4 9 8 7 6 15 12 29 22 17 14 -2 23 -7 20 -17 -8 19 -10 -5 -21 -3 -11 -14 -6 -27 -28 -26 -1
right_child=1 2 -4 5 25 11 10 -9 18 13 -12 -13 24 -15 -16 16 -18 -19 -20 21 -22 -23 -24 -25 28 26 27 -29 -30 -31
leaf_value=-0.00033104070426909552 0.0011843451537817812 0.0043118343689405514 -0.0030616692294208963 0.0028817607154957626 -0.00030484647330335951 -0.0037676355685477905 0.0053687705507247012 -9.3498183141617585e-05 -0.0013500474732285335 0.0025691455127528043 0.010110624714294138 0.0015035607538277072 0.00013974088524890951 0.00087623258551427878 -0.0010838789591732037 -0.00066933925602614161 0.0013263458219495814 -0.0046541405566598651 -0.0024328855238837932 0.00015905886111518039 -0.0001119419631338073 0.0068424777168435372 0.0082692060956568898 0.0083021356044364544 0.0068768297173813636 0.00040830941303086551 -0.011916500494738734 -0.0037081787829103493 0.003107730476343456 -0.005155439673438466
leaf_weight=1222.7691483050585 43855.6043741256 2333.3661429435015 3147.1625317037106 6893.0963201075792 3592.2582375705242 6250.0608983337879 1253.7343585640192 23730.067552179098 40892.375465780497 1366.8746460974216 1818.4108920544386 5124.3091330528259 2216.6899864971638 3164.0387340784073 26785.41167794168 44577.015290096402 11284.548667564988 414.40345273911953 19024.526971936226 11266.569433033466 5039.0278484225273 570.95652513206005 4993.1443171352148 1674.3184858709574 1976.8973120003939 903.35132619738579 587.38026700913906 1748.7402745783329 9139.857655197382 5134.7162353545427
leaf_count=4919 176791 10180 12605 27730 14504 25023 5247 95929 164228 5759 7878 20532 9047 13678 107308 178764 45250 1693 76420 45121 20240 2358 22084 7515 8250 3620 2355 7010 37499 20680
internal_value=-3.55467e-08 0.00133952 0.00371979 -0.000746077 0.000886649 -0.000157112 0.000388038 0.00113843 -0.00157084 0.00529954 0.00665417 -0.00117616 0.0016501 0.0032666 -0.00159283 6.50552e-05 -0.000265606 0.00285701 -0.00133439 -0.000937382 0.00161527 0.000485604 0.00701523 0.00574035 0.00317919 -0.00209035 -0.00405893 -0.00579749 0.00378236 -0.00423285
internal_weight=291982 104430 16678.9 187552 87750.8 109440 71280.2 80919.1 78111.9 13531.7 3486.55 38159.8 57189 6205.23 33035.5 67793.7 55861.6 1668.14 71754.4 52729.9 11932.1 11837.5 7326.51 3041.19 13333.4 6831.73 3239.47 2336.12 11116.8 6357.49
internal_count=1180217 426826 71821 753391 355005 439665 286802 327516 313726 59216 14818 152863 231587 26952 132331 271984 224014 6940 288127 211707 47970 47479 32264 13274 54796 27489 12985 9365 45749 25599
cat_boundaries=0 1 2 3 4
cat_threshold=2 2 2 2
is_linear=0
shrinkage=0.03


Tree=54
num_leaves=31
num_cat=7
split_feature=30 34 5 0 41 29 48 6 0 5 27 0 27 0 7 0 0 45 44 0 5 46 3 6 27 24 44 46 32 44
split_gain=290.9 116.965 88.2579 95.1146 86.0263 71.6591 62.6047 66.4821 56.902 52.8555 84.7842 49.3218 46.1485 50.7523 43.4757 42.9323 40.5777 38.1432 36.8507 36.5563 53.2833 39.5773 35.399 34.2887 33.7575 33.5061 33.3294 29.0609 30.3492 31.299
threshold=0.21619300000000002 0.57364950000000003 0 2022.5000000000002 0.60289650000000006 0.44827850000000008 1.0000000180025095e-35 1.5000000000000002 2022.5000000000002 1 2 2020.5000000000002 3 2019.5000000000002 1.0000000180025095e-35 2022.5000000000002 2019.5000000000002 0.30695600000000006 0.66300700000000001 2022.5000000000002 4 0.098267550000000023 4.5000000000000009 2.5000000000000004 5 6 0.47434750000000009 0.41621550000000002 0.41706250000000006 0.80562900000000004
decision_type=8 8 1 2 8 10 2 2 2 1 9 2 9 2 2 2 2 10 10 2 1 10 2 2 9 1 10 10 10 10
left_child=1 8 12 -4 5 -2 17 14 9 10 -1 16 15 -14 22 -3 -11 27 24 20 -6 -22 -8 -15 -10 -9 -19 28 29 -7
right_child=4 2 3 -5 19 6 7 25 18 11 -12 -13 13 23 -16 -17 -18 26 -20 -21 21 -23 -24 -25 -26 -27 -28 -29 -30 -31
leaf_value=-0.0029937799393490328 -0.0031520064771014657 -0.0027925062706143939 0.0053368873499216266 -0.0028509582256782042 5.0326832994504455e-05 0.00089070765774607421 -0.00048896672053724073 -0.0024067467214995944 0.0013980335736082921 0.0083653906001324458 0.00086678499306245985 0.0094156546384140238 0.0031728892177371078 0.0013273469673848902 -0.00010704024511419064 0.0043181575931222167 -0.0011621471769999625 0.00047368291424173978 -0.0056041785505347406 -0.0011854208575190794 0.0026594944012003521 0.0092474925937426015 -0.0028770530860722349 -0.0021099733151732358 -0.0015317068181943923 -0.0055637218421275411 -0.001669295752512975 -0.0031886563389538557 -0.0019728057899534679 0.010086937271675606
leaf_weight=5739.0099824368954 13823.543346896768 3906.8970768451691 9984.6519112884998 1457.0888826698065 2561.5013419985771 28496.626674130559 9407.2556148916483 11899.01991404593 4671.8739614635706 559.6064592897892 46449.247831180692 1144.5473845601082 14273.857902348042 32143.500515580177 24775.606326714158 944.45778594911098 1397.4585613310337 9517.1981545388699 1563.6078887730837 2229.9019125550985 1738.1602059155703 1586.9495497196913 13879.183637902141 2833.8876418620348 14400.892688721418 4094.577353477478 20681.100410148501 1842.0164400786161 3454.2702390104532 334.78470094501972
leaf_count=23015 55712 15729 43969 5835 10273 114260 37758 47753 18749 2408 187115 5004 58421 130002 99418 3806 5730 38156 6262 8931 7487 6920 55699 11431 57792 16450 82920 7379 13897 1344
internal_value=-8.45597e-06 0.000967844 0.00189628 0.00429108 -0.000927471 -0.00109908 -0.000877724 -0.00154165 0.000165925 0.000668012 0.000441118 0.00447199 0.00138905 0.00166414 -0.000983113 -0.00139734 0.0015555 -0.000216076 -0.00117774 0.00207473 0.00331477 0.00581821 -0.00191379 0.00104784 -0.000812457 -0.00321774 -0.000992948 0.000470497 0.000680471 0.000999571
internal_weight=291792 141471 65544.3 11441.7 150322 142205 128382 64055.6 75926.2 55289.9 52188.3 3101.61 54102.6 49251.2 48062 4851.35 1957.07 64326 20636.4 8116.51 5886.61 3325.11 23286.4 34977.4 19072.8 15993.6 30198.3 34127.7 32285.7 28831.4
internal_count=1179625 575268 269193 49804 604357 570746 515034 257078 306075 223272 210130 13142 219389 199854 192875 19535 8138 257956 82803 33611 24680 14407 93457 141433 76541 64203 121076 136880 129501 115604
cat_boundaries=0 1 2 3 4 5 6 7
cat_threshold=2 2 2 2 2 2058 2
is_linear=0
shrinkage=0.03


Tree=55
num_leaves=31
num_cat=7
split_feature=30 29 5 0 32 5 0 47 27 0 0 0 0 0 7 6 33 48 26 22 52 1 25 48 24 3 22 26 53 42
split_gain=288.164 113.767 102.226 253.347 71.7375 67.8917 140.732 55.2752 48.0551 69.1018 48.7929 47.6911 46.5582 45.6781 45.1864 37.2668 36.9551 36.5636 43.8731 38.1855 36.4132 34.5936 33.9105 30.8532 29.9575 29.583 28.8895 27.789 28.391 27.1934
threshold=0.18405450000000004 0.48478650000000006 0 2022.5000000000002 0.4189730000000001 1 2022.5000000000002 9.5000000000000018 2 2019.5000000000002 2020.5000000000002 2020.5000000000002 2020.5000000000002 2019.5000000000002 1.5000000000000002 2.5000000000000004 0.44548650000000006 1.0000000180025095e-35 3 22783.000000000004 -0.10041849999999998 5.5000000000000009 4 1.0000000180025095e-35 5 2.5000000000000004 23882.000000000004 6 0.095819500000000016 0.14456850000000002
decision_type=8 8 1 2 10 1 2 2 9 2 2 2 2 2 2 2 10 2 9 2 8 2 1 2 1 2 2 9 10 10
left_child=5 23 4 12 7 8 11 16 10 14 -1 13 26 21 22 20 17 -3 -19 -20 -11 -7 -10 27 -25 -18 -4 28 -2 -29
right_child=1 2 3 -5 -6 6 -8 -9 9 15 -12 -13 -14 -15 -16 -17 25 18 19 -21 -22 -23 -24 24 -26 -27 -28 29 -30 -31
leaf_value=-0.0032916387033335099 -2.476992650111784e-05 9.4190885972048727e-05 0.0042071531981936403 -0.0026260994658692241 -0.0036274621183373596 0.0095375241176361408 -0.002443364129660511 -0.0024182699671010596 0.0051016992440650307 -0.0015063655254317165 0.0019620742746973572 0.0072226751498214023 0.0082423052235512037 0.0002509509599721017 0.00060756975863299721 -0.0022963258647419587 0.0014467003546540891 -0.00012497662168698399 -0.00031321070178238288 -0.0033684936154108861 0.0013455482068161801 0.0026785918638873654 0.0020340277929907944 -0.0018143307986949943 -0.0040144201803287505 1.4889851181719576e-05 -0.0060926337183495292 -0.00043966411127150772 0.0079583897451147561 -0.0028445764149607742
leaf_weight=4105.6919486373663 7297.0827353000641 29728.632981076837 2700.1290029883385 5098.5836346447468 5960.0048070549965 1240.2436707466841 2797.2897410094738 10019.651883080602 7991.8003240972757 4573.3154784739017 2586.5432845801115 5048.1334479749203 4065.2601700723171 2571.338972479105 5455.1505646556616 3354.6241080462933 16860.337722420692 13922.360257104039 5421.0381171554327 11626.519934386015 33221.180313512683 1456.8046181052923 5536.8609659522772 16062.158852621913 8608.4639785885811 56691.651797831059 264.65535727143288 7773.1741275191307 420.80895084142685 9376.379090949893
leaf_count=16517 29318 119090 11508 20421 23867 5501 11200 40151 32775 18445 10414 22610 17864 10636 22240 13536 67679 55782 21740 46584 134490 6372 22643 64621 34742 227486 1088 31256 1756 37653
internal_value=6.28137e-06 -0.000572629 -0.000188439 0.00246021 -0.000402519 0.00154116 0.00351566 -0.000269011 0.00115309 0.00142158 -0.00125476 0.00513458 0.0061529 0.00312512 0.00291947 0.000729997 -0.000108329 -0.000656391 -0.0013778 -0.00239751 0.000999567 0.00585089 0.00384914 -0.0018311 -0.00258363 0.000343558 0.00327239 -0.0010831 0.00040901 -0.00175552
internal_weight=291836 211897 162359 12128.6 150230 79939 13113.8 144270 66825.2 60132.9 6692.24 10316.5 7030.04 5268.39 18983.8 41149.1 134251 60698.6 30969.9 17047.6 37794.5 2697.05 13528.7 49538.1 24670.6 73552 2964.78 24867.4 7717.89 17149.6
internal_count=1179985 852606 653260 50881 602379 327379 56319 578512 271060 244129 26931 45119 30460 22509 77658 166471 538361 243196 124106 68324 152935 11873 55418 199346 99363 295165 12596 99983 31074 68909
cat_boundaries=0 1 2 3 4 5 6 7
cat_threshold=2 2 2 568 2 2 266
is_linear=0
shrinkage=0.03


Tree=56
num_leaves=31
num_cat=6
split_feature=30 36 5 0 32 41 48 47 48 5 0 26 0 0 0 34 46 41 32 44 7 24 26 41 32 47 26 46 43 41
split_gain=227.617 108.41 81.2447 117.407 75.1795 65.3473 59.0848 57.5204 52.5085 49.9223 72.4692 40.9968 44.9414 38.8519 38.7738 44.6733 37.5722 35.5584 32.8574 32.8021 31.7692 31.3947 29.9993 32.8427 29.0314 27.2708 25.7645 25.7226 25.7052 25.2549
threshold=0.18405450000000004 0.49599200000000004 0 2022.5000000000002 0.37278050000000001 0.55556450000000013 1.0000000180025095e-35 9.5000000000000018 1.0000000180025095e-35 1 2022.5000000000002 2 2020.5000000000002 2020.5000000000002 2019.5000000000002 0.6820305000000001 0.10535300000000002 0.48351800000000006 0.41798700000000005 0.62126450000000011 1.5000000000000002 3 4 0.52182750000000011 0.33244350000000006 9.5000000000000018 5 0.11015900000000002 7550.5000000000009 0.49345700000000009
decision_type=10 10 1 2 10 8 2 2 2 1 2 9 2 2 2 10 10 10 10 10 2 1 9 8 8 2 9 10 2 8
left_child=5 6 4 13 22 8 9 11 26 -2 -11 19 29 16 20 -16 -4 -6 28 -8 -7 27 -3 25 -10 -24 -1 -14 -19 -13
right_child=1 2 3 -5 17 14 7 -9 24 10 -12 12 21 -15 15 -17 -18 18 -20 -21 -22 -23 23 -25 -26 -27 -28 -29 -30 -31
leaf_value=0.00039736523845693541 -0.00078105149346611384 0.0013397605564128541 -0.0010742458564940844 -0.002111689752127598 -0.0053530011695053547 0.0046797204618911391 -0.0023579441117080081 -0.0056817405057947154 0.002190408895042619 0.0075396161629982927 -0.00066589940930944806 -0.0041632549148736975 -0.0024006958446849019 0.0074434836809511807 0.00065080451076857647 0.0043904056480960092 0.0062136675737594887 -0.00050169826599955536 -0.0033599445845633818 -0.0067785237715417531 0.0013804081602297748 -0.0033058790030549294 -0.000753702831661798 0.00064593899627600482 -0.0007371377014033704 -0.0059070586277526508 0.0023270148436793725 -0.00033525554113172115 -0.0066570879026682543 0.0014511160733367571
leaf_weight=9810.1252439171076 45114.014661327004 24410.032172635198 1288.5233463346958 2820.1552327275276 1744.5718335062265 9234.1290450394154 4620.8685147166252 3494.1356375217438 3581.6260203272104 1645.1120600551367 2334.4966362863779 806.78393113613129 9305.6405934542418 3356.9792267233133 12344.289925813675 3756.6063823103905 1243.0185271650553 31065.463585734367 4520.3698118776083 2271.7860415875912 3715.2118075340986 8880.2884497493505 14380.486792907119 27280.465362712741 20293.904245689511 987.6028520911932 17322.041031450033 13112.374925911427 620.89393365383148 6456.9242880195379
leaf_count=39680 180763 98189 5447 11292 6986 38460 18566 14061 14566 7010 9345 3241 37408 14871 50795 16342 5336 124419 18108 9152 15402 35775 57641 109541 82251 3955 70484 52600 2485 25949
internal_value=1.35224e-05 -0.00050154 0.000128489 0.00291256 -0.00010219 0.00137625 -0.00123259 -0.00197032 0.000728523 -0.00049635 0.00272173 -0.00168401 -0.00130054 0.00532373 0.00251234 0.00152583 0.00249549 -0.00116939 -0.000966552 -0.00381608 0.00373599 -0.00179454 0.000501361 2.04172e-05 -0.000296493 -0.00108791 0.00163155 -0.00119416 -0.000623879 0.000821935
internal_weight=291819 211761 113719 8708.68 105010 80057.9 98042.4 48948.8 51007.7 49093.6 3979.61 45454.7 38562 5888.52 29050.2 16100.9 2531.54 37951.3 36206.7 6892.65 12949.3 31298.3 67058.6 42648.6 23875.5 15368.1 27132.2 22418 31686.4 7263.71
internal_count=1180120 852140 458270 36946 421324 327980 393870 196752 206981 197118 16355 182691 154973 25654 120999 67137 10783 151998 145012 27718 53862 125783 269326 171137 96817 61596 110164 90008 126904 29190
cat_boundaries=0 1 2 3 4 5 6
cat_threshold=2 2 2 2 99 2976
is_linear=0
shrinkage=0.03


Tree=57
num_leaves=31
num_cat=8
split_feature=29 29 41 47 36 5 41 41 26 48 48 26 24 26 53 33 48 5 54 26 30 36 33 46 33 47 45 22 54 26
split_gain=239.605 109.412 63.4483 59.0588 44.3293 41.6702 40.8992 36.1275 36.4007 35.4883 35.1261 51.0767 38.8663 35.1221 56.4331 33.7547 33.2503 30.9972 30.8921 30.1094 31.2615 29.0424 29.8766 28.1563 28.0576 27.9425 25.5085 25.2207 24.4958 23.0128
threshold=0.52530050000000006 0.60089900000000018 0.53612050000000011 8.5000000000000018 0.36994600000000005 0 0.47781350000000006 0.62832900000000003 1 1.0000000180025095e-35 1.0000000180025095e-35 2 3 4 0.080137500000000042 0.37374700000000005 1.0000000180025095e-35 5 5.8449915960445429 6 0.21307350000000003 0.63831900000000019 0.43336950000000002 0.098267550000000023 0.45423950000000007 9.5000000000000018 0.25346950000000007 24327.500000000004 8.3794242550851479 7
decision_type=10 10 8 2 8 1 8 8 9 2 2 9 1 9 10 10 2 1 2 9 10 10 10 10 10 2 10 2 2 9
left_child=2 3 4 6 -1 19 -2 8 18 13 11 -8 26 14 -6 -7 28 23 -3 -4 -21 22 -14 -13 25 -11 -12 -17 29 -5
right_child=1 7 5 16 9 15 10 -9 -10 24 12 17 21 -15 -16 27 -18 -19 -20 20 -22 -23 -24 -25 -26 -27 -28 -29 -30 -31
leaf_value=-0.0045809602739600528 -0.0020257266777946796 -0.00082393546663504726 -0.0016093235247003322 0.0041632538182103411 0.00051572649836804181 -0.0029392468319154323 0.0025635436314113812 0.0047497540521247699 0.0011348182288713304 -0.0022641778334721893 -0.0002682948239500772 -0.0011022891469873028 -0.0044458945986649142 -0.0010411354469546091 0.010708476943279177 0.0034911175229772177 -0.0034982857673424936 0.0043432388719998345 0.0042611177347874505 0.0027294566453687527 -0.00028202661080938853 0.0046100916156595574 -0.00082945944660940522 0.00087142245838868319 -0.00073230759830940188 -0.0060802366731609291 0.0011471525976918875 -0.0034652291207554076 -0.0037673853898056229 -0.00055696132137384195
leaf_weight=3939.9753381609917 5193.2288204282522 1245.9390115737915 13824.355877205729 1357.7226980179548 4557.9349934011698 1040.0214267224073 17668.209621101618 4853.8688510358334 17525.319000020623 23501.187578648329 19663.405574738979 8377.6958087086678 2812.3445092588663 35914.767933130264 545.82560624182224 5490.041362375021 5113.7230488359928 1912.3647894412279 7392.1055851131678 3555.0288907140493 24179.249609157443 672.47006830573082 7743.9743169099092 28934.215305089951 11050.58974866569 1874.6797953248024 27361.060508519411 506.19323191046715 1279.5871552526951 2859.6751934289932
leaf_count=15884 20853 5165 55407 5497 18274 4295 71677 21247 72643 94388 79349 33682 11383 143885 2225 23015 20615 8190 30497 14244 96847 2814 31174 116427 44311 7544 110536 2032 5140 11536
internal_value=-3.10305e-06 0.000766703 -0.000962578 0.000386923 -0.00147476 -0.000104133 0.000576305 0.00236891 0.00192557 -0.00131618 0.000693971 0.00122425 0.000175532 -0.000709783 0.00161416 0.00202957 -0.00175764 0.000619245 0.00352008 -0.000466231 0.000103125 -0.00140926 -0.00179676 0.000427405 -0.00199808 -0.00254796 0.000554662 0.00289743 -0.000131874 0.000965951
internal_weight=291947 161967 129980 130950 81385 48594.9 120339 31017.2 26163.4 77445 115146 56892.5 58253.3 41018.5 5103.76 7036.26 10610.7 39224.3 8638.04 41558.6 27734.3 11228.8 10556.3 37311.9 36426.5 25375.9 47024.5 5996.23 5496.99 4217.4
internal_count=1180776 658425 522351 528873 326511 195840 486085 129552 108305 310627 465232 229976 235256 164384 20499 29342 42788 158299 35662 166498 111091 45371 42557 150109 146243 101932 189885 25047 22173 17033
cat_boundaries=0 1 2 3 4 5 6 7 8
cat_threshold=2 1089 2130 2 2050 2 82 2122
is_linear=0
shrinkage=0.03


Tree=58
num_leaves=31
num_cat=8
split_feature=36 26 0 5 27 27 26 0 48 29 33 47 28 36 25 5 0 0 36 28 28 47 22 1 46 26 41 53 47 41
split_gain=205.484 108.049 83.6555 208.483 149.844 131.799 131.024 79.7707 73.5287 70.1964 59.1404 50.6601 45.3543 45.0511 44.5771 41.1638 56.9307 40.9043 40.2981 37.2832 35.5415 34.7376 32.6582 31.7279 31.4109 31.3434 30.7389 29.1785 27.5347 26.8568
threshold=0.53662100000000013 0 2022.5000000000002 1 2 3 4 2019.5000000000002 1.0000000180025095e-35 0.59081300000000014 0.4076260000000001 9.5000000000000018 1183.5000000000002 0.63831900000000019 5 6 2022.5000000000002 2021.5000000000002 0.45948650000000008 3521.5000000000005 332.50000000000006 5.5000000000000009 24152.500000000004 7.5000000000000009 0.15673800000000002 7 0.56873400000000018 -0.0011294999999999498 8.5000000000000018 0.54902100000000009
decision_type=8 9 2 1 9 9 9 2 2 8 10 2 2 10 1 1 2 2 10 2 2 2 2 2 10 9 10 10 2 10
left_child=2 8 3 4 -1 10 -6 14 15 12 -4 18 -3 -10 -8 19 -17 23 24 -2 27 -9 -20 -5 -7 -25 -19 -11 -22 -14
right_child=1 9 5 17 6 11 7 21 13 20 -12 -13 29 -15 -16 16 -18 26 22 -21 28 -23 -24 25 -26 -27 -28 -29 -30 -31
leaf_value=-0.0040758167086324456 0.0013889322359682149 -0.0010844898623739638 -0.0029651073137175808 0.0056969324807023963 -0.0027683923124755534 -0.0036237503596230486 0.0043803811499510239 0.00046377791578455888 4.6266030881878293e-05 0.0018044527884362505 0.0027450063331327205 -0.0051737362793045196 8.1512000485681389e-05 0.003449098097593539 0.0005564065417733785 0.0074722550699050597 -0.0019918786537927026 0.018178805167175779 -0.0017646370472729114 0.0047893059349686344 0.0028618183149266142 -0.0011953309060049428 0.00023602335785004194 0.0069560245263860171 -0.001138948579432506 -0.0042883763767221222 0.0075107257721210669 -0.0019056721670719185 -0.0017625218610482648 0.0019417780850617325
leaf_weight=9221.310991615057 6852.7310812175274 26745.276812762022 2019.3126686215401 2960.9164092242718 13360.036703616381 14147.370380789042 6564.7669464349747 43165.493614405394 12578.287729129195 4036.4539688080549 8390.8613668084145 4274.1047035306692 29666.840431198478 4859.4169151186943 4747.4333356767893 4089.8652551472187 658.12866766750813 335.50266960263252 23646.994270950556 5079.9160892814398 15594.963381752372 15408.877561271191 10613.087177544832 321.84212422370911 6834.318401902914 653.83641670644283 972.38855123519897 3611.3913876116276 1241.6374965012074 9148.1064916849136
leaf_count=36960 27736 108212 8107 12527 53558 56866 26378 173101 51170 16900 33647 17151 119187 20964 19054 18169 2636 1412 94734 20560 64126 61786 42510 1359 27398 2693 4253 15027 5089 37060
internal_value=-1.71427e-06 0.000923203 -0.000686947 -0.000119676 -0.00045007 -0.00147916 -4.74542e-05 0.00047269 0.00236073 0.00037782 0.0016324 -0.00202392 -0.000133617 0.000996694 0.00277878 0.00378585 0.00615367 0.00569686 -0.00177977 0.00283988 0.00174849 2.67731e-05 -0.00114403 0.00415138 -0.00281609 -0.000511379 0.0103055 4.85121e-05 0.00251876 0.000520838
internal_weight=291801 124163 167638 97712.4 92467.9 69926 83246.6 69886.6 34118.3 90044.7 10410.2 59515.9 65560.2 17437.7 11312.2 16680.6 4747.99 5244.49 55241.8 11932.6 24484.4 58574.4 34260.1 3936.59 20981.7 975.679 1307.89 7647.85 16836.6 38814.9
internal_count=1180330 506836 673494 393081 370837 280413 333877 280319 141235 365601 41754 238659 264459 72134 45432 69101 20805 22244 221508 48296 101142 234887 137244 16579 84264 4052 5665 31927 69215 156247
cat_boundaries=0 1 2 3 4 5 6 7 8
cat_threshold=3138 2 2 2050 2 2 2 2825
is_linear=0
shrinkage=0.03


Tree=59
num_leaves=31
num_cat=7
split_feature=30 41 32 29 48 0 5 47 7 0 41 48 26 0 6 1 34 42 41 27 27 12 48 26 28 25 0 5 0 32
split_gain=244.325 90.0943 93.2626 59.42 52.4521 42.239 121.514 39.5502 38.5274 40.7953 42.951 36.7308 35.1871 41.8349 35.1821 34.5415 33.5781 30.5925 30.3235 27.6059 26.6191 26.3758 26.3491 26.2455 36.6645 25.8689 26.9714 24.5713 44.4825 24.5309
threshold=0.18405450000000004 0.5671655000000001 0.37379350000000006 0.66674900000000015 1.0000000180025095e-35 2022.5000000000002 0 9.5000000000000018 1.5000000000000002 2019.5000000000002 0.5047640000000001 1.0000000180025095e-35 1 2019.5000000000002 2.5000000000000004 6.5000000000000009 0.5762790000000001 0.14915250000000005 0.47781350000000006 2 3 6.5000000000000009 1.0000000180025095e-35 4 3521.5000000000005 5 2019.5000000000002 6 2022.5000000000002 0.31553500000000007
decision_type=8 8 8 10 2 2 1 2 2 2 8 2 9 2 2 2 10 10 10 9 9 2 2 9 2 1 2 1 2 10
left_child=3 2 14 8 27 6 12 18 9 10 19 -11 -3 -14 16 -8 17 -2 -6 -1 -12 29 -7 24 -18 26 -20 -4 -29 -5
right_child=1 5 4 21 7 22 15 -9 -10 11 20 -13 13 -15 -16 -17 23 -19 25 -21 -22 -23 -24 -25 -26 -27 -28 28 -30 -31
leaf_value=-0.0025986494729857389 0.00015621626951189865 -0.0032244963971808831 -0.00095139535400025452 -0.0017747444344619874 -0.0054358878518261065 0.00073817720307220132 0.0070380408734979898 -0.0053803056326764982 5.9769718564933104e-05 0.0020041852758192679 0.0025739571799577887 0.0001114443167799205 0.0026581030997523914 -0.00062496061166365737 -0.0021524798498896609 0.0025227571518479761 0.00017206033280130981 -0.0011730257476048004 0.0025273224400781348 0.0057786900978196104 0.005494923147040965 -0.0062847619211354481 -0.0031904199232563198 0.0005460356519501094 0.0062794509491957808 -0.0030195149779880851 -0.0015166763887571623 0.0071952675594740088 -0.0008101036167371241 0.0048701802678742098
leaf_weight=1774.2519655674696 41215.829791128635 2246.7754881083965 39233.844591617584 534.17812843620777 2172.3190886229277 3110.1549664586782 3664.5878934562206 3363.4511968940496 20807.695089817047 18405.599059164524 8302.8335272371769 18574.047603920102 6187.1281335502863 7992.0565496683121 7343.0512230843306 2663.0594382733107 1720.5519104301929 25022.261110290885 1570.5638929456472 427.67173260450363 4364.3474524468184 211.63047906756401 3013.9172549694777 21034.662789255381 1841.2062411606312 10838.482796013355 24867.531865745783 956.29344798624516 1774.2755132466555 6363.614553168416
leaf_count=7158 165328 9007 157207 2280 8742 12460 16090 13534 84690 74985 34058 75554 24882 32080 29453 11470 7001 100317 6320 1743 18054 894 12084 84558 7466 43651 99805 4088 7103 27579
internal_value=-6.40624e-06 -0.000539385 -0.00078528 0.0014086 -0.00151421 0.00101736 0.00161312 -0.00225333 0.00115179 0.00158942 0.00291753 0.0010544 0.000250215 0.00080519 -0.000155515 0.00514457 5.65524e-06 -0.000345499 -0.00198557 -0.000937872 0.00359015 0.00402736 -0.00119097 0.000952459 0.0033309 -0.00178327 -0.00127505 -0.000759331 0.00198736 0.00435069
internal_weight=291598 211832 182954 79765.9 84776.8 28877.7 22753.6 42812.3 72656.4 51848.8 14869.1 36979.6 16426 14179.2 98177.6 6327.65 90834.5 66238.1 39448.9 2201.92 12667.2 7109.42 6124.07 24596.4 3561.76 37276.6 26438.1 41964.4 2730.57 6897.79
internal_count=1179641 852646 734573 326995 340450 118073 93529 172052 296242 211552 61013 150539 65969 56962 394123 27560 364670 265645 158518 8901 52112 30753 24544 99025 14467 149776 106125 168398 11191 29859
cat_boundaries=0 1 2 3 4 5 6 7
cat_threshold=2 2 214 993 2050 2 2
is_linear=0
shrinkage=0.03


Tree=60
num_leaves=31
num_cat=5
split_feature=30 34 48 5 0 47 5 0 32 0 42 34 30 24 45 1 3 0 0 1 24 29 44 5 32 7 48 30 21 46
split_gain=220.039 84.4205 71.6831 84.0645 86.2833 59.1252 55.2629 79.6184 40.9124 44.73 36.8584 36.1608 35.2948 34.3242 40.208 31.0598 30.9532 30.2151 33.1388 33.2545 30.1078 27.5755 26.7394 26.6898 25.6383 31.2868 25.1072 24.2089 22.6046 22.475
threshold=0.21550400000000003 0.56022000000000016 1.0000000180025095e-35 0 2022.5000000000002 5.5000000000000009 1 2022.5000000000002 0.36437250000000004 2022.5000000000002 0.14900350000000004 0.49489700000000003 0.083340500000000012 2 0.16674200000000003 6.5000000000000009 4.5000000000000009 2020.5000000000002 2019.5000000000002 5.5000000000000009 3 0.51155400000000018 0.49890750000000006 4 0.37756350000000005 1.5000000000000002 1.0000000180025095e-35 0.26463950000000008 0.36500000000000005 0.059743400000000009
decision_type=10 8 2 1 2 2 1 2 10 2 8 10 10 1 10 2 2 2 2 2 1 10 10 1 10 2 2 10 2 8
left_child=1 10 3 11 15 8 12 17 21 20 24 -2 -3 -7 -15 -5 -14 18 19 -8 23 -4 -11 -10 25 -1 -19 -22 -12 -20
right_child=2 6 5 4 -6 13 7 -9 9 22 28 -13 16 14 -16 -17 -18 26 29 -21 27 -23 -24 -25 -26 -27 -28 -29 -30 -31
leaf_value=0.0016067331351506005 -0.001086962203068326 0.0043512117080351269 -0.0011414106634869202 0.0087889238478078887 -0.00062893251068424718 -0.0021081281716451698 0.0081383818278338831 -0.0027921158917606713 -0.00032388247082972417 -0.00081432171347449076 -0.0028262121218445967 0.00028054557577236288 0.0017639804112278715 0.0030163807055035622 -0.0058286789620039256 0.0027432854454034245 0.00036375334153701804 0.0080696044718983201 -0.0062897018934711096 0.0016365141530623581 -0.00061662227708597975 0.0010477946508520262 -0.0036180699381919718 0.0042554023063299277 -0.00045179426289725089 -0.00042054840325682564 0.0039831393008868208 -0.0044930269268786752 -0.00042975272839123886 0.0013738904877015801
leaf_weight=23380.358040675521 36896.095322862267 3036.0240345150232 9248.5459931343794 2051.4120368361473 2810.0152725726366 13668.663916841149 1337.4847133606672 1592.6650249063969 13125.1412935853 4312.7358638644218 4670.4911463707685 32884.44233071804 27118.939691439271 505.92999960482121 4747.1227429807186 1251.7113511115313 29985.785717993975 2603.3030791133642 445.47332638502121 1534.6379216164351 3051.8798379004002 11753.424206584692 10826.485411778092 1251.7410996109247 15903.487625747919 9659.6662350893021 2932.9173701107502 2797.4575650691986 14824.054957360029 1473.8232595771551
leaf_count=94383 147866 12656 37120 8959 11249 54973 5989 6378 52600 17306 18763 131783 110060 2045 19145 5359 121267 11862 1847 6744 12339 47201 43513 5367 64197 38949 13160 11303 59615 6143
internal_value=-2.82093e-06 0.0008518 -0.000797248 -0.000146154 0.00322571 -0.00145314 0.00156845 0.00343568 -0.000965161 -0.001588 9.67328e-05 -0.000442103 0.00119771 -0.00290485 -0.00496985 0.00651158 0.0010293 0.00439953 0.0026414 0.00468006 -0.000662842 8.22903e-05 -0.00282166 7.3537e-05 0.000536519 0.00101314 0.00591347 -0.002477 -0.00100578 -0.000396281
internal_weight=291682 140499 151183 75893.7 6113.14 75289.1 72061.1 11920.3 56367.4 35365.4 68438.1 69780.5 60140.7 18921.7 5253.05 3303.12 57104.7 10327.6 4791.42 2872.12 20226.2 21002 15139.2 14376.9 48943.5 33040 5536.22 5849.34 19494.5 1919.3
internal_count=1180141 572013 608128 305216 25567 302912 296106 52123 226749 142428 275907 279649 243983 76163 21190 14318 231327 45745 20723 12733 81609 84321 60819 57967 197529 133332 25022 23642 78378 7990
cat_boundaries=0 1 2 3 4 5
cat_threshold=2 2 2 2 2
is_linear=0
shrinkage=0.03


Tree=61
num_leaves=31
num_cat=4
split_feature=36 26 30 28 36 47 28 36 41 5 46 22 41 26 34 46 7 52 36 34 40 41 35 30 27 20 53 3 7 53
split_gain=187.484 90.4956 77.5215 50.4699 54.6268 48.0929 44.2396 41.8335 35.8498 32.7479 57.4168 39.2223 33.6152 32.9115 31.9678 31.4078 31.2236 31.1656 28.3829 27.5865 26.1524 25.9677 24.1662 22.4057 22.988 22.2581 21.9293 21.3344 20.8947 19.295
threshold=0.5500965000000001 0 0.2482385 176.50000000000003 0.63831900000000019 6.5000000000000009 274.50000000000006 0.42411350000000009 0.48538450000000005 1 0.1486915 23871.500000000004 0.48863950000000006 2 0.33484850000000005 0.16195050000000002 1.5000000000000002 -0.10414249999999996 0.40022350000000007 0.59788200000000014 1002.5000000000001 0.56211650000000002 0.43399500000000008 0.32455850000000003 3 6.0500000000000007 0.012340499999999978 2.5000000000000004 1.0000000180025095e-35 0.053324500000000004
decision_type=10 9 8 2 10 2 2 10 10 1 10 2 8 9 10 10 2 10 8 10 2 8 10 10 9 2 10 2 2 10
left_child=2 3 6 20 27 14 18 15 -3 11 13 12 -9 -11 -4 -8 17 -10 -1 25 29 -20 -13 24 -7 -6 -24 -5 -16 -2
right_child=1 8 5 4 19 23 7 9 16 10 -12 22 -14 -15 28 -17 -18 -19 21 -21 -22 -23 26 -25 -26 -27 -28 -29 -30 -31
leaf_value=0.0086097048119657248 0.0014861078000585764 -0.0025041657043665707 -0.002443500842755525 0.0032033718388551776 -0.0077647485202673059 -0.00065240863894709894 -0.0034519617334103883 -0.00298441494079977 -0.001043962812166589 -0.0014353535032640228 0.0073715462475248883 -0.0035204616476862474 -0.00033340812098149949 0.0047140925021113902 -0.0011512504263917036 0.00030447337700425348 -0.00058902975548727823 0.0013480215187107298 0.00019183893647830075 0.0050094486137016456 -0.006454214710715285 0.0031248261377390249 0.0016518553615775841 -0.0059264949396907862 -0.0031866837904805747 0.0022183483789185482 -0.0012163415742609724 0.0012591186509148817 0.00012151690131855893 -0.0070101579019192567
leaf_weight=511.31052339076996 1504.7971694469452 3708.2556022852659 9560.6263236403465 6835.0615627765656 222.94199368357658 4942.3782355338335 5957.3302014619112 4588.359781011939 5731.7827643752098 2720.7128349393606 1431.9124860614538 1007.9592803269625 70111.016095489264 1083.9642793536186 24031.155978322029 2995.5170317143202 15650.69788081944 33302.753403440118 6701.2619190961123 8757.8078223466873 776.52966819703579 4594.1252170205116 16391.483011052012 1758.3489410281181 9535.9362172782421 1768.5643693059683 2795.7861657142639 20212.794143348932 22378.741374582052 283.08720900118351
leaf_count=2065 6415 14928 38549 27886 915 19920 23904 18377 23161 11082 6004 4038 281246 4536 96574 12024 63488 135579 27024 37985 3214 19070 65724 7110 38290 7366 11197 82246 89898 1187
internal_value=4.03048e-05 0.00110362 -0.000503353 0.00219582 0.00247304 -0.00128111 -3.85354e-05 -0.000227599 0.000347665 -5.15932e-05 0.00225683 -0.000179363 -0.000496759 0.000319709 -0.000863235 -0.00219207 0.000541789 0.000995964 0.00170533 0.00428395 -0.00186803 0.00138793 0.000993057 -0.00271933 -0.00232661 0.00107574 0.00123224 0.00175185 -0.000536911 0.000114598
internal_weight=291853 98755.1 193098 40361.6 37797.2 72207.2 120891 109084 58393.5 100131 5236.59 94894.6 74699.4 3804.68 55970.5 8952.85 54685.2 39034.5 11806.7 10749.3 2564.41 11295.4 20195.2 16236.7 14478.3 1991.51 19187.3 27047.9 46409.9 1787.88
internal_count=1181002 404370 776632 167214 156398 290341 486291 438132 237156 402204 21622 380582 299623 15618 225021 35928 222228 158740 48159 46266 10816 46094 80959 65320 58210 8281 76921 110132 186472 7602
cat_boundaries=0 1 2 3 4
cat_threshold=2115 2 2126 3170
is_linear=0
shrinkage=0.03


Tree=62
num_leaves=31
num_cat=9
split_feature=36 5 28 48 24 26 30 5 33 34 28 48 26 24 30 35 36 53 26 28 46 46 26 26 30 29 48 34 31 44
split_gain=189.28 91.7162 87.3821 68.9804 77.9588 57.8261 54.9292 53.9195 42.0299 41.6278 43.1857 41.4143 54.1691 47.9525 38.2845 36.7547 35.7779 34.9059 31.4086 31.1184 33.3478 35.0658 30.2814 29.1631 29.0927 28.9364 28.3665 30.9187 28.2789 27.4104
threshold=0.53662100000000013 0 380.50000000000006 1.0000000180025095e-35 1 2 0.13709800000000003 3 0.48305950000000003 0.48429300000000003 166.50000000000003 1.0000000180025095e-35 4 5 0.11475 0.40862800000000005 0.36994600000000005 -0.0025904999999999952 6 5658.5000000000009 0.17300450000000003 0.37733500000000003 7 8 0.28572400000000003 0.54661950000000015 1.0000000180025095e-35 0.80116300000000018 0.085177200000000022 0.447494
decision_type=8 1 2 2 1 9 10 1 10 8 2 2 9 1 10 10 10 10 9 2 10 8 9 9 10 10 2 10 10 10
left_child=3 2 14 7 5 16 28 19 18 -3 17 12 -8 25 -2 -7 -5 24 -6 20 -1 -22 -21 -9 -11 -13 -12 -28 -4 -20
right_child=1 9 6 4 8 15 11 23 -10 10 26 13 -14 -15 -16 -17 -18 -19 29 22 21 -23 -24 -25 -26 -27 27 -29 -30 -31
leaf_value=-0.0004605352278304151 0.0013513026740861133 -0.0016877189919236523 0.0074894175975118125 -0.010764376746327079 -0.0016348782268785804 -0.0022919473665777316 0.0032731196635605087 0.0067808445148579352 0.0027484781044947175 0.0044643335257648882 0.005949747174830591 -0.00067175420433073765 0.00067880190108597041 -0.0022599779449192958 -0.0021769300204554664 -2.2146400309967013e-05 -0.0024866966070369073 -0.0022063309237591753 -0.00078223784117465302 9.558458797056671e-05 0.0013854912921799272 -0.0024206246886652335 -0.0027769369573766218 0.0016171471200264261 -0.0042917263469746921 0.0011962294714636028 0.0020198930222854981 0.0080144285320425876 0.0023233691279576263 -0.0047300769244060367
leaf_weight=42385.679005861282 3504.5363949239254 1592.0069314539433 1039.3410144150257 498.21165435016155 7621.6458179503679 7465.4298840612173 9716.3123750239611 1245.2462275028229 1139.67259734869 2236.689285248518 5408.4509085118771 12353.707862138748 28615.70560786128 7209.9970602691174 12980.925190120935 45967.89492444694 8371.5944992154837 1889.1490243971348 1897.420198738575 5742.4570102095604 19979.308166757226 2437.273891672492 7712.6700889021158 4782.2311208695173 397.08370959758759 18795.62012681365 5115.3160165250301 917.24115382134914 12250.058785170317 10196.235901921988
leaf_count=169919 14379 6553 4453 2011 30707 30043 39298 5248 4571 9732 23831 49528 115205 28980 52346 184604 33679 8122 7615 23023 80070 9776 30907 19648 1628 76013 22122 4094 50373 41073
internal_value=2.53625e-05 0.000913758 0.00058208 -0.000632483 -0.00124549 -0.000713343 0.000950159 -2.72893e-05 -0.00283349 0.00292304 0.00338496 0.000641038 0.00133842 -5.51171e-05 -0.00142496 -0.00033988 -0.00295518 0.000894174 -0.00315805 -0.000238265 3.38992e-05 0.000970059 -0.001551 0.00270568 0.00312946 0.000454438 0.00436651 0.00293985 0.00273125 -0.00411012
internal_weight=291465 124022 106466 167443 83158.1 62303.1 89980.7 84284.9 20855 17555.9 15963.9 76691.3 38332 38359.3 16485.5 53433.3 8869.81 4522.92 19715.3 78257.4 64802.3 22416.6 13455.1 6027.48 2633.77 31149.3 11441 6032.56 13289.4 12093.7
internal_count=1179551 506657 430575 672894 334303 250337 363850 338591 83966 76082 69529 309024 154503 154521 66725 214647 35690 19482 79395 313695 259765 89846 53930 24896 11360 125541 50047 26216 54826 48688
cat_boundaries=0 1 2 3 4 5 6 7 8 9
cat_threshold=2 2 2 2 66 2 2157 91 424
is_linear=0
shrinkage=0.03


Tree=63
num_leaves=31
num_cat=5
split_feature=29 34 6 0 42 21 26 28 34 26 41 29 32 0 28 27 26 7 27 29 41 41 41 40 28 42 38 31 33 42
split_gain=198.817 91.8953 62.3001 54.1816 46.9981 43.9925 37.8308 40.9089 35.5856 35.4235 32.0047 27.8545 29.5109 45.0288 34.7406 29.072 26.7585 26.6722 29.1904 26.4674 26.0926 25.3244 24.7567 29.7886 24.2656 21.8019 24.6515 21.519 20.5071 20.4805
threshold=0.57144000000000006 0.60234150000000009 2.5000000000000004 2019.5000000000002 0.1427245 0.35500000000000004 0 3521.5000000000005 0.33184500000000006 1 0.50870450000000011 0.68426550000000008 0.3318425000000001 2022.5000000000002 1130.5000000000002 2 3 1.5000000000000002 4 0.44358650000000005 0.55357450000000019 0.69192950000000009 0.48863950000000006 5810.5000000000009 262.50000000000006 0.15992400000000004 0.11367400000000001 0.14333550000000003 0.42533950000000004 0.13657450000000002
decision_type=8 10 2 2 10 2 9 2 8 9 8 10 8 2 2 9 9 2 9 10 10 10 10 2 2 8 10 10 10 10
left_child=1 2 4 10 9 24 7 -3 -6 -1 -2 12 -7 -14 -15 -16 -12 18 -18 -10 25 -11 -21 -24 -5 26 -8 -9 -25 -4
right_child=3 6 29 5 8 11 20 27 19 21 16 -13 13 14 15 -17 17 -19 -20 22 -22 -23 23 28 -26 -27 -28 -29 -30 -31
leaf_value=-0.00087202127323161263 -0.00017399930652148797 0.001231702520089235 -0.00095955291053751888 -0.00362307693023738 -0.0028771896833020305 0.0031214039760741196 -0.001058435015567746 0.0030759820262142999 -0.0030368542854527637 0.00038076545476010547 0.0065681798075216628 0.0046568414596320209 0.0015087550315465719 -0.0054869317473125005 0.0063521011625228213 -0.00083162365879227418 0.0057017906784126698 0.00078569539888990493 0.0023629146841321206 -0.0022220778693976392 0.0018945351916264249 0.0060084615366810656 -2.2572559538200356e-05 -0.0032696843356941358 -5.4204537028898366e-05 -0.001984510734445688 0.0010978441867500561 0.0092165167618180662 -0.00093209239619192902 -0.0032700009749424023
leaf_weight=27361.60851046443 2746.5291502922773 3823.9919457286596 5221.7594659775496 2113.9887121617794 8282.7806469798088 6007.0764402449131 7055.729673281312 965.8924510627985 4527.5760793834925 51576.541898846626 2011.3053977638483 2235.6666679084301 22046.591373831034 1362.3905555307865 541.06076443195343 5925.8977629095316 3927.0956391096115 4062.0746062546968 6154.0609267205 8259.9201668947935 8975.1949831396341 727.74863594770432 43782.184265002608 4163.2923393249512 9117.7757738232613 4113.9439799487591 14677.053581267595 1153.2124289274216 18296.046423703432 10459.214388549328
leaf_count=110044 11194 15984 21008 8768 33316 24493 28335 3959 18286 207202 8397 9767 90890 5468 2183 23876 16623 16910 25658 33127 36791 3088 175712 16690 37223 16525 58916 4750 73343 42002
internal_value=2.5743e-05 -0.000407057 -0.000694575 0.00144292 -0.000524536 0.000918816 0.000880466 0.00309099 -0.00100529 1.99754e-06 0.00280941 0.00140527 0.00120147 0.000814157 -0.00113775 -0.000214758 0.00331844 0.00284622 0.00367585 -0.000808619 0.000501066 0.000459894 -0.000672685 -0.000478941 -0.000729379 1.60576e-05 0.00039636 0.00644009 -0.00136713 -0.00250287
internal_weight=291675 223424 182659 68251.5 166978 49350.4 40765 5943.1 87311.8 79665.9 18901.1 38118.7 35883 29875.9 7829.35 6466.96 16154.5 14143.2 10081.2 79029 34821.9 52304.3 74501.4 66241.5 11231.8 25846.7 21732.8 2119.1 22459.3 15681
internal_count=1180528 899078 733818 281450 670808 202668 165260 24693 350474 320334 78782 156677 146910 122417 31527 26059 67588 59191 42281 317158 140567 210290 298872 265745 45991 103776 87251 8709 90033 63010
cat_boundaries=0 1 2 3 4 5
cat_threshold=2 515 2 2112 1054
is_linear=0
shrinkage=0.03


Tree=64
num_leaves=31
num_cat=2
split_feature=30 36 29 48 7 47 46 32 41 41 0 44 46 46 41 0 48 28 52 7 32 22 25 45 32 18 36 28 40 3
split_gain=179.449 75.4265 54.2366 51.9249 46.5418 44.0024 44.1694 41.8403 38.0637 37.6563 34.0208 32.2068 31.4407 31.0045 30.9185 29.3161 27.3716 26.7606 26.148 25.3703 25.0985 24.3117 24.2801 23.6396 22.4905 22.4308 22.0214 21.939 21.7822 21.3497
threshold=0.18564800000000004 0.50159750000000014 0.67588450000000011 1.0000000180025095e-35 1.5000000000000002 9.5000000000000018 0.24964450000000002 0.41532550000000007 0.59121050000000008 0.54309150000000017 2019.5000000000002 0.43757350000000006 0.076723250000000007 0.016398800000000002 0.56799400000000011 2022.5000000000002 1.0000000180025095e-35 1522.5000000000002 0.1131775 1.0000000180025095e-35 0.36195950000000005 21694.500000000004 0 0.39357600000000004 0.40833500000000006 1 0.44779900000000006 532.50000000000011 942.50000000000011 2.5000000000000004
decision_type=8 10 10 2 2 2 8 10 10 8 2 10 10 10 8 2 2 2 10 2 10 2 1 10 10 1 10 2 2 2
left_child=2 3 4 8 9 6 11 14 25 16 -11 -5 27 -4 20 17 -1 -13 -14 -19 21 -3 -18 -6 -12 -2 28 -9 -17 -23
right_child=1 7 13 5 23 -7 -8 12 -10 10 24 15 18 -15 -16 26 22 19 -20 -21 -22 29 -24 -25 -26 -27 -28 -29 -30 -31
leaf_value=0.0015150496557960439 -0.0010833809057244172 0.003703207071290265 -0.00087303851902884077 0.0011418723570814986 0.00018462443305234538 -0.0048618581728566623 0.00061505308089585019 -0.006734677111878154 0.0025754760671702838 0.0036661864145277044 0.0018888068459612707 -0.00038528417314643394 -0.0013672100634775323 0.0048453587870572745 0.001652887362824097 -0.0071123930567113039 0.00037971293832203773 -0.0042430699551474415 0.0051551871256568082 -0.0011422002488163593 -0.0005127901537852256 0.0014682251956680543 -0.0026581223052045931 -0.0025989567150320183 -0.0012316406419151473 0.0002545226933488849 -0.0019168159408132625 -0.0017710484579755328 -0.0033303769583169994 -3.4248164448034984e-05
leaf_weight=15905.56418171525 31838.605807095766 2069.21371512115 1014.2425505816936 2952.999262496829 18502.782058730721 3740.2884765118361 7608.058480322361 1642.6502386778593 3618.8812147080898 9648.3926809281111 13042.265402689576 11633.475191831589 3659.9500029087067 5078.91442514956 12354.306839555502 1733.4283784478903 10034.513963267207 4301.72262185812 647.85188117623329 5382.2908019423485 38878.69177390635 11675.859233111143 3092.3038218617439 3218.8390483856201 2458.540099799633 17410.122473314404 8285.9176927357912 1608.1021002233028 6994.1965126693249 31252.659660562873
leaf_count=64498 127662 8351 4415 11850 75399 15073 30529 6707 14887 39939 53477 46890 14842 22088 50763 6988 40607 17296 2707 21636 156103 46940 12507 13098 10362 69815 33248 6618 28184 125572
internal_value=-2.50045e-05 -0.000491181 0.00116448 -0.00105607 0.000945261 -0.00172326 -0.00148225 8.27484e-05 -0.000391234 0.00141568 0.00226589 -0.0018695 -0.00206558 0.00388861 0.000251863 -0.00210235 0.000677998 -0.0013583 -0.00037644 -0.00252362 4.50937e-05 0.000527782 -0.000334073 -0.000226784 0.0013918 -0.000609986 -0.00303245 -0.00429236 -0.00408716 0.000373775
internal_weight=291286 209289 81996.4 105500 75903.2 52632.4 48892.1 103789 52867.6 54181.6 25149.2 41284 7558.55 6093.16 96230.7 38331 29032.4 21317.5 4307.8 9684.01 83876.4 44997.7 13126.8 21721.6 15500.8 49248.7 17013.5 3250.75 8727.62 42928.5
internal_count=1179051 842661 336390 424058 309887 211694 196621 418603 212364 221390 103778 166092 30874 26503 387729 154242 117612 85822 17549 38932 336966 180863 53114 88497 63839 197477 68420 13325 35172 172512
cat_boundaries=0 1 2
cat_threshold=2 131
is_linear=0
shrinkage=0.03


Tree=65
num_leaves=31
num_cat=3
split_feature=30 41 41 47 48 32 25 34 46 44 22 46 21 48 35 18 25 45 45 22 45 1 34 30 23 40 44 30 28 47
split_gain=161.23 64.7317 60.9095 59.5607 56.7557 46.1459 40.3553 37.3393 34.9626 32.2165 31.3116 33.1368 28.5597 28.3347 27.0021 26.4101 25.4925 26.025 21.4053 21.2901 21.0307 20.6357 22.523 20.5382 20.1016 19.5664 19.1979 19.1275 18.8276 18.5506
threshold=0.2147995 0.55357450000000019 0.59121050000000008 5.5000000000000009 1.0000000180025095e-35 0.37309950000000008 0 0.61057250000000007 0.044388800000000006 0.61018550000000016 23871.500000000004 0.072034700000000021 0.51500000000000012 1.0000000180025095e-35 0.78705950000000013 1 2 0.19068800000000002 0.16864150000000003 24570.500000000004 0.31645850000000003 5.5000000000000009 0.49065350000000002 0.15983750000000005 24373.500000000004 5166.5000000000009 0.72451250000000011 0.073730350000000014 12291.500000000002 9.5000000000000018
decision_type=8 8 8 2 2 10 1 8 10 10 2 10 2 2 10 1 1 10 8 2 10 2 10 10 2 2 10 10 2 2
left_child=1 4 3 5 10 19 12 -3 -9 24 23 26 -6 20 -10 -15 -17 -18 -14 -2 -5 -4 -23 -1 25 -7 -12 -8 -25 -19
right_child=2 7 21 13 6 9 27 8 14 -11 11 -13 18 15 -16 16 17 29 -20 -21 -22 22 -24 28 -26 -27 -28 -29 -30 -31
leaf_value=0.0016348510912938112 0.0002472309679292131 0.0009123866151919286 0.003035573597050977 -0.00023309503915203061 -0.0012269971725401383 -5.4180199773428736e-05 0.0037534685953301609 0.00020062827483489847 0.0030810707758215012 -0.0023411946429541795 -0.0043926052123237696 0.0029203295896482583 -0.0020341002767046298 -0.00072235352829001212 0.0097757681015679752 -0.0025822584899120888 0.0011036270266348211 -0.0049967703244575444 0.00093825487237090492 -0.0039895051794703778 -0.00224954969554058 -0.0016256619920027126 0.0020087203282476165 -1.7792996372543884e-05 -0.0041175057029733952 -0.0014821070752017267 0.0047517956125711306 -0.0024441631726774631 0.0048596860326843494 -0.01003442980621305
leaf_weight=11273.588374584913 49698.40875685215 25908.082646682858 4498.3133267611265 11021.072483733296 11511.223228365183 25614.932096034288 463.34145359694958 4091.6159366071224 14362.047405183315 14023.257393792272 928.4955391138792 10048.128590807319 2440.6078978031874 4401.0468331426382 566.12586975097656 9583.9619314074516 465.67626087367535 2456.180734038353 19908.043183401227 1087.3618180900812 8105.0730823129416 2798.2036697566509 3383.2450710237026 26591.930119529366 1465.3602192401886 13062.993943825364 260.05568215250969 9799.7399626970291 728.57727284729481 932.7316559702158
leaf_count=46156 199404 105580 18636 44224 46399 102868 1963 17570 60493 56460 3755 40561 9863 17698 2563 38502 1874 9896 80421 4368 32522 11369 14145 107038 5883 52422 1065 39537 2953 3765
internal_value=-2.08347e-05 0.000718642 -0.000694042 -0.000858601 0.000270364 -0.000493445 -0.000512758 0.00165534 0.00266548 -0.0011026 0.000964376 0.00235869 -1.23093e-05 -0.00189441 0.00333888 -0.00275547 -0.00341569 -0.00548536 0.000612084 0.000155698 -0.00108939 0.00148953 0.000358675 0.000557492 -0.000669032 -0.000537298 -0.0023597 -0.00216042 0.0001117 -0.00639978
internal_weight=291479 138882 152598 141918 93953.7 104952 44123 44927.9 19019.8 54166.5 49830.8 11236.7 33859.9 36965.7 14928.2 17839.6 13438.6 3854.59 22348.7 50785.8 19126.1 10679.8 6181.45 38594.1 40143.3 38677.9 1188.55 10263.1 27320.5 3388.91
internal_count=1179953 565917 614036 569886 379711 421405 178183 186206 80626 217633 201528 45381 136683 148481 63056 71735 54037 15535 90284 203772 76746 44150 25514 156147 161173 155290 4820 41500 109991 13661
cat_boundaries=0 1 2 3
cat_threshold=2 114 2
is_linear=0
shrinkage=0.03


Tree=66
num_leaves=31
num_cat=12
split_feature=30 48 5 0 24 0 36 35 0 6 45 0 27 5 27 7 5 26 27 26 30 44 28 26 33 18 3 35 53 26
split_gain=162.182 84.005 79.3664 111.393 67.5338 54.728 49.7864 45.7488 36.5117 35.73 32.6715 31.9504 32.3657 33.0621 47.4349 31.0326 30.4063 47.6078 50.9415 30.159 30.1488 30.7887 41.5748 29.9107 28.909 28.7058 27.4233 26.9663 33.1015 27.8258
threshold=0.18564800000000004 1.0000000180025095e-35 0 2022.5000000000002 1 2019.5000000000002 0.60196600000000011 0.40862800000000005 2020.5000000000002 1.5000000000000002 0.45046950000000002 2022.5000000000002 2 3 4 1.5000000000000002 5 6 7 8 0.27251800000000009 0.75004350000000009 208.50000000000003 9 0.43336950000000002 10 5.5000000000000009 0.54853350000000012 0.0037500000000000315 11
decision_type=8 2 1 2 1 2 8 10 2 2 10 2 9 1 9 2 1 9 9 9 8 10 2 9 10 1 2 10 10 9
left_child=6 2 20 8 5 16 11 19 -4 24 26 12 27 14 -14 23 17 -3 -19 -7 -2 -22 -23 -8 -6 -11 -9 29 -29 -1
right_child=1 4 3 -5 9 7 15 10 -10 25 -12 -13 13 -15 -16 -17 -18 18 -20 -21 21 22 -24 -25 -26 -27 -28 28 -30 -31
leaf_value=-0.0027095547516848119 0.00018246172738940069 -0.0039340264230380353 0.0030232744463993084 -0.00099485790690056683 -0.0031490021006273655 -0.004790229289051191 0.004152657773430519 -0.00016085603245697604 0.0084730655613364132 -0.0059634271607212838 0.0023910174191623616 -0.00084980688070740136 -0.0030307155363137979 0.0035724162197789612 0.00061931195338038266 0.000575751635852822 0.0073744445355970441 -0.0057486201050582558 0.0029449429822422097 -0.0012256447934293059 -0.0014303612250239799 -0.0033870780382654485 0.0098117077125965679 0.0018448618378258245 -0.00076350305765262737 -0.0019514168908338009 -0.0014762663440623072 0.0052684166647034144 0.00024109106274351316 0.0020920831945400189
leaf_weight=1454.221316114068 78400.111313670874 1406.243805244565 1984.9074183553457 3501.8469693213701 7582.809590831399 4104.3172650039196 8042.7734213620424 31560.997041240335 2575.5062993913889 3817.9306173324585 3121.1825281083584 11220.530380114913 3730.8735968470573 2712.8674945235252 22206.321727797389 8761.7599911689758 750.02255608141422 658.72531677782536 6211.6645452082157 4554.7943712621927 17793.828929707408 361.90239004790783 512.24583677947521 14006.043751716614 11629.9823859483 2875.0767782628536 26112.49607989192 3994.4299572855234 1690.1803009212017 4147.8443469256163
leaf_count=5862 314395 5644 8486 14019 30676 16544 34653 126952 11478 15411 12560 45160 14971 11553 89861 36561 3270 2641 24972 18330 71414 1454 2055 57889 46789 11607 104967 16292 6841 16745
internal_value=6.26196e-06 -0.000436251 0.000162082 0.00302173 -0.00103912 -0.000600159 0.0011377 -0.000886049 0.00611118 -0.00236757 -0.000594771 0.000563056 0.000960796 0.000422714 9.19066e-05 0.00209071 0.0015958 0.00106604 0.00209777 -0.0029267 -7.52113e-05 -0.00115883 0.00432024 0.00269121 -0.00170691 -0.00425796 -0.000756993 0.0023211 0.00377985 0.000838405
internal_weight=291484 209517 105130 8062.26 104386 78480.4 81967.8 69453.8 4560.41 25905.8 60794.7 51157.3 39936.7 28650.1 25937.2 30810.6 9026.66 8276.63 6870.39 8659.11 97068.1 18668 874.148 22048.8 19212.8 6693.01 57673.5 11286.7 5684.61 5602.07
internal_count=1180052 843664 423301 33983 420363 315880 336388 279353 19964 104483 244479 207285 162125 116385 104832 129103 36527 33257 27613 34874 389318 74923 3509 92542 77465 27018 231919 45740 23133 22607
cat_boundaries=0 1 2 3 4 5 6 7 8 9 10 11 12
cat_threshold=2 2 400 2 2 2 2 2 198 3075 129 26
is_linear=0
shrinkage=0.03


Tree=67
num_leaves=31
num_cat=9
split_feature=36 0 5 27 27 26 5 28 0 1 32 1 26 1 48 5 0 53 40 48 1 1 0 48 26 6 46 18 0 28
split_gain=149.17 91.0024 222.088 185.985 127.009 122.791 96.5598 69.3335 62.1684 74.9641 59.3502 56.4078 47.8145 41.0051 40.2115 40.1881 49.6938 39.9824 38.6119 38.056 36.8907 35.0758 32.1047 32.0314 39.5013 31.2926 31.1632 27.9196 27.8696 27.3973
threshold=0.60196600000000011 2022.5000000000002 0 1 2 3 4 155.50000000000003 2020.5000000000002 6.5000000000000009 0.37379350000000006 6.5000000000000009 5 4.5000000000000009 1.0000000180025095e-35 6 2022.5000000000002 0.014347500000000015 3393.5000000000005 1.0000000180025095e-35 6.5000000000000009 9.5000000000000018 2021.5000000000002 1.0000000180025095e-35 7 1.5000000000000002 0.16096950000000002 8 2019.5000000000002 393.50000000000006
decision_type=10 2 1 9 9 9 1 2 2 2 8 2 9 2 2 1 2 8 2 2 2 2 2 2 9 2 10 1 2 2
left_child=1 2 3 18 6 -5 13 -2 17 -10 12 22 14 -3 -6 29 20 -7 -1 -15 -17 -11 28 24 -12 -14 -26 -28 -4 -9
right_child=7 4 11 5 10 8 -8 15 9 21 23 -13 25 19 -16 16 -18 -19 -20 -21 -22 -23 -24 -25 26 -27 27 -29 -30 -31
leaf_value=-0.0046442777243550946 -0.0020592494143002104 -0.00046509517618429226 0.0086201490543233623 -0.0022290815811886891 0.0042196262700988545 0.0017513954066904927 -0.0018408787387097856 -0.0011361726468752634 0.00098210915440927779 -0.00058684943595389187 0.0010976922489812973 0.0017247848311602394 -0.00064026510101233131 0.0066801406917722274 -0.00086813475569208585 0.0068208349855437139 -0.001684975695251711 -0.00022916334457471823 -0.0015364497052808353 0.0021346916278758262 0.0026273680356023949 -0.0030558932894618005 0.010594635049736822 -0.0032971338905072888 -0.0033148035959836681 -0.0026752549656324392 0.0029557614725815671 -0.0019501356915161893 0.0035959189472353392 0.0018282339140168081
leaf_weight=8511.2383189201355 4085.2037866711617 1769.1168480962515 1466.0482024997473 16174.113932281733 2989.6720115989447 41556.622900947928 4501.0382319837809 3129.4930419623852 31025.040349140763 26210.132302999496 4070.3797311484814 3999.4017686992884 28557.207298085093 3731.9126037508249 2607.2919224798679 3812.9506032764912 1258.2926654815674 11738.028708085418 6300.509686589241 3031.8622943162918 3813.0023351460695 6467.518432661891 1271.4321699142456 17819.808871746063 8828.376694008708 8953.0607278198004 1574.6547152996063 3031.0585297495127 3220.3276876062155 26058.94364118576
leaf_count=34135 17211 7104 6452 64879 12012 167651 18058 12769 124620 105233 16300 16972 114613 14972 10470 17272 5039 47245 25273 12179 16993 25971 5608 71646 35432 35927 6305 12138 13744 106309
internal_value=-2.38959e-07 -0.000279333 0.000156594 -0.000135057 -0.00103239 0.000219552 0.00170788 0.00165007 0.000558526 -7.3517e-05 -0.00148823 0.00449284 -0.000740288 0.00358534 0.0018417 0.002049 0.00381769 0.00131463 -0.00332265 0.00464893 0.00472988 -0.00107667 0.00634417 -0.0024004 -0.0014854 -0.00112666 -0.00226948 -0.000263327 0.00517857 0.00150929
internal_weight=291564 249406 157940 147983 91465.4 133171 13033.9 42157.9 116997 63702.7 78431.5 9957.21 43107.2 8532.89 5596.96 38072.7 8884.25 53294.7 14811.7 6763.77 7625.95 32677.7 5957.81 35324.3 17504.5 37510.3 13434.1 4605.71 4686.38 29188.4
internal_count=1180532 1004939 637783 595007 367156 535599 52313 175593 470720 255824 314843 42776 173022 34255 22482 158382 39304 214896 59408 27151 34265 131204 25804 141821 70175 150540 53875 18443 20196 119078
cat_boundaries=0 1 2 3 4 5 6 7 8 9
cat_threshold=2 2 2 2 2 2 2 10 108
is_linear=0
shrinkage=0.03


Tree=68
num_leaves=31
num_cat=4
split_feature=34 5 46 46 42 27 40 30 27 34 35 40 11 28 53 28 50 30 45 53 36 42 28 48 6 27 48 52 6 39
split_gain=153.722 95.9254 68.521 45.2719 44.8203 42.2444 51.6027 51.5507 39.2601 33.9504 31.8335 25.8583 25.6399 25.4584 25.3739 29.5201 23.9781 27.6716 23.5255 24.3834 21.8973 21.6719 21.0222 21.009 23.7398 20.9457 20.8858 22.0209 20.3853 25.8308
threshold=0.55505050000000011 0 0.13526700000000003 0.044388800000000006 0.14080550000000003 1 2519.5000000000005 0.20650150000000003 2 0.73363900000000004 0.43942000000000009 9856.5000000000018 4.5000000000000009 87.500000000000014 0.0070519999999999758 262.50000000000006 1.0000000180025095e-35 0.12335900000000001 0.30243250000000005 0.10095049999999998 0.43483600000000006 0.12072850000000002 1080.5000000000002 1.0000000180025095e-35 2.5000000000000004 3 1.0000000180025095e-35 -0.015361999999999985 2.5000000000000004 0.14961350000000004
decision_type=8 1 10 8 8 9 2 10 9 10 10 2 2 2 10 2 2 10 10 10 10 10 2 2 2 9 2 8 2 10
left_child=2 5 10 12 8 6 -2 16 -4 26 14 -8 -3 -11 15 -1 17 -7 19 -9 -17 -10 -21 -6 -25 -15 27 -5 -12 -30
right_child=1 3 4 9 23 7 11 18 21 13 28 -13 -14 25 -16 20 -18 -19 -20 22 -22 -23 -24 24 -26 -27 -28 -29 29 -31
leaf_value=0.0010649799608120668 -0.0041273370819924831 -0.0016205844937470187 -0.00025722445192008693 0.0088007083333041056 6.7995994862321227e-06 0.0035873516601225208 -0.00035789206126240802 0.00026637849847958454 0.0034224198373350861 -0.0032552513356671853 -0.00060394589999755277 0.005906094662302591 0.0024893185298215307 0.012399352098287944 -0.0050342181754977518 -0.0028250825877223131 0.00029175650024769239 0.0013556552812679752 -0.00089519826652770728 -0.0018918192981968594 -0.00081155462241760501 0.0011351325497511726 0.0060807875467259872 -0.00093181867415763103 -0.0044685404591074934 0.0058202515723279145 0.0013407025773065784 0.0032052962903701084 -0.00062796583575756273 -0.0050168552942473806
leaf_weight=2943.5019436627626 3819.7149267941713 2468.8540367782116 17121.792396143079 818.39504399895668 27462.053048104048 6037.9302037805319 3983.6799831539392 21423.493045791984 4938.0485135018826 232.76549230515957 52232.622429519892 692.61310955882072 3039.987645804882 539.68797622621059 2322.5318328142166 14145.724380001426 14715.607145532966 29809.185184165835 18846.464648127556 387.00311632454395 7483.1512805819511 15539.777771472931 1200.7997308522463 22319.423186585307 1853.834148183465 3119.2719290107489 4192.7884486317635 2965.3947401344776 2673.5622743666172 2225.9068918228149
leaf_count=11903 15375 10688 68865 3633 110216 25138 16006 85943 20106 1021 210207 2786 13253 2451 9366 57006 59731 120870 75627 1552 30071 62547 4831 89633 7454 13970 17886 12781 10767 8953
internal_value=3.98705e-06 0.000837758 -0.000565097 0.00289664 1.35024e-05 0.00048286 -0.00153908 0.000669195 0.000801699 0.00394016 -0.00117989 0.000566657 0.000642093 0.00624334 -0.00203161 -0.00174601 0.00131394 0.00173266 -0.000108794 0.000534007 -0.00213004 0.00168775 0.00411882 -0.000559876 -0.00120481 0.00685796 0.00281077 0.00442946 -0.000778337 -0.00262988
internal_weight=291556 118294 173262 17377.1 89234.9 100916 8496.01 92420.5 37599.6 11868.3 84027 4676.29 5508.84 3891.73 26894.9 24572.4 50562.7 35847.1 41857.8 23011.3 21628.9 20477.8 1587.8 51635.3 24173.3 3658.96 7976.58 3783.79 57132.1 4899.47
internal_count=1180636 483542 697094 75683 358821 407859 34167 373692 151518 51742 338273 18792 23941 17442 108346 98980 205739 146008 167953 92326 87077 82653 6383 207303 97087 16421 34300 16414 229927 19720
cat_boundaries=0 1 2 3 4
cat_threshold=2 2 617 640
is_linear=0
shrinkage=0.03


Tree=69
num_leaves=31
num_cat=10
split_feature=34 5 30 22 46 27 32 35 32 47 26 11 27 26 42 5 26 30 27 46 22 1 34 46 27 37 22 45 27 28
split_gain=150.424 81.4364 59.3299 53.4184 53.0787 37.7056 35.307 34.4908 37.9338 33.7663 32.3532 28.4895 28.1404 27.2286 26.6264 26.2803 26.571 25.8015 25.438 25.3545 25.3112 22.6849 22.4587 22.3448 22.3061 21.6854 21.2068 21.0596 20.3203 19.773
threshold=0.51630650000000011 0 0.17820350000000004 23720.000000000004 0.16096950000000002 1 0.36545250000000001 0.40862800000000005 0.43024000000000001 8.5000000000000018 2 4.5000000000000009 3 4 0.14304150000000002 5 6 0.30381700000000006 7 0.19894800000000004 23695.500000000004 6.5000000000000009 0.5265510000000001 0.22258900000000004 8 0.087167550000000024 24301.500000000004 0.21767750000000005 9 208.50000000000003
decision_type=8 1 8 2 10 9 8 10 10 2 9 2 9 9 10 1 9 8 9 10 2 2 8 10 9 8 2 10 9 2
left_child=4 2 5 21 7 19 10 29 13 15 -4 -7 -8 24 -15 16 -6 -5 -12 26 -21 28 -14 -13 -9 -20 -2 -26 -3 -1
right_child=1 3 6 17 9 11 12 8 -10 -11 18 23 22 14 -16 -17 -18 -19 25 20 -22 -23 -24 -25 27 -27 -28 -29 -30 -31
leaf_value=0.00029497874726282534 -0.0044732954349330075 0.0081869122838674809 -0.00048684245432661412 0.00079643833239521813 0.0012644228239699973 0.0021939911897204283 0.00047267678265204251 -0.00010371115089749591 -0.0037034533370837236 -0.0024986525444425848 0.0019285768200255522 -0.00023914287548170213 0.0016281441483637243 0.00084504373921562986 -0.00092945019399030414 0.00361800856456674 -0.00034526334784195913 -0.0058418681008208101 0.0020072871843564563 -0.0010306736467976117 0.0072641291528027594 0.0020168920664126425 -0.001434793740794228 0.0023555183178207732 0.0013210211323553501 -0.00062576711160244978 0.0050192704617137906 -0.0021807816160316768 0.0038786878201550012 -0.0027269730764626272
leaf_weight=2192.8775885999203 2098.464422956109 1202.4548167586327 18736.310732468963 5982.5558115839958 12360.094338551164 24250.517288371921 12925.194509610534 9043.4681695848703 4054.1695566475391 4541.8855984658003 15733.367370516062 10303.529183313251 2323.1900349706411 14694.590363159776 15773.521430075169 1944.7930970191956 36288.672494381666 574.48357574641705 3992.5132839381695 1120.4542948454618 464.15733116865158 5366.5158753991127 27921.203759387136 4194.4621403217316 1669.7986619323492 9510.442873314023 230.16785706579685 18966.943054720759 6561.8027575016022 16281.965039923787
leaf_count=8865 8451 5349 75202 25625 49665 99306 51822 36402 16400 18253 63350 41915 9312 59096 63310 8116 145582 2347 16082 4528 1880 23250 111950 17172 6718 38263 931 76219 28771 65623
internal_value=-2.31584e-05 0.000622693 0.000357339 0.00242426 -0.000742704 0.00128068 -7.45563e-05 -0.00122349 -0.000893968 -2.11789e-05 0.000485185 0.0015643 -0.00069726 -0.000703927 -7.26149e-05 0.000200771 6.33314e-05 0.000207856 0.00110892 -0.00151915 0.00138924 0.00352847 -0.00119799 0.00050979 -0.00135044 0.000150707 -0.00351691 -0.00189491 0.00456821 -0.00236667
internal_weight=291305 153492 133804 19687.8 137813 42661.8 91142.2 82677.3 64202.5 55135.4 47972.6 38748.5 43169.6 60148.3 30468.1 50593.6 48648.8 6557.04 29236.3 3913.24 1584.61 13130.8 30244.4 14498 29680.2 13503 2328.63 20636.7 7764.26 18474.8
internal_count=1179755 625506 540164 85342 554249 174183 365981 332633 258145 221616 192897 158393 173084 241745 122406 203363 195247 27972 117695 15790 6408 57370 121262 59087 119339 54345 9382 82937 34120 74488
cat_boundaries=0 1 2 3 4 5 6 7 8 9 10
cat_threshold=2 2 904 352 519 2 73 409 2130 656
is_linear=0
shrinkage=0.03


Tree=70
num_leaves=31
num_cat=11
split_feature=30 0 5 27 26 41 0 5 46 36 7 0 27 47 29 26 27 48 52 44 0 5 26 41 28 29 26 46 45 26
split_gain=132.404 60.8349 133.389 111.556 66.8995 57.5014 48.7542 46.2191 45.7498 45.2461 43.8809 47.1912 37.2898 34.2603 33.6532 33.1547 32.1176 30.4618 28.5204 27.9997 25.6289 41.4874 28.3125 25.41 25.3645 29.6922 25.1434 24.887 24.7674 42.8951
threshold=0.21550400000000003 2022.5000000000002 0 1 2 0.5671655000000001 2020.5000000000002 3 0.15167600000000003 0.40917200000000004 1.5000000000000002 2019.5000000000002 4 9.5000000000000018 0.57390100000000011 5 6 1.0000000180025095e-35 -0.17482599999999998 0.51695050000000009 2022.5000000000002 7 8 0.52642050000000007 1236.5000000000002 0.53769850000000019 9 0.10185250000000001 0.29935650000000008 10
decision_type=10 2 1 9 9 8 2 1 8 10 2 2 9 2 8 9 9 2 10 8 2 1 9 10 2 8 9 10 10 9
left_child=1 2 3 23 14 9 8 12 -4 -2 11 16 -3 18 -5 24 -6 -8 -11 -16 21 22 -7 -1 25 -14 -18 -23 29 -20
right_child=5 7 6 4 10 20 17 -9 -10 13 -12 -13 15 -15 19 -17 26 -19 28 -21 -22 27 -24 -25 -26 -27 -28 -29 -30 -31
leaf_value=-0.0018374451020480432 -0.0022931158393692387 0.0033214276668919063 0.00037579172077430791 -0.0010233608950980383 0.0041573514699610632 -0.0020360917950405974 0.007924851527860776 -0.0032514229019854762 0.005869517540583769 -0.0024944449278805222 0.00011526889224952587 0.0010921294477523266 0.0029147969511390611 -0.0024403016667591611 0.0023950967844753087 -0.00093624082132831945 0.0035337109056888211 0.0037734913488811136 0.0011128250170650662 -0.009475672783747913 -0.00096109387355557997 0.0018839483849137418 0.0014912900326423978 -0.0065591740028402385 0.0023378800975393677 -0.010399651263996616 0.00012130705419337714 0.0064388507948333765 -0.00079948510334743213 -0.00065060016742936745
leaf_weight=8373.9920343011618 16171.126381367445 2755.9496081322432 4512.0119314938784 4800.2528250962496 9447.9715277552605 2813.4091537296772 3056.2170737832785 4521.5077866613865 1961.1925831139088 5824.8182816803455 22892.748366221786 38986.45448923111 276.86474686861038 8426.8354911357164 221.46503518521786 19521.144133388996 3357.8439156711102 3424.6987995803356 22452.914444208145 831.74946510791779 4770.7409746050835 2354.1637193262577 7396.2011844068766 1175.3865975737572 5150.4079519361258 318.51046165823936 4647.9721200615168 2036.6515415757895 51184.591257944703 27722.951803475618
leaf_count=33626 65195 11092 19383 19251 38737 11282 14035 18112 8523 23379 92640 157565 1108 33848 893 78481 13776 15424 90201 3340 19125 10202 29665 4731 20819 1277 18973 8973 205441 111142
internal_value=3.40321e-05 0.000698047 0.00104162 0.000650748 0.000995694 -0.000581814 0.00389699 -0.000437906 0.00204681 -0.000806274 0.00122439 0.00167391 1.5286e-05 -0.000597989 -0.00209456 -0.000345668 0.00297131 0.00573854 -0.000452804 -0.00695143 0.000943535 0.001568 0.000515484 -0.0024211 0.00165316 -0.00417438 0.00155971 0.00400649 -0.000335112 0.000138019
internal_weight=291389 140234 107690 94735.8 85186.5 151154 12954.1 32544.4 6473.2 131783 79333 56440.2 28022.9 115612 5853.47 25266.9 17453.8 6480.92 107185 1053.21 19371.2 14600.4 10209.6 9549.38 5745.78 595.375 8005.82 4390.82 101360 50175.9
internal_count=1180239 571786 440897 383532 345175 608453 57365 130889 27906 529206 321691 229051 112777 464011 23484 101685 71486 29459 430163 4233 79247 60122 40947 38357 23204 2385 32749 19175 406784 201343
cat_boundaries=0 1 2 3 4 5 6 7 8 9 10 11
cat_threshold=2 2 2 2 2 3 316 2 514 325 2586
is_linear=0
shrinkage=0.03


Tree=71
num_leaves=31
num_cat=6
split_feature=36 48 24 0 26 46 53 28 53 36 44 41 29 33 18 28 26 35 6 42 32 7 22 32 0 22 32 27 44 26
split_gain=136.892 71.0885 64.4013 64.9482 62.703 45.5218 43.5687 39.0535 51.6356 39.5014 39.0038 32.2003 31.1995 30.6078 28.2182 27.7264 26.1582 29.9314 26.0614 25.0265 30.3025 31.0302 34.2239 22.7024 22.0322 24.0963 22.2227 21.5175 22.128 20.9315
threshold=0.49599200000000004 1.0000000180025095e-35 0 2019.5000000000002 1 0.078950700000000013 0.066414000000000042 251.50000000000003 0.0061624999999999605 0.36994600000000005 0.6781680000000001 0.50002350000000007 0.66674900000000015 0.45104650000000007 2 3872.5000000000005 3 0.29449500000000006 2.5000000000000004 0.14871750000000003 0.37309950000000008 1.5000000000000002 23653.500000000004 0.3778565000000001 2022.5000000000002 24088.500000000004 0.3718915000000001 4 0.5631735000000001 5
decision_type=8 2 1 2 9 8 10 2 10 10 10 8 10 8 1 2 9 10 2 10 8 2 2 10 2 2 10 9 10 9
left_child=7 4 3 11 6 15 -2 8 16 27 13 -3 19 24 -4 -6 17 -1 29 20 21 22 -7 -12 -5 26 -26 -9 -29 -11
right_child=1 2 14 10 5 12 -8 9 -10 18 23 -13 -14 -15 -16 -17 -18 -19 -20 -21 -22 -23 -24 -25 25 -27 -28 28 -30 -31
leaf_value=-0.0065320189553283135 0.0020846633122317991 -0.0018569213804534241 0.00017984687793302351 4.0538187919676169e-05 -0.00022694161545787814 0.0015702728176762808 0.0062654165805004136 -0.00092990604114673867 -0.003344822593388027 -0.00128100538590139 -0.00069334588478311911 0.0025447262270312573 0.0052500561215112979 0.00097577076996954129 -0.002319820116305573 -0.004324873961271139 -1.7341673115979166e-05 0.0043281465069052788 -0.0025503944237851854 0.00016759317692944593 0.00032705483493786355 0.00047012548847590052 0.0040428944007847942 -0.0045383629382234787 -0.00045617318461325609 0.0010801606709483476 -0.0038954214093204886 -0.0018639233981109068 -0.0066617845778426691 -0.00029987058795654796
leaf_weight=237.42074398696423 9416.4402254670858 1667.8341187536716 5704.1358531415462 21910.943631708622 13746.900962159038 11921.014839977026 2962.8656512647867 2047.0000214874744 1894.841433763504 33743.533186018467 2970.747261852026 13768.662150025368 1619.3408801704645 22445.878547757864 13976.90104137361 1666.1201616078615 2811.2256345152855 4019.6256234496832 7602.3411924242973 20599.359158933163 14798.212640523911 8549.4491058588028 8808.5462653636932 2619.1042944788933 2816.655400916934 2137.1740534901619 4312.5111963748932 1436.026108533144 2266.8032221347094 46872.409113198519
leaf_count=963 38956 6742 23222 89144 55941 48366 12785 8283 7635 135641 12084 56727 6969 90580 56857 6687 11404 16243 30583 82947 59974 34584 35672 10844 11327 8571 17281 5780 9151 188239
internal_value=3.27031e-05 0.000513434 -6.82385e-05 0.000333929 0.00109691 0.000794532 0.00308649 -0.000846988 0.00104317 -0.00102763 -0.000117432 0.00206694 0.00113622 0.000130684 -0.00159499 -0.000672622 0.00222465 0.00370255 -0.000870068 0.00103251 0.00143601 0.00199538 0.00262284 -0.00250175 -0.000476805 -0.00170295 -0.00254158 -0.0034381 -0.00479924 -0.000711146
internal_weight=291350 188419 94330.5 74649.5 94088.2 81708.9 12379.3 102931 8963.11 93968.1 59213 15436.5 66295.9 53623.2 19681 15413 7068.27 4257.05 88218.3 64676.6 44077.2 29279 20729.6 5589.85 31177.3 9266.34 7129.17 5749.83 3702.83 80615.9
internal_count=1180182 766260 383379 303300 382881 331140 51741 413922 36245 377677 239831 63469 268512 216903 80079 62628 28610 17206 354463 261543 178596 118622 84038 22928 126323 37179 28608 23214 14931 323880
cat_boundaries=0 1 2 3 4 5 6
cat_threshold=2 3074 56 984 518 594
is_linear=0
shrinkage=0.03


Tree=72
num_leaves=31
num_cat=6
split_feature=30 34 5 0 48 41 0 33 34 53 1 44 26 42 3 46 26 6 26 28 36 27 26 44 28 41 0 53 46 47
split_gain=115.372 76.3668 52.9873 73.8242 42.9073 38.6588 39.4341 39.8429 40.1262 37.7383 36.1851 34.888 32.1052 26.6266 25.858 25.5134 27.2918 24.9286 24.6192 24.4783 29.3978 24.2745 26.1798 23.3124 25.4651 23.2058 22.7531 20.2031 28.2186 19.9507
threshold=0.24894600000000003 0.6113805000000001 0 2022.5000000000002 1.0000000180025095e-35 0.48863950000000006 2019.5000000000002 0.41142950000000006 0.39228100000000005 0.0015249999999999433 6.5000000000000009 0.43757350000000006 1 0.14063850000000003 3.5000000000000004 0.045490650000000001 2 1.5000000000000002 3 274.50000000000006 0.6144305000000001 4 5 0.75004350000000009 3024.5000000000005 0.51149650000000013 2020.5000000000002 0.0066054999999999872 0.19561150000000002 3.5000000000000004
decision_type=10 8 1 2 2 8 2 10 10 10 2 10 9 8 2 8 9 2 9 2 10 9 9 10 2 8 2 10 10 2
left_child=1 5 19 10 12 18 9 27 -9 21 15 29 23 -14 -13 -4 -17 -10 -1 -3 -21 -7 -23 -2 -25 -16 -12 28 -8 -6
right_child=4 2 3 -5 11 6 7 8 17 -11 26 14 13 -15 25 16 -18 -19 -20 20 -22 22 -24 24 -26 -27 -28 -29 -30 -31
leaf_value=-0.0040052386364914806 0.00087978339411749946 -0.00084708521195047304 0.0026151771556723793 -0.0032129544206291175 0.0032213161975895156 0.00010411029542505732 -0.0018559916316870965 -0.0013290116978911851 0.00061754862853675844 -0.00029653209121638927 -0.00084496413761090447 -0.0007515706313835828 0.00047117659529798551 -0.001382487247976735 -0.0042744109043958145 -0.00035712848752719446 0.0076937805445073601 -0.00051696955369315495 -0.00081518995021556586 0.00058372937833443448 0.002348915646498462 0.0047424219986884376 0.0016397754030378631 0.0028129157300751935 0.015638844073318291 -0.0020344734199196236 0.0035320292468649229 -0.0038693471330738835 0.0021614641231893642 -0.0014437678973298923
leaf_weight=3099.0918842554092 7561.3327595591545 6876.4585508108139 1932.7779053747654 1481.6197965592146 1909.4909709393978 3507.1445754170418 7569.7710704058409 15283.544401168823 68886.871108651161 8309.6356049776077 1687.2517341673374 10648.933947786689 10604.031891301274 20253.88544806838 5371.1369551420212 423.6887344121933 3565.8689556568861 23305.078244969249 7431.8754604160786 30262.727572470903 11842.140658840537 4437.1439381092787 5630.1975693255663 477.75870476663113 199.63801862299442 19150.723864153028 2864.9835201501846 2946.7367736697197 1977.5125984549522 1438.3429455012083
leaf_count=12433 30527 27973 8697 5935 7659 14318 30655 61359 277409 33730 7220 42949 42716 81312 21662 1899 16178 93770 29857 122121 48641 18026 22814 1925 804 77183 13078 11932 8043 5773
internal_value=-1.01204e-05 0.000350129 0.00124771 0.00303892 -0.00100061 -8.62647e-06 0.000121384 -9.2025e-05 9.41331e-05 0.00129252 0.00392678 -0.00171137 -0.000299511 -0.000744296 -0.00199025 0.00547505 0.00685001 0.000330422 -0.00176227 0.000809703 0.00108104 0.00226732 0.00301458 0.00136169 0.00668927 -0.00252678 0.00190366 -0.00169542 -0.0010203 0.00120859
internal_weight=290937 213322 60937.5 11956.2 77615.3 152385 141854 119970 107475 21884.1 10474.6 38518.6 39096.6 30857.9 35170.8 5922.34 3989.56 92191.9 10531 48981.3 42104.9 13574.5 10067.3 8238.73 677.397 24521.9 4552.24 12494 9547.28 3347.83
internal_count=1178598 866088 251742 53007 312510 614346 572056 483168 432538 88888 47072 155226 157284 124028 141794 26774 18077 371179 42290 198735 170762 55158 40840 33256 2729 98845 20298 50630 38698 13432
cat_boundaries=0 1 2 3 4 5 6
cat_threshold=2 3082 1297 148 2563 481
is_linear=0
shrinkage=0.03


Tree=73
num_leaves=31
num_cat=8
split_feature=30 34 21 5 0 48 44 24 26 35 44 1 29 5 44 27 0 0 6 0 28 3 0 0 11 26 41 7 26 26
split_gain=117.345 76.0602 49.3947 49.0211 59.7933 47.4242 38.9713 40.8226 36.8561 33.9893 33.9415 33.363 29.7486 35.7659 30.9629 27.5719 38.1191 30.1506 27.2606 26.807 26.3174 24.9915 24.9497 26.9473 24.4252 24.4035 24.0524 23.4138 23.3535 22.9899
threshold=0.24225200000000002 0.61275800000000002 0.59500000000000008 0 2022.5000000000002 1.0000000180025095e-35 0.43757350000000006 1 2 0.3112930000000001 0.70118950000000013 6.5000000000000009 0.43743400000000005 3 0.77093750000000016 4 2022.5000000000002 2019.5000000000002 2.5000000000000004 2022.5000000000002 1368.5000000000002 3.5000000000000004 2020.5000000000002 2021.5000000000002 2.5000000000000004 5 0.49233450000000006 1.5000000000000002 6 7
decision_type=10 8 2 1 2 2 10 1 9 8 10 2 10 1 10 9 2 2 2 2 2 2 2 2 2 9 8 2 9 9
left_child=1 2 26 15 11 12 -7 9 -4 -8 25 -5 -2 14 -14 16 -3 27 -10 -15 -16 -11 -13 -24 -19 -9 29 -17 -12 -1
right_child=5 3 8 4 -6 6 7 10 18 21 28 22 13 19 20 17 -18 24 -20 -21 -22 -23 23 -25 -26 -27 -28 -29 -30 -31
leaf_value=0.00041474328984210639 -0.0024045943521738703 -0.003031408197969401 0.0015834107396067256 0.0054049680335422701 -0.0027034994961467195 0.0013395100589811226 -0.0082618801226969091 -0.0012668764103852864 0.00030753077388487961 0.00028769710197517251 -0.0072412260138879298 -0.00098411706707115252 -0.00032670874426136048 0.0057952464510231333 0.0012873483099012919 0.0032378166554072308 0.0039030249974513868 0.0017679150550798956 -0.0018408542936451343 0.00036693923563008499 0.013010198797161398 -0.001648706266578321 0.007333992050472987 0.0012665112650376328 -8.8743347737913064e-06 -0.0045138237328675992 -0.00051306574896394462 0.00028900775094412186 0.0037226525923238505 -0.0043242274730628718
leaf_weight=1323.4456559419632 4951.5233179777861 3161.299708083272 20237.511136069894 5689.0539146214724 1406.7719071060419 3774.4313263446093 601.43479499220848 2803.2269357740879 64669.826359406114 8564.9147114157677 201.40661133825779 1653.3834237456322 37122.313672363758 1623.4772273600101 451.9976946413517 8510.5617133677006 915.30867855250835 10712.657975777984 5786.6311323046684 1674.9812235981226 283.09837852418423 19821.399604097009 1089.8203736096621 1700.9290958493948 19789.294366240501 8811.7436767667532 46827.296316310763 3420.9158501476049 926.05914372205734 2960.6917945295572
leaf_count=5322 20010 12732 81647 25781 5635 15143 2437 11340 260965 34494 816 7077 148724 7110 1812 35050 3692 43459 23317 6704 1138 79769 4990 7776 79910 35624 188800 13987 3738 11877
internal_value=1.82449e-06 0.000409472 3.47951e-05 0.00132417 0.00307519 -0.000887133 -0.00157427 -0.00183862 0.000455317 -0.00121464 -0.00325512 0.00388095 -0.000208267 5.5403e-05 -0.000204996 0.000888902 -0.00146178 0.00111561 0.000130567 0.00305064 0.0058772 -0.00106342 0.00192095 0.003652 0.000614285 -0.00373827 -0.000710791 0.00239515 0.00169242 -0.00286313
internal_weight=291467 199855 141805 58050 11540 91612 45504.6 41730.2 90694 28987.7 12742.4 10133.2 46107.4 41155.9 37857.4 46510 4076.61 42433.4 70456.5 3298.46 735.096 28386.3 4444.13 2790.75 30502 11615 51111.4 11931.5 1127.47 4284.14
internal_count=1180876 812017 571928 240089 51259 368859 183361 168218 365929 116700 51518 45624 185498 165488 151674 188830 16424 172406 284282 13814 2950 114263 19843 12766 123369 46964 205999 49037 4554 17199
cat_boundaries=0 1 2 3 4 5 6 7 8
cat_threshold=2 2 2120 2 2 104 171 2083
is_linear=0
shrinkage=0.03


Tree=74
num_leaves=31
num_cat=8
split_feature=29 48 24 5 0 0 5 27 26 6 46 48 6 0 33 46 42 26 44 26 33 3 22 22 7 26 32 0 45 29
split_gain=111.864 76.6236 91.9224 63.8573 75.9954 57.7764 44.9679 49.8222 48.0117 41.4222 40.7154 38.6468 37.5515 34.7092 32.7578 30.2494 29.2721 29.0771 33.5167 28.6842 26.7893 26.7208 26.2761 34.4203 24.6689 24.3904 24.3624 24.9227 23.9755 23.4854
threshold=0.58688150000000017 1.0000000180025095e-35 0 1 2022.5000000000002 2019.5000000000002 2 3 4 2.5000000000000004 0.17428900000000003 1.0000000180025095e-35 2.5000000000000004 2020.5000000000002 0.44911850000000003 0.30408150000000006 0.14855750000000004 5 0.45221050000000002 6 0.48305950000000003 5.5000000000000009 24607.500000000004 24270.000000000004 1.0000000180025095e-35 7 0.35796450000000007 2022.5000000000002 0.19068800000000002 0.68426550000000008
decision_type=10 2 1 1 2 2 1 9 9 2 10 2 2 2 8 10 8 9 10 9 10 2 2 2 2 9 10 2 10 10
left_child=1 3 5 10 13 6 7 -3 -9 14 22 29 20 -5 17 16 25 -7 -19 -17 -4 -16 23 -1 -23 -12 -13 -28 -14 -2
right_child=11 2 12 4 -6 9 -8 8 -10 -11 15 26 28 -15 21 19 -18 18 -20 -21 -22 24 -24 -25 -26 -27 27 -29 -30 -31
leaf_value=-0.00055963162212052295 0.0018617784504390371 -0.0052338022934541708 -0.0022182528959846302 0.0022754875339968173 -0.00060242938346622625 -5.066076314300317e-05 0.0089049228742569455 -0.0027586018503054362 0.0025615646549790377 -0.0029585712457638387 4.5743117898481009e-05 0.0014767226424570452 0.00116087923218911 0.0072349532117662683 0.0011366373943566136 0.0018028354219205337 3.5693069394109408e-05 0.0017643621466020924 -0.0019653222822804779 -0.0013442417512125316 0.0014826612594446341 -0.0021945750690194206 -0.0049589684321192989 0.001620233270132382 0.00040592483728484573 0.0025012985362091742 0.00028346999584257578 -0.0029285386268549751 -0.0070885578073245385 0.0049166097838637549
leaf_weight=60648.572199046612 20127.81788007915 1011.7165606319904 24807.771609216928 2316.5538380593061 3661.7629083544016 18233.160000905395 700.21957693994045 1815.4347143024206 9190.1425892710686 6439.1900487691164 4777.2830156087875 11406.733985170722 365.84274823963642 2880.0309315472841 16296.578009516001 3600.5560577809811 11428.807969152927 2379.6189913749695 23355.089077278972 9311.0443217456341 1882.7740148752928 5583.3131086081266 1117.620343759656 7296.3026882857084 7926.1174035072327 15752.01592604816 9548.1436828672886 2807.6317922323942 2083.1112301498652 2569.182750672102
leaf_count=243453 83404 4056 100135 9856 14661 73310 3071 7291 37077 25930 19182 47024 1479 12971 65521 14455 45845 9557 94250 37335 7566 22444 4488 29279 31850 63355 40536 11287 8422 11303
internal_value=-2.55498e-05 -0.000281725 -0.00081403 0.000247219 0.00270037 -0.00035263 0.00152505 0.00109044 0.00167903 -0.000650751 5.61544e-05 0.00132388 -0.00228429 0.00503246 -0.000448799 0.000759951 0.00125528 -0.000969431 -0.00161849 -0.000463748 -0.00195593 0.000318218 -0.000400679 -0.000325043 -0.000666864 0.00193267 0.000476549 -0.000444509 -0.00584405 0.0022095
internal_weight=291320 244861 122070 122791 8858.35 92930.6 12717.5 12017.3 11005.6 80213.1 113932 46459.5 29139.5 5196.58 73773.9 44869.7 31958.1 43967.9 25734.7 12911.6 26690.5 29806 69062.5 67944.9 13509.4 20529.3 23762.5 12355.8 2448.95 22697
internal_count=1180393 986839 491959 494880 37488 374357 51495 48424 44368 322862 457392 193554 117602 22827 296932 180172 128382 177117 103807 51790 107701 119815 277220 272732 54294 82537 98847 51823 9901 94707
cat_boundaries=0 1 2 3 4 5 6 7 8
cat_threshold=2 2 2 2 2 2616 598 770
is_linear=0
shrinkage=0.03


Tree=75
num_leaves=31
num_cat=8
split_feature=34 42 26 41 43 32 53 26 35 31 0 26 27 33 41 32 46 43 34 46 35 11 33 27 40 27 26 27 19 48
split_gain=116.754 59.5378 62.337 58.5493 36.1153 33.0308 30.1721 30.1251 30.1521 29.5061 28.6265 38.0622 31.2301 29.0162 27.7357 29.741 24.4556 22.7456 30.5037 21.4769 27.6627 21.2045 20.4884 20.1975 20.0145 23.3989 25.5354 19.6216 19.5036 19.3837
threshold=0.5519035000000001 0.1427245 0 0.57600300000000015 145.50000000000003 0.33768750000000008 0.025171499999999961 1 0.43594150000000004 0.11197000000000001 2023.5000000000002 2 3 0.44329250000000003 0.50658500000000017 0.36469750000000006 0.12255600000000001 6966.5000000000009 0.56131400000000009 0.043176050000000007 0.78705950000000013 13.500000000000002 0.38098000000000004 4 108.50000000000001 5 6 7 53.550000000000004 1.0000000180025095e-35
decision_type=8 10 9 8 2 10 10 9 10 10 2 9 9 10 10 10 10 2 10 10 10 2 10 9 2 9 9 9 2 2
left_child=1 2 -1 4 -2 -4 16 8 -6 -8 11 13 -13 29 21 17 -7 -16 -19 -5 -21 -9 -18 -20 -12 26 -26 -24 -28 -3
right_child=3 10 5 19 7 6 9 14 -10 -11 24 12 -14 -15 15 -17 22 18 23 20 -22 -23 27 -25 25 -27 28 -29 -30 -31
leaf_value=-0.0018590800903492911 -0.0016031803635579247 0.00018477153222761243 0.0022310462301538339 0.0004344520692812558 -0.0048371312031261068 -0.00032091573848013014 -0.0068084957239468082 -0.00074163799360449476 0.0017517989172691746 -0.00089761519774357969 -0.007777154572987624 -0.00042795166600666717 -0.0023351415094936844 0.0010255796307879379 0.0014247881929992012 -0.00021527494881401905 0.0062241047777869107 0.0089421854841381133 0.00042168243051365147 0.0024220285130930343 0.0090231248700218623 -0.0063424944517497927 -0.00017548693891021136 -0.0043926801825833681 -0.0037395949272591238 -0.0022789739015604497 0.002510417074462984 0.0014083303015565141 -0.0012018031176189051 -0.0019106355171796315
leaf_weight=12812.305582776666 7482.3457446694374 8162.445353910327 7991.125043541193 5139.6618160605431 639.46003125607967 22341.201180234551 849.00286482274532 11464.651593267918 20667.458196491003 7289.0076844096184 507.91126862168312 14699.502539739013 16426.242850854993 14519.641149416566 28551.571440041065 26061.561432033777 654.03709873557091 244.08722075819969 1549.547571003437 15629.489731296897 594.51075209677219 641.77947859466076 10710.578722432256 1556.6529875099659 1420.9720114916563 19592.270088583231 2747.5761382728815 20364.446346983314 2357.9325456619263 7694.6940170824528
leaf_count=51626 30451 32836 32269 22092 2571 90067 3415 46153 84916 29317 2043 59036 66084 58312 115628 105044 2674 982 6243 66273 2744 2581 43087 6263 5705 78683 11036 82118 9472 30991
internal_value=-9.03783e-06 -0.000512469 6.37346e-05 0.000707358 0.000399189 0.000415371 0.000181622 0.000563528 0.00155126 -0.00152024 -0.00105554 -0.000698942 -0.00143597 5.57878e-05 0.000262435 0.000535596 0.00043839 0.00114991 -0.00118289 0.00213173 0.00266739 -0.00104252 0.000973961 -0.00199604 -0.00187791 -0.00176116 -0.000197991 0.000861906 0.000788846 -0.000830305
internal_weight=291364 171141 83011.7 120223 98859.1 70199.4 62208.3 91376.8 21306.9 8138.01 88129.2 61502.5 31125.7 30376.8 70069.9 57963.4 54070.3 31901.9 3350.29 21363.7 16224 12106.4 31729.1 3106.2 26626.7 26118.8 6526.48 31075 5105.51 15857.1
internal_count=1180712 688771 334573 491941 400832 282947 250678 370381 87487 32732 354198 247259 125120 122139 282894 234160 217946 129116 13488 91109 69017 48734 127879 12506 106939 104896 26213 125205 20508 63827
cat_boundaries=0 1 2 3 4 5 6 7 8
cat_threshold=2 3 2410 376 151 11 2116 553
is_linear=0
shrinkage=0.03


Tree=76
num_leaves=31
num_cat=9
split_feature=35 48 24 28 5 26 5 46 45 53 27 46 42 1 31 3 32 27 32 27 44 6 28 35 38 18 31 31 34 26
split_gain=105.14 66.1723 88.0156 51.1501 57.7402 44.2453 39.1508 39.0958 36.1315 35.6899 34.7602 34.1766 33.6629 32.8443 31.2212 30.0876 29.6918 26.4614 25.421 25.1404 24.1323 23.7481 21.9943 21.6814 21.6452 21.0615 21.8585 21.951 20.7696 20.2549
threshold=0.59655950000000002 1.0000000180025095e-35 0 125.50000000000001 1 2 3 0.076723250000000007 0.20988050000000003 -0.079771500000000009 4 0.37733500000000003 0.12121550000000002 6.5000000000000009 0.16220000000000004 4.5000000000000009 0.38071150000000004 5 0.42727550000000009 6 0.34017100000000006 2.5000000000000004 6586.5000000000009 0.55267400000000011 0.18686800000000001 7 0.21055700000000002 0.14408050000000003 0.61057250000000007 8
decision_type=10 2 1 2 1 9 1 10 8 8 9 10 10 2 10 2 10 9 10 9 10 2 2 10 10 1 8 10 8 9
left_child=1 6 5 -2 10 9 7 22 -4 -3 -5 16 -7 19 18 24 17 20 -12 -6 -9 -10 -1 -11 -14 -17 27 -27 -18 -29
right_child=3 2 8 4 13 12 -8 11 21 23 14 -13 15 -15 -16 25 28 -19 -20 -21 -22 -23 -24 -25 -26 26 -28 29 -30 -31
leaf_value=-0.00087789535206502412 -0.0023470785776102468 -0.0053355168326455864 0.0001775603376298452 -0.0019365874415909262 0.0029811663795564843 0.0014501364970775595 0.0021177310673611608 -0.0096865560072982304 -0.0024815272228951228 -0.0019438209109390314 0.0015138959201143392 -0.002128493728814049 -9.7554040785609869e-05 0.0015561588159793889 -0.0018254864360003477 0.0021810739515640584 -0.00069127363640741262 0.001299890538981067 -0.004491303629921414 0.0071237263433056751 1.9725781169804459e-05 -0.0059385144952194052 -0.0058980729250760677 0.0017848613884428935 0.0018126616573790819 -0.00044609961646742332 0.0049406610243522735 -0.00033393119330069103 0.0018879747563833086 -0.0025821357331317621
leaf_weight=23244.819700077176 3540.1569222509861 2432.7309862077236 4418.0818385183811 3597.0434640049934 2853.8016985207796 10647.198591127992 8630.6267665475607 230.57906633615494 21464.477996051311 7451.4053630381823 33584.244502738118 4843.5898588746786 21783.043709844351 4720.2655011117458 2921.6970493495464 1871.2663946449757 22784.043262094259 38017.141851216555 641.38833919167519 2607.3424061387777 17286.493372276425 1966.8580369204283 812.72168362140656 1718.4461992681026 7058.2367163300514 18915.373736843467 532.26091746985912 5159.7632570713758 3197.7716526091099 12342.277044996619
leaf_count=93344 14911 9805 17874 14504 12641 43227 36059 925 86541 30023 136944 19451 87708 20930 11796 7529 91389 152868 2592 11846 69528 7953 3254 6971 28381 76103 2149 20707 12841 49618
internal_value=-5.29848e-05 -0.000326435 -0.000830688 0.00113533 0.00137813 -0.000373802 0.000172127 1.97257e-05 -0.00230447 -0.00210178 0.000872039 0.000317944 -0.000117042 0.00339962 0.00114516 -0.000364164 0.000463749 0.000855525 0.0014001 0.00498578 -0.000107902 -0.00277371 -0.00104945 -0.00124143 0.000369027 -0.000909634 -0.00106744 -0.00115676 -0.000372491 -0.00192289
internal_weight=291275 236809 117761 54465.9 50925.8 89912 119048 110417 27849.4 11602.6 40744.4 86359.6 78309.4 10181.4 37147.3 67662.2 81516 55534.2 34225.6 5461.14 17517.1 23431.3 24057.5 9169.85 28841.3 38820.9 36949.7 36417.4 25981.8 17502
internal_count=1180412 954248 474589 226164 211253 362221 479659 443600 112368 46799 165836 347002 315422 45417 151332 272195 327551 223321 139536 24487 70453 94494 96598 36994 116089 156106 148577 146428 104230 70325
cat_boundaries=0 1 2 3 4 5 6 7 8 9
cat_threshold=2 2 2 2 2 548 2371 80 2328
is_linear=0
shrinkage=0.03


Tree=77
num_leaves=31
num_cat=4
split_feature=30 7 30 41 47 36 34 31 32 41 39 45 22 3 45 28 27 42 17 44 5 0 52 53 32 26 41 39 26 38
split_gain=98.548 52.9549 61.4243 42.4629 42.6116 29.2163 27.2585 26.6831 25.1194 24.1729 24.0617 20.6946 34.7169 20.603 23.0536 24.398 20.1673 20.0273 19.6581 18.3587 22.9419 34.2034 18.1019 20.8416 18.0057 17.3697 30.89 17.0933 16.8113 16.4249
threshold=0.21307350000000003 1.5000000000000002 0.14361850000000001 0.59121050000000008 5.5000000000000009 0.41137500000000005 0.62805600000000006 0.10098350000000002 0.43205950000000004 0.47781350000000006 0.16434850000000004 0.41087650000000003 21792.000000000004 3.5000000000000004 0.30695600000000006 9961.5000000000018 0 0.15575450000000005 1.0000000180025095e-35 0.61628000000000005 1 2022.5000000000002 -0.10414249999999996 -0.078198999999999949 0.40598800000000007 2 0.5268695000000001 0.16229250000000003 3 0.085767600000000013
decision_type=8 2 10 8 2 10 10 10 10 8 8 10 2 2 10 2 9 10 2 10 1 2 10 10 10 9 10 10 9 8
left_child=1 2 7 4 5 25 18 16 13 -4 22 -3 -13 14 15 -7 -1 29 -6 20 -5 -22 -11 -24 -9 26 -2 -25 -18 -16
right_child=3 11 9 19 6 8 -8 24 -10 10 -12 12 -14 -15 17 -17 28 -19 -20 -21 21 -23 23 27 -26 -27 -28 -29 -30 -31
leaf_value=0.0024979586369510282 -0.0022298915647717197 -7.2494224830682786e-05 -0.0019466528592912693 0.00069129440087674148 -0.0024894047249241426 0.0012370324439783583 0.000729895542526836 0.0022048181788118255 -0.0026427095817476284 -0.00045704466909306544 -9.8506414289009764e-05 0.0038285698665352767 -0.0033467565592390628 -0.00037605652375741818 -0.0041547290580628568 0.010127185976779345 -0.0001618282251830335 -0.0022351565687225715 -0.0010268985261280435 -0.00029315133816155183 0.0063538415859907774 -0.00044164595089223529 -0.0010724249313253055 0.0013954182044737882 -0.00051058938193890172 -0.0024127306296746584 0.0027277728784963957 0.0057354636824278084 0.0074788132037306885 0.000599268235945546
leaf_weight=2632.6818672716618 2683.5528738498688 34239.050919502974 3283.0504340231419 3831.7129794806242 17457.409293919802 15153.356528609991 4337.6783724576235 15142.426006421447 3474.6927284151316 6024.9479697197676 23542.995734840631 713.54746815562248 3865.7764155268669 58749.605997592211 688.17659363150597 281.19952619075775 299.29103882610798 3476.07296910882 15913.471486955881 4045.5742385685444 2081.8585024476051 967.65189599990845 3067.0210681706667 37202.801585316658 2549.4952851682901 8848.0002434998751 1949.6404440850019 837.40290500223637 1922.610145047307 11883.816701889038
leaf_count=11429 10833 139539 13194 15369 70132 60827 17507 62727 14019 24339 94971 2917 15674 235859 2787 1138 1251 13961 63939 16833 9257 3877 12352 151552 10734 35675 7850 3379 8382 47682
internal_value=1.59547e-05 0.000608317 0.000984772 -0.000498285 -0.000634427 -0.000328907 -0.00150199 0.00235588 -0.000140672 0.000566298 0.000683534 -0.000326801 -0.00222038 -4.39051e-05 0.000574945 0.00140288 0.00433021 -0.000219582 -0.00179304 0.00130398 0.00224704 0.0041894 0.00107479 0.00130005 0.0018118 -0.00163477 -0.000136534 0.00149219 0.00644124 0.000335725
internal_weight=291147 135323 96504.7 155823 144897 107188 37708.6 22546.5 93706.9 73958.2 70675.2 38818.4 4579.32 90232.2 31482.6 15434.6 4854.58 16048.1 33370.9 10926.8 6881.22 3049.51 47132.2 41107.2 17691.9 13481.2 4633.19 38040.2 2221.9 12572
internal_count=1179985 552440 394310 627545 582209 430631 151578 94523 376273 299787 286593 158130 18591 362254 126395 61965 21062 64430 134071 45336 28503 13134 191622 167283 73461 54358 18683 154931 9633 50469
cat_boundaries=0 1 2 3 4
cat_threshold=1923 2 1832 104
is_linear=0
shrinkage=0.03


Tree=78
num_leaves=31
num_cat=5
split_feature=34 41 42 26 30 32 46 26 6 44 39 41 0 36 27 41 48 44 22 32 43 30 22 43 27 32 53 27 44 43
split_gain=112.06 51.3665 46.029 51.7452 39.9667 34.2195 26.2127 28.1071 24.9704 25.831 23.4329 23.4045 24.5618 22.3993 22.847 19.9867 19.9787 25.5673 20.9706 19.6407 19.3781 20.0152 19.16 19.9045 21.4078 20.4975 19.6945 18.3266 18.6019 21.3251
threshold=0.55505050000000011 0.56148150000000008 0.1427245 0 0.24894600000000003 0.38912200000000002 0.043176050000000007 1 2.5000000000000004 0.63483450000000008 0.099314250000000007 0.59531950000000011 2022.5000000000002 0.60196600000000011 2 0.53957050000000006 1.0000000180025095e-35 0.63359650000000012 23422.500000000004 0.35338100000000006 4104.5000000000009 0.30540750000000005 22925.500000000004 506.50000000000006 3 0.35990050000000007 0.018704500000000016 4 0.57630000000000015 8977.5000000000018
decision_type=8 8 10 9 10 10 10 9 2 10 10 10 2 8 9 10 2 10 2 10 2 10 2 2 9 10 10 9 10 2
left_child=2 4 3 16 13 22 -3 10 9 15 -8 -7 -13 -2 -15 19 18 -18 -1 -4 21 -10 23 24 -5 -26 27 28 29 -24
right_child=1 6 8 5 -6 11 7 -9 20 -11 -12 12 -14 14 -16 -17 17 -19 -20 -21 -22 -23 26 -25 25 -27 -28 -29 -30 -31
leaf_value=-0.0020854840535087095 0.00028862057299865786 0.00010997196563952263 4.4687766413447383e-05 -0.00072090223092914337 -0.0010475077594050456 -0.0010347500853072793 0.0063585030539682202 0.0015986511085601556 -0.0010425360931208473 -0.0020381846042824363 0.0025974961585271735 0.0034500384533536562 -0.0024233316211356021 -0.00023938100457287571 0.001967919649377797 0.00067642439184537289 -0.0016516975191440289 -0.005711555892505194 0.0014374968778655866 -0.0011446067693908679 -0.0050489820476633564 -0.0073563099681421681 0.0012693476803142636 -0.00025519045811628848 0.0016225724349194085 0.0087048552294839744 -0.0006365420614828038 0.00093160465441865907 0.0043620378336057322 0.010476739909024394
leaf_weight=3322.8223603069782 50076.623203501105 6600.579438701272 17933.222544446588 1041.9118291735649 15187.834803551435 18989.654534310102 2317.4691956937313 16954.356146514416 4823.3831554204226 12856.374190911651 4326.7521615773439 2231.0734499841928 890.03627954423428 5571.5290610939264 17131.226364955306 9862.7047484815121 4822.2363501191139 1984.8748091757298 2791.0735475122929 40867.20128557086 2122.8764722794294 498.81384958326817 5972.630614861846 18236.529305383563 821.41786132752895 684.94200524687767 4054.6505341827869 14398.531903460622 3549.622264161706 233.64836356043816
leaf_count=13378 201828 28110 71958 4217 61030 76289 10354 70432 19404 51776 18573 9388 3566 22801 70690 39749 19410 8041 11244 164158 8528 2026 24082 73422 3318 2763 16314 57976 14354 943
internal_value=6.13574e-06 0.000718337 -0.000480186 2.30027e-05 0.000351404 0.000340788 0.00178604 0.0022535 -0.000955762 -0.000803277 0.00391022 -0.000638025 0.00176483 0.000643777 0.0014257 -0.000571539 -0.00172206 -0.00284191 -0.000472376 -0.000781396 -0.00262037 -0.00164373 0.000783217 9.04892e-05 0.00257347 0.00484159 0.0012925 0.0016176 0.00262272 0.00162571
internal_weight=291157 118166 172990 84025.7 87967.2 71104.6 30199.2 23598.6 88964.6 81519.5 6644.22 22110.8 3121.11 72779.4 22702.8 68663.1 12921 6807.11 6113.9 58800.4 7445.07 5322.2 48993.9 20784.8 2548.27 1506.36 28209.1 24154.4 9755.9 6206.28
internal_count=1180122 483818 696304 338705 356349 286632 127469 99359 357599 327641 28927 89243 12954 295319 93491 275865 52073 27451 24622 236116 29958 21430 197389 83720 10298 6081 113669 97355 39379 25025
cat_boundaries=0 1 2 3 4 5
cat_threshold=2 2114 130 547 354
is_linear=0
shrinkage=0.03


Tree=79
num_leaves=31
num_cat=10
split_feature=48 5 0 24 0 46 0 35 33 31 27 26 47 47 22 46 41 44 27 33 29 26 27 0 26 44 22 8 26 5
split_gain=92.3459 90.7794 104.987 87.9738 99.9344 53.0635 52.7229 44.7707 36.8215 34.7974 37.7198 33.5017 31.0873 29.8565 28.9926 28.2955 28.0936 27.9569 26.7953 26.0633 25.7121 24.9031 23.8111 43.8326 23.4771 22.8907 22.765 22.4011 22.2001 25.7767
threshold=1.0000000180025095e-35 0 2022.5000000000002 1 2019.5000000000002 0.16096950000000002 2020.5000000000002 0.42117450000000006 0.46764650000000002 0.15797550000000002 2 3 8.5000000000000018 9.5000000000000018 24270.000000000004 0.11112500000000002 0.50002350000000007 0.51695050000000009 4 0.43567950000000005 0.55515450000000011 5 6 2022.5000000000002 7 0.62544900000000003 22760.000000000004 1.0000000180025095e-35 8 9
decision_type=2 1 2 1 2 10 2 10 10 8 9 9 2 2 2 10 8 8 9 10 10 9 9 2 9 10 2 2 9 1
left_child=1 5 6 4 16 9 15 21 13 14 -11 -7 19 17 22 -3 18 -5 -2 -9 -21 25 23 -1 -10 -6 -27 -14 29 -18
right_child=3 2 -4 8 7 11 -8 12 24 10 -12 -13 27 -15 -16 -17 28 -19 -20 20 -22 -23 -24 -25 -26 26 -28 -29 -30 -31
leaf_value=-0.002550907870711619 -0.0034744725826658315 0.00026669183525913464 -0.00079222783564154593 -0.00083527595173012203 -0.0022097231970211366 0.0020170709525222513 0.0068489168843558672 -0.00079334444722434499 -0.0019001419308162383 -3.3130791487432252e-05 -0.0028116228452443222 0.000482361631491448 -0.0048867690844241812 -0.0058878662686182677 0.0028702298380440788 0.0050660053029541905 -0.0024872511110242404 -0.0028908430516181262 0.004509021907509311 -0.00020100319645281531 0.0012786295131724963 -0.0012438555260231208 0.00027410612107880701 0.0019426245174017011 0.0017248020885900911 -0.013645579504266252 -0.0049809727806234246 -0.00105584208824075 0.0027077662795426411 0.003664467895513673
leaf_weight=7401.3830210417509 1512.8423547148705 2591.4500752538443 4769.9285945445299 9916.6893523931503 2400.1660378277302 18235.560184031725 4841.1343133598566 29511.309734910727 2829.2821545749903 8839.5660624653101 8792.2753713130951 43239.593325719237 2030.5347765833139 2008.2375007867813 3231.1608490943909 1944.2900456786156 1704.3653292804956 15100.747768983245 489.0704864859581 28145.876357108355 16898.02160602808 8134.0481977015734 38809.565748229623 2644.044063180685 3686.4641708284616 348.50622433423996 1376.5055765509605 4331.2682314068079 14464.823759257793 952.37910269200802
leaf_count=29758 6104 11177 19101 40146 9676 74067 22176 119561 11393 35484 35296 173877 8205 8179 13011 8467 6847 61480 1983 112967 68840 32808 156208 10613 14893 1407 5582 17499 59227 4269
internal_value=7.1902e-06 0.000542461 0.00282567 -0.000526036 -0.000123054 0.000295971 0.00466893 -0.000528749 -0.00187423 -0.000270246 -0.00142221 0.000938578 -0.000272326 -0.00236231 0.000119192 0.00233256 0.00185184 -0.00207743 -0.00150014 -0.000100095 0.000353457 -0.00221835 -6.23068e-05 -0.0013636 0.00014575 -0.0041173 -0.00676951 -0.00228502 0.00224571 -0.000268074
internal_weight=291181 145340 14146.8 145841 112300 131193 9376.87 93176.2 33541.4 69718 17631.8 61475.2 80917 27025.7 52086.2 4535.74 19123.5 25017.4 2001.91 74555.2 45043.9 12259.2 48855 10045.4 6515.75 4125.18 1725.01 6361.8 17121.6 2656.74
internal_count=1180301 589235 60921 591066 454975 528314 41820 376545 136091 280370 70780 247944 327072 109805 209590 19644 78430 101626 8087 301368 181807 49473 196579 40371 26286 16665 6989 25704 70343 11116
cat_boundaries=0 1 2 3 4 5 6 7 8 9 10
cat_threshold=2 2 362 81 71 70 130 1928 1026 2
is_linear=0
shrinkage=0.03


Tree=80
num_leaves=31
num_cat=9
split_feature=36 5 0 0 28 1 32 30 46 0 0 5 27 27 26 0 5 3 27 1 27 36 1 1 12 1 27 32 41 12
split_gain=85.3108 73.8978 146.446 57.3479 52.4422 47.3236 46.6839 41.7754 41.013 40.1848 33.9195 109.372 65.177 62.9979 67.744 43.7125 40.7665 32.966 32.7536 28.1203 32.3217 27.3249 25.8256 25.1677 22.3107 22.3038 33.6459 22.2894 22.2791 21.1426
threshold=0.49599200000000004 0 2022.5000000000002 2020.5000000000002 285.50000000000006 8.5000000000000018 0.33768750000000008 0.12335900000000001 0.11112500000000002 2019.5000000000002 2022.5000000000002 1 2 3 4 2020.5000000000002 5 2.5000000000000004 6 6.5000000000000009 7 0.52593450000000008 6.5000000000000009 6.5000000000000009 -5.4999999999999991 4.5000000000000009 8 0.37158800000000008 0.48538450000000005 -1.0000000180025095e-35
decision_type=8 1 2 2 2 2 10 10 8 2 2 1 9 9 9 2 1 2 9 2 9 10 2 2 2 2 9 10 10 2
left_child=10 4 3 5 9 8 -6 -8 -3 18 11 13 16 -1 -15 25 -12 -9 -2 20 -5 -11 29 -17 -21 26 -16 -23 -19 -13
right_child=1 2 -4 19 6 -7 7 17 -10 21 12 22 -14 14 15 23 -18 28 -20 24 -22 27 -24 -25 -26 -27 -28 -29 -30 -31
leaf_value=-0.003571092225790615 -0.0037438658444828308 0.00063566046255374294 -0.0022925380850878176 0.010517434546142118 0.0014699271032270706 -0.0030532598526799024 0.0025570479434439191 0.00087703802778940762 0.0055677947467243109 -0.00096293557380899733 0.0029489088467137621 0.010652159654907059 -0.0017764946323331726 -0.0024936288615212839 -0.0036475330950255813 0.0007003928054048937 -0.0015861427204972624 -0.0023143834204104306 0.00099387202206826239 -0.0042559251685312756 0.0049176438676630484 -0.0021397680569699077 0.0012753746720450582 -0.0012434278098404094 0.0040609247254557515 0.0014238515882720624 0.0095012667291130941 -0.0062041383521736987 -0.00019716194285458177 0.0045355323628386551
leaf_weight=5465.739619538188 1607.9186244606972 3469.7195474952459 5242.9583696722984 1499.2407081276178 27196.294857874513 1543.0960699766874 5903.5391086786985 27577.25673763454 2716.8828244060278 4122.7176954895258 4768.2330914586782 878.66874478757381 39750.722820594907 9089.5538229346275 225.79273019731045 10835.410501539707 2837.5339080542326 4725.5879459232092 6900.1303762942553 310.2184956818819 2740.1490408629179 2345.5197761058807 1054.1474909633398 13382.215630173683 3551.6814648658037 12611.092695146799 688.30939173698425 2593.9293101131916 84249.642673388124 1287.6935394406319
leaf_count=21951 6496 15093 21013 6940 110197 6456 24670 111089 11960 16566 19147 3765 159710 36503 906 43473 11399 18953 28110 1407 12485 9465 4459 53704 16184 50580 2765 10415 338991 5538
internal_value=-4.89037e-06 0.000374567 0.00204869 0.00348849 0.000163375 0.0016334 0.000345581 9.55998e-05 0.00280813 -0.00138663 -0.000699708 -0.000195942 -0.00128962 -0.000527005 -0.000170089 0.000389358 0.00125144 -2.88811e-05 9.07368e-05 0.00525353 0.00694748 -0.00277654 0.00516639 -0.000372509 0.0033823 0.00175581 0.00628319 -0.00428269 -0.000310022 0.00704154
internal_weight=291172 188296 21073.9 15831 167223 7729.7 149652 122456 6186.6 17570.2 102875 55518.6 47356.5 52298.1 46832.4 37742.8 7605.77 116552 8508.05 8101.29 4239.39 9062.17 3220.51 24217.6 3861.9 13525.2 914.102 4939.45 88975.2 2166.36
internal_count=1180390 766490 91538 70525 674952 33509 603900 493703 27053 71052 413900 223644 190256 209882 187931 151428 30546 469033 34606 37016 19425 36446 13762 97177 17591 54251 3671 19880 357944 9303
cat_boundaries=0 1 2 3 4 5 6 7 8 9
cat_threshold=2 2 2050 2 2 2 3 692 65
is_linear=0
shrinkage=0.03


Tree=81
num_leaves=31
num_cat=10
split_feature=30 6 46 48 5 0 48 41 5 24 41 32 26 32 29 0 7 26 24 39 26 26 45 45 46 6 32 36 24 26
split_gain=88.0947 51.9165 46.0038 39.264 37.0783 84.6974 36.7371 31.9568 28.3093 28.2617 27.5829 27.437 25.1179 22.9526 21.6946 20.6938 20.1033 24.6665 19.2165 30.0452 20.5708 18.5562 18.5544 18.0915 19.3196 17.9503 17.6241 17.4536 17.1203 17.926
threshold=0.18405450000000004 1.5000000000000002 0.075615400000000013 1.0000000180025095e-35 0 2022.5000000000002 1.0000000180025095e-35 0.55251850000000002 1 2 0.62832900000000003 0.39199350000000005 3 0.37309950000000008 0.43743400000000005 2019.5000000000002 1.5000000000000002 4 5 0.11086250000000002 6 7 0.19068800000000002 0.31430400000000008 0.45698300000000008 2.5000000000000004 0.42269000000000007 0.41575050000000008 8 9
decision_type=8 2 10 2 1 2 2 8 1 1 10 10 9 10 10 2 2 9 1 10 9 9 10 10 10 2 10 8 1 9
left_child=3 2 11 10 13 -6 8 28 14 25 16 12 -2 -4 26 -9 18 -18 -1 20 -20 -12 -11 24 -16 -8 -3 -7 -5 -30
right_child=1 6 4 7 5 27 9 15 -10 22 21 -13 -14 -15 23 -17 17 -19 19 -21 -22 -23 -24 -25 -26 -27 -28 -29 29 -31
leaf_value=0.0012775556885795307 0.0014349668606170559 -0.0071335870848724479 0.00053371131074274314 -5.99731791006238e-05 0.0053015148648781736 -0.0061641627157629619 -0.00068113896706987228 0.0023407600894713547 0.0029694433710306584 0.00026586534281730195 6.8765462197326388e-05 -0.0018801254803783439 -0.00079039197718790935 -0.00034555819955875021 0.00042543309744253632 0.00027586372062356147 0.0017935432171096095 -0.0011607508525726218 0.0099048056028486035 0.0020024999440299679 0.0030393194153942611 0.005510814944870308 -0.004209698738727001 -0.0013706564917110092 -0.0081562420023518524 -0.0026290886743154263 1.0627260647668857e-05 -0.00024041140007141927 0.00013121094983366499 -0.003433321811855928
leaf_weight=18899.524329409003 5939.8257533758879 798.56433217227459 62952.33795106411 17272.910501271486 3982.7250377833843 540.01108330488205 13336.635577857494 7795.5809185951948 2161.8312612622976 959.6003125756979 758.57838372886181 15255.796389043331 19510.895003646612 46381.870845526457 14200.460506230593 10018.171207219362 4699.7373794317245 5507.17624540627 849.26508590579033 5190.4045009016991 815.04522842168808 2428.9720374345779 5762.8777508437634 10147.922067686915 236.85755488276482 6298.0190641582012 493.89073696732521 2622.0081374496222 2094.3167528659105 3168.0714428126812
leaf_count=77321 23948 3227 252762 70107 17635 2174 53726 32601 9167 3879 3299 61882 78620 186057 56944 41770 19170 22494 3606 21260 3452 10779 23309 40693 949 25385 1993 10508 8553 12872
internal_value=3.75302e-05 -0.000282273 -5.62688e-06 0.000889038 0.000297586 0.00239126 -0.00108108 0.00023141 -0.000323849 -0.00188538 0.00156599 -0.000873945 -0.000269486 0.000160433 -0.000600443 0.00118142 0.00132746 0.000197352 0.00177411 0.00313764 0.00664979 0.00424388 -0.00356654 -0.000399668 0.0002809 -0.0013078 -0.00438668 -0.00126643 -0.000518284 -0.00201602
internal_weight=291080 211582 157185 79497.8 116479 7144.74 54396.7 40349.1 28039.5 26357.1 39148.7 40706.5 25450.7 109334 25877.7 17813.8 35961.2 10206.9 25754.2 6854.71 1664.31 3187.55 6722.48 24585.2 14437.3 19634.7 1292.46 3162.02 22535.3 5262.39
internal_count=1180142 852858 633586 327284 469136 30317 219272 165903 112973 106299 161381 164450 102568 438819 103806 74371 147303 41664 105639 28318 7058 14078 27188 98586 57893 79111 5220 12682 91532 21425
cat_boundaries=0 1 2 3 4 5 6 7 8 9 10
cat_threshold=2 2 2 3272 1113 2 649 133 2 301
is_linear=0
shrinkage=0.03


Tree=82
num_leaves=31
num_cat=6
split_feature=30 0 27 41 6 30 33 7 38 21 8 26 46 34 27 26 31 31 27 22 43 53 47 43 22 27 35 52 33 45
split_gain=82.64 59.8982 49.8664 45.2618 44.6498 40.2671 40.009 34.4255 34.2847 28.8635 25.5574 24.5847 31.4278 22.0293 19.7814 23.4262 21.1079 19.0853 19.014 24.3639 21.6255 21.0899 18.3447 20.8695 17.8147 22.3727 21.8639 21.2757 22.6932 21.8369
threshold=0.14361850000000001 2023.5000000000002 0 0.66968550000000004 2.5000000000000004 0.25292650000000005 0.40206400000000003 1.5000000000000002 0.092496250000000016 0.36500000000000005 1.0000000180025095e-35 1 0.043176050000000007 0.51123750000000012 2 3 0.11997500000000001 0.099554750000000011 4 24240.500000000004 2921.5000000000005 -0.095678999999999972 3.5000000000000004 229.50000000000003 23536.500000000004 5 0.66720450000000009 -0.092049499999999937 0.43922450000000007 0.45046950000000002
decision_type=8 2 9 8 2 10 10 2 8 2 2 9 10 8 9 9 10 10 9 2 2 8 2 2 2 9 8 8 10 10
left_child=7 3 6 4 5 9 -3 17 -4 -2 -6 -10 -13 -12 16 -16 -8 22 19 -7 -21 -20 23 -1 25 26 -11 28 -26 -29
right_child=1 2 8 -5 10 18 14 -9 11 24 13 12 -14 -15 15 -17 -18 -19 21 20 -22 -23 -24 -25 27 -27 -28 29 -30 -31
leaf_value=-0.0004916134155389674 -0.00043744561740618272 -0.0039102954762350933 0.0012731761773976788 0.0029432866890272556 -0.0031146428716584745 -0.001585670670138498 -0.0050792304662114615 -0.00013849481121929814 -0.00082028552553565896 -0.00049766827227863133 -0.0019992328645316204 -0.0063716361400847433 -0.002326909985041075 0.00059953191337331865 -0.0025616032883935581 0.00083481329921350923 0.0025400651941765518 0.0016117290767268355 -0.003873376070797005 0.00055029227143201919 0.0097144947549818016 0.0001846382622897691 0.0065073300075666578 0.0044884820906927808 -0.0029935200216304782 0.0008250692262206248 0.0029519870592354331 0.0011461798571770735 0.00087383257584222086 0.0054783787609713214
leaf_weight=1268.8980099260807 32720.114173591137 1880.9022600352764 2913.4354456812143 4670.3886485695839 5826.4130176007748 21683.85936139524 342.7079494446516 8937.7994691431522 9049.941483438015 30205.128402382135 5773.7949097305536 1917.1677065938711 18564.700766786933 5942.00434461236 2581.5113620609045 6161.4938462078571 5507.5457936674356 17865.265359684825 1216.3940843343735 2411.1600753813982 254.71037027239799 21002.768568083644 1509.0177652239799 1837.4396025389433 2301.6602539569139 30739.681381821632 1744.5939565300941 39795.147814184427 3331.8810365796089 1076.9897940158844
leaf_count=5473 132007 7569 11728 20417 23509 87442 1376 37237 36309 121804 23231 7721 74610 24020 10358 24763 22107 74294 4903 9691 1020 84429 6576 8056 9282 124076 7409 160896 13414 4339
internal_value=-1.97182e-05 -0.000195687 -0.00114136 2.37495e-05 -4.23295e-05 9.22629e-05 0.000201553 0.00143327 -0.00182361 0.000343587 -0.00148995 -0.00213085 -0.00270653 -0.000678819 0.000734411 -0.000166921 0.00208267 0.00205943 -0.000672957 -0.00125176 0.00144706 -3.66453e-05 0.00378375 0.00244602 0.000577903 0.000247212 -0.000308007 0.00102298 -0.000701657 0.00126146
internal_weight=291035 259616 48919.4 210697 206026 188484 16474.2 31418.4 32445.2 141915 17542.2 29531.8 20481.9 11715.8 14593.3 8743.01 5850.25 22480.6 46568.9 24349.7 2665.87 22219.2 4615.36 3106.34 109195 62689.4 31949.7 46505.7 5633.54 40872.1
internal_count=1180066 1048430 196541 851889 831472 760712 66173 131636 130368 573227 70760 118640 82331 47251 58604 35121 23483 94399 187485 98153 10711 89332 20105 13529 441220 253289 129213 187931 22696 165235
cat_boundaries=0 1 2 3 4 5 6
cat_threshold=2186 140 2 652 391 587
is_linear=0
shrinkage=0.03


Tree=83
num_leaves=31
num_cat=7
split_feature=0 48 6 5 0 41 0 7 46 25 34 27 36 18 32 18 0 33 7 19 42 5 33 7 19 44 21 46 24 32
split_gain=73.4851 77.4658 62.2271 58.405 84.1682 56.0241 49.5278 46.8858 46.7993 45.7218 40.6722 30.2749 30.1584 29.3722 27.8557 27.7082 24.9438 23.9342 22.7408 22.6272 22.5311 27.0979 21.387 21.3838 21.3306 21.2261 19.8849 19.4215 18.6945 18.5084
threshold=2019.5000000000002 1.0000000180025095e-35 2.5000000000000004 0 2022.5000000000002 0.50216550000000015 2020.5000000000002 1.0000000180025095e-35 0.096271950000000009 1 0.45495100000000005 2 0.53662100000000013 3 0.42860150000000002 4 2023.5000000000002 0.44608500000000001 1.5000000000000002 2.1500000000000008 0.15354350000000003 5 0.5000285000000001 1.5000000000000002 84.950000000000017 0.61628000000000005 0.6150000000000001 0.12462800000000002 6 0.36867550000000004
decision_type=2 2 2 1 2 8 2 2 8 1 8 9 8 1 8 1 2 8 2 2 10 1 10 2 2 10 2 8 1 10
left_child=5 3 7 8 6 11 14 10 -2 18 24 -1 13 -10 -5 -4 -12 19 -7 -9 21 23 -15 -11 25 -3 29 -23 -25 -14
right_child=1 2 15 4 -6 9 -8 17 12 20 16 -13 26 22 -16 -17 -18 -19 -20 -21 -22 27 -24 28 -26 -27 -28 -29 -30 -31
leaf_value=-0.0031137150043094091 -0.00093503090789969054 -0.0012754111941219964 0.00011625204171573141 0.0024391695949075509 -0.00079040347108349162 0.0029010026337700353 0.0060666269429184624 -0.0031249490291709778 0.0012244306545984905 0.00021234519030198488 -0.00032738782675380832 0.0012607364699463847 0.0010467962729984357 -0.0003183088452638788 -0.0056066038999217768 -0.0038695336744442596 -0.0024650062520206887 0.00058023467462909163 0.00082530839911329609 -0.00035462147248354464 0.0044872619875978579 0.00086652472784885055 -0.0043445564515056882 -0.0011918146359125509 -0.0048044195439982855 -0.0042299772953288718 0.0017191222711426624 0.0068789545949853297 -0.0060492506132605057 -0.0015205763367359753
leaf_weight=4074.4313598871231 30748.816460564733 8937.4948112815619 1949.0609160214663 1762.8464754968882 4793.9217480570078 16799.360364988446 4826.372215539217 2902.6097398400307 12597.677007749677 9652.0826695412397 27517.13425758481 2167.5171602070332 7141.0315932184458 35328.390654444695 492.08617137372494 7889.7533191293478 5991.9942756146193 29038.5470841676 6689.6193383187056 31216.48160558939 1054.6375617682934 1300.4758956581354 1227.520438939333 2798.0191093683243 3124.6226918548346 2921.3114132285118 20450.176166266203 780.99514116346836 966.22542217373848 3904.4907412081957
leaf_count=16426 123516 35957 7894 7391 19198 69209 22230 11751 50506 39245 111764 8807 28883 141642 2040 31931 24085 117106 27419 126496 4304 5799 4919 11338 12576 11793 82778 3555 3906 15729
internal_value=-4.83121e-05 -0.000255704 -0.000793372 0.000273944 0.00227374 0.00104775 0.0043518 -0.000591443 6.0438e-05 0.00146024 -0.00129303 -0.00159297 0.000440369 -2.34243e-05 0.000664965 -0.00308092 -0.000710712 -5.22488e-05 0.00231131 -0.000591434 0.000250509 -3.66827e-05 -0.000454549 -0.000532901 -0.00259295 -0.00200666 0.00116507 0.00314351 -0.00245043 0.000136372
internal_weight=291046 244762 121489 123273 11875.2 46283.4 7081.3 111650 111398 40041.4 48492.6 6241.95 80649.3 49153.6 2254.93 9838.81 33509.1 63157.6 23489 34119.1 16552.4 15497.8 36555.9 13416.3 14983.4 11858.8 31495.7 2081.47 3764.24 11045.5
internal_count=1180193 990185 491353 498832 50859 190008 31661 451528 447973 164775 196175 25233 324457 197067 9431 39825 135849 255353 96628 138247 68147 63843 146561 54489 60326 47750 127390 9354 15244 44612
cat_boundaries=0 1 2 3 4 5 6 7
cat_threshold=2 2 6 76 116 2 2
is_linear=0
shrinkage=0.03


Tree=84
num_leaves=31
num_cat=9
split_feature=34 5 22 30 47 27 46 35 5 32 46 31 26 27 48 27 41 40 46 38 50 27 41 45 26 31 26 35 35 32
split_gain=85.0419 58.8162 44.0439 36.7075 36.5751 35.2494 34.6096 26.7412 25.3986 24.1489 24.1034 23.8764 24.2005 23.3437 22.7271 22.2436 23.9259 23.8712 22.2123 21.8964 20.5855 19.7787 19.5507 19.4538 19.2335 26.3191 19.0234 18.8795 19.5816 19.466
threshold=0.51630650000000011 0 23750.000000000004 0.17820350000000004 8.5000000000000018 1 0.16286800000000004 0.41075100000000003 2 0.43205950000000004 0.14022000000000004 0.074088850000000026 3 4 1.0000000180025095e-35 5 0.49994500000000003 9407.5000000000018 0.062994350000000018 0.18302900000000003 1.0000000180025095e-35 6 0.47781350000000006 0.39221450000000008 7 0.13544050000000005 8 0.63047150000000007 0.52640300000000007 0.34514350000000005
decision_type=8 1 2 8 2 9 10 10 1 10 8 10 9 9 2 9 8 2 10 10 2 9 8 10 9 10 9 10 10 10
left_child=4 3 10 5 6 -2 7 -1 -8 15 -3 -5 22 -14 -6 24 17 -17 -4 -15 21 -7 -13 -22 25 -9 -18 28 29 -26
right_child=1 2 18 11 14 20 8 9 -10 -11 -12 12 13 19 -16 16 26 -19 -20 -21 23 -23 -24 -25 27 -27 -28 -29 -30 -31
leaf_value=-0.0017892493632670015 -0.0016737764886897905 0.0021552763641979945 -0.0022254153982089716 -0.00433853279833673 -0.00083896809909811702 0.0039872832161683388 0.00012360781225961105 0.0030255578748247507 0.0036703727536171573 -0.002981555093913962 0.0049108200184261718 -0.0026777069676037373 -0.0013401978131053012 -0.00038826736709299541 -0.0034850348370570293 -0.0021786245732433006 0.0013770269127418048 0.0060532551550889699 0.0014808856181687583 0.0017270879453898569 0.0007237783101210893 0.0014473775500383655 0.00060286571541784992 -0.0028480004790014776 0.00153770396815614 -0.0012976164130457663 -0.00016969026796864089 0.006187813391405575 -0.0036270446286407179 -0.001675885482790618
leaf_weight=17479.846271842718 3943.3022006601095 9474.6175744384527 2532.335477694869 1147.7731825858355 6153.5864243358374 3134.0412360578775 47619.106423139572 2180.5034815818071 1887.5791819989681 3209.8404910117388 4142.8207459002733 1690.6459023803473 17648.188407599926 19998.21756143868 5628.9364998340607 5082.836029291153 12716.605938315392 333.58419695496559 3411.0009133666754 5642.8296948373318 9646.4107614904642 24294.750588268042 45078.607652485371 1595.5891523957253 2031.9323922097683 3008.546570584178 16280.511399030685 271.8476103246212 3721.4839833378792 9975.6624687314034
leaf_count=70561 15913 41659 10777 4615 24753 12904 191190 8766 7923 12996 18392 6783 70907 80325 22714 20405 51145 1339 14700 22642 39361 99668 181130 6493 8154 12076 65547 1118 14987 40056
internal_value=3.38046e-05 0.000519648 0.00205634 0.000294761 -0.00050761 0.00102165 -0.000357599 -0.000758526 0.000259658 -0.0004516 0.00299669 -4.45575e-05 9.9777e-06 -0.00050077 -0.0021062 -0.00030486 0.000165322 -0.00166304 -9.35752e-05 7.62072e-05 0.00129749 0.00174107 0.000483369 0.000213539 -0.00106936 0.000512968 0.000508072 -0.00158438 -0.00172278 -0.00112933
internal_weight=290964 153381 19560.8 133820 137582 42614.1 125800 76293.2 49506.7 58813.4 13617.4 91206.3 90058.5 43289.2 11782.5 55603.5 34413.5 5416.42 5943.34 25641 38670.8 27428.8 46769.3 11242 21190 5189.05 28997.1 16000.9 15729.1 12007.6
internal_count=1179999 626269 85528 540741 553730 174339 506263 307150 199113 236589 60051 366402 361787 173874 47467 223593 138436 21744 25477 102967 158426 112572 187913 45854 85157 20842 116692 64315 63197 48210
cat_boundaries=0 1 2 3 4 5 6 7 8 9
cat_threshold=2 2 2 31 660 404 16 224 2488
is_linear=0
shrinkage=0.03


Tree=85
num_leaves=31
num_cat=5
split_feature=0 5 0 0 27 0 1 0 33 0 27 33 46 44 30 1 35 38 46 27 47 48 39 53 1 34 46 1 27 1
split_gain=77.3988 97.3222 129.846 76.3201 69.718 178.823 72.6276 57.33 54.7723 50.6529 47.6121 44.8911 35.9215 35.3682 35.008 33.3481 32.9457 31.1449 30.4524 28.7896 28.4971 25.773 23.9369 27.99 24.5075 22.852 20.8707 23.5399 20.6798 24.4759
threshold=2023.5000000000002 0 2022.5000000000002 2020.5000000000002 1 2022.5000000000002 4.5000000000000009 2020.5000000000002 0.43883250000000001 2019.5000000000002 2 0.40206400000000003 0.1486915 0.48711950000000009 0.10682800000000002 6.5000000000000009 0.3112930000000001 0.12074900000000001 0.14213150000000005 3 1.5000000000000002 1.0000000180025095e-35 0.17589650000000004 -0.00074950000000001394 7.5000000000000009 0.63593900000000014 0.061973300000000002 7.5000000000000009 4 9.5000000000000018
decision_type=2 1 2 2 9 2 2 2 10 2 9 10 8 8 10 2 8 8 10 9 2 2 8 10 2 10 8 2 9 2
left_child=1 4 3 9 5 13 -7 14 16 12 11 -2 25 -1 -6 -5 -9 21 -19 -17 -18 -12 23 -16 -25 -3 27 -11 -22 -30
right_child=10 2 -4 15 7 6 -8 8 -10 26 17 -13 -14 -15 22 19 20 18 -20 -21 28 -23 -24 24 -26 -27 -28 -29 29 -31
leaf_value=-0.00068710650622606036 -0.0037237854431721416 0.0041941024119881544 -0.0022039412108829618 0.0065589756720562031 0.0032492795694474526 -0.0040997878158248692 0.0056588008300351893 -0.0069257594728260692 0.00033423842363853576 -0.0010041413164285646 0.0019697898876282426 0.0021854457285170876 0.0072271667638238828 -0.0037672017511475105 0.0015587989570138045 -0.0063677198744838525 6.7064895121328696e-05 -0.0027765758708074911 -0.0010016496632783624 0.0036503439692525969 -0.00032060615553152616 -0.0014934028853189601 -0.00048317806552532845 -0.00052212276348858298 0.0012645560969130024 -0.00092654075755199412 0.00037842725951741274 -0.0087511490209037732 -0.0016528931360981572 -0.0052249030062873356
leaf_weight=4584.2220218330622 1410.9394822269678 1513.6572638452053 5116.2257689386606 5507.0529860407114 5078.9022800922394 842.79661746323109 3585.0060090273619 822.74865235388279 68751.941535159945 950.85459758341312 3927.8376879096031 6310.7379344552755 1489.5983607918024 12793.173278674483 30572.846421003342 262.61931730806828 17994.344786077738 16492.291197374463 18577.189913272858 4140.2507670670748 10007.485503181815 3799.0247285664082 13178.89885777235 16029.022294059396 12125.765318468213 1607.5036486834288 2955.4050472378731 569.31015136837959 18196.050250723958 1917.0017184615135
leaf_count=18426 5680 6659 20522 25038 21305 3389 14406 3322 276497 3938 15803 25340 6766 51360 123609 1186 72308 66347 74606 18813 40202 15287 53120 64961 49019 7252 12340 2333 73130 7701
internal_value=1.62537e-06 0.000225882 0.00203367 0.00317673 2.43591e-05 -0.00158361 0.00379304 0.000204711 -0.000211457 0.00118594 -0.00106576 0.00109935 0.00339334 -0.00295665 0.000841318 0.00499813 -0.000978685 -0.00145707 -0.00183737 0.00303589 -0.000875944 0.000263261 0.000670693 0.000930152 0.000246355 0.00154884 -0.00108218 -0.00393666 -0.00144025 -0.00199457
internal_weight=291111 240593 24112.5 18996.3 216480 21805.2 4427.8 194675 117690 9086.33 50518 7721.68 4610.76 17377.4 76985.4 9909.92 48937.6 42796.3 35069.5 4402.87 48114.9 7726.86 71906.5 58727.6 28154.8 3121.16 4475.57 1520.16 30120.5 20113.1
internal_count=1180665 977602 104847 84325 872755 87581 17795 785174 473160 39288 203063 31020 20677 69786 312014 45037 196663 172043 140953 19999 193341 31090 290709 237589 113980 13911 18611 6271 121033 80831
cat_boundaries=0 1 2 3 4 5
cat_threshold=2 2 2050 80 352
is_linear=0
shrinkage=0.03


Tree=86
num_leaves=31
num_cat=5
split_feature=34 5 0 0 9 41 0 27 11 32 5 27 30 25 32 37 7 32 30 0 46 41 30 40 31 46 37 36 42 31
split_gain=83.647 46.4633 79.0991 36.8389 30.4466 29.1329 35.6844 56.6731 36.7852 26.9758 23.8391 28.7761 23.4252 22.3551 22.2399 24.247 22.2694 22.5327 25.3832 21.6477 21.4741 21.1477 20.9243 20.8634 20.5797 47.8451 22.8353 21.0247 19.4866 19.2484
threshold=0.51630650000000011 0 2022.5000000000002 2020.5000000000002 1.0000000180025095e-35 0.48538450000000005 2021.5000000000002 1 6.5000000000000009 0.37756350000000005 2 3 0.31032300000000007 4 0.33451750000000008 0.29438050000000004 1.5000000000000002 0.41798700000000005 0.098365600000000011 2022.5000000000002 0.15167600000000003 0.52316850000000004 0.13878850000000001 4430.5000000000009 0.14000100000000001 0.19782000000000002 0.12018500000000001 0.42002150000000005 0.10213300000000002 0.18485600000000002
decision_type=8 1 2 2 2 8 2 9 2 10 1 9 10 1 10 8 2 10 10 2 8 10 8 2 10 10 10 10 10 8
left_child=5 4 3 20 22 -1 10 9 12 19 11 23 13 -9 15 -6 17 18 -16 -8 -3 -19 -2 -7 26 27 -13 -26 -18 -17
right_child=1 2 -4 -5 14 6 7 8 -10 -11 -12 24 -14 -15 16 29 28 21 -20 -21 -22 -23 -24 -25 25 -27 -28 -29 -30 -31
leaf_value=-0.0021957832094892308 0.0024715301428946258 0.00032756338442724514 -0.0016680440255915547 0.0043178838530179469 0.0014868887338763898 -0.0021582928746353342 -0.00084304694071810136 0.00021584726761817474 -0.0022426560192027423 -0.00015474566417441994 0.002854196330897207 -0.0001919035842100408 -0.0029150334124376288 -0.0012157000638357075 0.0043834827305321115 -0.0059979080714632239 -0.0059202516744157278 -0.0051752868351293219 0.00018213121900102406 0.0039283178587593238 0.0039845392781929518 -0.00054652856960333087 0.00067235047430309143 0.0016846629022817001 -0.003617469451681953 0.0017805232562186114 0.0017430062346111661 -0.00073274565140355201 -0.00084604570933025146 0.0025234694587431476
leaf_weight=8670.0560565292835 6963.7844985425472 5226.1187295019627 4387.4441604018211 7912.564291447401 12516.171568661928 7503.9831721782684 1096.4681062549353 20672.828759908676 19902.773961976171 6131.1601168066263 2841.1611344367266 9076.6911993920803 3852.7541262805462 18643.536034122109 1326.8449290543795 722.91846813261509 703.39019545912743 1299.2851122170687 49765.388562470675 3730.9587480127811 2006.3996664583683 2853.6093277484179 35965.931950941682 1519.489495113492 2883.8144905120134 6509.9940779656172 13785.071426957846 10938.08875785768 21206.135973379016 347.43674346804619
leaf_count=34858 28880 22667 17592 36377 50814 30159 4446 82996 79980 24871 12076 36488 15598 74817 5640 2936 2853 5229 200619 14965 8892 11499 144901 6101 11620 26149 55468 43911 85420 1401
internal_value=2.43895e-05 0.000506824 0.00187374 0.00290188 0.000306823 -0.000511913 -0.000398538 -0.000828749 -0.00117488 0.00116046 0.000179386 3.31179e-05 -0.000682047 -0.00046226 -4.27746e-06 0.00111446 -0.000201705 0.000118788 0.000292077 0.00283852 0.00134744 -0.0020046 0.000965053 -0.00150583 0.000355658 -0.000337521 0.000973562 -0.00133744 -0.00101111 -0.0032046
internal_weight=290962 153203 19532.5 15145.1 133671 137759 129089 74030.5 63071.9 10958.6 55058.3 52217.1 43169.1 39316.4 90741.2 13586.5 77154.7 55245.1 51092.2 4827.43 7232.52 4152.89 42929.7 9023.47 43193.7 20331.9 22861.8 13821.9 21909.5 1070.36
internal_count=1180223 625720 85528 67936 540192 554503 519645 297673 253391 44282 221972 209896 173411 157813 366411 55151 311260 222987 206259 19411 31559 16728 173781 36260 173636 81680 91956 55531 88273 4337
cat_boundaries=0 1 2 3 4 5
cat_threshold=2 2050 2 10 2
is_linear=0
shrinkage=0.03


Tree=87
num_leaves=31
num_cat=6
split_feature=30 6 48 46 45 35 5 7 30 32 34 42 7 27 6 27 26 26 1 45 21 37 32 27 45 45 46 29 40 23
split_gain=76.202 40.7601 34.5024 32.7416 37.9593 26.2076 25.2468 25.0956 22.1597 19.3815 24.3386 18.4675 21.4307 19.1528 18.0096 21.3415 19.6772 17.4278 21.3284 17.2787 17.2688 17.0958 16.3487 21.5596 16.2567 19.0592 15.8269 15.489 15.4011 14.9697
threshold=0.18405450000000004 1.5000000000000002 1.0000000180025095e-35 0.075615400000000013 0.45046950000000002 0.6114035000000001 0 1.5000000000000002 0.11091700000000002 0.40833500000000006 0.80116300000000018 0.15106150000000004 1.0000000180025095e-35 1 2.5000000000000004 2 3 4 8.5000000000000018 0.40212950000000008 0.78500000000000014 0.43095200000000006 0.38292650000000006 5 0.060627200000000006 0.29726600000000009 0.057398850000000008 0.50178250000000013 5607.5000000000009 21515.500000000004
decision_type=8 2 2 10 10 10 1 2 10 10 10 10 2 9 2 9 9 9 2 10 2 8 10 9 10 10 10 10 2 2
left_child=7 3 6 4 22 11 24 8 -1 -10 -11 -5 21 -14 15 -4 -16 18 -9 -19 -17 -13 -2 -24 -3 -26 28 -7 -25 -22
right_child=1 2 14 5 -6 27 -8 17 9 10 -12 12 13 -15 16 20 -18 19 -20 -21 29 -23 23 26 25 -27 -28 -29 -30 -31
leaf_value=0.002588041138488996 -0.00061672791620987681 -0.0060549471986570342 0.00064093988487466203 0.00031951502796467483 0.0010120537632282069 0.0055852489683810552 0.0028167246698204262 0.00042151575551869732 0.0010784762450704952 -0.0013659663029489584 0.0090689859494727174 -0.0012166801411517935 -0.0011740814717161087 0.00095432569498203927 -0.00058683825763797628 -0.0029217289720381034 -0.0038235018828170716 -0.00013952224587118203 0.0049496819318669838 -0.0028302393798991517 -0.0081661701594616925 -0.0090161514714084592 -0.00077767787852232547 -0.0030060043471195194 0.00038529842793137052 -0.0012569521321142492 -0.00067024675544628744 0.0013355853096322203 -0.0067440295888625519 -0.00052221158993190949
leaf_weight=7968.2333457618952 17089.568716242909 470.68255822360516 4115.9037736207247 75289.938584163785 8317.0562313497066 856.46451304852962 2177.6704470962286 4449.165494248271 43902.455680087209 4667.7768701016903 206.69612088799477 15070.641203060746 5857.9956363141537 10780.53135971725 2383.4046407788992 6617.3353096842766 6156.6023329943419 14486.181715846062 1189.372797369957 2525.0797379910946 236.47844356298447 255.71730448305607 7296.5563296973705 4830.5666913986206 12627.841271743178 12769.339299649 1950.9183803498745 8224.6907627135515 1275.96779294312 6867.9467185884714
leaf_count=34226 68865 1888 16674 302901 33529 3645 9260 18149 179714 19352 918 60541 23511 43317 9609 26642 24881 59703 4838 10308 951 1031 29761 19549 50660 51235 7889 33761 5141 27667
internal_value=-9.80978e-06 -0.000307382 -0.00101494 -6.20556e-05 -0.000793853 0.0001941 -0.000281061 0.000782569 0.00111955 0.000878898 -0.000912028 6.27675e-05 -0.000541009 0.000202957 -0.00179396 -0.00124828 -0.00292939 -6.03947e-05 0.00138166 -0.000540795 -0.00181631 -0.00135051 -0.00125778 -0.00196908 -0.000543302 -0.000439272 -0.00303883 0.0017414 -0.00379491 -0.000784209
internal_weight=290915 211520 54423.2 157097 40760.6 116336 28045.5 79395 56745.2 48776.9 4874.47 107255 31964.9 16638.5 26377.7 17837.7 8540.01 22649.8 5638.54 17011.3 13721.8 15326.4 32443.6 15354 25867.9 25397.2 8057.45 9081.16 6106.53 7104.43
internal_count=1180116 852908 219467 633441 164734 468707 113043 327208 234210 199984 20270 431301 128400 66828 106424 71934 34490 92998 22987 70011 55260 61572 131205 62340 103783 101895 32579 37406 24690 28618
cat_boundaries=0 1 2 3 4 5 6
cat_threshold=2 596 1090 2121 2128 2642
is_linear=0
shrinkage=0.03


Tree=88
num_leaves=31
num_cat=12
split_feature=34 26 46 42 26 7 53 27 31 28 1 47 36 1 29 7 18 26 27 18 18 32 26 27 44 0 26 21 0 27
split_gain=65.475 42.3764 38.1848 35.8928 59.7088 27.4735 26.1139 26.0959 24.1517 22.3623 22.6283 21.5591 21.3881 24.4389 20.8932 20.0083 22.0722 19.3731 20.2511 19.1604 18.8412 17.9392 17.7934 17.6234 25.3423 21.3977 19.8032 17.6138 17.2776 25.0732
threshold=0.57004650000000001 0 0.044388800000000006 0.1427245 1 1.5000000000000002 0.0026094999999999873 2 0.11112550000000002 135.50000000000003 6.5000000000000009 5.5000000000000009 0.36994600000000005 6.5000000000000009 0.60532950000000019 1.0000000180025095e-35 3 4 5 6 7 0.3269450000000001 8 9 0.59520250000000019 2020.5000000000002 10 0.025000000000000005 2019.5000000000002 11
decision_type=8 9 10 10 9 2 10 9 10 2 2 2 10 2 10 2 1 9 9 1 1 10 9 9 10 2 9 2 2 9
left_child=3 2 -2 4 20 28 7 9 17 -6 -11 -10 -5 15 19 -14 -17 18 -8 -4 -1 -9 -18 25 26 -15 -25 -23 29 -3
right_child=1 5 14 12 6 -7 8 21 11 10 -12 -13 13 23 -16 16 22 -19 -20 -21 -22 27 -24 24 -26 -27 -28 -29 -30 -31
leaf_value=0.0014547114302962099 -0.00053993669948260137 0.003171306102740083 0.0024423105979713968 -0.0029749420621026901 0.0062004505130268438 -0.00085337582567500555 -0.0011847299987472147 0.0037369181918179319 0.00044970211159133281 -0.0024334891877635821 0.00042666587286172713 -0.0017487901948962184 -0.00091816861794453085 0.0022929184679630764 0.0030212961127122533 -0.0002915265567126705 -0.0023974397934593958 -0.0013719977172794026 -0.011694883804678929 0.00064080054577156289 -0.0021303612262446262 -0.0016269192670608406 0.0019592928957287 0.00085923381836651739 -0.0031994753425303784 -0.0008226254578964187 -0.0015941830059030583 0.0010954833103044271 0.00018799940646594912 0.00028256208944417677
leaf_weight=1462.4803080260754 7619.5689917206764 4808.3552233278751 8609.2827824950218 3751.013206243515 415.99180009961128 18604.420297965407 297.43095561861992 2190.0272081643343 15183.843075409532 4541.4043572843075 5472.8421885371208 5450.8978737145662 17368.936067178845 2172.9232437610626 9287.9714358001947 15546.293526008725 918.95936168730259 1411.0085681676865 418.4739977568388 14086.610124051571 12217.333206564188 2251.1162582933903 8676.4109208583832 3742.2979989051819 7095.7449829280376 22078.173408389091 13846.007348641753 39213.218407437205 35806.757597953081 6237.4224935024977
leaf_count=5910 32090 19754 35352 15198 1674 75502 1199 8867 61177 18293 22033 21945 69865 8761 40055 62523 3695 5715 1685 57862 49301 9063 34903 15028 28573 88664 55645 158371 145135 25843
internal_value=-7.8435e-06 0.000590573 0.00136505 -0.000346524 8.08558e-05 0.000121265 0.000406307 0.000765317 -0.000445239 -0.000580707 -0.000867744 -0.00012977 -0.000753239 -0.000661685 0.00182025 -0.000134675 0.000405447 -0.00348726 -0.00746848 0.00132708 -0.00174388 0.00108751 0.00153624 -0.00111886 -0.00168358 -0.00054176 -0.00107082 0.000946852 0.000508976 0.00154643
internal_weight=290783 105060 39603.4 185723 90526.1 65457 76846.3 54084.6 22761.7 10430.2 10014.2 20634.7 95196.8 91445.7 31983.9 42510.6 25141.7 2126.91 715.905 22695.9 13679.8 43654.4 9595.37 48935.1 24684.1 24251.1 17588.3 41464.3 46852.5 11045.8
internal_count=1179681 431593 165359 748088 365233 266234 310022 218301 91721 42000 40326 83122 382855 367657 133269 170986 101121 8599 2884 93214 55211 176301 38598 196671 99246 97425 70673 167434 190732 45597
cat_boundaries=0 1 2 3 4 5 6 7 8 9 10 11 12
cat_threshold=3139 2 520 160 560 452 106 85 4 2792 2058 316
is_linear=0
shrinkage=0.03


Tree=89
num_leaves=31
num_cat=5
split_feature=34 47 30 34 53 29 46 7 0 28 27 28 11 1 28 26 5 0 33 27 41 33 46 35 19 26 23 45 39 44
split_gain=78.1644 46.6582 32.3126 32.1769 28.5257 25.4788 26.8396 25.3653 25.4096 23.6725 22.0241 20.506 18.1147 19.1394 18.4361 22.2762 20.2868 23.6648 19.5637 19.3369 18.766 19.837 18.4466 19.1861 18.1173 18.0693 17.8757 17.832 17.7392 17.4188
threshold=0.60234150000000009 8.5000000000000018 0.25180000000000008 0.33184500000000006 0.091278500000000026 0.57144000000000006 0.072034700000000021 1.5000000000000002 2019.5000000000002 4719.5000000000009 0 145.50000000000003 1.0000000180025095e-35 8.5000000000000018 5316.5000000000009 1 2 2022.5000000000002 0.41021550000000007 3 0.46995400000000004 0.50147800000000009 0.12645100000000004 0.53662600000000016 74.850000000000009 4 22429.500000000004 0.18762600000000004 0.15005050000000003 0.52323850000000005
decision_type=8 2 8 10 10 10 8 2 2 2 9 2 2 2 2 9 1 2 10 9 10 10 10 10 2 9 2 10 10 10
left_child=1 3 4 -1 7 6 -5 8 -2 28 -6 -12 13 -8 16 19 18 -18 22 29 -20 -22 24 -24 -14 -15 -26 -21 -3 -16
right_child=2 9 -4 5 10 -7 12 -9 -10 -11 11 -13 14 25 15 -17 17 -19 20 27 21 -23 23 -25 26 -27 -28 -29 -30 -31
leaf_value=-0.001396165150145673 0.0025016341353252549 -0.00017317855395241057 -0.00068668416319304926 -0.00092854024483018482 0.0056784089557068412 0.00078509498760803091 0.0012989831747035479 -5.8191785735677103e-05 0.0008555842490259824 -0.0040277561678890269 -0.0063615283898721163 0.0023493758341718105 -0.0052895227612836989 0.0013825564211492119 0.0064193509714041089 -0.0023308392115669297 0.004860692880042634 -2.822856738666685e-05 -0.0029795859978118343 -0.0028910343784747188 0.00032053945467023517 -0.0026680710961582794 0.00056727182604323777 -0.0035447245631763272 0.0053730705680276117 -0.0020976169745381321 -0.0031130549849058137 0.00011388430895776437 -0.0022582220165883083 -0.0016169315007436521
leaf_weight=16372.918847978115 11541.878453522921 7487.5519820153713 10531.888148218393 32643.079775378108 1973.7506555467844 30360.01857689023 17207.763859763741 17452.450206279755 31808.992680042982 3276.5044363290071 256.08144615590572 3654.3339291363955 1730.0159440487623 2203.0282977968454 706.68641395866871 6955.1623758673668 1679.2485972344875 1868.9081117808819 1690.6604273319244 2301.6921342760324 59885.018425196409 2063.2933601289988 4223.1441639214754 1341.0952107459307 337.76591743528843 3377.5224016010761 644.45536237955093 7694.4726697206497 7269.4919634759426 359.51319748163223
leaf_count=66034 48367 30221 42710 131439 8580 124001 69169 71676 130657 13174 1085 15699 6951 8858 2838 27929 7251 7500 6779 9218 240301 8284 16938 5378 1357 13564 2589 30868 29316 1442
internal_value=3.75362e-05 -0.000257979 0.000855644 -0.000123213 0.00109969 -6.76564e-06 -0.000168423 0.000905878 0.00129467 -0.00171813 0.00309587 0.00176232 4.47435e-05 0.0008033 -0.000139872 -0.0010021 6.56263e-05 0.00227927 -4.32637e-05 -0.000161327 0.00013477 0.00022039 -0.00141537 -0.000419791 -0.00344406 -0.000719656 -0.000156924 -0.000575105 -0.00120258 0.00365045
internal_weight=290898 213679 77219.4 195645 66687.5 179273 148913 60803.3 43350.9 18033.5 5884.17 3910.42 116269 22788.3 93481.1 18017.5 75463.6 3548.16 71915.4 11062.4 63639 61948.3 8276.48 5564.24 2712.24 5580.55 982.221 9996.16 14757 1066.2
internal_count=1180173 861399 318774 788688 276064 722654 598653 250700 179024 72711 25364 16784 467214 91591 375623 72295 303328 14751 288577 44366 255364 248585 33213 22316 10897 22422 3946 40086 59537 4280
cat_boundaries=0 1 2 3 4 5
cat_threshold=3652 458 2 2050 2077
is_linear=0
shrinkage=0.03


Tree=90
num_leaves=31
num_cat=7
split_feature=41 47 46 42 34 32 8 26 35 28 26 26 41 7 22 28 13 18 29 26 13 33 29 48 45 16 28 26 46 18
split_gain=63.5981 45.5819 48.5027 32.6175 30.4362 26.4528 26.3513 24.2456 22.6852 23.9781 22.7936 20.6727 19.1298 18.6216 18.0552 17.2093 17.1689 16.7701 16.0758 15.7472 20.6169 15.2961 15.1764 15.6281 21.3369 15.1237 15.051 14.7424 18.2234 16.0802
threshold=0.54949250000000005 9.5000000000000018 0.075615400000000013 0.14286350000000003 0.5762790000000001 0.40529700000000007 1.5000000000000002 0 0.62748400000000004 694.50000000000011 1 2 0.69192950000000009 1.0000000180025095e-35 24138.000000000004 8774.5000000000018 1.5000000000000002 3 0.66674900000000015 4 3.5000000000000004 0.46300000000000002 0.41463600000000006 1.0000000180025095e-35 0.25198500000000007 1.0000000180025095e-35 6470.5000000000009 5 0.078950700000000013 6
decision_type=8 2 8 10 8 10 2 9 10 2 9 9 10 2 2 2 2 1 8 9 2 10 10 2 8 2 2 9 10 1
left_child=1 2 5 11 13 17 26 -6 10 16 22 15 -12 14 -5 -4 27 -1 -13 -11 -21 -17 -2 24 -24 -15 -3 28 -10 -30
right_child=8 6 3 4 7 -7 -8 -9 9 19 12 18 -14 25 -16 21 -18 -19 -20 20 -22 -23 23 -25 -26 -27 -28 -29 29 -31
leaf_value=0.00019935200357525077 -0.0054644556521685466 -0.0023457464602773038 -0.00072828738015641328 -0.0015744906784868498 0.0019203618684294761 -0.0023623430975963327 -0.00013123431082168619 -2.4313973492139367e-05 -0.0012163666585451771 0.003928490357217828 0.00058536964405522601 0.00087788334668403173 0.0034958684510815949 -0.00036637151637033261 0.00032953153089231192 0.0096779844402152312 0.0027852834405056458 -0.0011611319447631583 0.0053952940120462339 0.0021259724016323856 -0.0051372827861603729 5.2879611621168269e-05 0.0045291327282428531 -0.0015803890542087271 -0.00037921183514855281 0.0016692839527461514 -0.0059508158407945043 -0.0019034010009660446 -0.0020013511869431525 0.006115796871198083
leaf_weight=13383.212508440018 596.79969748854637 8627.5494682192802 11181.059041053057 22314.896885827184 8473.9670442342758 10320.59966018796 5123.3203411102295 17940.09397700429 1213.7139622122049 4913.331531599164 56476.666898578405 44746.861948847771 2110.7600598484278 31994.690988942981 5576.7006870508194 272.41315767168999 2079.5708976536989 20726.255389645696 720.4168411642313 2657.374265357852 400.65490230917931 336.57066249847412 1050.7836939841509 5640.2961020022631 3236.2652153223753 3654.6357848197222 1201.4477000683546 2810.9816546440125 286.4192081540823 840.48759278655052
leaf_count=53948 2426 34787 45110 89646 34506 41849 20649 72356 5386 21832 229450 180399 9190 128501 22398 1097 9087 83525 3080 11049 1670 1356 4314 22952 13193 14680 4831 12061 1262 3697
internal_value=-3.14003e-06 -0.000286614 -0.000161958 0.000100057 -0.00025597 -0.00103073 -0.00188196 0.000599292 0.000691085 0.00174089 0.000459658 0.000659905 0.000690795 -0.000611987 -0.00119273 -0.000457662 0.000484634 -0.000626764 0.000950263 0.00287612 0.00115668 0.00443378 -0.000823926 -0.000541194 0.000819188 -0.000156719 -0.00279114 -0.000439341 0.00130885 0.00406274
internal_weight=290909 206595 191642 147212 89955 44430.1 14952.3 26414.1 84314.1 15202.5 69111.6 57257.3 58587.4 63540.9 27891.6 11790 7231.17 34109.5 45467.3 7971.36 3058.03 608.984 10524.1 9927.35 4287.05 35649.3 9829 5151.6 2340.62 1126.91
internal_count=1180287 832718 772451 593129 362087 179322 60267 106862 347569 66044 281525 231042 238640 255225 112044 47563 31493 137473 183479 34551 12719 2453 42885 40459 17507 143181 39618 22406 10345 4959
cat_boundaries=0 1 2 3 4 5 6 7
cat_threshold=3203 2 2178 46 263 2258 28
is_linear=0
shrinkage=0.03


Tree=91
num_leaves=31
num_cat=8
split_feature=48 24 0 5 0 0 46 6 44 46 46 37 30 26 28 28 44 0 34 33 44 27 27 0 26 27 27 35 53 46
split_gain=69.906 82.6379 88.2956 55.9254 66.3393 40.5815 39.1892 35.062 32.5718 32.3691 26.9531 25.5233 25.1613 23.4162 34.9321 23.1001 35.2613 21.7753 28.1194 21.4048 25.8639 25.9775 20.7019 22.6089 20.204 26.7158 24.7407 20.1023 20.0572 21.7543
threshold=1.0000000180025095e-35 0 2019.5000000000002 1 2022.5000000000002 2020.5000000000002 0.14773750000000005 2.5000000000000004 0.65109200000000012 0.37733500000000003 0.25775850000000006 0.28501400000000005 0.098365600000000011 2 6711.5000000000009 1601.5000000000002 0.80562900000000004 2022.5000000000002 0.81302950000000018 0.44643050000000006 0.40477350000000006 3 4 2023.5000000000002 5 6 7 0.70254200000000011 -0.015256999999999963 0.019408300000000003
decision_type=2 1 2 1 2 2 10 2 10 10 10 10 10 9 2 2 10 2 10 10 8 9 9 2 9 9 9 10 10 10
left_child=3 2 11 6 5 -5 13 8 17 12 -3 24 -8 15 22 -1 28 18 -4 20 -19 -22 23 -15 25 -2 -26 -27 29 -17
right_child=1 10 7 4 -6 -7 9 -9 -10 -11 -12 -13 -14 14 -16 16 -18 19 -20 -21 21 -23 -24 -25 26 27 -28 -29 -30 -31
leaf_value=-0.00050449256460415948 -0.0030705273541761511 -0.0019872575416854448 0.00029869365459199887 0.0017273943362701286 -0.0005628895283112228 0.0057030957462351978 0.0054156019489802806 -0.0024043007258422854 -0.0017050743933091999 -0.0013338878129877676 0.0011246411496475301 0.0077701045554862723 0.00092762882097280092 0.00082110919506610074 -0.0038576031623876847 0.0075053386317068147 0.013707997494133975 0.0051064223109175376 0.0057370038579580927 0.00023368112850076118 -0.0033066520796266132 -0.00071136741545110079 -0.0011423673518020728 -0.0020292505034595685 0.0037482732870369861 0.00074096244892536006 0.0011563481013547455 0.0087565986080340753 0.0021251496834804656 -0.00065555099022224651
leaf_weight=11561.196147158742 1716.1902069598436 30832.643662184477 43510.194280251861 4530.1035888195038 4799.8062521219254 4781.5211590528488 1145.7821101397276 7372.6021285206079 11883.523133516312 5778.6407094150782 2711.8179039955139 627.29492881894112 60704.357862278819 14058.464604780078 2907.0194306224585 307.53115645051003 201.03013843297958 527.96121580898762 870.73899245262146 13423.246590092778 5339.7539412230253 10052.253062814474 18095.568819180131 3040.8999207466841 5474.9301374405622 2379.5882237702608 8585.6322544515133 318.54363763332367 7717.9493136554956 5445.3860006034374
leaf_count=46549 7095 125149 176095 19731 19224 22199 4916 29815 48455 23269 11089 2545 244652 56635 11696 1234 810 2118 3677 53994 21454 40389 72779 12213 22381 9839 35202 1441 31042 21857
internal_value=3.57708e-05 -0.000428447 -3.72001e-05 0.00050196 0.00229649 0.00377332 0.000308322 -0.000419127 -0.000247734 0.000810613 -0.00173471 0.00182004 0.00101151 -0.000227561 -0.000697185 0.000480467 0.00131584 -1.23598e-05 0.000406448 -0.000646796 -0.00139098 -0.00161674 -0.000435181 0.000312006 0.00161516 -0.000150992 0.00217026 0.00170078 0.00112567 -0.000210401
internal_weight=290702 145627 112082 145075 14111.4 9311.62 130964 92980.3 85607.7 67628.8 33544.5 19102.2 61850.1 63335 38102 25233.1 13671.9 73724.1 44380.9 29343.2 15920 15392 35194.9 17099.4 18474.9 4414.32 14060.6 2698.13 13470.9 5752.92
internal_count=1179544 590738 454500 588806 61154 41930 527652 375997 346182 272837 136238 78503 249568 254815 153323 101492 54943 297727 179772 117955 63961 61843 141627 68848 75958 18375 57583 11280 54133 23091
cat_boundaries=0 1 2 3 4 5 6 7 8
cat_threshold=2 2 282 664 361 1042 283 284
is_linear=0
shrinkage=0.03


Tree=92
num_leaves=31
num_cat=7
split_feature=48 24 0 5 0 47 30 33 7 41 26 0 0 43 53 3 47 31 37 26 26 7 9 30 52 26 26 22 37 22
split_gain=62.3474 82.7797 66.0172 62.3559 72.3701 41.2261 31.7132 31.1902 28.919 27.5792 27.4846 26.8646 25.0723 22.8482 25.8227 26.4303 22.7448 22.1543 22.7848 38.5415 21.2806 19.651 19.6485 19.5243 22.1664 22.9803 21.5026 18.9609 20.7732 18.433
threshold=1.0000000180025095e-35 0 2019.5000000000002 1 2022.5000000000002 8.5000000000000018 0.17735450000000005 0.46808600000000006 1.0000000180025095e-35 0.53002650000000007 2 2020.5000000000002 2023.5000000000002 1001.5000000000001 0.004557499999999993 6.5000000000000009 8.5000000000000018 0.085177200000000022 0.16740450000000004 3 4 1.5000000000000002 1.0000000180025095e-35 0.26098400000000005 -0.12684299999999998 5 6 23768.000000000004 0.16860700000000003 23848.500000000004
decision_type=2 1 2 1 2 2 8 10 2 8 9 2 2 2 10 2 2 8 10 9 9 2 2 8 8 9 9 2 10 2
left_child=3 2 9 6 11 8 13 16 12 -2 -9 22 -4 14 15 -1 23 -8 19 -19 -10 -13 -5 24 25 -3 -25 -20 -29 -15
right_child=1 7 5 4 -6 -7 17 10 20 -11 -12 21 -14 29 -16 -17 -18 18 27 -21 -22 -23 -24 26 -26 -27 -28 28 -30 -31
leaf_value=0.0025021842123732112 -0.00085550430329090854 0.00079780478146764 -0.00039822002134203157 -0.00089026348406297121 -0.00062974197469899877 -0.0024932735042595563 -0.0039983033600171393 -0.0020619383303216963 0.0011338018584317276 0.0021276978811420617 0.0019372099598026994 0.0066282007763566091 -0.002353125262983534 0.0014188004097714544 -0.0019464396973784966 -0.0015843389941977107 -0.0049588391863654999 -0.00053086851153793504 -0.00098275672024307936 0.00101726734745979 -0.00016287310869957322 0.0021862948702980984 0.0034816212127765649 -0.0054072099229650434 -0.0009426647461709491 -0.0063949411254792142 -0.0019854771999253946 -0.0091107575153957683 0.00050971976730798609 0.0042289003690697113
leaf_weight=4386.8229381144047 3376.7989727556705 553.80555181205273 29731.623635604978 1276.8947021067142 4764.8359510749578 7390.7870823889971 1214.4658445715904 2727.9031628221273 18228.666966423392 15635.428558319807 3533.2734785228968 3536.1283394396305 7384.5602133274078 15562.359756946564 3765.9023941010237 2096.9082735180855 2385.5116376727819 23171.465670064092 25294.044914379716 38439.538645520806 30246.947294101119 1235.7974761128426 3255.4025244265795 2549.0259486734867 15387.73603862524 1382.6307878345251 4940.7772077620029 201.62498714029789 14418.467509508133 2445.6065078377724
leaf_count=17956 13688 2230 120452 5565 19084 29889 4879 10988 73511 64468 14281 16456 29702 63621 15372 8509 9727 92983 101443 154398 122464 5745 14187 10346 62700 5582 20040 811 57876 9956
internal_value=3.31698e-05 -0.000405609 -1.41359e-05 0.000473332 0.0023713 -0.000343769 0.000269212 -0.00171488 -0.00015773 0.00159622 0.000189698 0.0039111 -0.000788131 0.00115922 2.54801e-05 0.00117581 -0.00215437 2.41048e-05 7.26339e-05 0.000434619 0.000324347 0.00548625 0.00224353 -0.00188299 -0.0013263 -0.00435321 -0.00316557 -0.000485361 0.000373151 0.00180274
internal_weight=290522 145455 111995 145066 14069.1 92982.6 130997 33460.7 85591.8 19012.2 6261.18 9304.22 37116.2 28257.6 10249.6 6483.73 27199.5 102740 101525 61611 48475.6 4771.93 4532.3 24814 17324.2 1936.44 7489.8 39914.1 14620.1 18008
internal_count=1178909 590068 454174 588841 61037 376018 527804 135894 346129 78156 25269 41953 150154 115414 41837 26465 110625 412390 407511 247381 195975 22201 19752 100898 70512 7812 30386 160130 58687 73577
cat_boundaries=0 1 2 3 4 5 6 7
cat_threshold=2 2 1928 801 537 2061 22
is_linear=0
shrinkage=0.03


Tree=93
num_leaves=31
num_cat=7
split_feature=48 24 5 0 0 0 35 24 22 26 50 26 34 53 45 26 19 47 46 37 32 39 45 31 31 11 26 6 34 34
split_gain=56.5941 78.8481 68.4364 62.8723 56.9121 40.5276 35.4125 32.1401 33.3296 50.2038 30.9219 35.4721 30.0511 29.2389 26.2635 26.1942 25.9131 25.2959 24.4572 23.5681 22.9474 22.5389 21.5671 26.337 20.4199 19.8769 19.5276 19.1554 18.6445 18.6346
threshold=1.0000000180025095e-35 0 1 2019.5000000000002 2022.5000000000002 2020.5000000000002 0.41709850000000004 2 23632.500000000004 3 1.0000000180025095e-35 4 0.52970600000000012 0.080137500000000042 0.20988050000000003 5 15.850000000000003 9.5000000000000018 0.11112500000000002 0.19773800000000002 0.37700050000000002 0.099314250000000007 0.28283000000000008 0.17647450000000001 0.085177200000000022 5.5000000000000009 6 2.5000000000000004 0.22401400000000002 0.73363900000000004
decision_type=2 1 1 2 2 2 8 1 2 9 2 9 10 10 8 9 2 2 8 10 8 10 8 10 10 2 9 2 8 10
left_child=2 3 7 19 5 18 15 8 24 13 12 -12 20 22 -3 -5 29 -16 25 -2 26 -14 23 -10 -1 -4 -9 -18 -11 -8
right_child=1 14 4 6 -6 -7 16 10 9 28 11 -13 21 -15 17 -17 27 -19 -20 -21 -22 -23 -24 -25 -26 -27 -28 -29 -30 -31
leaf_value=-0.0052252150941913059 0.0011239834444006715 0.00015097778737311712 -0.0022890439770313171 -0.0040323539231189049 -0.0002138676351250608 0.005730608809949249 -0.0015314729255432613 0.0036097824128224678 0.0034640373881725675 -0.0077119045004124869 0.0019662842334065762 -0.0016987939729593542 0.0059517100765199664 0.0091479181166257591 -0.001806885278262182 -0.00085850898459927344 0.00026998117141697873 -0.005325095362491576 0.0042901315892714042 0.004181151292936211 -0.00058899645252736329 0.0021355789855135327 0.00071121609514206261 -0.0036239373463999697 -0.0004644138320728613 0.0030965360241671127 0.00055079468149077642 -0.0016141311215192339 -0.00024921381561662651 0.0023307427367580506
leaf_weight=821.37601271271706 16433.253161519766 5818.923198312521 1561.7120630294085 3670.1986581683159 4827.4599859416485 4758.9577253162861 14493.460799664259 3098.2280671298504 6211.4561138004065 303.11536417901516 3650.9044178277254 6739.0675899088383 1643.5345283746719 476.6649334281683 25737.399680122733 6566.9844598770142 61903.507438242435 1990.6083203405142 1941.778242379427 2644.4874196797609 7120.7638540118933 9599.5605777651072 9748.2337277978659 504.07723584771156 55418.136493861675 1014.1708763837814 4847.1255603134632 5264.4767474681139 20885.908402442932 1210.3891999572515
leaf_count=3344 67674 23702 6756 14835 19335 22180 58500 12471 25125 1218 14704 27174 6780 1935 104449 26483 250376 8103 8548 10761 28637 38906 39328 2022 222906 4393 19466 21283 84099 5041
internal_value=1.70291e-05 -0.00040049 0.000436369 -1.86199e-05 0.00242199 0.00379652 -0.00034037 0.00022242 -7.02514e-05 0.000614073 0.000975761 -0.000407592 0.0015232 0.00183105 -0.00167652 -0.00200494 -0.000134319 -0.00206109 0.00175005 0.00154992 0.000644491 0.00269753 0.00161688 0.00292616 -0.000534754 -0.000155877 0.00175354 0.000121797 -0.000358293 -0.00123149
internal_weight=290906 145734 145172 112187 14104.1 9276.62 93109 131068 94369 38129.5 36699.2 10390 26309.2 16940.4 33546.9 10237.2 82871.8 27728 4517.66 19077.7 15066.1 11243.1 16463.8 6715.53 56239.5 2575.88 7945.35 67168 21189 15703.8
internal_count=1180534 591207 589327 454953 61212 41877 376518 528115 379977 153727 148138 41878 106260 68410 136254 41318 335200 112552 19697 78435 60574 45686 66475 27147 226250 11149 31937 271659 85317 63541
cat_boundaries=0 1 2 3 4 5 6 7
cat_threshold=2 2 2 90 480 194 233
is_linear=0
shrinkage=0.03


Tree=94
num_leaves=31
num_cat=9
split_feature=48 24 0 5 0 46 18 0 46 44 46 9 26 27 5 22 22 32 31 26 27 3 32 28 31 31 22 36 26 53
split_gain=56.1246 67.1261 60.091 51.5202 76.7175 54.5923 34.5426 33.0939 29.5534 28.0311 25.1263 24.7569 24.5416 22.6878 27.6745 22.515 25.7134 24.8471 22.3781 21.9046 21.8841 21.5947 21.3333 20.7335 20.4077 19.8549 19.6089 19.3759 37.5495 19.4132
threshold=1.0000000180025095e-35 0 2019.5000000000002 1 2022.5000000000002 0.17564500000000002 2 2020.5000000000002 0.37733500000000003 0.67012500000000019 0.11112500000000002 4.5000000000000009 3 4 5 24622.500000000004 24270.000000000004 0.45513150000000008 0.15797550000000002 6 7 1.5000000000000002 0.421321 5401.5000000000009 0.082440000000000013 0.14186950000000001 24510.500000000004 0.48761350000000009 8 0.012340499999999978
decision_type=2 1 2 1 2 8 1 2 10 10 10 2 9 9 1 2 2 10 10 9 9 2 10 2 10 10 2 10 9 10
left_child=3 2 13 5 7 15 -3 10 12 11 -5 27 23 14 -2 16 18 20 22 -16 -18 -14 24 -7 -1 -25 -22 28 -4 -30
right_child=1 6 9 4 -6 8 -8 -9 -10 -11 -12 -13 21 -15 19 -17 17 -19 -20 -21 26 -23 -24 25 -26 -27 -28 -29 29 -31
leaf_value=-0.0049948304711907657 -0.0026152274771797258 -0.002454289920612892 -0.0026179828450863386 -4.5361545784315747e-05 -0.00095465424445491159 0.00085001274263827318 -0.00050742201880785056 0.0054713731039818178 -0.0010752789077989398 -0.0018883644306969898 0.0044651605827054491 -0.0012071997244313016 0.0037527364517480465 0.0019204462416354537 0.010022452483597072 -0.0054050823739800373 0.004442601242569337 -0.0079423034741501197 -0.0015148701545633575 0.00025311111402462653 0.0015133670074875261 0.0014167822380004829 -0.0023016674479447502 0.0022268975746891017 7.4822320001601073e-05 -0.0028855884139167799 -0.0030419098939062895 0.00040885557012603461 0.00034567729633934517 -0.0060953563752103946
leaf_weight=722.03199802339077 2298.2597002387047 19010.989317089319 6361.2789532095194 2596.2075986713171 4784.503011032939 17028.434834197164 14533.605133041739 4743.8265779465437 5795.2062500268221 10116.489299461246 1923.7667919546366 17779.376211762428 4235.0834289640188 15810.68733677268 296.23648980259895 766.82207982242107 1892.1438401341438 247.68139426410198 13839.522431045771 655.9566672295332 5052.8042891919613 23178.591490581632 3893.9535636007786 896.91782683134079 49781.080584898591 2783.3684139102697 1016.4818447381258 44440.098836988211 13888.762833163142 431.08004353940487
leaf_count=2940 9278 77183 25638 11242 19163 68622 59056 22156 23335 41283 8479 71799 17174 64846 1327 3082 7601 998 55599 2931 20319 93813 15663 3612 200392 11145 4085 179846 55850 1743
internal_value=-1.91297e-05 -0.00043536 -8.26906e-05 0.000398169 0.00212483 0.000212914 -0.00161268 0.00371834 0.000945532 -0.000397408 0.00186944 -0.00021504 0.00118957 0.00145136 -0.000824185 -0.000298303 -0.000246474 0.00133862 -0.000437657 0.00345336 0.001634 0.00177848 -0.000162977 0.000407333 1.45623e-06 -0.00163069 0.000743161 5.5421e-05 -0.000702547 0.000148344
internal_weight=290801 145623 112078 145178 14048.3 131130 33544.6 9263.8 53917.6 93017.1 4519.97 82900.6 48122.4 19061.1 3250.45 77212.5 76445.7 8209.11 68236.6 952.193 7961.43 27413.7 54397.1 20708.7 50503.1 3680.29 6069.29 65121.2 20681.1 14319.8
internal_count=1180200 590780 454541 589420 61040 528380 136239 41877 217701 376159 19721 334876 194366 78382 13536 310679 307597 33003 274594 4258 32005 110987 218995 83379 203332 14757 24404 263077 83231 57593
cat_boundaries=0 1 2 3 4 5 6 7 8 9
cat_threshold=2 2 129 804 1027 2 197 10 67
is_linear=0
shrinkage=0.03


Tree=95
num_leaves=31
num_cat=10
split_feature=0 5 0 1 0 27 0 1 0 26 25 27 6 44 26 7 48 5 3 46 0 35 28 11 41 27 27 26 0 39
split_gain=49.7738 76.2397 103.332 59.3773 52.1224 49.2458 159.002 55.7599 44.3867 57.7011 47.9239 38.0697 35.5925 35.3874 33.3805 30.9003 30.4683 29.2446 28.2021 26.0588 25.1606 24.6801 24.3371 24.2568 23.8972 23.8728 23.1333 22.4832 21.273 25.2747
threshold=2023.5000000000002 0 2022.5000000000002 5.5000000000000009 2020.5000000000002 1 2022.5000000000002 4.5000000000000009 2019.5000000000002 2 3 4 2.5000000000000004 0.48711950000000009 5 1.5000000000000002 1.0000000180025095e-35 6 2.5000000000000004 0.061973300000000002 2021.5000000000002 0.51030950000000008 96.500000000000014 1.0000000180025095e-35 0.50763150000000012 7 8 9 2019.5000000000002 0.14541100000000004
decision_type=2 1 2 2 2 9 2 2 2 9 1 9 2 8 9 2 2 1 2 8 2 8 2 2 8 9 9 9 2 10
left_child=1 5 3 20 19 6 13 -8 9 -7 25 27 18 -1 16 23 -13 -18 -10 -5 28 -22 -23 -12 -15 -11 -20 -2 29 -3
right_child=11 2 -4 4 -6 8 7 -9 12 10 15 14 -14 24 -16 -17 17 -19 26 -21 21 22 -24 -25 -26 -27 -28 -29 -30 -31
leaf_value=-0.00039812317896008163 0.001192098816333517 0.0048710973482492216 -0.00201289879901941 -0.003207206477997934 0.0034486844932814483 -0.0022573471743912673 -0.0032215341988054711 0.0053439458778902832 0.00082926732431612936 0.0039353131886658912 0.0040498380297366325 0.0011561947340855414 -0.0015687108446066481 -0.0026814984441628381 -0.0022091367999400968 -0.0021420358452439556 -0.00072682238840970914 -0.0058881191519611232 -0.00098259157175404894 0.0009693360852479078 0.01402386848861506 -0.0043042731119198622 0.0073844751157569862 0.00028773712728518287 -0.0056235903606572978 0.0016899125243663184 5.551438585816106e-05 -0.0010165177013511315 0.0021251507182537053 0.01495664156806549
leaf_weight=4593.2951622605324 9998.6576176136732 1973.336409792304 5113.9756679087877 2095.5816810578108 6008.6035876870155 4165.9538639485836 838.84719386696815 3575.9896109253168 32433.343025639653 6467.955352678895 1913.6989135444164 6612.2958661913872 13344.560501262546 9334.3862687498331 20665.404960870743 3869.7355201244354 4902.7429939061403 1241.0335868448019 24842.57865640521 3724.9580952972174 457.84622234106064 177.33513133227825 1304.4929199963808 8017.0528606176376 3435.3675860017538 12922.544441401958 86543.142324358225 7061.0472800582647 2869.6974688768387 255.08439981937408
leaf_count=18466 40195 9014 20519 8897 27615 16756 3374 14374 130744 26517 7834 26567 53687 37484 83115 15686 19727 5014 99978 16014 2023 810 6131 32634 13796 52781 348282 28384 12596 1127
internal_value=-1.93041e-05 0.000160505 0.00176531 0.00279115 0.00148876 -1.73016e-05 -0.00136985 0.00370858 0.000134053 0.00106359 0.00148172 -0.00087571 -8.67095e-05 -0.00266405 -0.00146416 0.000128551 -0.000253899 -0.00177664 5.06225e-05 -0.00053008 0.0049744 0.00789725 0.00595957 0.00101673 -0.00347647 0.00244384 -0.000175851 0.000276113 0.00385247 0.00605758
internal_weight=290761 240279 23980.9 18866.9 11829.1 216298 21777.9 4414.84 194521 37356.9 33191 50481.2 157164 17363 33421.5 13800.5 12756.1 6143.78 143819 5820.54 7037.79 1939.67 1481.83 9930.75 12769.8 19390.5 111386 17059.7 5098.12 2228.42
internal_count=1180141 977139 104746 84227 52526 872393 87494 17748 784899 152208 135452 203002 632691 69746 134423 56154 51308 24741 579004 24911 31701 8964 6941 40468 51280 79298 448260 68579 22737 10141
cat_boundaries=0 1 2 3 4 5 6 7 8 9 10
cat_threshold=2 2 2 2 2186 138 2 276 516 483
is_linear=0
shrinkage=0.03


Tree=96
num_leaves=31
num_cat=2
split_feature=30 34 7 30 34 33 36 0 27 36 44 36 35 20 52 44 44 28 6 27 53 46 46 29 0 41 31 32 36 37
split_gain=49.8529 27.5147 28.058 27.4563 23.3501 18.174 21.5159 17.684 33.5933 18.1017 25.3501 21.8071 29.0448 22.6345 16.8051 16.0888 16.1541 32.5612 15.2609 16.1206 15.2043 14.6444 15.5447 15.603 14.4271 15.3962 14.2799 20.0982 21.2525 18.5794
threshold=0.24894600000000003 0.41707150000000009 1.5000000000000002 0.14361850000000001 0.33484850000000005 0.44364450000000005 0.46810600000000008 2019.5000000000002 0 0.52545700000000017 0.68982750000000015 0.50048150000000013 0.40569550000000004 95.750000000000014 -0.10414249999999996 0.45584350000000007 0.6935650000000001 4104.5000000000009 1.5000000000000002 1 0.0041730000000000387 0.30408150000000006 0.17428900000000003 0.49551050000000002 2022.5000000000002 0.55046200000000012 0.10487950000000001 0.40598800000000007 0.59741650000000013 0.080178550000000015
decision_type=8 8 2 10 10 10 10 2 9 10 10 10 10 2 10 10 10 2 2 9 10 10 10 10 2 10 10 10 10 8
left_child=1 7 3 26 -2 -5 21 8 -1 11 -11 -9 -13 -14 -8 -6 18 20 -17 -20 -18 22 -7 -24 25 -22 -3 29 -29 -28
right_child=4 2 -4 5 15 6 14 9 -10 10 -12 12 13 -15 -16 16 17 -19 19 -21 24 -23 23 -25 -26 -27 27 28 -30 -31
leaf_value=-0.0021666082646799919 -0.0018114173808275007 0.0030076550473530361 -0.00018246412168447599 4.1658863130770639e-05 0.00092274802716753605 -0.0016295341288287005 -0.0015341077575259468 -0.00086789183804009162 0.0033271800421195582 -0.0017186663113095129 -0.0089264926916061971 -0.0079342666812776338 0.0033810105679108787 -0.004503285524096126 0.0011114470462316884 -0.00042880691470391943 0.0018736507575769573 0.011154943830589495 -0.00042513358705048441 -0.0025136299176179147 -0.0053862004528494566 -0.004783432227597844 0.010125721341499373 0.00090328000804808348 0.0011271539916186458 0.00068750820725069456 -0.00074589128817563889 0.0012898038763502989 -0.0045117570454419218 0.0021147025052911379
leaf_weight=1600.6907663047314 12520.1309055686 5125.7945536077023 52164.746214613318 52017.022430345416 7368.4353901594877 2635.2514578253031 2247.8906206637621 17264.35546566546 2619.5206515192986 5485.7837590128183 477.84844619035721 255.60842148959637 2903.0635090470314 363.68516926467419 49432.650409623981 37779.33032540977 3106.8379325717688 262.47698871791363 5978.6320732831955 7646.0361998826265 983.70462806522846 814.77268719673157 198.80846492946148 968.3813674300909 1345.7783565074205 592.49422511458397 2463.3803701400757 1199.9047164022923 1065.6628575026989 11553.158189862967
leaf_count=6471 50674 22466 212157 211357 29580 10603 9106 69389 10563 22076 1938 1025 11680 1459 199868 152226 12575 1057 24182 30809 3958 3270 798 3897 5408 2448 10283 5000 4589 48058
internal_value=2.64326e-05 0.000263821 0.000404662 0.00064099 -0.000624461 0.000446548 0.000820096 -0.000562317 0.00123902 -0.000847729 -0.00230543 -0.000427804 0.00171962 0.00249076 0.000995713 -0.000395522 -0.000564442 0.000867966 -0.000740377 -0.00160183 0.000409802 -0.00113847 -0.000346408 0.00252172 -0.00113673 -0.00308712 0.00162318 0.00118502 -0.00142823 0.00160977
internal_weight=290442 212858 181887 129723 77583.9 108315 56297.8 30970.6 4220.21 26750.3 5963.63 20786.7 3522.36 3266.75 51680.5 65063.7 57695.3 6291.29 51404 13624.7 6028.82 4617.21 3802.44 1167.19 2921.98 1576.2 21407.9 16282.1 2265.57 14016.5
internal_count=1178970 866053 741452 529295 312917 438899 227542 124601 17034 107567 24014 83553 14164 13139 208974 262243 232663 25446 207217 54991 24389 18568 15298 4695 11814 6406 90396 67930 9589 58341
cat_boundaries=0 1 2
cat_threshold=523 2402
is_linear=0
shrinkage=0.03


Tree=97
num_leaves=31
num_cat=9
split_feature=48 24 5 0 0 46 26 6 0 18 46 44 32 35 45 27 23 44 34 26 6 26 27 41 30 11 46 33 27 36
split_gain=53.9435 62.0407 60.0289 55.4925 51.4649 35.1039 32.9622 32.3328 32.1142 31.33 29.5777 29.5691 23.1048 23.0469 22.2917 26.2654 22.1998 21.5547 20.7057 20.807 20.605 20.3281 30.9857 20.5738 20.2834 19.255 20.4376 19.1646 19.1561 19.1323
threshold=1.0000000180025095e-35 0 1 2022.5000000000002 2019.5000000000002 0.16490650000000004 2 2.5000000000000004 2020.5000000000002 3 0.30408150000000006 0.67012500000000019 0.40598800000000007 0.3112930000000001 0.31000800000000001 4 24356.500000000004 0.47434750000000009 0.47849200000000008 5 2.5000000000000004 6 7 0.48064850000000009 0.19130550000000004 4.5000000000000009 0.21666950000000004 0.49939750000000005 8 0.45523350000000007
decision_type=2 1 1 2 2 10 9 2 2 1 10 8 10 8 10 9 2 10 8 9 2 9 9 8 10 2 10 10 9 8
left_child=2 4 5 8 21 18 25 11 12 20 14 13 -4 -6 27 -16 -15 -17 -1 -20 -3 22 -2 28 -21 -7 -27 -8 -23 -26
right_child=1 9 3 -5 7 6 10 -9 -10 -11 -12 -13 -14 16 15 17 -18 -19 19 24 -22 23 -24 -25 29 26 -28 -29 -30 -31
leaf_value=-0.00087609550548991221 -0.0034699331954349396 -0.002041727890816782 0.003518351157337337 -0.00034887308460679491 -0.0058221326691712963 0.0025240162974482488 0.0013616675725135155 -0.0022664370428223408 0.0053471389312643048 -0.00049194569502414103 -0.00095622182095612105 -0.0017994252818187232 -0.00087105475834790684 0.00012772427636050329 -0.00379170400054949 0.0014027165224518782 -0.0029713900863904074 -0.004306989275635594 0.00093624378416910065 0.0008510055777248835 -0.0055704797514295242 -0.004453943744095407 0.0015791490274338501 0.0022069006432058401 0.0014956562770483146 -0.0015001647409035434 0.0020908413919539931 -0.0043662360582400446 0.0051218742607117475 -0.0013710057122776618
leaf_weight=28135.290849164128 1786.3112279176712 17350.850966945291 2745.7497804909945 4786.266940459609 605.43236695230007 11872.177170321345 22639.828600436449 7411.3885677158833 4751.939400523901 14500.901097938418 12206.556534215808 9282.3479557037354 1760.2214556634426 73760.429554566741 1836.3520377874374 3660.5857479423285 2137.3597283661366 706.23501759767532 18357.723405331373 8074.9743396788836 1641.2096272110939 780.28345908224583 2772.0677057504654 13482.054404720664 2425.7899044603109 2685.7266643941402 3026.9166582524776 533.00104412436485 233.03280365467072 14909.442859917879
leaf_count=112970 7387 70448 12106 19170 2450 48422 91162 29977 22279 58933 49073 37885 7570 298016 7386 14705 8601 2841 73929 32816 6682 3143 11597 55340 9739 10876 12299 2143 943 59843
internal_value=-5.29429e-06 -0.000413064 0.000404036 0.00226805 -7.46678e-05 0.000204031 0.000745364 -0.00036538 0.00362389 -0.00154618 0.000283654 -0.000200716 0.00179757 -6.28494e-06 0.000800021 -0.000794031 3.99408e-05 0.000469039 -0.000241013 0.000166582 -0.00234784 0.00134554 -0.000397135 0.00189457 -0.000388543 0.00183402 0.000397425 0.00122808 -0.00220708 -0.000967942
internal_weight=290858 145744 145115 14044.2 112251 131071 59167.4 93197 9257.91 33493 41582.6 85785.6 4505.97 76503.2 29376 6203.17 75897.8 4366.82 71903.2 43767.9 18992.1 19053.7 4558.38 14495.4 25410.2 17584.8 5712.64 23172.8 1013.32 17335.2
internal_count=1180731 591402 589329 61125 455339 528204 238907 376929 41955 136063 167310 346952 19676 309067 118237 24932 306617 17546 289297 176327 77130 78410 18984 59426 102398 71597 23175 93305 4086 69582
cat_boundaries=0 1 2 3 4 5 6 7 8 9
cat_threshold=2 2 81 129 164 282 1042 283 66
is_linear=0
shrinkage=0.03


Tree=98
num_leaves=31
num_cat=10
split_feature=48 25 0 32 46 35 33 46 26 44 37 26 34 26 33 44 28 26 27 35 18 52 46 26 33 29 29 25 27 23
split_gain=49.2274 66.3285 45.5095 33.0333 29.073 28.6795 28.3267 25.8565 27.5813 25.5545 23.8843 20.5435 22.0317 20.1058 34.1567 20.0939 19.7584 32.0885 25.1318 19.4442 19.3647 18.9976 18.7422 19.756 22.838 18.3726 17.8945 25.6829 21.7643 20.3498
threshold=1.0000000180025095e-35 0 2019.5000000000002 0.3718915000000001 0.050051450000000004 0.57413800000000015 0.46808600000000006 0.074416550000000012 1 0.51770100000000008 0.18780950000000005 2 0.48429300000000003 3 0.41764050000000003 0.6296695000000001 6470.5000000000009 4 5 0.35735950000000005 6 0.0061794999999999775 0.15403950000000002 7 0.43278350000000004 0.49072400000000005 0.45555200000000007 8 9 24088.500000000004
decision_type=2 1 2 8 10 8 10 10 9 8 10 9 8 9 10 10 2 9 9 10 1 8 10 9 10 10 10 1 9 2
left_child=5 2 10 15 -5 16 9 -7 -9 -3 -2 -8 -13 14 -11 22 26 18 -18 -17 -20 -16 23 24 -4 -21 28 29 -1 -28
right_child=1 6 3 4 -6 7 11 8 -10 13 -12 12 -14 -15 21 19 17 -19 20 25 -22 -23 -24 -25 -26 -27 27 -29 -30 -31
leaf_value=-0.0030436790658534985 0.00085427740176738951 -0.00081181424318309563 -0.0022361957570880102 -0.0024371150222908199 -0.00049812236363896544 -0.00029998741561218772 -0.0016690145167622796 0.0037820545074969659 0.0011612135037401769 9.1677804496595274e-05 0.0037397022783365779 0.0055118904805041037 0.00027752875061263339 -0.0019638679389173616 -0.0075094227179109685 -0.0065195247930052184 -0.0028804111207636814 -0.0025184795952414548 2.4101754047592987e-05 -0.0035222903880952564 0.003786755032986222 -0.0033285416836605474 -1.7310788200146866e-05 0.00039599486349293865 0.0030850828103980953 8.6453859838278059e-05 0.00099749728021270891 0.0001238884730907061 0.00012422325006892734 0.0039516880067766678
leaf_weight=3005.0098743289709 15950.376026526093 10804.351422190666 810.52594220638275 8692.0199090689421 35237.375560075045 9029.467957124114 2721.1621361523867 4202.7520501464605 26372.896700099111 1240.2640486210585 3091.9058832526207 1018.6339379996061 2529.5660165399313 11204.168120309711 2154.6070763021708 560.60696339607239 1530.0567047297955 6090.2350259572268 3229.1556244492531 1631.864535883069 1996.9745736569166 1869.9333026558161 24433.833427041769 9759.8163177073002 6358.2169518768787 5617.5611944645643 20703.328963235021 61117.369130507112 5482.6356202363968 2344.0415991991758
leaf_count=12129 65767 43786 3276 35490 142515 37940 10963 18272 108231 5069 12609 4097 10245 45810 8724 2276 6145 24451 12976 6583 8024 7568 98581 39388 25665 22777 83409 246166 22187 9415
internal_value=2.80452e-05 -0.000361391 -1.10257e-05 -0.000284616 -0.000882601 0.000419252 -0.00153178 0.00110771 0.00152439 -0.00194986 0.00132488 0.000282292 0.00178704 -0.00269437 -0.00422951 0.00024902 0.000160491 -0.000941372 0.000479346 -0.00114514 0.00147342 -0.00557822 0.000513053 0.00128019 0.00247512 -0.000722868 0.000313616 0.000446268 -0.000997942 0.00129973
internal_weight=290791 145687 112144 93101.8 43929.4 145104 33542.7 39605.1 30575.6 27273.3 19042.3 6269.36 3548.2 16469 5264.8 49172.4 105499 12846.4 6756.19 7810.03 5226.13 4024.54 41362.4 16928.6 7168.74 7249.43 92652.4 84164.7 8487.65 23047.4
internal_count=1180534 591189 454927 376551 178005 589345 136262 164443 126503 110957 78376 25305 14342 67171 21361 198546 424902 51596 27145 31636 21000 16292 166910 68329 28941 29360 373306 338990 34316 92824
cat_boundaries=0 1 2 3 4 5 6 7 8 9 10
cat_threshold=2 3074 1928 656 346 5 133 325 2 281
is_linear=0
shrinkage=0.03


Tree=99
num_leaves=31
num_cat=6
split_feature=34 5 0 27 32 34 46 28 1 28 27 5 27 0 3 41 20 29 3 53 11 6 46 42 41 55 32 27 0 35
split_gain=45.7551 42.2286 64.4279 29.7248 25.7549 25.7457 25.4964 23.6541 23.3976 22.5584 35.3366 23.1506 25.3109 25.0659 22.5403 22.9157 22.1111 21.7012 20.4851 19.2695 18.9827 17.8603 16.9036 16.356 16.2067 19.6057 18.0265 21.6796 24.2004 18.3103
threshold=0.51630650000000011 0 2022.5000000000002 1 0.36627950000000004 0.5265510000000001 0.13924200000000003 145.50000000000003 6.5000000000000009 4104.5000000000009 2 3 4 2022.5000000000002 2.5000000000000004 0.47781350000000006 99.65000000000002 0.67588450000000011 6.5000000000000009 -0.026686000000000012 2.5000000000000004 2.5000000000000004 0.088649700000000012 0.17238150000000005 0.49994500000000003 9.13394516926612 0.43568850000000009 5 2021.5000000000002 0.37119850000000004
decision_type=8 1 2 9 8 8 10 2 2 2 9 1 9 2 2 8 2 10 2 10 2 2 8 8 8 2 10 9 2 10
left_child=6 4 3 -3 7 -6 24 -2 20 11 -11 12 16 -13 15 -9 -8 -7 -19 -12 -5 -17 -22 -4 25 -1 27 28 -26 -29
right_child=1 2 23 8 5 17 9 14 -10 10 19 13 -14 -15 -16 21 -18 18 -20 -21 22 -23 -24 -25 26 -27 -28 29 -30 -31
leaf_value=-0.0023622285372486753 -0.0018186222106225621 0.0055210782407530534 -0.0020036231324204179 0.00088011528632992537 0.0019888394457131817 -0.0006490897077575901 0.0011097666800024661 -0.0035309821544218059 0.00046708936685932456 -0.002105748548068876 0.001460156350472613 0.0061950152157142484 -0.00049890514723239729 -0.00014822344510378871 0.00029137681369392386 0.0019921559961955005 -0.0047486210510043168 0.0040725470829377176 -0.0047709010989714353 -0.0012031608170407664 0.0024600366359122518 -0.0016332818829208485 0.0061210126900139395 0.0063294003719358127 -0.00018384945175893967 0.003931800073323756 -0.002623933068755279 -0.0021180892373691509 -0.0019059940827063893 0.00031852092660462829
leaf_weight=8495.0397895723581 3820.3375493437052 2533.064488902688 4159.5156108438969 2347.7622550874949 3897.6316133439541 51319.632194653153 20502.424806937575 773.35393014550209 5460.3246205002069 10136.507425934076 6114.3398824930191 1228.6143700033426 22758.978157609701 1012.3320156931877 54339.787631481886 16498.486219570041 592.03082606196404 1520.4539363533258 273.38811826705933 4060.5762474983931 2432.2538228183985 1309.4574675112963 2204.3897945284843 218.97037842869759 13837.673757612705 463.97492863237858 3963.3446505516768 3108.3602736741304 15749.324572741985 25674.795520290732
leaf_count=34221 15530 11661 16682 10618 15654 206626 82367 3115 24264 40699 24563 5364 91441 4059 219984 66957 2377 6580 1141 16309 10984 5289 10105 879 55705 1868 16107 12595 63395 103507
internal_value=-4.62862e-05 0.00031046 0.00162015 0.00255661 0.000120669 -0.000362008 -0.000443173 0.000479639 0.00194362 -1.97292e-05 -0.000853048 0.000346852 0.000194033 0.00331976 0.000600527 0.00150281 0.000942826 -0.000535188 0.00270236 0.000393911 0.00309574 0.00172365 0.00420987 -0.00157599 -0.000837154 -0.00203172 -0.000664893 -0.000531232 -0.0011013 5.41314e-05
internal_weight=290807 153109 19356.3 14977.8 133753 57011.1 137698 76741.4 12444.7 66405.8 20311.4 46094.4 43853.4 2240.95 72921.1 18581.3 21094.5 53113.5 1793.84 10174.9 6984.41 17807.9 4636.64 4378.49 71292.5 8959.01 62333.5 58370.2 29587 28783.2
internal_count=1180646 626069 85193 67632 540876 230001 554577 310875 55971 267179 81571 185608 176185 9423 295345 75361 84744 214347 7721 40872 31707 72246 21089 17561 287398 36089 251309 235202 119100 116102
cat_boundaries=0 1 2 3 4 5 6
cat_threshold=2 2696 677 2 229 1452
is_linear=0
shrinkage=0.03


Tree=100
num_leaves=31
num_cat=7
split_feature=48 25 0 5 0 33 0 46 23 31 22 35 27 26 44 3 0 26 46 31 26 23 20 30 29 26 31 28 45 35
split_gain=42.4925 55.9244 48.707 43.3986 52.2493 36.0291 30.0827 28.6847 24.2029 22.8974 31.8405 27.7202 22.7927 21.984 24.892 23.3516 21.6105 20.7312 24.5116 19.6011 18.4662 19.5858 17.9295 17.9204 17.788 21.3632 32.4507 30.6328 20.2901 19.4955
threshold=1.0000000180025095e-35 0 2019.5000000000002 1 2022.5000000000002 0.44911850000000003 2020.5000000000002 0.14664050000000003 24356.500000000004 0.15797550000000002 23589.500000000004 0.57903600000000011 2 3 0.44444950000000005 3.5000000000000004 2022.5000000000002 4 0.19683350000000002 0.074088850000000026 5 21616.500000000004 13.750000000000002 0.34445400000000004 0.47319700000000003 6 0.14408050000000003 4301.5000000000009 0.16864150000000003 0.62748400000000004
decision_type=2 1 2 1 2 8 2 10 2 8 2 10 9 9 10 2 2 9 10 10 9 2 2 10 8 9 10 2 10 10
left_child=3 2 20 7 6 8 -5 9 13 10 -1 12 16 15 -15 -4 -11 18 23 -19 21 -2 -13 -9 28 26 27 -26 -7 -28
right_child=1 -3 5 4 -6 24 -8 17 -10 11 -12 22 -14 14 -16 -17 -18 19 -20 -21 -22 -23 -24 -25 25 -27 29 -29 -30 -31
leaf_value=-0.00064848822817603071 -0.005824176961300857 -0.0014567157885904661 0.0013391457567626197 0.0014883691803924716 -0.00060671982341824139 0.0071762798865788197 0.0049283936556979591 0.00027684086148519209 -0.0042732541784969687 -0.0013938856895739334 0.00092890486485412943 -0.011457829725356153 -0.0013334470900124736 0.0017446012817815615 -0.0015526653512652417 -0.00065557224707099722 0.0053318898825470843 -0.0086881314791337066 0.0021845642912216904 0.00029809467843379102 0.0019789324042729724 0.00047297844762401678 -0.0032608937325815414 -0.0087869058934176205 0.0013263953733386295 0.00031107940552633448 0.0010457738222026663 0.0089263057660478578 -0.0026571313876023496 -0.0080045948722491777
leaf_weight=26071.005386531353 478.30007475614548 33491.822265684605 7440.8306576162577 4511.1501696705818 4786.3662865012884 199.53087629377842 4715.5431090444326 7328.9589448869228 1776.0641780942678 765.40135653316975 20622.420930951834 342.69098430871964 13170.815045893192 2227.389184102416 25958.837057441473 18170.853719189763 959.14803436398506 216.27450965344906 13026.83582778275 47628.031223654747 12739.168354526162 5813.1135086417198 857.3670989125967 198.70146299898624 910.42939203977585 31096.218850314617 1311.9584915786982 1028.3034255504608 2572.4625672101974 252.47166323661804
leaf_count=104899 1952 136060 30062 19732 19171 803 22186 29614 7165 3074 83109 1377 52907 8971 105649 73268 3846 874 53155 191620 52250 24144 3455 807 3712 125420 5296 4196 10381 1034
internal_value=-1.86981e-05 -0.000381185 -5.91967e-05 0.000344249 0.0019312 -0.000342579 0.00325076 0.000174467 -0.000827091 -0.000288206 4.7549e-05 -0.00126393 -0.000907544 -0.000712531 -0.00129042 -7.47677e-05 0.00231879 0.000599625 0.00139647 0.000256251 0.0013231 -3.53411e-06 -0.0056493 3.02037e-05 0.00037713 0.00056311 0.00278073 0.0053804 -0.00193151 -0.000408183
internal_weight=290668 145468 111976 145201 14013.1 92945.4 9226.69 131188 55574 62788.8 46693.4 16095.4 14895.4 53797.9 28186.2 25611.7 1724.55 68398.8 20554.5 47844.3 19030.6 6291.41 1200.06 7527.66 37371.4 34599.4 3503.16 1938.73 2771.99 1564.43
internal_count=1180189 590363 454303 589826 61089 375957 41918 528737 225115 252667 188008 64659 59827 217950 114620 103330 6920 276070 83576 192494 78346 26096 4832 30421 150842 139658 14238 7908 11184 6330
cat_boundaries=0 1 2 3 4 5 6 7
cat_threshold=2 2 2 2680 81 1554 1
is_linear=0
shrinkage=0.03


Tree=101
num_leaves=31
num_cat=8
split_feature=34 35 28 18 25 24 5 1 27 40 28 26 28 53 34 36 40 32 53 26 28 26 45 45 44 23 20 52 11 11
split_gain=48.2192 28.9335 27.1418 26.6508 38.708 34.3567 22.0885 27.1825 32.0621 21.7438 21.0934 19.965 23.5544 18.6055 18.3841 25.3722 17.5712 21.8701 17.5447 24.6628 22.621 19.2315 17.2859 17.4667 22.4188 18.6293 18.1957 17.1768 16.5773 16.3797
threshold=0.60847150000000017 0.40037450000000008 105.50000000000001 0 1 2 3 6.5000000000000009 4 98.500000000000014 208.50000000000003 5 6146.5000000000009 0.010355499999999964 0.25137350000000008 0.40022350000000007 207.50000000000003 0.33911650000000004 0.0029870000000000179 6 1274.5000000000002 7 0.20459050000000004 0.26518150000000007 0.60447850000000003 23347.500000000004 53.850000000000001 -0.17482599999999998 5.5000000000000009 2.5000000000000004
decision_type=10 8 2 1 1 1 1 2 9 2 2 9 2 10 10 10 2 8 10 9 2 9 10 10 10 2 2 10 2 2
left_child=1 10 -2 4 16 11 -4 8 9 -8 13 -6 -13 14 -1 -16 -3 -18 19 -5 -20 -22 27 24 26 -25 -24 -12 -19 -10
right_child=2 3 6 18 5 -7 7 -9 29 -11 22 12 -14 -15 15 -17 17 28 20 -21 21 -23 23 25 -26 -27 -28 -29 -30 -31
leaf_value=-0.0025695166177372867 -0.0021018618015218697 0.0017741175930293543 0.00057360618615211331 -0.00013158443379719044 0.00025347203261323939 -0.0021817311216788824 0.012148521271838549 0.00034869987773552256 -0.00034489374485235295 0.0045120044075105661 -0.0045630925471473044 -0.00064634485600113996 -0.0030703598550585712 -0.005174005983539896 0.0058897768335949988 -0.002959318072701922 0.001257998277723773 0.00013734727331617371 -0.0013802575773397456 0.001271520401477244 0.0016263516737138727 -0.00060220016182940665 -0.0033483539714050737 -0.00047880967601208465 -0.0054870897987585633 -0.0027771208560177299 0.0041301588956449775 0.0013762239021869575 -0.00099177141290151313 0.0033824017712780546
leaf_weight=508.49779707193375 2978.2628825753927 5443.2260392457247 54340.622622638941 18860.637386023998 18704.072181433439 14421.199380844831 524.96249821782112 4810.3445836305618 1593.8761359602213 997.45886604487896 516.9667666554451 24585.517101079226 4239.9952040910721 334.80550046265125 1295.098678201437 369.0968542098999 10302.212587550282 33497.463795781136 10019.640737846494 27893.71581761539 6811.9569062292576 7088.593796223402 766.0027419924736 7676.2925826758146 2397.0697430670261 5458.3489693552256 468.50382930040359 2756.4712740182877 17953.986627608538 3088.3336196243763
leaf_count=2073 12579 22236 220551 76100 75549 58231 2436 21505 7153 4558 2086 99209 17023 1356 5256 1490 41619 135046 40510 112695 27436 28544 3090 31019 9711 22069 1888 11115 72303 13965
internal_value=-2.11067e-06 -0.000216399 0.000694756 -0.000101277 -0.000357675 -0.000898664 0.000822748 0.00204864 0.00336093 0.00713683 -0.00123518 -0.000508618 -0.00100387 0.00135123 0.00237628 0.00390738 0.000140598 -2.98088e-06 0.000366824 0.00070514 -0.000293047 0.000488595 -0.00156045 -0.00195004 -0.00379601 -0.00143662 -0.000482832 0.000425765 -0.000256111 0.00210329
internal_weight=290703 222369 68333.9 199822 129148 61950.8 65355.6 11015 6204.63 1522.42 22547.2 47529.6 28825.5 2507.5 2172.69 1664.2 67196.9 61753.7 70674.5 46754.4 23920.2 13900.6 20039.7 16766.2 3631.58 13134.6 1234.51 3273.44 51451.5 4682.21
internal_count=1180401 897654 282747 806501 521216 250012 270168 49617 28112 6994 91153 191781 116232 10175 8819 6746 271204 248968 285285 188795 96490 55980 80978 67777 14689 53088 4978 13201 207349 21118
cat_boundaries=0 1 2 3 4 5 6 7 8
cat_threshold=131 2 2 2 688 3162 278 2826
is_linear=0
shrinkage=0.03


Tree=102
num_leaves=31
num_cat=7
split_feature=48 24 0 44 5 0 32 26 31 28 46 0 30 7 46 46 46 6 34 9 18 47 0 45 27 26 26 32 30 38
split_gain=45.8711 52.4395 42.014 32.9963 30.9327 50.1853 30.067 28.2164 37.6302 25.557 29.471 25.2947 25.2017 24.5875 24.3682 22.806 22.4528 21.7228 21.4864 21.4047 21.1849 23.4197 20.7766 34.5903 28.6621 21.5491 19.8083 19.73 19.6884 19.2034
threshold=1.0000000180025095e-35 0 2019.5000000000002 0.67012500000000019 1 2022.5000000000002 0.37379350000000006 2 0.15828050000000002 6470.5000000000009 0.084767800000000018 2020.5000000000002 0.090955050000000023 1.5000000000000002 0.26592600000000005 0.11112500000000002 0.18269050000000001 2.5000000000000004 0.64090150000000012 2.5000000000000004 3 9.5000000000000018 2022.5000000000002 0.28882050000000009 4 5 6 0.33451750000000008 0.22325650000000005 0.091057150000000017
decision_type=2 1 2 8 1 2 8 9 10 2 10 2 8 2 10 10 10 2 8 2 1 2 2 10 9 9 9 10 10 10
left_child=4 2 13 17 6 11 7 8 22 -9 -11 15 26 -2 20 -6 -10 27 -13 -20 21 -3 24 28 -1 -26 -8 -4 -24 -27
right_child=1 14 3 -5 5 -7 12 9 16 10 -12 18 -14 -15 -16 -17 -18 -19 19 -21 -22 -23 23 -25 25 29 -28 -29 -30 -31
leaf_value=-0.00072551760409696859 0.0019325549732162877 -0.001996851935969564 0.0013948975867130989 -0.0019178509324184495 -0.00041000790732371957 -0.00074606262366095006 0.005481128424952522 0.00040173278928222315 -0.0021910622170372165 -0.0061714715370573591 -0.00073093148126168641 0.0070170402928741585 -0.00039814375556774937 -0.00044405574784246482 0.0014594075010105254 0.0038929333365477032 0.00092899770345539797 -0.001766230999097142 0.00055320789725521219 0.0058722128430338961 -0.0007227655759998922 -0.0061963663695298347 0.00268335842478689 0.0011923463048041352 -0.00045383156898619017 -0.00069768923979178846 -0.0047734890646985084 -0.00013358616160238218 0.0065752201326500703 0.0029400012169837385
leaf_weight=5367.5315278619528 13527.968203783035 16252.158743679523 8556.3995056450367 10136.236392140388 2590.3803421258926 4785.0075297951698 1062.9540506601334 34069.821744382381 3983.3012035191059 1086.9953361898661 5153.3991206735373 1928.1213925927877 51395.357991471887 5486.8915365487337 2485.0937934070826 1920.2224637120962 4313.4642125815153 6518.1284504830837 1587.150698646903 1209.2066946774721 13520.23521964252 1297.2217441052198 2330.2837527543306 5578.6502597481012 2886.4777397364378 1494.5975582897663 189.75975915789604 67773.010148346424 2437.0464000254869 9642.698522284627
leaf_count=21673 55799 65958 34629 41383 11234 19166 4590 137381 16009 4356 20737 8837 206441 22502 10168 8509 17416 26337 7625 5812 54924 5285 9434 22468 11584 6077 779 273778 9818 39210
internal_value=2.49022e-05 -0.00035122 -3.9252e-05 -0.000302278 0.000402634 0.00174215 0.000259 0.000631703 0.0012177 7.76803e-05 -0.00168592 0.00303444 -0.000295044 0.00124523 -0.00139151 0.00141653 -0.000565588 -0.000104191 0.00457089 0.00286781 -0.00162063 -0.00230867 0.00171666 0.00280415 0.00113456 0.00184783 0.00390182 3.74094e-05 0.00468204 0.00244689
internal_weight=290566 145553 111999 92983.8 145012 14020.1 130992 78344.3 38034.1 40310.2 6240.39 9235.08 52648.1 19014.9 33554.7 4510.6 8296.77 82847.5 4724.48 2796.36 31069.6 17549.4 29737.3 10346 19391.3 14023.8 1252.71 76329.4 4767.33 11137.3
internal_count=1179919 590763 454428 376127 589156 61183 527973 316163 153689 162474 25093 42017 211810 78301 136335 19743 33425 334744 22274 13437 126167 71243 120264 41720 78544 56871 5369 308407 19252 45287
cat_boundaries=0 1 2 3 4 5 6 7
cat_threshold=2 2 122 129 98 2 657
is_linear=0
shrinkage=0.03


Tree=103
num_leaves=31
num_cat=8
split_feature=41 0 48 6 5 28 53 0 0 25 34 33 0 36 32 34 46 27 18 46 22 28 29 27 18 5 36 7 27 37
split_gain=48.1292 45.1541 40.4049 37.7016 30.4457 32.7019 42.0596 32.6436 38.0044 27.5523 25.51 23.1688 25.3052 23.0315 22.9709 22.2921 22.2908 22.2221 19.8541 20.2689 19.8018 30.0348 20.185 19.5626 18.6924 17.9427 17.1462 17.1096 17.0666 18.2732
threshold=0.47781350000000006 2019.5000000000002 1.0000000180025095e-35 2.5000000000000004 0 344.50000000000006 0.0022174999999999838 2022.5000000000002 2020.5000000000002 1 0.28642150000000005 0.44911850000000003 2022.5000000000002 0.53662100000000013 0.42860150000000002 0.80116300000000018 0.43838950000000004 2 3 0.40577550000000001 24088.500000000004 1662.5000000000002 0.5723815000000001 4 5 6 0.59352200000000011 1.5000000000000002 7 0.23463100000000003
decision_type=8 2 2 2 1 2 10 2 2 1 10 10 2 8 8 10 10 9 1 10 2 2 10 9 1 1 10 2 9 10
left_child=-1 9 4 10 5 6 -3 8 14 17 -4 12 15 18 -6 -12 20 -2 -7 -20 21 -14 -22 -15 -5 28 -27 -10 29 -19
right_child=1 2 3 24 7 13 -8 -9 27 -11 11 -13 16 23 -16 -17 -18 25 19 -21 22 -23 -24 -25 -26 26 -28 -29 -30 -31
leaf_value=-0.0018153021429849518 0.0029755260402500043 5.6351734775017052e-05 -0.0021599376680178721 0.00062980789178043001 0.0014554863607439384 0.00084832711835694085 -0.0042901799297288814 -0.0003677884142686248 0.0056798440627349707 6.0578087065669936e-05 -0.00026381526902411644 0.00031159254368488901 -0.0045240357514063287 0.0016195979598126267 -0.0058781401154781431 0.0039437943966840082 0.0058400498547708382 0.00097021721334951926 -0.00024328779795689819 -0.0034766194922882911 0.00051196315989185544 -0.0013808969205644668 -0.0083934173103411714 0.00020780167930531068 -0.0029140170178236367 0.0069210941206322447 0.001173410712701755 0.0014677521030345066 -0.00079104183479758905 0.0055509936973323903
leaf_weight=12935.228089734912 7467.4751981049776 5016.1374981552362 6519.5720372796059 1598.6129717975855 1727.9344503879547 16199.390055656433 3318.5166204124689 3928.1144811809063 3436.1737109422684 17932.736013814807 35718.638314425945 42284.568141520023 3495.9816759228706 17276.719182595611 490.83351571857929 1166.9062993079424 369.48766598105431 9421.1514798700809 45477.984663620591 1813.8446419388056 4832.9184290319681 12842.0795455724 237.38703642785549 18199.53839789331 7878.8933470994234 850.42276033759117 1069.0263810604811 1192.3820352703333 4905.9636567085981 856.76962959766388
leaf_count=52148 30757 20174 26416 6477 7292 64976 13341 15733 16254 73888 145355 170624 14064 69960 2036 5031 1484 38475 182413 7272 19480 51627 954 73659 31939 3801 4875 5622 19964 3480
internal_value=-2.67128e-05 5.65623e-05 -0.000106059 -0.0005014 0.000285238 0.000132257 -0.00167158 0.00180538 0.00305606 0.000956426 -0.000341076 -0.00022325 -0.000609272 0.000284519 -0.000159095 -0.000129581 -0.00142023 0.00160894 -5.71396e-05 -0.000368069 -0.00154773 -0.002056 8.43914e-05 0.000896777 -0.0023155 0.00100778 0.00374239 0.00460288 0.000660105 0.00135518
internal_weight=290461 277526 235023 116945 118078 107302 8334.65 10775.4 6847.32 42503.5 107468 100948 58663.4 98967.5 2218.77 36885.5 21777.9 24570.8 63491.2 47291.8 21408.4 16338.1 5070.31 35476.3 9477.51 17103.3 1919.45 4628.56 15183.9 10277.9
internal_count=1179571 1127423 952183 473451 478732 431795 33515 46937 31204 175240 435035 408619 237995 398280 9328 150386 87609 101352 254661 189685 86125 65691 20434 143619 38416 70595 8676 21876 61919 41955
cat_boundaries=0 1 2 3 4 5 6 7 8
cat_threshold=2 2 2324 76 410 52 2 616
is_linear=0
shrinkage=0.03


Tree=104
num_leaves=31
num_cat=4
split_feature=30 5 0 1 47 32 53 0 28 9 41 53 40 28 22 1 26 27 30 29 27 8 3 37 45 46 34 34 37 36
split_gain=38.4 33.1067 100.421 54.1675 32.8114 25.9599 24.3752 24.321 24.1585 23.3221 21.6407 21.2943 29.2809 20.8376 19.2758 18.2569 21.2908 20.8543 17.8698 22.002 22.0181 21.5438 20.8603 20.7845 20.4026 19.4206 20.8344 17.8883 22.2305 17.8256
threshold=0.30232850000000006 0 2022.5000000000002 6.5000000000000009 10.500000000000002 0.421321 -0.076568499999999998 2020.5000000000002 694.50000000000011 7.5000000000000009 0.47781350000000006 -0.0045725000000000062 282.50000000000006 5151.5000000000009 23460.000000000004 8.5000000000000018 1 2 0.14221250000000005 0.53359800000000013 3 1.5000000000000002 6.5000000000000009 0.077296500000000004 0.37588650000000007 0.090940150000000011 0.90121950000000017 0.6564080000000001 0.19552700000000003 0.6313160000000001
decision_type=8 1 2 2 2 10 8 2 2 2 10 10 2 2 2 2 9 9 10 10 9 2 2 8 10 10 8 10 10 10
left_child=1 4 3 8 5 10 -2 9 -3 -5 -1 12 -7 -6 -13 16 -9 -17 19 -12 25 -20 23 -22 -25 -21 27 28 -27 -30
right_child=6 2 -4 7 13 11 -8 15 -10 -11 18 14 -14 -15 -16 17 -18 -19 21 20 22 -23 -24 24 -26 26 -28 -29 29 -31
leaf_value=-0.0012859201145109043 -0.0047431286072690095 0.0027150603128132645 -0.0013942325597968398 -0.0019549062769847886 -0.00098008792278083822 0.0051982924790154473 -0.00095501776641188757 -0.0073936854159613223 0.0057572858162912317 0.0060756857399833827 0.0076377768633750353 -0.00054545953134766735 -0.00092711068509984305 -0.0044057176401475469 -0.0042609270978194056 0.0062693568282176666 0.0014161846062699917 -0.0010261194538018878 -9.0482899291172771e-05 -0.0011064667819014635 -0.0030463107322991978 0.0005845308488492153 -0.0029743667180672888 0.0020328562162457162 -0.0032420719994565848 0.00070254498365881124 -0.0070674540468464277 0.0049253499202127167 0.0065645615706996022 -0.0029515055908767435
leaf_weight=9007.020230486989 1689.5297799855471 6271.7222975939512 9503.6511771082878 3411.5419990718365 9809.0775058269501 806.80357448756695 16444.863541349769 265.55197657644749 3829.3037391901016 355.49626372754574 449.77390879392624 2170.2670798152685 5280.4975982606411 1918.1914045214653 3053.3349438160658 1346.330268830061 2138.5593216866255 469.2915196120739 130912.58684045076 1580.6841871887445 1162.8658803701401 63007.285314679146 1858.3043596744537 5033.3295873999596 752.86250191926956 4145.9457509964705 194.71802458167076 2399.3350144773722 1161.4767510741949 202.44522739946842
leaf_count=36213 6905 28332 38146 14446 39502 3272 66618 1192 17521 1496 1807 8726 21240 7711 12299 6221 9842 2188 526536 6484 4848 253415 7630 20865 3119 17226 805 10155 4765 838
internal_value=2.61576e-05 0.000115222 0.00110034 0.0024127 4.10388e-06 8.21074e-05 -0.00131033 0.000561683 0.00387271 -0.00118487 0.000153706 -0.00131935 -0.000108171 -0.00154395 -0.00272419 0.0021277 0.000397771 0.00439742 0.000214781 0.00109441 0.000932426 0.000128689 -0.000150812 0.000600683 0.00134001 0.00191856 0.00251485 0.00275714 0.00180536 0.00512678
internal_weight=290633 272498 27591.4 18087.8 244907 233180 18134.4 7986.77 10101 3767.04 221869 11310.9 6087.3 11727.3 5223.6 4219.73 2404.11 1815.62 212862 18941.7 18492 193920 8807.36 6949.06 5786.19 9684.6 8103.92 7909.2 5509.87 1363.92
internal_count=1180363 1106840 119384 81238 987456 940243 73523 35385 45853 15942 894706 45537 24512 47213 21025 19443 11034 8409 858493 78542 76735 779951 36462 28832 23984 40273 33789 32984 22829 5603
cat_boundaries=0 1 2 3 4
cat_threshold=2 65 2722 345
is_linear=0
shrinkage=0.03


Tree=105
num_leaves=31
num_cat=10
split_feature=41 0 48 26 6 27 7 27 52 5 27 26 30 28 22 18 26 28 0 7 44 22 28 53 28 33 26 5 44 45
split_gain=42.1265 40.1435 35.5148 41.4045 33.0869 29.8792 29.5458 29.9996 28.4427 27.0636 29.3103 29.0941 26.8009 25.5075 25.2762 23.9042 22.5689 21.6658 21.6095 26.4188 24.1541 24.9316 27.2257 21.572 19.881 19.4791 24.7023 24.7079 21.9036 29.106
threshold=0.47781350000000006 2019.5000000000002 1.0000000180025095e-35 0 2.5000000000000004 1 1.5000000000000002 2 -0.23549399999999998 3 4 5 0.35485600000000006 10335.500000000002 24238.000000000004 6 7 320.50000000000006 2023.5000000000002 1.5000000000000002 0.48373150000000004 24127.500000000004 1621.5000000000002 0.080137500000000042 3872.5000000000005 0.43590650000000003 8 9 0.53159050000000008 0.35096400000000011
decision_type=8 2 2 9 2 9 2 9 8 1 9 9 8 2 2 1 9 2 2 2 8 2 2 10 2 10 9 1 10 10
left_child=-1 6 3 12 18 14 7 16 -7 10 -9 -12 23 -10 17 -6 -2 -5 25 20 -20 22 -22 -3 -25 26 27 -4 -28 -30
right_child=1 2 4 5 15 8 -8 9 13 -11 11 -13 -14 -15 -16 -17 -18 -19 19 -21 21 -23 -24 24 -26 -27 28 -29 29 -31
leaf_value=-0.0016852136601815393 0.0039471114336095126 0.00088037889112519622 -0.0027886609074163787 -0.0023082736291167635 -0.0031135238927938054 -0.0062624460439271923 -0.00034420754765716047 -0.0040158658512889685 -0.00052105592414072107 0.0036678563069425046 -0.0031556819926217825 0.001066338615569293 -0.0043240733123591909 -0.006481495614925596 0.0025734997799016441 0.00021084921551742047 0.001355659904798336 0.00045164717065839389 0.0002602764012949378 0.00059917602464141801 -0.0071832230786143467 -0.0006803041686511092 -0.0026216079733208239 0.0019735984211177895 0.007496996495509509 0.00028490733039470908 0.00085958758806538077 0.00021970911388440151 -0.00041219188163680296 -0.0047311521548385879
leaf_weight=12927.069042310119 5671.8422621935606 44940.18993461132 7498.3712793886662 2871.9388193786144 6743.6791770607233 821.82967212796211 12008.088076204062 1348.9089587330818 37089.685558319092 2307.4910568147898 1642.3785979747772 12910.784082621336 846.8862606883049 655.76556667685509 4537.9910766929388 2717.5606202185154 6659.8934990167618 23262.467959925532 3783.2401455044746 5537.6804438531399 1495.6766560971737 4322.9406693279743 5767.0171241164207 2119.1919870972633 823.16193231940269 50141.549603208899 11480.449964016676 3626.8410310149193 12105.676980674267 1589.4975907355547
leaf_count=52116 23229 182336 30138 12146 27331 3299 49308 5427 149196 10448 6605 52870 3436 2630 18314 11021 27589 94316 15200 22288 6031 17442 23204 9252 3451 202621 46450 15708 49069 6448
internal_value=-1.13262e-05 6.66076e-05 -8.69348e-05 0.000280061 -0.000457827 -0.000191108 0.000914477 0.00141033 -0.000747081 0.000632874 0.000190382 0.000585417 0.000949976 -0.00062591 0.000507012 -0.00215879 0.0025529 0.000146979 -0.000307576 -0.00117313 -0.00181367 -0.00249339 -0.00356773 0.00104435 0.00353509 -9.78553e-05 -0.000627363 -0.00180381 -0.000105382 -0.000916578
internal_weight=290256 277329 234779 117969 116810 69239.7 42549.4 30541.3 38567.3 18209.6 15902.1 14553.2 48729.4 37745.5 30672.4 9461.24 12331.7 26134.4 107349 20906.6 15368.9 11585.6 7262.69 47882.5 2942.35 86442.4 36300.8 11125.2 25175.6 13695.2
internal_count=1178919 1126803 951327 478376 472951 279901 175476 126168 155125 75350 64902 59475 198475 151826 124776 38352 50818 106462 434599 84165 61877 46677 29235 195039 12703 350434 147813 45846 101967 55517
cat_boundaries=0 1 2 3 4 5 6 7 8 9 10
cat_threshold=2138 330 3132 2 2 2 137 421 134 2
is_linear=0
shrinkage=0.03


Tree=106
num_leaves=31
num_cat=9
split_feature=42 44 41 7 41 47 18 7 34 33 34 37 40 27 39 27 34 26 22 31 0 27 18 22 26 28 26 27 23 35
split_gain=34.9628 32.6932 25.305 25.2526 23.2976 22.7014 21.6834 20.4989 21.5908 20.4807 19.879 19.9309 18.8637 18.8615 17.8676 16.9778 16.9658 23.1832 16.7529 16.5977 16.406 17.0121 16.1472 16.0616 15.5439 15.5049 15.2716 14.901 16.0292 16.7635
threshold=0.14097750000000001 0.50220050000000016 0.47781350000000006 1.5000000000000002 0.69192950000000009 1.5000000000000002 0 1.0000000180025095e-35 0.18245850000000005 0.39604250000000002 0.80116300000000018 0.091326100000000007 4929.5000000000009 1 0.09575655000000001 2 0.49341950000000007 3 22471.000000000004 0.14774950000000001 2019.5000000000002 4 5 24152.500000000004 6 1405.5000000000002 7 8 24161.000000000004 0.46167200000000003
decision_type=10 10 10 2 8 2 1 2 8 10 10 8 2 9 8 9 10 9 2 10 2 9 1 2 9 2 9 9 2 10
left_child=1 3 27 24 10 7 12 8 -4 18 11 13 -7 25 -11 -14 17 -13 -8 -5 21 -10 -9 -22 -1 -3 -27 -2 29 -29
right_child=2 4 5 19 -6 6 9 22 20 14 -12 16 15 -15 -16 -17 -18 -19 -20 -21 23 -23 -24 -25 -26 26 -28 28 -30 -31
leaf_value=0.0026864367721533338 -0.0026610506760464305 -0.00079681921679188397 -0.0064806722338858827 -0.0009144948576972759 0.0023121291009167585 -0.00043671563778020789 0.0055712115366943543 0.00041629010788493876 -0.0009327996995018191 0.0024126325169737499 0.0027406349770578873 -0.0012612801063356762 -0.00093571239993204723 -0.0014442298374669977 3.8204843116885588e-05 -0.0027453907683274888 0.0005692600376443858 0.00040664147191154306 -0.0034390023568701038 0.0014870451799876008 -0.00051449326629236206 0.0046446471743525584 0.0022942029386843628 0.0011443503025926809 0.0011109198870024335 -0.00025978291218497324 0.0042071428340657866 -0.0029317903918838896 -0.0012408143784738515 0.0063408230054616448
leaf_weight=7617.2737821191549 6239.9683000594378 3644.6269794106483 471.87722653150558 7899.579891115427 3910.0331927835941 32623.200119718909 198.47586899995804 11162.473426416516 777.82715438306332 3151.9427716434002 2234.8183628618717 14366.80472573638 12808.475572228432 16050.057160660625 30041.192814722657 7439.7605063617229 36828.025746181607 15631.969144776464 2121.0820141881704 3846.9457330554724 27657.7547429353 1289.4986659288406 6583.2389924973249 6475.132505401969 22417.860139995813 1248.2841702103615 1499.4486444741488 248.36987359821796 3496.9423073083162 556.81595876812935
leaf_count=31391 25149 14934 1907 32163 17592 132122 820 45105 3183 12845 9601 57944 51542 65535 121183 29940 150438 63174 8665 15551 111777 5293 26614 26089 91075 5079 6074 1005 14075 2259
internal_value=3.85678e-06 0.000351879 -0.000307321 0.00105171 4.50865e-05 -0.000202355 -0.00049927 0.000279337 -0.000124978 7.33918e-05 -5.15306e-05 -0.000121857 -0.000884312 -0.000895498 0.000264776 -0.00160425 0.000137534 -0.000391479 -0.00264891 -0.000125267 -4.07714e-05 0.00255127 0.00111644 -0.000198853 0.00151298 0.000479119 0.00218321 -0.00172587 -0.000354578 0.00344318
internal_weight=290540 137196 153344 41781.7 95414.1 142802 88384.1 54417.8 36672.1 35512.7 91504 89269.2 52871.4 22442.4 33193.1 20248.2 66826.8 29998.8 2319.56 11746.5 36200.2 2067.33 17745.7 34132.9 30035.1 6392.36 2747.73 10542.1 4302.13 805.186
internal_count=1180124 560551 619573 170180 390371 577085 357117 219968 148249 143513 372779 363178 213604 91622 134028 81482 271556 121118 9485 47714 146342 8476 71719 137866 122466 26087 11153 42488 17339 3264
cat_boundaries=0 1 2 3 4 5 6 7 8 9
cat_threshold=133 2148 427 774 387 130 3393 646 275
is_linear=0
shrinkage=0.03


Tree=107
num_leaves=31
num_cat=8
split_feature=41 0 48 26 7 6 7 26 1 27 30 27 46 8 31 27 22 30 27 5 22 33 3 33 27 44 32 53 33 33
split_gain=41.7999 35.3231 32.5166 34.579 27.4073 26.6834 26.9592 25.2022 30.4526 26.0898 24.918 23.6671 29.842 23.2201 21.94 25.9274 22.8961 43.6587 21.8942 33.0188 21.0253 23.8216 19.595 18.7155 19.3595 18.418 19.8711 18.267 17.613 17.2959
threshold=0.47781350000000006 2019.5000000000002 1.0000000180025095e-35 0 1.5000000000000002 2.5000000000000004 1.0000000180025095e-35 1 5.5000000000000009 2 0.35485600000000006 3 0.13835350000000005 1.0000000180025095e-35 0.15797550000000002 4 23852.500000000004 0.30058200000000007 5 6 24238.000000000004 0.5000285000000001 6.5000000000000009 0.48305950000000003 7 0.63793500000000014 0.41620050000000003 0.028756499999999966 0.44643050000000006 0.45133850000000003
decision_type=8 2 2 9 2 2 2 9 2 9 10 9 10 2 10 9 2 10 9 1 2 10 2 10 9 8 8 8 10 10
left_child=-1 4 3 10 7 6 22 8 9 -2 14 12 -5 -7 16 29 17 23 19 -9 -13 -22 -4 -3 -25 -10 -27 -20 -8 -16
right_child=1 2 5 11 -6 13 28 18 25 -11 -12 20 -14 -15 15 -17 -18 -19 27 -21 21 -23 -24 24 -26 26 -28 -29 -30 -31
leaf_value=-0.0016743770010524811 -0.0018827729211518106 0.00043086527150588792 -0.00038256539656248637 -0.0020128056688165697 -0.0003458404063776263 -0.0040849096421113227 -0.00034634941485849497 -0.00058020402309533453 -0.0003751854064945154 0.004132868623840831 -0.0042776025492261135 6.2531713404796158e-06 2.354848589381792e-05 -0.0009103172932746923 0.00011118673211468999 0.0014177285623269717 0.0024173372834831032 0.0082796663669988946 0.002984367702632862 0.0044081633587306204 0.0023917104154565459 -0.004851939595865681 -0.0016744362250440935 0.010032802894531843 0.0011754503912137185 -0.0026574948822724056 -0.011251640266561769 0.00050676393583088839 0.00067711978688032143 -0.0030585009762523542
leaf_weight=12909.324918434024 948.79617631435394 23262.321638897061 30305.225036665797 11433.45837302506 11987.061184152961 3099.5728605538607 32924.505675345659 5733.314543068409 2915.8589729070663 1975.5656975954771 820.23866850137711 36647.364885345101 14868.861808791757 6367.0197881162167 3042.6094015538692 4998.9492358565331 11899.931686446071 683.28289645910263 12518.636939778924 1503.5086392909288 5851.5337417572737 433.99980834126472 16293.952041059732 363.30933286249638 591.71603326499462 1166.72261030972 309.46847185492516 3447.5256052464247 27975.548283070326 3116.7638361603022
leaf_count=52046 3913 95082 122824 45951 49223 12571 133586 23337 12111 8426 3328 148747 59874 25808 12407 20251 48420 2761 51311 6807 23580 1743 65926 1479 2404 4830 1293 14096 112896 12562
internal_value=-5.76499e-06 7.17719e-05 -7.20736e-05 0.000279104 0.00086762 -0.000426653 -0.000291833 0.0013452 -0.000187162 0.00217863 0.000890861 -0.000151598 -0.000860303 -0.00195388 0.00098033 -0.000182558 0.00133373 0.000814446 0.00182893 0.000452798 0.000282011 0.00188471 -0.000835006 0.00060158 0.00471412 -0.00177004 -0.00449862 0.00244993 0.000123317 -0.00148617
internal_weight=290396 277487 234980 118014 42506.5 116966 107499 30519.4 7316.41 2924.36 48779.1 69235.2 26302.3 9466.59 47958.9 11158.3 36800.6 24900.6 23203 7236.82 42932.9 6285.53 46599.2 24217.3 955.025 4392.05 1476.19 15966.2 60900.1 6159.37
internal_count=1179593 1127547 952200 478589 175347 473611 435232 126124 30573 12339 198694 279895 105825 38379 195366 45220 150146 101726 95551 30144 174070 25323 188750 98965 3883 18234 6123 65407 246482 24969
cat_boundaries=0 1 2 3 4 5 6 7 8
cat_threshold=2138 18 346 660 677 131 2 281
is_linear=0
shrinkage=0.03


Tree=108
num_leaves=31
num_cat=13
split_feature=41 0 27 5 0 0 1 33 26 27 26 27 40 26 26 27 26 35 39 27 27 22 52 45 10 22 20 22 27 46
split_gain=40.3401 32.3496 58.7804 48.8698 79.0211 57.2462 43.9683 30.0409 28.918 28.2139 26.3304 25.8466 39.4068 36.7988 28.3062 27.1464 23.7888 25.8187 29.5751 22.3918 21.8308 28.2535 21.5537 25.5423 20.5449 20.1136 19.6882 19.5522 20.3435 19.3868
threshold=0.47781350000000006 2023.5000000000002 0 1 2022.5000000000002 2020.5000000000002 7.5000000000000009 0.40111250000000004 2 3 4 5 10182.500000000002 6 7 8 9 0.55460050000000016 0.18824700000000003 10 11 24423.500000000004 -0.12684299999999998 0.32316000000000006 10.500000000000002 23642.500000000004 62.45000000000001 23166.500000000004 12 0.18872650000000005
decision_type=8 2 9 1 2 2 2 10 9 9 9 9 2 9 9 9 9 8 10 9 9 2 10 10 2 2 2 2 9 10
left_child=-1 3 7 11 5 6 8 -3 -5 -7 -4 13 14 -2 15 -13 -11 26 -19 -14 21 -16 -22 -24 -15 -8 -18 28 -10 -25
right_child=1 2 10 4 -6 9 25 -9 27 16 -12 12 19 24 20 -17 17 18 -20 -21 22 -23 23 29 -26 -27 -28 -29 -30 -31
leaf_value=-0.0016336421000249146 0.0011029703018767582 -0.0031323438489421628 -0.00045727320226689427 0.0081210109896286686 -0.0020239882660356193 -0.0050240015375600956 -0.0010173615212628955 0.0012798683744687121 -0.000832709423430407 -0.0012033292620366859 -0.0022065368177686348 0.0014874518855727433 0.007257159466812239 -6.0353870042628867e-05 -0.0014274451366007013 -0.00019022192842896505 0.0053772986353553221 0.0041501505547660638 -0.0061428733613235007 8.1446319563865454e-06 -0.0018711465955188514 0.008289700355978806 0.00045106474074735315 -0.00065233325285894998 -0.0055838347830685564 -0.0070624094593618181 0.011294930572467178 -0.00024306209020410785 0.0050696791093079955 -0.0042530530359125669
leaf_weight=12940.384772583842 42793.038922280073 1531.8948449939489 14596.07463543117 615.16837613284588 4480.6486942470074 290.01530143618584 1808.4467576295137 14316.029591083527 741.81719855964184 649.31046435236931 16658.851972475648 13668.858361616731 977.91154544055462 42200.443276554346 24404.918311581016 23676.344833284616 1500.1475558131933 6112.8918051272631 257.13109737634659 649.29131692647934 6575.7423100024462 268.50407788157463 33158.534394457936 17129.809295386076 612.18412138521671 688.38425722718239 800.29239980876446 3164.1301678568125 1733.6336935907602 1462.8346260339022
leaf_count=52172 173201 6174 58710 2790 17982 1326 7654 57555 3277 2924 67052 55197 3934 170028 98292 95575 6677 28731 1171 2614 26499 1077 133970 68998 2463 2871 3552 13836 7706 5886
internal_value=3.32115e-06 7.97746e-05 -0.000636412 0.000226315 0.00154335 0.0024157 0.000655902 0.000850433 0.00200198 0.00401451 -0.00139112 8.1223e-05 -0.000199049 0.000480871 -0.000262054 0.000423331 0.00430129 0.00471816 0.00372726 0.00443294 -0.000570783 -0.00131895 -0.000253555 -4.73889e-05 -0.000140389 -0.00270248 0.00746102 0.00130852 0.00330704 -0.000937885
internal_weight=290464 277523 47102.9 230420 22842 18361.4 8751.58 15847.9 6254.75 9609.79 31254.9 207578 121973 85605.7 120346 37345.2 9319.77 8670.46 6370.02 1627.2 83000.3 24673.4 58326.9 51751.2 42812.6 2496.83 2300.44 5639.58 2475.45 18592.6
internal_count=1179894 1127722 189491 938231 100497 82515 38134 63729 27609 44381 125762 837734 492042 345692 485494 150772 43055 40131 29902 6548 334722 99369 235353 208854 172491 10525 10229 24819 10983 74884
cat_boundaries=0 1 2 3 4 5 6 7 8 9 10 11 12 13
cat_threshold=138 2 2240 64 142 368 213 328 513 320 514 514 1137
is_linear=0
shrinkage=0.03


Tree=109
num_leaves=31
num_cat=7
split_feature=48 24 18 35 30 6 6 22 22 29 7 24 17 26 34 22 26 27 32 42 28 45 46 27 23 34 44 33 23 28
split_gain=40.0593 53.5244 32.4948 26.1247 24.7297 20.6459 20.5726 19.8001 21.21 29.0051 32.0361 27.9698 26.3336 22.6583 26.4452 20.1379 28.0182 19.908 22.2529 19.1946 19.1326 18.6315 22.5843 19.3348 18.7677 18.4931 17.4821 17.0875 17.054 16.212
threshold=1.0000000180025095e-35 0 1 0.3112930000000001 0.14064250000000003 2.5000000000000004 2.5000000000000004 24607.500000000004 23845.500000000004 0.45555200000000007 1.5000000000000002 2 1.0000000180025095e-35 3 0.57919300000000018 24043.500000000004 4 5 0.34201750000000003 0.1427245 4007.5000000000005 0.13103850000000003 0.048955250000000013 6 24144.500000000004 0.70046750000000013 0.61018550000000016 0.51365450000000012 24373.500000000004 4533.5000000000009
decision_type=2 1 1 8 8 2 2 2 2 10 2 1 2 9 8 2 9 9 10 8 2 10 10 9 2 8 10 10 2 2
left_child=4 3 6 -2 27 28 -3 8 11 20 19 12 25 14 17 -12 -17 18 -13 -11 -10 -21 23 -23 -24 -6 -8 -1 -5 -18
right_child=1 2 -4 5 7 -7 26 -9 9 10 15 13 -14 -15 -16 16 29 -19 -20 21 -22 22 24 -25 -26 -27 -28 -29 -30 -31
leaf_value=0.0016920411343235473 -0.0048782200089828266 -0.0019456478369234561 -0.00036164911533991402 0.00015588170164170231 -0.0010679747520781868 -0.0014191552516500934 -0.0075329079918900104 -0.0036639633145696526 -0.00041472889471246645 0.0027588315532797911 0.0014167041896264144 -0.0091319993535869792 0.00030615789424835558 0.0018326294487198869 0.002304961959345484 0.002004823322189177 -0.0021815851418270668 0.00064414186746255219 -0.0017009598715803996 -0.0037212308765633838 -0.0051833218246321623 0.00081694937626489151 0.0012591267799718548 -0.0055166346028022789 0.0047189113207544483 0.0014883712937260498 -0.00075019583708251794 -0.0046437263089142283 -0.0023857665439147033 -0.010836779549521346
leaf_weight=13728.227302178741 1004.2829718142748 17360.793166667223 14489.895571246743 99844.948681890965 33773.738712474704 8796.722947627306 1136.4113724827766 1183.5363309681416 4555.5453152507544 9710.4321224838495 3788.0396548062563 402.00816920399666 31707.102491304278 11390.385048747063 2969.6476456522942 1616.5153022110462 4295.3441853970289 3462.7047861367464 3758.8806343376637 701.54819259047508 909.97828006744385 997.03070463240147 10232.818285107613 744.99147586524487 1646.5053779780865 2742.6334912776947 504.39403769373894 388.89029914140701 2429.947409376502 203.58044028282166
leaf_count=58207 4079 70518 58915 405347 136268 35679 4621 4761 18420 39335 15301 1618 128315 46118 12531 6512 17278 13977 15133 2824 3703 4002 41167 3005 6615 11457 2071 1634 9794 816
internal_value=-3.16154e-05 -0.000383213 -0.00143553 -6.84509e-05 0.00032137 -2.45614e-05 -0.0022513 0.000192336 0.000227866 0.000808534 0.00113564 -2.54557e-05 -0.000325649 0.00090471 -9.20831e-05 -0.000297603 -0.00136456 -0.00103041 -0.00242636 0.00172745 -0.00121657 0.00102569 0.00127314 -0.00190623 0.00174226 -0.000875047 -0.00547128 0.00151443 9.51332e-05 -0.00258113
internal_weight=290477 145567 33491.5 112076 144910 111072 19001.6 130793 129609 39402.3 33936.8 90207.1 68223.5 21983.6 10593.2 9903.48 6115.44 7623.59 4160.89 24033.3 5465.52 14322.9 13621.3 1742.02 11879.3 36516.4 1640.81 14117.1 102275 4498.92
internal_count=1180021 591024 136125 454899 588997 450820 77210 529156 524395 158978 136855 365417 276040 89377 43259 39907 24606 30728 16751 96948 22123 57613 54789 7007 47782 147725 6692 59841 415141 18094
cat_boundaries=0 1 2 3 4 5 6 7
cat_threshold=2 129 2 794 2338 421 377
is_linear=0
shrinkage=0.03


Tree=110
num_leaves=31
num_cat=11
split_feature=48 25 25 29 7 26 17 0 33 22 23 33 26 44 27 5 26 29 30 30 23 37 37 44 43 22 5 27 27 26
split_gain=33.8166 43.5008 31.4962 37.1695 40.2581 34.7419 30.8056 30.6464 23.7474 21.8148 19.6992 19.1495 21.5261 20.8201 18.7197 36.1054 21.5462 18.6483 18.0061 17.7797 17.2572 17.2328 16.654 16.2938 27.8401 17.8482 16.2637 17.0069 16.9296 16.1979
threshold=1.0000000180025095e-35 0 1 0.43743400000000005 1.5000000000000002 2 1.0000000180025095e-35 2019.5000000000002 0.44911850000000003 24217.500000000004 24373.500000000004 0.46808600000000006 3 0.51695050000000009 4 5 6 0.46873500000000007 0.090955050000000023 0.15983750000000005 23645.500000000004 0.07064765000000002 0.17257050000000004 0.51852100000000012 5237.5000000000009 22196.500000000004 7 8 9 10
decision_type=2 1 1 10 2 9 2 2 8 2 2 10 9 8 9 1 9 8 10 10 2 8 10 10 2 2 1 9 9 9
left_child=2 7 3 -1 9 -6 19 14 10 18 23 13 -13 -3 15 -2 22 -10 -5 -4 -18 -17 -16 -9 25 -25 27 -20 -28 -15
right_child=1 11 6 4 5 -7 -8 8 17 -11 -12 12 -14 29 16 21 20 -19 26 -21 -22 -23 -24 24 -26 -27 28 -29 -30 -31
leaf_value=-0.002454344470748293 -0.0043967544724197805 -0.00059989798047642851 0.00077211358613036847 0.0053715735501485458 0.0020689242817259865 -0.0015009223369673039 0.00058798919680448137 6.6347159459769248e-05 -0.0023203247749233906 0.003655008678052199 -0.0038026216174365515 -0.0017997673309257504 0.0017322404615785639 -0.0044401496639503591 0.0018353761161937377 -0.002734524553787612 -3.5998579192752566e-05 0.00047506375676652099 0.0019544549913018509 -0.00068475554107024915 0.0045658483955976882 0.0064427636296717963 0.0052979074959494457 -0.0046113463135157755 -0.0045676011078459771 -0.00063945900290655812 0.006932013365037409 0.00015898690720625271 0.0017525557253809164 -0.0018783449637798989
leaf_weight=2609.0605994910002 1435.1272834092379 10725.245185106993 8962.6134677529335 1010.6739438474178 3681.7315136790276 7279.7414149641991 47628.183440238237 21566.638299316168 2282.0730270296335 4949.9914565086365 1754.0338195860386 2724.5501274913549 3571.1695448607206 2689.9003624767065 6218.0835409015417 266.09681865572929 8104.4198055714369 35129.226075172424 8623.940530821681 46896.668500497937 802.08779759705067 560.35530796647072 1584.1226693242788 1055.0593250393867 1853.2347103208303 29391.209567576647 855.9122419655323 10653.803594574332 1786.4408133924007 13811.767746210098
leaf_count=10596 5766 43489 37368 4536 14896 29688 193447 87123 9218 19912 7084 10980 14435 10914 25534 1208 33288 141817 34823 189373 3402 2520 6475 4281 7450 119427 3751 42979 7785 56440
internal_value=-1.68525e-05 -0.000339993 0.000307387 0.00100614 0.00123953 -0.000298393 2.71937e-05 -5.59368e-05 -0.000280287 0.00184522 -0.000673537 -0.00128806 0.000198721 -0.00163294 0.00104258 -0.0015077 0.00138984 0.000303572 0.00145281 -0.000450435 0.000376036 0.00345254 0.00254075 -0.000570882 -0.00099726 -0.000778523 0.00127005 0.000965025 0.00348042 -0.00230232
internal_weight=290463 145524 144939 41451.3 38842.2 10961.5 103487 112002 93031.5 27880.8 55620.2 33522.6 6295.72 27226.9 18970.3 2261.58 16708.7 37411.3 22930.8 55859.3 8906.51 826.452 7802.21 53866.1 32299.5 30446.3 21920.1 19277.7 2642.35 16501.7
internal_count=1180005 590851 589154 168966 158370 44584 420188 454593 376400 113786 225365 136258 25415 110843 78193 9494 68699 151035 93874 226741 36690 3728 32009 218281 131158 123708 89338 77802 11536 67354
cat_boundaries=0 1 2 3 4 5 6 7 8 9 10 11
cat_threshold=2 2 3552 1928 1026 2 837 2 344 2716 16
is_linear=0
shrinkage=0.03


Tree=111
num_leaves=31
num_cat=7
split_feature=34 28 26 48 18 3 24 26 52 53 52 46 46 45 21 36 46 20 31 27 28 18 1 7 42 26 53 46 45 45
split_gain=37.7502 28.9932 25.5978 23.2029 24.7817 22.8707 22.8258 22.5794 21.9904 21.0816 20.0483 19.7602 19.0553 19.508 18.6689 17.9265 17.1367 16.8571 15.8328 15.8321 18.0723 16.3656 16.3203 15.331 15.1023 15.0987 15.9706 20.7583 15.0695 24.6017
threshold=0.61057250000000007 186.50000000000003 0 1.0000000180025095e-35 1 7.5000000000000009 2 3 0.046897000000000001 0.095819500000000016 -0.12684299999999998 0.050051450000000004 0.39591750000000009 0.30349550000000008 0.64500000000000013 0.61272450000000012 0.26592600000000005 29.350000000000005 0.20003250000000003 4 4154.5000000000009 5 9.5000000000000018 1.5000000000000002 0.13249250000000004 6 0.0026094999999999873 0.31593750000000004 0.27863150000000009 0.23825800000000003
decision_type=10 2 9 2 1 2 1 9 10 10 8 10 8 10 2 10 10 2 10 9 2 1 2 2 10 9 8 10 10 10
left_child=2 17 14 4 -4 6 -5 8 23 11 15 -10 13 -6 25 -8 19 -2 -7 20 -12 22 -21 -3 -16 -1 27 -27 29 -9
right_child=1 7 3 5 12 18 10 28 9 -11 16 -13 -14 -15 24 -17 -18 -19 -20 21 -22 -23 -24 -25 -26 26 -28 -29 -30 -31
leaf_value=0.0075151799237113993 0.00095370750220655567 0.003452830904881187 0.00083114889696475061 -0.00013504035675718175 0.00027896343370818348 -0.001746605361809215 -0.0052387006908966452 0.00019829304888018806 -0.0014833095776125627 0.0037223820945099556 -0.0015438333417243366 0.0010314042261540715 -0.0027628230366380318 -0.00075620138499277385 0.0022948147987254669 0.0030717857020979835 0.0027791852071659949 -0.0025154147290668144 0.0040343105914397897 -0.0017901464848563556 -0.0054475701249081885 0.0013772296706912764 0.0051164555704878512 0.00070066637132258581 0.00057129440327974746 0.00058887397491012643 -0.0016832707903239796 -0.0049175743374274836 -0.00034251518022640503 0.0028263713021516377
leaf_weight=206.89012704789639 1832.1660617589951 6371.2833271175623 23194.985166445374 53421.646847307682 35292.802106782794 18717.720089137554 1796.2264469563961 11428.36569750309 3544.5468817204237 2058.116452306509 4771.2714610695839 13457.350594550371 2720.7194715887308 30538.282663479447 6104.1148245632648 261.68415501713753 998.24888803064823 3957.4732950031757 430.53790885210037 5259.7671697586775 1389.468360543251 2940.6003928035498 322.22818304598331 2594.5576294958591 18584.849080950022 10529.803583517671 5713.5850329101086 650.85545364022255 17119.476730808616 4468.6347864717245
leaf_count=888 7736 27608 93655 215723 142637 75542 7267 46548 14691 9093 19259 55403 10978 123115 24898 1070 4047 16756 1746 21291 5609 11906 1301 11111 74941 42480 23058 2612 69769 18233
internal_value=-1.14959e-05 0.000614066 -0.000198405 -0.000352194 -1.58582e-05 -0.000693577 -0.000445308 0.000806828 0.0014331 0.000854703 -0.00137779 0.000505205 -0.000302987 -0.000200794 0.0004708 -0.00416445 -0.00100946 -0.00141249 -0.00161445 -0.00126959 -0.00242742 -0.000425198 -0.00138108 0.00266025 0.000998861 -0.000289575 -0.000392462 0.000264414 0.000273712 0.000939325
internal_weight=290678 66832 223846 182056 91746.8 90309.4 71161.1 61042.3 28025.9 19060 17739.5 17001.9 68551.8 65831.1 41790.1 2057.91 15681.6 5789.64 19148.3 14683.3 6160.74 8522.6 5582 8965.84 24689 17101.1 16894.2 11180.7 33016.5 15897
internal_count=1180971 276948 904023 735146 370385 364761 287473 252456 117906 79187 71750 70094 276730 265752 168877 8337 63413 24492 77288 59366 24868 34498 22592 38719 99839 69038 68150 45092 134550 64781
cat_boundaries=0 1 2 3 4 5 6 7
cat_threshold=3144 76 2 23 665 194 3072
is_linear=0
shrinkage=0.03


Tree=112
num_leaves=31
num_cat=9
split_feature=48 24 0 32 5 26 27 1 5 0 46 44 44 18 53 0 0 26 43 43 46 43 34 27 39 33 27 33 47 38
split_gain=31.9774 32.7649 27.7681 36.2345 31.6257 36.1733 42.2529 27.9028 26.8469 35.3673 27.3278 26.6645 21.6968 19.6238 19.2692 19.1792 26.2359 18.8981 25.1576 21.8756 21.5985 29.8164 23.4602 18.7573 18.3182 18.3061 25.525 19.8419 18.3026 19.205
threshold=1.0000000180025095e-35 0 2022.5000000000002 0.38334950000000007 1 2 3 6.5000000000000009 4 2022.5000000000002 0.14664050000000003 0.65109200000000012 0.41911000000000004 5 -0.093335999999999988 2021.5000000000002 2019.5000000000002 6 6470.5000000000009 1292.5000000000002 0.019408300000000003 3738.5000000000005 0.48850400000000005 7 0.13796550000000005 0.43567950000000005 8 0.5000285000000001 1.0000000180025095e-35 0.14947550000000001
decision_type=2 1 2 8 1 9 9 2 1 2 10 8 8 1 8 2 2 9 2 2 10 2 10 9 8 10 9 10 2 10
left_child=8 2 4 14 5 11 28 15 10 -10 17 -2 -5 -3 -4 16 24 19 -19 -1 21 -21 -22 -20 -6 -16 -27 -28 -7 -30
right_child=1 13 3 12 7 6 -8 -9 9 -11 -12 -13 -14 -15 25 -17 -18 18 23 20 22 -23 -24 -25 -26 26 27 -29 29 -31
leaf_value=-0.00067484014840497517 -0.00098476003389044698 -0.001695632085806665 -0.0025562321592382466 0.0060237906730122755 0.003630976751379631 -0.0051987465825160898 0.00057673114665926051 3.2618129532945681e-05 0.0027076391713944073 -0.00046767751069531519 0.00064676200663117602 -0.0056111994882530039 -0.0021982728718412509 -0.00021833604787422313 -0.0014268986403934167 0.0073930935160432245 0.00021357449060214112 -0.00040845543918309891 -0.0066736391669029839 0.002479915053269624 -0.00083183160731394935 0.013545717976022241 0.0017343783125483335 -0.0016234242089353916 0.012045810326903604 0.0048781939515010839 0.00064859136814767739 -0.0042654162269923947 -0.0027361982774148598 0.001657403325055736
leaf_weight=9882.5108290165663 5225.9877111762762 19687.754383668303 2399.4252472966909 291.13666987419128 837.6431645154953 1382.5441677868366 57114.209398686886 2941.9503293931484 9167.5694122463465 4790.7505923807621 68270.083454236388 1434.1479233801365 12270.032856285572 13843.795508280396 4459.118895471096 1048.2149986028671 1695.9315809309483 34628.723650664091 965.23607009649277 1120.9059481322765 5102.9320198148489 273.60711373388767 8565.4660090059042 2201.9966501742601 331.9257815182209 1227.2774703800678 14755.779178231955 774.4521374553442 2502.020457983017 1382.223286151886
leaf_count=39809 20981 80010 9635 1167 3878 5552 230971 12882 41936 19191 275681 5790 49454 56293 17904 4838 7355 139401 3881 4501 20476 1104 34498 8865 1507 4935 59383 3109 10048 5551
internal_value=4.93554e-05 -0.000264547 -1.81091e-05 -0.000702296 0.000307637 0.000114161 0.000339064 0.00225079 0.00036484 0.0016158 0.000231297 -0.00198459 -0.00200393 -0.00108726 -8.53439e-06 0.00390924 0.00261797 -0.00022031 -0.000643493 0.000419761 0.00114017 0.00469694 0.000774148 -0.00320301 0.00606942 0.000278496 0.00073426 0.000400577 -0.00222764 -0.00116493
internal_weight=290575 145606 112074 36177.2 75896.8 69041.1 62381 6855.67 144970 13958.3 131011 6660.14 12561.2 33531.5 23616.1 3913.72 2865.5 62741.4 37796 24945.4 15062.9 1394.51 13668.4 3167.23 1169.57 21216.6 16757.5 15530.2 5266.79 3884.24
internal_count=1180586 591243 454940 145587 309353 278893 252122 30460 589343 61127 528216 26771 50621 136303 94966 17578 12740 252535 152147 100388 60579 5605 54974 12746 5385 85331 67427 62492 21151 15599
cat_boundaries=0 1 2 3 4 5 6 7 8 9
cat_threshold=2 2 2 2 2 145 282 704 2
is_linear=0
shrinkage=0.03


Tree=113
num_leaves=31
num_cat=11
split_feature=32 0 5 1 0 27 0 1 27 0 41 0 26 1 26 0 50 11 0 34 27 26 27 38 27 36 30 26 11 26
split_gain=32.3336 33.5424 45.4933 50.3876 46.0221 45.9211 130.059 76.2044 42.7873 38.5512 34.0813 30.8805 68.9137 27.6472 30.9636 28.7504 27.2606 25.9739 25.821 37.5501 25.7242 25.3231 25.8441 24.6472 23.537 23.132 25.0968 22.8264 22.0172 21.8072
threshold=0.33911650000000004 2023.5000000000002 0 6.5000000000000009 2022.5000000000002 1 2022.5000000000002 4.5000000000000009 2 2020.5000000000002 0.52371600000000018 2020.5000000000002 3 9.5000000000000018 4 2022.5000000000002 1.0000000180025095e-35 6.5000000000000009 2021.5000000000002 0.47641300000000003 5 6 7 0.17732250000000002 8 0.46878150000000002 0.073730350000000014 9 2.5000000000000004 10
decision_type=8 2 1 2 2 9 2 2 9 2 8 2 9 2 9 2 2 2 2 8 9 9 9 10 9 8 10 9 2 9
left_child=-1 2 5 4 18 6 9 -8 -3 10 27 12 -7 17 -15 -16 25 23 -4 -20 -17 -10 -23 -13 -21 28 -27 -2 -14 -25
right_child=1 8 3 -5 -6 11 7 -9 21 -11 -12 13 16 14 15 20 -18 -19 19 24 -22 22 -24 29 -26 26 -28 -29 -30 -31
leaf_value=0.00074035802674142135 -0.001050691770363345 0.00041037252782933454 0.0025980042208394597 -0.0002750435154861421 -0.00080940609386912247 -0.0025356248010930454 -0.0052362425933353751 0.0053210197445981433 -0.00079968727392497818 -0.0013618753973628659 -0.010165335883631275 -0.00015509226952285099 0.0064775901104957047 -0.0040407589525176075 -0.0018054552243435399 -0.0014909551322982305 -0.0001724819090429821 -0.000900897137594094 0.014327371448340365 0.01044078508184209 0.0058066213444570858 -0.0015020194380330136 -0.0044026374952063178 0.0022319192535833572 0.0028275404108540989 0.0052625486025021598 0.00087254851068947477 -0.0049849134574448725 0.0020013159919627333 0.00010945730913043054
leaf_weight=46253.564486697316 2027.6028961539268 14412.990048378706 7019.3639137744904 10012.051840439439 2782.6726276129484 5818.9408390372992 757.92012549936771 3173.5381004363298 15081.102408602834 7366.996465280652 839.59236222505569 46541.615120232105 1351.7442968189716 3538.6068052202463 4445.2009575217962 743.05990593135357 15556.642381861806 27218.759281173348 419.88696716725826 467.45188681781292 1010.611643910408 6999.1673304885626 4656.49225923419 8675.0938419401646 1761.2181790322065 1214.8736131489277 33676.608203068376 4080.3307468891144 3815.4843978136778 8816.7331194579601
leaf_count=187769 8154 57952 31548 43525 11170 23403 3049 12759 60673 29605 3374 187290 5424 14231 17877 2990 62922 109404 1876 2257 4065 28165 18740 34921 8297 5245 136754 16391 15313 35403
internal_value=1.29771e-05 -0.000124633 3.34504e-05 0.00130673 0.00258088 -0.00012471 -0.00155119 0.00327569 -0.000905675 -0.00288047 -0.00448515 3.54689e-05 0.000565981 -0.00028696 -0.00180646 -0.000517485 0.000891451 -0.000124432 0.00355974 0.00609145 0.00272474 -0.00161575 -0.00266702 0.000205178 0.00450916 0.00130558 0.0010267 -0.00369484 0.00318119 0.00116535
internal_weight=290536 244282 203133 22462.6 12450.6 180670 18246 3931.46 41149.8 14314.5 6947.53 162424 61434.3 100990 9737.48 6198.87 55615.4 91252.2 9667.92 2648.56 1753.67 26736.8 11655.7 64033.4 2228.67 40058.7 34891.5 6107.93 5167.23 17491.8
internal_count=1180546 992777 827247 98673 55148 728574 73332 15808 165530 57524 27919 655242 249061 406181 39163 24932 225658 367018 43978 12430 7055 107578 46905 257614 10554 162736 141999 24545 20737 70324
cat_boundaries=0 1 2 3 4 5 6 7 8 9 10 11
cat_threshold=2 2 2186 2 777 648 654 804 560 41 93
is_linear=0
shrinkage=0.03


Tree=114
num_leaves=31
num_cat=13
split_feature=0 27 5 26 25 1 48 26 18 27 47 26 5 0 32 27 34 32 50 9 34 44 26 35 44 50 18 39 1 5
split_gain=31.1224 31.8111 48.0743 30.6925 33.9847 28.5969 27.327 35.8823 27.7277 26.2084 24.4956 23.5405 22.7088 21.5171 23.3049 30.0364 21.6022 21.3859 21.0539 20.3805 19.6634 19.0237 26.3631 20.3316 18.9448 21.4805 17.6393 16.6337 30.4407 21.4825
threshold=2019.5000000000002 0 1 2 3 5.5000000000000009 1.0000000180025095e-35 4 5 6 9.5000000000000018 7 8 2022.5000000000002 0.38211950000000006 9 0.80116300000000018 0.350775 1.0000000180025095e-35 1.0000000180025095e-35 0.41707150000000009 0.75004350000000009 10 0.50074200000000013 0.48373150000000004 1.0000000180025095e-35 11 0.14674500000000004 5.5000000000000009 12
decision_type=2 9 1 9 1 2 2 9 1 9 2 9 1 2 8 9 10 8 2 2 10 10 9 8 8 2 1 10 2 1
left_child=1 2 11 12 -5 -4 7 9 -9 17 13 -1 -3 16 15 -15 21 -2 19 -6 -11 27 23 -23 -16 -26 -12 29 -29 -8
right_child=6 3 5 4 18 -7 10 8 -10 20 26 -13 -14 14 24 -17 -18 -19 -20 -21 -22 22 -24 -25 25 -27 -28 28 -30 -31
leaf_value=0.00066279381597814698 0.0055995089893589875 -0.0023729340976470768 0.0063188091705038496 0.0025528881492322868 0.0034337635870446684 6.3709848157361397e-05 -0.00069492148079543573 0.00076528277729633347 -0.00049093473164330925 -0.00083708470602637515 -0.0028837463416540587 -0.0020954067746137106 0.0017589263848973614 0.0024269177600657783 0.00072054343736208375 -0.0006641383474037904 0.0032867078150620962 0.0015819046593192937 -0.0018665107492846188 3.5751751345521014e-05 0.00097001815123392329 0.0082928448355067391 -0.0053407334599667646 -0.0018697090972747995 -0.0027841101405964427 -6.7147451515467768e-05 0.00015249261560882117 0.0020539179388365282 -7.2203509188203605e-05 0.0018927933956383927
leaf_weight=4136.5312265306711 1733.5783361494541 3245.2822967022657 1347.1875286102295 15852.085066765547 2403.0893792212009 1301.9700821191072 30511.638466820121 21180.758444204926 62184.341850996017 6754.4477882534266 5998.631913036108 8408.1113715171814 1885.6731344908476 3172.8688829988241 2422.3704704940319 25126.572338879108 1752.0327883064747 3926.9373626708984 2837.7879163324833 4729.3554639369249 27086.779076114297 263.47403556108475 1371.8677581250668 518.38984324038029 11018.229562714696 3465.298052996397 2394.5705390572548 8399.798370346427 21654.124371916056 3181.2646837085485
leaf_count=16814 7007 13057 6193 65016 9846 5821 122957 85714 251492 27256 24325 34057 8606 12744 9748 101041 7511 16081 11506 19264 110736 1064 5696 2113 44495 13988 9717 33959 87521 14171
internal_value=1.122e-06 0.000715675 -0.000407098 0.00126748 0.00168897 0.0032595 -0.000133838 0.000181299 -0.000171335 0.000926029 -0.000453419 -0.00118471 -0.000846804 -0.000336787 -0.000843515 -0.000315673 1.38741e-06 0.00281497 0.000313717 0.00118579 0.000608226 -8.56466e-05 -0.00285674 0.00151596 -0.0017251 -0.00213627 -0.00201745 7.63634e-06 0.000521176 -0.000449554
internal_weight=290265 46147.1 15193.8 30953.3 25822.3 2649.16 244118 122867 83365.1 39501.7 121251 12544.6 5130.96 112858 45205.3 28299.4 67652.6 5660.52 9970.23 7132.44 33841.2 65900.6 2153.73 781.864 16905.9 14483.5 8393.2 63746.8 30053.9 33692.9
internal_count=1179516 190180 62885 127295 105632 12014 989336 498286 337206 161080 491050 50871 21663 457008 182016 113785 274992 23088 40616 29110 137992 267481 8873 3177 68231 58483 34042 258608 121480 137128
cat_boundaries=0 1 2 3 4 5 6 7 8 9 10 11 12 13
cat_threshold=131 2 2 2 2074 76 2072 100 2 2050 708 200 2
is_linear=0
shrinkage=0.03


Tree=115
num_leaves=31
num_cat=10
split_feature=30 5 0 1 21 0 9 32 27 28 26 46 44 9 27 32 33 28 22 0 26 27 11 22 0 27 19 27 26 26
split_gain=30.1007 27.1534 58.1485 43.0412 35.1434 30.4933 31.2792 25.497 23.4022 24.3804 21.1924 18.8036 18.3378 18.306 17.9391 20.5764 17.053 24.6417 16.7142 16.5247 26.2687 29.1467 17.4261 16.4747 16.3017 50.8678 20.2444 18.3636 21.5338 20.4965
threshold=0.29068400000000005 0 2022.5000000000002 5.5000000000000009 0.88500000000000012 2020.5000000000002 12.500000000000002 0.4189730000000001 1 532.50000000000011 2 0.061973300000000002 0.46097400000000005 4.5000000000000009 3 0.33395350000000007 0.44846350000000007 8397.5000000000018 22104.500000000004 2021.5000000000002 4 5 3.5000000000000004 23746.000000000004 2019.5000000000002 6 8.9500000000000011 7 8 9
decision_type=8 1 2 2 2 2 2 10 9 2 9 10 10 2 9 10 10 2 2 2 9 9 2 2 2 9 2 9 9 9
left_child=1 4 3 8 7 6 11 24 -3 -10 13 23 16 -6 18 -16 -12 -18 -14 20 -7 -22 -21 -5 25 -1 -26 29 -29 -27
right_child=-2 2 -4 5 10 19 -8 -9 9 -11 12 -13 14 -15 15 -17 17 -19 -20 22 21 -23 -24 -25 26 27 -28 28 -30 -31
leaf_value=-0.0024508714400655186 -0.00098609080009063482 0 -0.00092414781059627982 -0.0022413479027513874 0.0011731926137959336 -0.0063025224682683109 0.011083891421633792 -0.0019059720340089011 0.0031157587246363034 0.007284710284864996 0.0023687742727175293 0.00021103064050020029 -0.0044535486388730715 -0.0006609042778148341 0.0021682322937215952 -5.9659383636988902e-05 -0.00049177200847547794 0.0050716973336793454 -0.00069763914824418148 -0.0014628120094774353 -0.00331973836212915 0.0064220435165736871 0.0029928458684976432 -0.0098923911664643271 -0.0011650732286437066 -0.00015967843213776674 -0.00014436127593052991 0.0022409889064050718 -0.00058375397363718672 0.0037336570777746201
leaf_weight=3997.9222120344639 24840.252254784107 1128.5650779157877 9223.3506002426147 1645.9113818407059 36915.120442911983 185.16843850910664 193.34974984824657 8545.0273866504431 3191.1318803429604 2141.3560106307268 5364.8250813037157 3503.5170181393623 1136.6037543863058 5622.7925106137991 4312.5898133814335 27381.82699406147 6377.1101629883051 803.83679434657097 17641.49577383697 1425.3687827438116 310.69116604328156 2034.8070680946112 1750.420208632946 302.05764096975327 22251.338987141848 1680.3918975740671 82114.779509440064 4014.9165031164885 6084.9074526578188 4314.175617441535
leaf_count=16148 100675 5172 37032 7041 149461 832 811 34387 14542 9857 21608 15143 4578 22662 17460 110186 25693 3241 71003 6640 1449 9475 8159 1250 89453 6819 330539 16434 24787 17731
internal_value=1.23859e-05 0.000105893 0.0010069 0.00200848 3.64589e-06 0.000892053 -0.000667022 -0.000320605 0.00396395 0.00478968 0.000412491 -0.00109516 6.26404e-05 0.000929803 -0.000192001 0.000242638 0.00108932 0.000128686 -0.000926756 0.00243909 0.0042498 0.00510771 0.000984111 -0.0034565 -0.000211473 0.0005704 -0.000362296 0.00132378 0.000537618 0.0026393
internal_weight=290436 265595 27035.7 17812.3 238560 11351.3 5644.84 133003 6461.05 5332.49 105556 5451.49 63018.3 42537.9 50472.5 31694.4 12545.8 7180.95 18778.1 5706.46 2530.67 2345.5 3175.79 1947.97 124458 20092.3 104366 16094.4 10099.8 5994.57
internal_count=1180268 1079593 117403 80371 962190 50800 24245 536298 29571 24399 425892 23434 253769 172123 203227 127646 50542 28934 75581 26555 11756 10924 14799 8291 501911 81919 419992 65771 41221 24550
cat_boundaries=0 1 2 3 4 5 6 7 8 9 10
cat_threshold=2 1353 89 774 336 224 3 280 340 146
is_linear=0
shrinkage=0.03


Tree=116
num_leaves=31
num_cat=7
split_feature=0 27 33 5 0 1 27 0 1 26 40 0 33 27 53 20 52 38 54 38 36 0 0 1 27 26 1 35 1 47
split_gain=31.3163 32.1844 34 29.9236 60.0493 47.9852 35.2625 127.88 59.7742 32.0405 28.8851 27.8402 29.8477 29.7717 26.8324 26.8207 26.517 23.9336 23.1603 22.5224 25.4644 21.9045 21.1164 30.3759 21.082 22.3025 24.1849 20.386 21.6949 20.3813
threshold=2023.5000000000002 0 0.40206400000000003 1 2022.5000000000002 6.5000000000000009 2 2022.5000000000002 4.5000000000000009 3 2552.5000000000005 2020.5000000000002 0.4241080000000001 4 -1.0000000180025095e-35 74.350000000000009 -0.15523899999999996 0.094068050000000014 6.4191799320416782 0.09479940000000002 0.56289400000000012 2020.5000000000002 2021.5000000000002 8.5000000000000018 5 6 4.5000000000000009 0.52180700000000002 8.5000000000000018 9.5000000000000018
decision_type=2 9 10 1 2 2 9 2 2 9 2 2 8 9 10 2 8 8 2 10 8 2 2 2 9 9 2 10 2 2
left_child=3 2 -2 6 5 18 7 10 -9 11 15 13 14 27 -13 -1 -11 -3 -5 20 -14 -7 23 -23 -4 26 -26 -8 -29 -18
right_child=1 17 24 4 -6 21 9 8 -10 16 -12 12 19 -15 -16 -17 29 -19 -20 -21 -22 22 -24 -25 25 -27 -28 28 -30 -31
leaf_value=-0.0024400090300133173 -0.0033013795123333256 0.0012888747375584221 0.0021833632112122497 0.002133078920802296 -0.00172603807427818 -0.0014300760405230961 0.0032045790108594695 -0.0037229681230694458 0.0051383742102351099 -0.0021201614028080519 -0.0010527576903542758 -2.7982367600246572e-05 -0.0032646259862602507 0.00020647522000665422 -0.0028099004241929964 -0.0061635296066207606 3.1802505458838052e-05 -0.0014777526841141181 0.0050255134340094366 0.00075488968918845393 0.00079262991811989965 0.0010891784723028744 -6.4126501686196183e-05 0.0091918969512031923 -0.010491989304006856 0.00043423114110093685 -0.00052217979795168791 0.00051874762923664235 0.0031295633638680738 -0.0016932555454298431
leaf_weight=6158.7050278633833 1989.6156940311193 3088.2820248901844 6332.4760245680809 6382.0105655640364 5111.1075468212366 3849.6016077846289 7314.2798874825239 841.13051687180996 3573.1005019247532 6193.2741663306952 8734.1565297544003 7993.6814260929823 2845.8182372748852 16108.822064504027 5138.8989574611187 2458.4863912165165 85527.472989574075 30305.643477529287 4156.8608239293098 39773.270911410451 2703.2256980240345 1109.8931856751442 2547.9465007185936 674.16679455339909 364.6024534702301 7847.4986178129911 559.40100082755089 10290.73262603581 3988.4111367762089 6637.6548146158457
leaf_count=24752 8027 12452 25447 28918 20523 16291 29473 3386 14372 24904 35092 32229 11436 65748 20664 9881 344642 121973 19149 160276 10925 5079 11791 3149 1465 31572 2250 42176 16266 26733
internal_value=3.82937e-07 -0.000678654 0.000378732 0.000143293 0.00115217 0.00193974 3.19735e-05 -0.00111263 0.00344167 0.000160269 -0.00227402 0.000549736 0.000139236 0.00118548 -0.00111925 -0.00350759 -0.0002202 -0.00122054 0.0032779 0.000504606 -0.00128336 0.000211799 0.00167774 0.00417814 0.000866301 -8.39299e-05 -0.00446162 0.00191332 0.0012506 -9.21603e-05
internal_weight=290600 50487.5 17093.6 240113 23831.6 18720.5 216281 21765.6 4414.23 194516 17351.3 96157.1 58454.9 37702.2 13132.6 8617.19 98358.4 33393.9 10538.9 45322.3 5549.04 8181.61 4332.01 1784.06 15104 8771.5 924.003 21593.4 14279.1 92165.1
internal_count=1181041 203186 68761 977855 104900 84377 872955 87483 17758 785472 69725 389193 235530 153663 52893 34633 396279 134425 48067 182637 22361 36310 20019 8228 60734 35287 3715 87915 58442 371375
cat_boundaries=0 1 2 3 4 5 6 7
cat_threshold=2186 2 2 93 689 2050 136
is_linear=0
shrinkage=0.03


Tree=117
num_leaves=31
num_cat=8
split_feature=48 24 18 5 46 28 33 40 44 52 11 47 29 7 26 45 27 26 11 40 29 33 1 40 26 18 32 45 52 6
split_gain=29.6838 41.0057 28.3703 21.7588 27.9653 20.6682 19.7598 20.1697 20.9732 18.668 18.6323 17.6642 17.4154 18.8413 17.9258 17.6532 17.876 17.3664 19.3404 17.5809 17.625 17.2821 21.312 17.2453 17.08 16.6864 16.6822 17.5025 20.7403 17.2828
threshold=1.0000000180025095e-35 0 1 2 0.081363300000000013 6586.5000000000009 0.44911850000000003 5288.5000000000009 0.47327850000000005 -0.24987949999999998 7.5000000000000009 9.5000000000000018 0.54243600000000003 1.0000000180025095e-35 3 0.37730750000000007 4 5 4.5000000000000009 4098.5000000000009 0.61803000000000019 0.5000285000000001 5.5000000000000009 7384.5000000000009 6 7 0.36545250000000001 0.24188300000000004 -0.034215999999999962 2.5000000000000004
decision_type=2 1 1 1 10 2 8 2 10 8 2 2 8 2 9 10 9 9 2 2 10 10 2 2 9 1 10 10 8 2
left_child=3 6 11 4 5 -1 7 17 -9 -6 -5 -3 13 -8 -15 -16 -17 18 19 20 -2 -11 -23 -7 -14 -12 27 28 -19 -28
right_child=1 2 -4 10 9 23 12 8 -10 21 25 -13 24 14 15 16 -18 26 -20 -21 -22 22 -24 -25 -26 -27 29 -29 -30 -31
leaf_value=-0.00047919236021021488 0.00056434194099110556 -0.0017340484492991996 -0.00023187543977972748 0.00076863066185896701 -0.0029551070850747083 -0.0070530850227966679 -0.0011774377628314384 0.00070197426063701703 -0.0021342359520373725 0.0005341967462538684 -0.0013723632968816904 -0.0052368427121781622 0.003076619056348321 0.0017023411455506429 -0.0010717012990418392 -0.0031106989921728017 0.0048291301684558674 -0.0065759335507980668 -0.00031027457772588648 0.0048229123716326478 0.0048406085615339068 0.0010224273210728617 -0.0038756094799267571 0.0014467989540474541 0.00070267908362616328 0.00416104011756286 7.4057987293659464e-05 -0.00050088612385207495 -0.0016295706491221593 -0.0028274240781874533
leaf_weight=28760.072492390871 8776.9653149992228 17600.243934258819 14556.045021981001 10301.954277634621 1454.9202929288149 777.90205706655979 9252.6091790646315 3084.2778271138668 9605.9158551394939 96545.603228792548 573.91554141044617 1408.1675311177969 3197.6036272495985 6622.0511996895075 6408.0906889587641 333.48592209815979 957.82907831668854 1207.7007915079594 12294.291925340891 1217.0665299445391 963.74021078646183 1425.6263621896505 1792.603406265378 287.66634759306908 18836.200523778796 3033.7071672677994 20858.918255746365 4131.7268459200859 2133.3773224651814 2022.6281197816133
leaf_count=115727 35525 71520 59208 45222 5845 3118 37178 12392 38667 389594 2510 5749 13134 26569 25787 1343 3844 4923 49732 4908 4103 5763 7213 1153 77003 13322 85507 16814 8702 8294
internal_value=-9.41821e-06 -0.000312273 -0.00123194 0.000294306 0.00017428 -0.000632623 -3.61355e-05 -0.000367023 -0.00144255 0.000412355 0.00142265 -0.00199485 0.000444184 -0.000121436 0.00055882 -0.000422738 0.00276629 -0.000111789 0.000504329 0.00142132 0.000991873 0.000461852 -0.00169761 -0.00473272 0.00105064 0.00327977 -0.000584714 -0.00181571 -0.0034308 -0.000181446
internal_weight=290423 145469 33564.5 144954 131044 29825.6 111904 66296.6 12690.2 101219 13909.6 19008.4 45607.9 23574.1 14321.5 7699.41 1291.32 53606.4 23252.1 10957.8 9740.71 99763.8 3218.23 1065.57 22033.8 3607.62 30354.4 7472.8 3341.08 22881.5
internal_count=1180369 590902 136477 589467 528413 119998 454425 269567 51059 408415 61054 77269 184858 94721 57543 30974 5187 218508 94268 44536 39628 402570 12976 4271 90137 15832 124240 30439 13625 93801
cat_boundaries=0 1 2 3 4 5 6 7 8
cat_threshold=2 129 2 904 14 2776 1 100
is_linear=0
shrinkage=0.03


Tree=118
num_leaves=31
num_cat=5
split_feature=32 46 29 5 0 0 3 5 11 46 22 22 7 22 21 45 28 53 27 46 46 1 45 3 53 27 26 28 35 36
split_gain=26.6584 34.031 34.1906 24.7606 46.6382 30.8622 21.4473 26.9984 23.2801 19.508 19.2994 20.4564 19.986 19.2414 17.9293 18.3688 17.9827 35.8627 28.3901 20.1927 19.0236 17.185 16.9104 16.6738 16.62 16.5379 15.8047 17.4646 16.1572 15.6662
threshold=0.37309950000000008 0.048955250000000013 0.67588450000000011 0 2022.5000000000002 2020.5000000000002 2.5000000000000004 1 4.5000000000000009 0.12645100000000004 24607.500000000004 23501.500000000004 1.5000000000000002 21694.500000000004 0.89500000000000013 0.45489900000000005 1522.5000000000002 0.005338000000000038 2 0.16490650000000004 0.26171700000000003 9.5000000000000018 0.32436500000000007 6.5000000000000009 0.004557499999999993 3 4 694.50000000000011 0.54388950000000014 0.53248150000000016
decision_type=8 8 10 1 2 2 2 1 2 8 2 2 2 2 2 8 2 10 9 10 10 2 10 2 10 9 9 2 10 8
left_child=6 -2 3 14 5 9 10 13 -9 23 11 21 -13 -8 29 16 17 18 22 -18 -20 25 -16 -5 -4 -1 27 -19 -28 -3
right_child=1 2 24 4 -6 -7 7 8 -10 -11 -12 12 -14 -15 15 -17 19 26 20 -21 -22 -23 -24 -25 -26 -27 28 -29 -30 -31
leaf_value=-0.00073411847706371727 -0.001236791022299191 -0.00034178075888742141 0.0049366042994845394 -0.0031735316964509679 -0.00099317200537958465 0.0042344960650842608 0.0018336766629318271 -0.00034090851891313627 0.0036507197284304581 0.002957175921499698 -0.0042149474826632411 0.0022189609573147703 0.00019998280888887434 -0.00011426353394327494 0.0066860083917340994 0.0042319671764136334 -0.0013987889516162127 -0.0017452310759920333 0.0016674078247601112 0.0005338381754395222 -0.0025792718214071846 -0.0036550227516953457 0.00052509673890482466 0.0038291094778762033 0.00015314049869915322 0.0012471790247314948 -0.0048618318258209633 0.0030489115337455019 -0.00050251156909628298 -0.0014711841809503733
leaf_weight=6429.013183504343 28311.800659686327 34910.08813790977 1790.1784581542015 1440.8156787157059 5743.3841399252415 4362.3441595435143 4758.1752837449312 2120.1640552580357 3402.9729502648115 1464.8434226810932 651.71780255436897 14415.82337847352 6408.6056796312332 109793.8399926573 1517.3536004275084 971.81450054049492 11038.985890001059 1380.0332226753235 6800.8291770368814 8668.3981346786022 1095.7577135413885 982.1129539757967 560.11696663498878 382.28579840064049 1049.8363602310419 9170.4824586361647 1430.169936299324 1343.7406106591225 1680.4294382035732 16244.880642816424
leaf_count=26186 116254 140330 7884 6115 23084 20223 19299 9350 14941 6411 2622 58434 25904 443095 6117 3909 44431 5562 27393 34849 4415 3956 2253 1637 4795 37218 5748 5407 6774 65437
internal_value=-2.58313e-07 -0.00031478 -6.31664e-05 -0.000154743 0.00104592 0.00258046 0.000262472 6.55001e-05 0.00211367 0.000374962 0.000883089 0.000973044 0.00159919 -3.30437e-05 -0.000338602 0.00016879 5.64172e-05 0.000810816 0.00190452 -0.000547239 0.00107221 0.000184728 0.00501839 -0.00168484 0.00318093 0.00042905 -0.00105379 0.000607423 -0.00251113 -0.000701088
internal_weight=290321 132188 103876 101036 13393.7 7650.29 158133 120075 5523.14 3287.94 38057.8 37406 20824.4 114552 87642.6 36487.6 35515.8 15808.4 9974.06 19707.4 7896.59 16581.6 2077.47 1823.1 2840.01 15599.5 5834.37 2723.77 3110.6 51155
internal_count=1180033 539028 422774 410095 57470 34386 641005 486685 24291 14163 154320 151698 84338 462394 352625 146858 142949 63669 40178 79280 31808 67360 8370 7752 12679 63404 23491 10969 12522 205767
cat_boundaries=0 1 2 3 4 5
cat_threshold=2 2 132 1574 602
is_linear=0
shrinkage=0.03


Tree=119
num_leaves=31
num_cat=5
split_feature=30 41 0 53 47 26 46 32 52 28 34 3 34 7 18 45 28 41 21 26 45 18 26 44 40 44 44 37 47 47
split_gain=24.3302 19.6874 24.3344 26.9239 24.9423 28.8031 24.5314 27.6354 22.6365 16.8243 21.1877 16.7539 16.3343 16.0828 15.9155 15.8984 15.5375 15.3651 14.749 14.7409 17.2703 14.6504 14.9028 14.8954 14.0204 17.3326 13.9412 13.8161 13.78 13.7518
threshold=0.29068400000000005 0.47781350000000006 2019.5000000000002 -0.00039350000000004654 9.5000000000000018 0 0.050051450000000004 0.40266800000000008 -0.16445449999999998 694.50000000000011 0.6178125000000001 5.5000000000000009 0.27812950000000008 1.5000000000000002 1 0.13514650000000003 4533.5000000000009 0.6000430000000001 0.60500000000000009 2 0.41267750000000009 3 4 0.48786450000000009 500.50000000000006 0.50120550000000008 0.73529700000000009 0.23557150000000002 5.5000000000000009 10.500000000000002
decision_type=10 8 2 10 2 9 10 8 10 2 10 2 8 2 1 10 2 10 2 9 8 1 9 10 2 10 10 10 2 2
left_child=1 -1 3 13 6 14 7 -4 18 11 -11 -5 -2 24 -6 -15 -7 -16 -8 20 -9 22 23 -10 -3 -26 -21 29 -14 -17
right_child=12 2 4 9 5 16 8 19 21 10 -12 -13 28 15 17 27 -18 -19 -20 26 -22 -23 -24 -25 25 -27 -28 -29 -30 -31
leaf_value=-0.001107568972905896 -0.0035082597731470508 0.0031133313924589642 -0.00012674854150308932 -0.0020698898778881087 0.0045511294309370683 -0.0014539943980555212 -0.0023555467849696982 -0.0014244400471017373 -0.0049558111538980324 -0.0002669242475609974 0.002801014823369914 0.00029147534324605649 -0.00020927411022625861 -0.0040751279793562953 -0.0005501401237249751 -0.00037181402078662821 -0.0043402885801951379 0.0061586830162109049 -6.3873657465897347e-05 -0.0037475305475838244 0.0056502404357440753 0.00029388907153635982 0.0037701718159606889 0.0017275543100037814 0.003284282309253336 0.00038470929899380596 -0.00025581287014286131 0.005618676479115875 -0.0018825441283558931 0.0038530328666589704
leaf_weight=11660.00292095542 1971.996993035078 6634.2264304459095 20418.558094531298 4901.4414800107479 797.06588584184647 8053.4129790067673 4684.1749719977379 1369.3979437500238 410.96238495409489 4780.4479520618916 3492.8420388400555 5985.1101927757263 16610.44257773459 674.92528496682644 3981.9177065491676 4208.1507641673088 2143.5911199003458 329.86672206223011 5546.4461933374405 4577.0303804278374 398.03914818167686 155870.02439555526 2199.9309253245592 1086.6044163703918 2684.9409427493811 6089.354131475091 1352.2498016953468 484.08630864322186 6064.0519687980413 825.55554895102978
leaf_count=47001 8054 27705 82869 20494 3253 32554 18915 5634 1656 19447 14699 24747 67231 2766 16134 17287 8627 1438 22449 18836 1617 631465 8952 4388 11056 24902 5782 1965 24616 3387
internal_value=1.35638e-05 9.73279e-05 0.000152774 0.000824385 2.4232e-05 -0.00114224 0.00011461 -0.000705869 0.000250652 4.11316e-06 0.00102523 -0.000769202 -0.000887931 0.00155046 0.00069203 0.000253536 -0.00206276 -2.59533e-05 -0.00111645 -0.00223767 0.000157865 0.00033851 0.00220293 -9.21301e-05 0.0020696 0.00127622 -0.00295181 0.00079037 -0.000658285 0.00031701
internal_weight=290287 265640 253980 40761.1 213219 15305.9 197913 28115.3 169798 19159.8 8273.29 10886.6 24646.5 21601.2 5108.85 6192.72 10197 4311.78 10230.6 7696.72 1767.44 159568 3697.5 1497.57 15408.5 8774.3 5929.28 5517.79 22674.5 5033.71
internal_count=1179926 1080025 1033024 168455 864569 62006 802563 114738 687825 79387 34146 45241 99901 89068 20825 25405 41181 17572 41364 31869 7251 646461 14996 6044 63663 35958 24618 22639 91847 20674
cat_boundaries=0 1 2 3 4 5
cat_threshold=2122 37 424 64 308
is_linear=0
shrinkage=0.03


Tree=120
num_leaves=31
num_cat=3
split_feature=34 7 30 48 24 7 18 23 53 22 28 6 53 30 23 8 18 41 23 35 39 39 37 22 28 53 33 38 28 39
split_gain=23.9018 22.4249 30.8338 21.9953 28.7304 26.5366 21.7982 21.7642 18.3511 21.1427 20.072 18.3356 18.3165 17.2915 16.8362 15.6401 18.1888 28.181 15.6383 16.3049 15.5451 15.8294 15.3189 15.1546 16.7321 18.5513 14.912 14.8803 21.7678 15.5583
threshold=0.32049400000000006 1.5000000000000002 0.14361850000000001 1.0000000180025095e-35 0 1.0000000180025095e-35 1 24088.500000000004 0.0075165000000000934 24057.500000000004 518.50000000000011 2.5000000000000004 0.10784049999999996 0.14912500000000004 24343.500000000004 1.5000000000000002 2 0.5244405000000002 23092.000000000004 0.40862800000000005 0.15699350000000004 0.15108600000000003 0.29240900000000009 23632.500000000004 135.50000000000003 -0.022022999999999984 0.46437150000000005 0.17732250000000002 6840.5000000000009 0.21543650000000003
decision_type=8 2 8 2 1 2 1 2 8 2 2 2 8 8 2 2 1 8 2 10 10 10 10 2 2 10 10 10 2 10
left_child=18 2 -2 4 6 14 20 13 27 10 11 -10 -13 -6 15 16 17 -5 -1 22 21 23 -20 -4 25 -25 -22 28 29 -3
right_child=1 8 3 5 7 -7 -8 -9 9 -11 -12 12 -14 -15 -16 -17 -18 -19 19 -21 26 -23 -24 24 -26 -27 -28 -29 -30 -31
leaf_value=-0.00024220963171165053 0.0012978757705011934 -5.4947455507121904e-05 -0.00070371334012086888 -0.0019909074392505765 -0.0067264150836564658 0.00037542313363934823 0.00085263135649292694 0.0038605653843538307 -0.0031600108246138282 -0.0026767502000673645 -0.00011359802506929266 -0.00093499598909502148 0.0085974256405812431 0.0010883773575457974 -0.0036781247010231979 0.0001936452756360374 -0.0018358578163460014 0.00043161482858905883 -0.0022464488322842544 -0.00066244152969585136 -0.00047990653861177155 0.002650587894695891 -0.0064154254510558747 0.0011110813589828251 0.0013217686137794861 -0.0081370165196222987 -0.0025294553783596781 0.00073346420756666153 -0.0027597702713567781 -0.0065200948334080636
leaf_weight=9146.467993631959 21935.147777631879 29801.047408029437 13303.572961524129 6492.9358198940754 253.9245994836092 36609.726302549243 22316.865191459656 2688.5776866525412 4002.9577737897635 5322.4071516245604 18173.673064380884 707.68674220144749 238.97972393035889 21529.414413899183 1641.2180940210819 15550.205258309841 12898.72575044632 12875.649368062615 2942.4848822802305 3861.6122995018959 12141.498507753015 2110.8622691482306 1108.4509037584066 399.91972243785858 7901.3987146317959 368.46210716664791 4360.8194911032915 16123.336019188166 3124.2541446536779 336.00087766349316
leaf_count=36963 92937 120854 54072 26157 1056 148108 90327 10872 16536 21517 74150 2908 992 87339 6617 62940 52210 52229 11936 15571 48955 8505 4485 1631 32037 1504 17532 65021 12569 1354
internal_value=-1.47936e-06 6.64467e-05 0.000238083 0.000103859 0.000439272 -0.000236302 9.94281e-05 0.00131147 -0.000364021 -0.000970961 -0.000576737 -0.0022701 0.00145937 0.000994991 -0.000689707 -0.000586286 -0.000963061 -0.000378926 -0.00109093 -0.00206775 -0.000314153 0.000170706 -0.0033985 -6.64871e-05 0.000907768 -0.00329917 -0.00102369 -1.37765e-05 -0.000376935 -0.000128665
internal_weight=290268 273209 195379 173444 87375.3 86068.5 62903.4 24471.9 77830.3 28445.7 23123.3 4949.62 946.666 21783.3 49458.7 47817.5 32267.3 19368.6 17059 7912.55 40586.5 24084.2 4050.94 21973.4 8669.78 768.382 16502.3 49384.6 33261.3 30137
internal_count=1179884 1110929 795028 702091 353830 348261 254563 99267 315901 116103 94586 20436 3900 88395 200153 193536 130596 78386 68955 31992 164236 97749 16421 89244 35172 3135 66487 199798 134777 122208
cat_boundaries=0 1 2 3
cat_threshold=2 131 208
is_linear=0
shrinkage=0.03


Tree=121
num_leaves=31
num_cat=2
split_feature=48 24 31 53 5 0 22 7 0 20 44 29 46 0 45 29 47 11 33 31 53 31 46 45 28 23 28 31 21 46
split_gain=23.6566 36.1555 23.2835 34.9806 22.1154 27.0044 23.9496 22.9172 20.798 21.0623 26.6906 22.7115 19.9335 17.9219 17.8118 19.7822 19.3075 17.3403 16.7983 16.0832 19.1387 17.442 23.8515 29.3798 29.1562 15.0116 14.9904 16.2918 14.9384 15.3898
threshold=1.0000000180025095e-35 0 0.18382500000000002 0.0022174999999999838 1 2022.5000000000002 24296.500000000004 1.5000000000000002 2019.5000000000002 93.850000000000009 0.6781680000000001 0.46992400000000006 0.17428900000000003 2020.5000000000002 0.19068800000000002 0.55685200000000012 9.5000000000000018 7.5000000000000009 0.45104650000000007 0.078453350000000019 0.010355499999999964 0.15828050000000002 0.0081575600000000029 0.40017950000000008 3738.5000000000005 24356.500000000004 115.50000000000001 0.12801650000000001 0.085000000000000006 0.0020135550000000006
decision_type=2 1 8 10 1 2 2 2 2 2 8 10 10 2 8 10 2 2 10 10 10 10 10 10 2 2 2 10 2 10
left_child=2 8 4 -4 6 13 12 26 -2 10 18 -11 19 17 15 -3 -16 -6 25 20 -1 22 23 24 -21 -10 -8 -28 -25 -30
right_child=1 14 3 -5 5 -7 7 -9 9 11 -12 -13 -14 -15 16 -17 -18 -19 -20 21 -22 -23 -24 28 -26 -27 27 -29 29 -31
leaf_value=-0.0014253859697166539 0.00087215154167502422 0.001917075732744722 0.00033571293288134243 -0.0033677701634434883 -5.1632992389370803e-05 -0.00031124806003694891 -0.0028069967977288838 -0.0006151710317108042 -0.00014136322779201817 0.0028307034816227165 -0.0017503027731772224 -0.0018974224774498281 0.0005681626491054366 0.0038677472150166147 -0.0012058098401028074 -0.002567124804354701 -0.0041932806269196253 0.0046868749506441517 0.00068593552038382299 0.0038907493425609577 -0.010750416510285743 -0.0012783282686219255 -0.00011932297006914686 -0.0050903116869489892 0.016138913425135164 -0.0033001486887014042 0.0069622331100091016 0.0024557786358095275 0.0047289471255016089 -0.0012797632735329697
leaf_weight=747.73112657666206 18949.542864769697 3100.2253175973892 5545.3200316131115 3897.7435635626316 2950.427865177393 4561.2933347374201 400.48037959635258 2580.8391891270876 44270.352735996246 1000.2435370236635 7571.9438156783581 9871.1156691759825 48765.083270549774 4405.8211172521114 27125.936028629541 1232.2997295260429 2106.4027398973703 901.40028296411037 28827.5849904567 1325.2852478474379 272.13894289731979 10713.692989990115 49946.788544923067 406.26454317569733 202.21011054515839 1395.2916602790356 860.48989655077457 4836.3331651985645 680.06852450966835 861.21095602214336
leaf_count=3034 78219 12552 22460 15763 13089 18272 1614 10379 179291 4063 30953 39959 197232 21108 110274 5067 8610 3990 116298 5339 1104 43063 201155 1633 819 5635 3483 19452 2733 3466
internal_value=-2.22591e-05 -0.000292611 0.000248988 -0.00119035 0.000349603 0.00153548 0.000225328 0.00174448 -3.32625e-05 -0.000218219 -5.34399e-05 -0.00145898 0.000109297 0.00255894 -0.00115616 0.000633822 -0.00142251 0.00105227 0.0001187 -0.000233688 -0.00396721 -0.000173668 4.73686e-05 0.00244989 0.00556022 -0.000238746 0.00274799 0.00314504 0 0.00135611
internal_weight=290312 145451 144861 9443.06 135418 12818.9 122599 8678.14 111886 92936.5 82065.2 10871.4 113920 8257.65 33564.9 4332.53 29232.3 3851.83 74493.2 65155.4 1019.87 64135.5 53421.8 3475.04 1527.5 45665.6 6097.3 5696.82 1947.54 1541.28
internal_count=1180109 590921 589188 38223 550965 56459 494506 34928 454418 376199 332177 44022 459578 38187 136503 17619 118884 17079 301224 262346 4138 258208 215145 13990 6158 184926 24549 22935 7832 6199
cat_boundaries=0 1 2
cat_threshold=2 2
is_linear=0
shrinkage=0.03


Tree=122
num_leaves=31
num_cat=9
split_feature=46 29 18 11 6 28 39 1 19 28 53 33 27 40 26 27 35 26 42 1 26 52 26 27 39 3 31 53 27 46
split_gain=25.0791 26.517 22.8693 20.5678 20.3931 26.0571 18.5532 18.1076 18.1068 16.8208 45.5383 23.6085 17.5483 16.7921 16.1394 16.5265 15.3087 14.7371 14.2756 14.199 14.0878 13.9415 13.8144 13.7068 13.4125 13.2021 13.1089 13.0272 13.0136 15.6078
threshold=0.074416550000000012 0.67588450000000011 0 1.0000000180025095e-35 2.5000000000000004 5316.5000000000009 0.11311700000000001 9.5000000000000018 64.050000000000011 442.50000000000006 0.0026094999999999873 0.50360650000000007 1 906.50000000000011 2 3 0.61590550000000011 4 0.12170950000000001 8.5000000000000018 5 -0.17482599999999998 6 7 0.17373300000000003 2.5000000000000004 0.097797800000000004 -0.047399499999999976 8 0.21189050000000001
decision_type=10 10 1 2 2 2 10 2 2 2 10 10 9 2 9 9 10 9 10 2 9 10 9 9 10 2 10 8 9 10
left_child=7 2 8 6 21 14 -4 9 -2 10 13 12 16 -1 -6 -16 -11 -9 -19 28 -7 -5 -18 -10 -25 -12 -20 -28 -8 -30
right_child=1 -3 3 4 5 20 19 17 23 11 25 -13 -14 -15 15 -17 22 18 26 -21 -22 -23 -24 24 -26 -27 27 -29 29 -31
leaf_value=0.0010912182975647039 0.0033733063456022833 0.0027148343103225617 0.0021199840043232259 -0.0010870483637409895 0.0017652046435428122 -0.0082952536713183523 0.0018242224638079436 -0.0057692614684694415 0.002007264025530506 -0.0014814073654286627 -0.0059947345081185922 0.0041366915493307376 0.00021562450630430041 -0.0011683630921984526 -0.0030840582749248955 -0.00032175570499598863 0.0066007660196791169 0.004413371786639953 -0.0090048580998798155 -0.000726709597844988 -0.0026851344080089561 0.0001047415293885306 0.00010500289426781121 -0.0060400039595407311 0.0026598109699180932 -0.0023701835894881815 0.0015201034728327262 -0.0027198529868016504 0.00095656937591593596 -0.00093506650885212365
leaf_weight=6587.8010082989931 3402.6777807921171 3618.0190500766039 6824.9852172136307 9393.0254334956408 2125.800131291151 545.14150600135326 7168.8106472939253 880.81237046420574 916.3323746919632 11423.004205241799 1061.4251627475023 1181.3547315597534 33089.305946096778 5367.2212179154158 2730.4150140732527 6872.5569127649069 364.83391746878624 334.54880394041538 225.40390695631504 7686.6835437119007 1729.5329515784979 147273.51696850359 1397.3841809481382 531.76505357027054 219.68210908770561 6745.0236697793007 896.426678404212 2308.3605407774448 11360.128184586763 5982.9639120399952
leaf_count=27514 13809 16147 27998 37964 8588 2198 28983 3546 3729 46078 4409 4761 134673 21930 11031 27888 1480 1374 919 31069 6963 596838 5982 2156 884 27818 3612 9319 46014 24215
internal_value=8.48109e-06 0.000168553 0.00012548 7.71215e-05 -6.4789e-05 -0.00116159 0.000698514 -0.000477526 0.00211394 -0.000351752 -0.00108717 -4.48283e-05 -0.000152489 7.42292e-05 -0.000588223 -0.00111339 -0.00107776 -0.00228953 -0.00144434 0.000396111 -0.00410017 3.30762e-05 0.00151374 -0.000426313 -0.00341121 -0.00286896 -0.00203195 -0.00152421 0.000749486 0.000302046
internal_weight=290245 218382 214764 209694 170670 14003.4 39023.6 71862.9 5070.46 67217.4 19761.5 47455.9 46274.5 11955 11728.8 9602.97 13185.2 4645.55 3764.74 32198.6 2274.67 156667 1762.22 1667.78 751.447 7806.45 3430.19 3204.79 24511.9 17343.1
internal_count=1179889 886474 870327 849749 691470 56668 158279 293415 20578 274645 81671 192974 188213 49444 47507 38919 53540 18770 15224 130281 9161 634802 7462 6769 3040 32227 13850 12931 99212 70229
cat_boundaries=0 1 2 3 4 5 6 7 8 9
cat_threshold=64 268 2120 529 513 532 900 2327 2328
is_linear=0
shrinkage=0.03


Tree=123
num_leaves=31
num_cat=4
split_feature=48 24 5 0 45 46 0 9 46 33 28 42 0 34 46 10 28 27 0 36 53 37 29 2 30 39 36 24 7 28
split_gain=27.834 31.5988 25.4394 28.0235 23.4717 25.5877 22.1361 23.8564 22.4385 19.4996 20.5933 18.2143 17.6398 22.0197 17.9606 17.2376 18.3808 17.2513 33.0225 20.9318 18.0657 16.949 16.8007 16.1806 15.7311 18.7582 15.7078 15.599 24.4577 15.5285
threshold=1.0000000180025095e-35 0 1 2022.5000000000002 0.30769650000000009 0.38465450000000007 2019.5000000000002 4.5000000000000009 0.048955250000000013 0.44450450000000002 3439.5000000000005 0.1427245 2020.5000000000002 0.64733900000000011 0.11112500000000002 4.5000000000000009 115.50000000000001 2 2022.5000000000002 0.59879000000000004 -0.016268999999999974 0.19773800000000002 0.54176750000000007 5.5000000000000009 0.12167150000000002 0.22878600000000002 0.59741650000000013 3 1.0000000180025095e-35 8576.5000000000018
decision_type=2 1 1 2 8 10 2 2 8 10 2 10 2 8 10 2 2 9 2 8 10 10 10 2 8 8 8 1 2 2
left_child=2 6 4 12 5 15 21 8 -8 -3 26 -6 14 -14 23 17 22 18 -1 20 -20 -2 -17 24 -4 -26 -11 -5 -29 -22
right_child=1 9 3 27 11 -7 7 -9 -10 10 -12 -13 13 -15 -16 16 -18 -19 19 -21 29 -23 -24 -25 25 -27 -28 28 -30 -31
leaf_value=-0.00078249500934215847 0.00050650183483993874 -0.0017796413835719225 -0.0054438028865477633 -0.0015831902060250121 0.00026540921626461367 -0.0015167438875135404 -0.0013107487794989435 -0.0011480997502130669 0.00021680554578357364 0.00086949280028602877 -0.0020464258249810355 -0.00082299951868058832 0.0061818548538831114 0.0019690726403174797 0.0033357803398388498 -0.0012742834288337133 -6.0142315295779775e-05 0.0012127866240405781 0.0031998119319010783 0.0073401451987304047 -0.0012183128342972865 0.0031000414788542397 -0.010432258700278748 -0.0069780502386062324 0.0003150351136477406 0.0093510186020362915 -0.0022355066701689069 0.006251893966882029 -0.0011377453845337437 0.0066650748651501971
leaf_weight=12210.762257069349 16407.578200384974 18152.664817690849 349.66571831703186 3160.5935665518045 25863.355131015182 5272.7068651169538 10053.258846238256 20855.337685152888 62081.037324428558 9196.8515066504478 4448.086521178484 29681.909434869885 1978.9437220543623 2635.8014620393515 1908.0581856966019 481.340820774436 11753.828111365438 39969.378288194537 2436.3654249608517 591.91681325435638 2249.1946493387222 2639.2829437851906 295.12905651330948 302.78055274486542 1690.1105337291956 233.99784588813782 1738.1446873694658 700.4917151927948 930.09329535067081 246.32376734912395
leaf_count=49311 67844 74271 1551 12663 104257 21241 40910 84474 251047 37055 17921 119320 9222 12883 8529 1934 47319 161691 9801 2419 9032 10778 1198 1301 7349 1018 7144 2806 3725 995
internal_value=-1.24252e-05 -0.000305532 0.000281748 0.00150263 0.000152083 0.00049658 -6.34182e-05 -0.00025452 3.45084e-06 -0.00111341 -0.000325096 -0.00031568 0.00248056 0.00378498 0.00112996 0.000648212 -0.000358599 0.000867366 8.63759e-05 0.00201204 0.00136242 0.00086789 -0.00482039 -0.000493897 0.000364427 0.00144235 0.000372725 -0.000348764 0.0020241 -0.000421096
internal_weight=290515 145572 144943 13890.5 131052 75506.9 112036 92989.6 72134.3 33535.7 15383.1 55545.3 9099.36 4614.75 4484.61 70234.2 12530.3 57703.9 17734.6 5523.8 4931.88 19046.9 776.47 2576.55 2273.77 1924.11 10935 4791.18 1630.59 2495.52
internal_count=1181009 591444 589565 61047 528518 304941 455053 376431 291957 136391 62120 223577 41853 22105 19748 283700 50451 233249 71558 22247 19828 78622 3132 11219 9918 8367 44199 19194 6531 10027
cat_boundaries=0 1 2 3 4
cat_threshold=2 2 546 2
is_linear=0
shrinkage=0.03


Tree=124
num_leaves=31
num_cat=9
split_feature=41 32 46 53 26 28 55 9 29 31 27 28 5 1 3 53 45 39 28 6 26 18 27 26 18 39 26 42 32 36
split_gain=21.5035 19.7241 26.6767 28.3539 28.0221 26.0026 22.5675 21.3999 20.7201 17.8047 18.0772 17.0853 16.8853 26.6357 20.6785 20.2603 20.1074 19.1239 15.8412 24.7654 19.0133 17.1889 15.7118 15.6704 20.1559 17.213 15.2985 16.8845 14.8378 15.2497
threshold=0.47781350000000006 0.40143500000000004 0.051142900000000012 0.015383999999999983 0 1502.5000000000002 6.2470748199949968 1.0000000180025095e-35 0.56505450000000013 0.085177200000000022 1 880.50000000000011 2 5.5000000000000009 2.5000000000000004 -0.12137649999999996 0.20087600000000003 0.06554550000000002 5401.5000000000009 2.5000000000000004 3 4 5 6 7 0.23273150000000001 8 0.13816450000000005 0.36509350000000002 0.49039500000000008
decision_type=8 8 10 10 9 2 2 2 10 8 9 2 1 2 2 10 10 10 2 2 9 1 9 9 1 10 9 10 10 10
left_child=22 12 3 4 5 11 -4 -5 23 -6 -11 -3 14 16 26 -15 -14 -17 -16 20 -20 -22 -1 -8 -25 -26 28 -28 29 -2
right_child=1 2 6 7 9 -7 8 -9 -10 10 -12 -13 13 15 18 17 -18 -19 19 -21 21 -23 -24 24 25 -27 27 -29 -30 -31
leaf_value=-0.0020181520514904543 -0.0011848829555459407 0.0019690817899622754 0.0015927302594201157 -0.0076588219020347669 0.0017871952535829056 0.011101222138868426 -0.0010108293706121241 -0.0024728127245933029 -0.0027178466033649907 -0.0043242105977404901 -0.0010895023492634188 -0.0038564268916895308 0.0074814745550916585 -0.0037819483493535316 6.8702176556751214e-05 -0.0040089527431790327 0.0020884595675238924 0.0011011554145043008 -0.00158001622838029 -0.0038546881588527862 0.004006492933007616 -9.4851319548240289e-05 0.00013387591653300754 -0.00040551520109375364 0.0022986410549151997 -0.0056139150320715587 0.0019684873072153006 0.00049539354741361845 -0.0010389662701222272 0.001219051449987119
leaf_weight=7995.4631030112505 3132.0500068217516 2359.5732286572456 6314.3500010967255 937.68991015851498 1118.6654908359051 239.07349792122841 9840.2126208543777 3174.0617538839579 3072.7279236614704 2472.1477883905172 4319.9003242701292 555.419129088521 721.27589689195156 1031.1054728031158 137541.25361308455 715.53135949373245 4767.0796853154898 7755.9549753367901 8798.4070920348167 2100.2108976691961 965.94140993058681 15039.427497833967 4899.864191532135 8020.9256839007139 5390.1505678743124 254.49609211087227 11542.261103719473 17998.499172672629 7666.4368850886822 9686.0684615969658
leaf_count=32239 12568 9609 26584 3878 4847 973 39753 13245 13013 10096 17803 2256 3254 4251 555140 3253 20880 33843 35338 8454 3896 60650 19786 32497 21849 1028 47025 72648 30858 39176
internal_value=-2.22134e-06 5.33248e-05 -0.000499066 -0.0015394 -0.000745087 0.00163745 -1.80558e-05 -0.0036675 -0.000402001 -0.001699 -0.00228063 0.000845992 0.00016918 0.00114267 0.00010098 0.000178035 0.00280637 0.000664731 -6.13288e-05 -0.000727135 -0.000460672 0.000153847 -0.00119974 -9.76843e-05 0.000558061 0.00193037 0.000635101 0.00107176 3.34281e-06 0.000629181
internal_weight=290426 277531 48069.4 15176.5 11064.8 3154.07 32892.9 4111.75 26578.5 7910.71 6792.05 2914.99 229462 14990.9 214471 9502.59 5488.36 8471.49 164445 26904 24803.8 16005.4 12895.3 23505.8 13665.6 5644.65 50025.3 29540.8 20484.6 12818.1
internal_count=1180690 1128665 197431 62707 45584 12838 134724 17123 108140 32746 27899 11865 931234 65481 865753 41347 24134 37096 663478 108338 99884 64546 52025 95127 55374 22877 202275 119673 82602 51744
cat_boundaries=0 1 2 3 4 5 6 7 8 9
cat_threshold=1176 2601 2 676 81 1075 176 130 282
is_linear=0
shrinkage=0.03


Tree=125
num_leaves=31
num_cat=12
split_feature=32 22 3 22 0 5 27 26 29 1 53 27 5 1 0 0 26 27 29 39 30 26 44 26 22 28 26 27 18 22
split_gain=26.5595 24.7687 22.4414 21.338 19.2512 53.4144 62.7895 51.7947 36.8694 35.6544 29.6295 28.5896 45.8996 28.5158 25.5009 24.1259 22.3612 30.475 22.0323 21.1495 19.8891 19.6405 19.0558 19.865 18.7247 34.8241 25.5253 22.6203 21.2339 18.6923
threshold=0.36794800000000011 23496.500000000004 4.5000000000000009 21694.500000000004 2022.5000000000002 0 1 2 0.57534400000000019 6.5000000000000009 0.018704500000000016 3 4 5.5000000000000009 2020.5000000000002 2020.5000000000002 5 6 0.53136250000000007 0.13339950000000003 0.35485600000000006 7 0.48461150000000003 8 24306.500000000004 1443.5000000000002 9 10 11 23646.000000000004
decision_type=8 2 2 2 2 1 9 9 8 2 10 9 1 2 2 2 9 9 8 8 8 9 8 9 2 2 9 9 1 2
left_child=1 3 -3 -1 5 6 22 8 -8 -7 13 12 -6 -9 -11 18 17 -17 -15 -20 24 -16 -2 -24 25 -13 28 -28 -27 -4
right_child=4 2 29 -5 11 9 7 10 -10 14 -12 20 -14 15 21 16 -18 -19 19 -21 -22 -23 23 -25 -26 26 27 -29 -30 -31
leaf_value=0.0017634423503019797 4.2485510867818293e-06 0.0011677679176527451 0.0012462098764104157 -0.0002425010847217485 0.0028228211197205105 0.0029503398227363055 -0.0017673718336792741 0.0016274550175192975 -0.0090331132007078815 -0.0020821631950947309 -0.00089206102988789596 -0.0031292927176876568 -0.0012475281044934403 0.0020617507758245363 0.0047689467399480634 0.0059734615891894778 -0.0011347795545053917 -0.00029419126710919654 0.0012658908193258524 -0.001805803272533118 -0.005291602165448832 0.0001066403463493285 -0.0019260247494809052 -0.0052265971939895583 0.00047438354802595468 0.0025228703655657859 -0.0006585991583667912 -0.0033786276401077866 -0.0004838342138272757 -0.00041779525309546743
leaf_weight=5128.4575209468603 1726.199811309576 38744.356248393655 8576.9137619584799 67944.314318493009 4732.8557244837284 8122.4160740077496 6539.1594197750092 15624.185302272439 696.23733767867088 2964.457050383091 16776.312992349267 7254.5977165699005 5252.1256226450205 7919.3552013039589 1206.4513591229916 983.08239844441414 15306.913319677114 2311.0483582466841 4328.8901457041502 3769.1947882324457 998.34096433222294 2495.6363727897406 3534.9980005919933 3200.9758010059595 6457.9223550111055 2505.4401766508818 6220.8812658786774 4997.3213063776493 13148.110601335764 20796.312577426434
leaf_count=20882 6956 156928 34916 275411 19015 37075 26287 63242 2794 12499 67557 29212 21115 31759 5523 3943 61583 9270 17748 15297 4087 11637 14215 12886 26013 10074 25016 20103 52881 84129
internal_value=-1.27199e-05 0.00028204 0.000693629 -0.000101241 -0.000292095 -4.38347e-05 -0.000341047 -6.13587e-05 -0.00247071 0.00161622 0.000198738 -0.0007609 0.000678393 0.00056363 -5.3541e-06 8.25326e-05 -0.000651384 0.00158335 0.000936665 -0.000160243 -0.00110715 0.0016499 -0.00278748 -0.00351117 -0.00100337 -0.00128391 -0.000784295 -0.00187546 0 6.71468e-05
internal_weight=290263 141190 68117.6 73072.8 149073 97505.5 82716.6 74254.4 7235.4 14789 67019 51567.6 9984.98 50242.7 6666.54 34618.5 18601 3294.13 16017.4 8098.08 41582.6 3702.09 8462.17 6735.97 40584.3 34126.4 26871.8 11218.2 15653.6 29373.2
internal_count=1180053 572266 275973 296293 607787 400271 333537 299480 29081 66734 270399 207516 40130 202842 29659 139600 74796 13213 64804 33045 167386 17160 34057 27101 163299 137286 108074 45119 62955 119045
cat_boundaries=0 1 2 3 4 5 6 7 8 9 10 11 12
cat_threshold=2 2 2 2050 2 264 776 173 364 654 809 116
is_linear=0
shrinkage=0.03


Tree=126
num_leaves=31
num_cat=8
split_feature=30 5 0 0 1 21 2 26 30 26 27 37 32 22 34 35 27 26 22 13 3 22 27 53 27 29 44 47 2 53
split_gain=22.1027 18.7875 57.1268 32.3021 32.6953 24.5603 23.8637 22.3926 23.0358 21.2413 21.9555 20.5244 20.4223 19.4874 18.5238 18.2357 17.8483 17.3998 15.7938 15.7644 15.4875 15.3653 16.3225 15.8 15.3144 15.2882 15.0234 15.957 14.8262 14.3558
threshold=0.30232850000000006 0 2022.5000000000002 2020.5000000000002 7.5000000000000009 0.89500000000000013 1.5000000000000002 1 0.11475 2 3 0.09544515000000002 0.44621250000000007 23897.500000000004 0.53809900000000011 0.60030500000000009 4 5 22319.500000000004 1.5000000000000002 2.5000000000000004 24296.500000000004 6 -0.0049735000000000187 7 0.58487950000000011 0.53995000000000004 1.0000000180025095e-35 4.5000000000000009 -0.076568499999999998
decision_type=10 1 2 2 2 2 2 9 8 9 9 8 8 2 8 10 9 9 2 2 2 2 9 8 9 8 10 2 2 8
left_child=1 5 3 4 7 12 9 -3 11 10 -5 -9 21 -6 17 29 -16 28 -10 -20 -7 -1 -23 -24 -4 -22 -21 -28 -8 -2
right_child=15 2 24 6 13 20 14 8 18 -11 -12 -13 -14 -15 16 -17 -18 -19 19 26 25 22 23 -25 -26 -27 27 -29 -30 -31
leaf_value=-0.00034399294040110475 -0.0038418794108023998 0.007292251248163269 -0.0016357221878985243 0.001274146970230982 -0.0015623880051435814 0.0009547065799157215 -0.0028920532072977817 -0.012087443846935601 0.0057865643259699786 0.0041879074817616673 -0.0078114606356335789 -0.00081442884319885456 -0.002880321139392102 -0.010789992097356803 0.0057798671070789422 0.0049159801062904794 0.0019945060855082212 0.0085958791594138422 -8.5741533000705561e-05 -0.0020171361549223389 -6.1705877988653358e-05 0.0019955579271563827 0.0019414651422307507 -0.0015227474342224072 0.0015212226127196897 0.0011032421481149382 0.012869128293033556 0.0035014301645564616 0.0077387432804506048 -0.00091117569439431404
leaf_weight=123331.77314765751 1670.4511251151562 562.15275904536247 7870.9476320594549 475.32957190275192 2272.3413852602243 25218.379200056195 273.90848831832409 194.93889977037907 763.29328110814095 541.38086204230785 458.62238784134388 574.87389996647835 2708.4808782041073 225.78535117208958 1502.1946310549974 446.32674065232277 4707.0425957590342 1119.5816910713911 2935.5105988681316 273.11359277367592 70759.551260784268 5417.8523428142071 1786.3418264091015 3490.0004911422729 1658.5464582592249 11825.075812146068 223.51247905194759 660.92111390829086 200.49364122748375 15788.108580544591
leaf_count=497538 6846 2583 31610 2266 9607 101917 1219 891 3427 2488 2123 2509 10913 924 7200 1831 22108 5028 12924 1219 284427 21795 7186 14035 6667 48716 991 2924 910 64014
internal_value=-1.81774e-05 4.89218e-05 0.000792448 0.00178893 0.000469808 -3.45623e-05 0.00302009 0.00164197 0.00105366 -0.000460086 -0.0032017 -0.00374374 -0.000301627 -0.00242033 0.00368184 -0.00103914 0.00292999 0.00658083 0.00182431 0.00107439 0.000303896 -0.000249228 0.000840647 -0.000343145 -0.00108294 0.000104771 0.00403494 0.00593812 0.00152636 -0.00119392
internal_weight=289937 272032 27494.5 17965 8686.44 244537 9278.55 6188.32 5626.16 1475.33 933.952 769.813 136734 2498.13 7803.22 17904.9 6209.24 1593.98 4856.35 4093.06 107803 134026 10694.2 5276.34 9529.49 82584.6 1157.55 884.434 474.402 17458.6
internal_count=1178836 1106145 119618 81341 37999 986527 43342 27468 24885 6877 4389 3400 551467 10531 36465 72691 29308 7157 21485 18058 435060 540554 43016 21221 38277 333143 5134 3915 2129 70860
cat_boundaries=0 1 2 3 4 5 6 7 8
cat_threshold=2 2240 594 61 680 2121 914 615
is_linear=0
shrinkage=0.03


Tree=127
num_leaves=31
num_cat=8
split_feature=48 24 24 7 26 46 26 6 26 45 33 26 52 35 46 27 53 28 2 45 27 31 35 0 44 19 37 0 46 47
split_gain=24.0722 28.7221 18.8308 27.124 31.492 27.0115 23.0531 19.4965 19.2134 40.2252 18.4985 21.6904 20.2414 17.5234 17.297 20.5083 16.6601 22.3285 16.571 20.2037 19.5172 16.4833 16.1486 16.1403 22.7322 20.9597 17.2077 15.9811 15.9236 15.1983
threshold=1.0000000180025095e-35 0 1 1.5000000000000002 2 0.11714850000000002 3 1.0000000180025095e-35 4 0.22227450000000001 0.43336950000000002 5 -0.12684299999999998 0.43253300000000006 0.19561150000000002 6 0.080137500000000042 8774.5000000000018 4.5000000000000009 0.19779600000000003 7 0.17452450000000005 0.36678650000000007 2019.5000000000002 0.67012500000000019 16.150000000000002 0.19773800000000002 2020.5000000000002 0.16286800000000004 6.5000000000000009
decision_type=2 1 1 2 9 10 9 2 9 8 10 9 8 8 10 9 10 2 2 10 9 10 8 2 10 2 10 2 10 2
left_child=2 23 8 6 5 -5 14 -6 9 21 12 -12 -3 -13 15 -4 -11 -18 -14 -20 -21 -1 -8 26 25 -25 -2 -17 -9 -15
right_child=1 10 3 4 7 -7 22 28 -10 16 11 13 18 29 -16 27 17 -19 19 20 -22 -23 -24 24 -26 -27 -28 -29 -30 -31
leaf_value=0.0030977682613865611 0.00037418960678419578 -0.0048074881779744654 0.0011500059094069269 0.00064961249929463812 -0.002302114289946255 -0.0060685532249358416 -0.0023634119456806195 -0.0002541498478545335 -0.00022381044498313962 -0.00013384433769371787 -0.0015230935020872575 0.0040842878682315151 -0.0022065123236255481 0.00069995452408740577 0.0017614264451765226 0.0013779983271042843 0.00089908935111141495 0.0089078246555481157 0.0050469627500828182 -0.0036484908698312377 0.0010022812599284237 -0.0025084282772958144 0.0023417969796692304 -0.0010463021700203511 -0.0015640871137309158 0.00017272863469338756 0.0029927554526667267 -0.0026076594328111637 0.0025331697022625342 -0.0022916798497553048
leaf_weight=6408.1423783898354 16350.644569590688 1857.5144412666559 4387.1273977458477 843.63468113541603 1966.5943646430969 1448.3521699160337 679.94159786403179 3894.1102891266346 72827.752277851105 22006.168649852276 9028.4715950489044 1089.5652426332235 8290.6005772054195 7174.9054368436337 5631.5061898231506 1174.9200970232487 1221.7769640535116 423.81282341480255 632.58881735801697 1302.0681790411472 2100.0026996135712 501.35201092064381 14069.372152552009 15641.81110368669 10110.594021737576 67233.551231399179 2626.5333459675312 3805.3490517437458 3471.6841281503439 1938.1333903521299
leaf_count=26408 67631 7552 17876 3412 8020 5852 2757 15915 294824 89720 36594 4401 34069 28931 22849 4780 5392 1744 2593 5330 8626 2033 57958 63204 41343 271910 10732 15321 14117 7816
internal_value=-1.61555e-05 -0.000288931 0.000257573 0.000798477 -0.000428329 -0.00356949 0.00127887 0.000344264 4.08149e-05 0.000672215 -0.00106083 -0.000452473 -0.00188335 0.000493177 0.000446794 -0.000340171 8.27468e-05 0.00299235 -0.00143916 0.00013067 -0.000778307 0.00268573 0.00212098 -5.82779e-05 -0.000221253 -5.70176e-05 0.000738608 -0.00165777 0.00105601 5.98671e-05
internal_weight=290139 145377 144762 41372.6 11624.4 2291.99 29748.2 9332.39 103389 30561.3 33413.9 19231.1 14182.8 10202.6 14998.9 9367.4 23651.8 1645.59 12325.3 4034.66 3402.07 6909.49 14749.3 111963 92986 82875.4 18977.2 4980.27 7365.79 9113.04
internal_count=1179710 590732 588978 168857 47316 9264 121541 38052 420121 125297 135912 77742 58170 41148 60826 37977 96856 7136 50618 16549 13956 28441 60715 454820 376457 335114 78363 20101 30032 36747
cat_boundaries=0 1 2 3 4 5 6 7 8
cat_threshold=2 2 520 852 3154 1810 330 2228
is_linear=0
shrinkage=0.03


Tree=128
num_leaves=31
num_cat=11
split_feature=48 25 22 0 5 22 32 7 43 26 25 3 33 26 26 11 31 27 0 26 26 45 1 31 33 36 26 32 27 46
split_gain=26.2201 27.7309 22.0141 21.9351 20.9408 20.2039 26.3671 30.7291 23.9271 40.2985 23.6316 18.5375 18.187 19.2401 17.9799 17.9098 17.4026 17.3781 17.2638 19.6315 16.9633 19.0394 17.0359 16.9319 16.8443 23.5492 20.1457 23.062 18.398 17.8922
threshold=1.0000000180025095e-35 0 24620.000000000004 2019.5000000000002 1 23848.500000000004 0.36983900000000008 1.5000000000000002 4104.5000000000009 2 3 7.5000000000000009 0.46808600000000006 4 5 7.5000000000000009 0.074088850000000026 6 2020.5000000000002 7 8 0.49026550000000008 7.5000000000000009 0.18291200000000002 0.43567950000000005 0.36374550000000005 9 0.38000200000000006 10 0.044388800000000006
decision_type=2 1 2 2 1 2 8 2 2 9 1 2 10 9 9 2 8 9 2 9 9 10 2 10 8 8 9 10 9 10
left_child=2 3 4 -2 5 10 7 11 9 17 14 23 20 -14 -1 -6 -12 -8 -9 -20 -3 -22 -23 -7 26 -26 -5 28 -28 -29
right_child=1 12 -4 24 15 6 8 18 -10 -11 16 -13 13 -15 -16 -17 -18 -19 19 -21 21 22 -24 -25 25 -27 27 29 -30 -31
leaf_value=0.0018658238421193844 0.00091380704596899834 -0.00034003790222624566 -0.0043612773184536855 0.00022384953852095253 0.00082242421608622279 0.0031445872304065171 0.00015812062579415482 0.0039377750721172212 -0.0036372230757551259 -0.0010508036962562489 -0.0051889618272452096 -0.0016188124243870529 -0.0014201315890677879 0.0019171488946141701 0.00014560912793220063 0.0032871924425898779 -0.00022596784175923229 0.0031940714118399633 0.0018070019078080921 -0.0020855749906423561 -0.0021835498842907287 -0.001491855972907128 0.0054288350975524062 0.00022550303835857475 -0.0053304074202850374 0.00020805850812238093 -0.0041069379581647209 -0.0026427860879622701 -0.0011047953031330078 -0.00013695983910016798
leaf_weight=9174.2023935467005 18960.545317620039 9915.6743581593037 891.73959915339947 14017.016712099314 10278.538769751787 10711.53950792551 2854.0190075784922 783.71063497662544 1505.5613669902086 8705.5279838889837 639.43620494008064 972.40053550899029 2750.3765895366669 3531.2886050492525 13634.788343474269 3601.3516722470522 69366.771443128586 4283.9683469980955 1707.9991098493338 3581.8556401282549 16059.730315253139 704.25463636219501 575.64792171120644 2174.2220025509596 696.72845102846622 53373.382903322577 3669.1336302757263 3138.0524220019579 3792.7968092262745 14143.85383836925
leaf_count=37423 78298 40412 3588 56586 45253 43263 11455 3172 6098 34981 2601 3904 11089 14278 55048 15866 279577 17201 6880 14397 65484 2847 2318 8734 2829 215646 14842 12973 15427 57535
internal_value=4.16722e-05 -0.000242917 0.000327373 -1.56572e-05 0.000356711 0.000238241 0.000828105 0.00157239 -2.53732e-05 0.00031658 9.69954e-07 0.00235224 -0.000999496 0.000451984 0.000839863 0.00146468 -0.000271949 0.00198688 -0.000202352 -0.000823278 -0.00133514 -0.00190101 0.00160282 0.00265454 -0.000205845 0.000135845 -0.000683239 -0.00119788 -0.00259305 -0.000594084
internal_weight=290196 145328 144868 111792 143976 130096 37280.8 19931.7 17349.1 15843.5 92815.2 13858.2 33537 6281.67 22809 13879.9 70006.2 7137.99 6073.57 5289.85 27255.3 17339.6 1279.9 12885.8 92831 54070.1 38760.9 24743.8 7461.93 17281.9
internal_count=1180005 590564 589441 454136 585853 524734 150085 80350 69735 63637 374649 55901 136428 25367 92471 61119 282178 28656 24449 21277 111061 70649 5165 51997 375838 218475 157363 100777 30269 70508
cat_boundaries=0 1 2 3 4 5 6 7 8 9 10 11
cat_threshold=2 2 794 2 1928 225 401 322 2153 600 285
is_linear=0
shrinkage=0.03


Tree=129
num_leaves=31
num_cat=5
split_feature=6 32 53 39 0 35 28 26 45 52 27 34 40 29 8 21 29 53 35 0 27 39 35 42 22 26 0 1 36 26
split_gain=19.9507 22.477 34.8512 21.9507 16.915 16.7525 17.6109 20.2459 16.2947 14.7015 17.8643 15.9641 14.4201 13.3501 12.9468 12.8623 16.4635 12.3245 12.2585 14.937 12.914 15.4435 15.8956 13.7859 15.9091 13.5023 14.2485 12.8735 14.5229 13.4309
threshold=2.5000000000000004 0.42727550000000009 -0.0053620000000000325 0.16682150000000004 2023.5000000000002 0.63848800000000006 240.50000000000003 0 0.46964950000000005 -0.17482599999999998 1 0.71362450000000011 34.500000000000007 0.69757250000000004 1.0000000180025095e-35 0.88500000000000012 0.57144000000000006 -0.19599049999999998 0.3112930000000001 2020.5000000000002 2 0.088910850000000027 0.59221600000000019 0.14063850000000003 23989.500000000004 3 2022.5000000000002 8.5000000000000018 0.54352450000000008 4
decision_type=2 8 10 10 2 10 2 9 10 8 9 8 2 10 2 2 8 8 10 2 9 10 10 8 2 9 2 2 10 9
left_child=1 5 4 12 8 15 7 -7 9 -3 11 -11 -2 14 -14 18 17 -17 19 -1 -20 22 -22 24 27 -26 -27 -23 29 -29
right_child=3 2 -4 -5 -6 6 -8 -9 -10 10 -12 -13 13 -15 -16 16 -18 -19 20 -21 21 23 -24 -25 25 26 -28 28 -30 -31
leaf_value=0.00042492500809080612 0.006343294727758673 -0.0048854559664368979 -0.0024685491988775173 -0.0021520672508674359 -0.002770493439298471 -0.0049747302339703267 0.0012542001863080382 0.00032191655848117819 -0.0052790658469933464 0.0068968590837670731 0.00075256920315382246 -0.0013699373570796444 -0.0016609225826724934 0.0069506447175110356 0.00014703030183008161 -0.0068204408737482592 0.0010802910012144989 0.00012774941064346961 -0.00042085032880182145 -0.0034952492944978547 -0.0025797828954299022 0.00013610991852602641 0.0018808508911335748 -9.3338974979324116e-05 0.0046542338889386725 -0.0026232661893745156 0.002806711166014162 0.0026892550613877497 0.004236346447853756 -0.00097104449925568487
leaf_weight=1463.9583701640368 291.94073209166527 342.20974853634834 7874.9413456618786 7870.2453840970993 1392.84337875247 883.05464215576649 19008.876101538539 2329.4029402583838 370.27867402136326 864.76371882855892 5768.4535364210606 268.81761187314987 5311.311386719346 219.08066636323929 10750.84851205349 227.27098558843136 19408.38365739584 81523.802588164806 60294.172263756394 2123.4217734634876 3195.7130541503429 16940.990271553397 917.1790467351675 31699.536463499069 1674.8839901983738 654.81787532567978 1264.7637760341167 1712.50878675282 1589.4570570737123 1867.2456579655409
leaf_count=6086 1235 1397 32692 31818 5633 3741 81061 9996 1519 3552 24014 1111 21601 984 43704 918 79699 328288 243215 8647 12953 68871 3766 127734 6759 2658 5086 6898 6477 7533
internal_value=-2.71672e-05 4.81936e-05 -0.00101081 -0.000847354 0.000260719 0.00012019 0.000906265 -0.00114247 0.000819997 0.00113794 0.00144292 0.0048688 -0.000225686 -0.000346465 -0.000449141 4.2947e-05 0.000294718 0.000107817 -0.00015992 -0.00188811 -0.000108733 0.000196734 -0.00157712 0.00032446 0.000840815 0.00269312 0.00093275 0.000538003 0.00184848 0.000777204
internal_weight=290105 265662 16882.3 24443.4 9007.37 248779 22221.3 3212.46 7614.52 7244.24 6902.03 1133.58 16573.2 16281.2 16062.2 226558 101159 81751.1 125399 3587.38 121811 61517.1 4112.89 57404.2 25704.7 3594.47 1919.58 22110.2 5169.21 3579.75
internal_count=1179646 1080304 69918 99342 37226 1010386 94798 13737 31593 30074 28677 4663 67524 66289 65305 915588 408905 329206 506683 14733 491950 248735 16719 232016 104282 14503 7744 89779 20908 14431
cat_boundaries=0 1 2 3 4 5
cat_threshold=1105 2592 2725 2842 248
is_linear=0
shrinkage=0.03


Tree=130
num_leaves=31
num_cat=10
split_feature=0 41 26 47 46 33 32 7 35 27 6 26 26 5 28 5 46 44 27 32 36 30 21 27 31 28 52 26 52 26
split_gain=20.881 26.9107 27.5766 24.8091 25.5297 22.2224 21.6677 21.2257 23.2123 22.8458 22.0496 29.66 20.1769 19.6525 19.5761 19.4099 18.3301 18.2041 17.6952 17.6836 23.7275 16.9254 19.1114 16.3866 16.2331 14.9775 15.9172 14.348 14.2604 14.0786
threshold=2019.5000000000002 0.50216550000000015 0 9.5000000000000018 0.048955250000000013 0.5000285000000001 0.40266800000000008 1.5000000000000002 0.52180700000000002 1 1.5000000000000002 2 3 4 1900.5000000000002 5 0.1486915 0.54601700000000009 6 0.33911650000000004 0.47929650000000007 0.20650150000000003 0.60500000000000009 7 0.082440000000000013 2286.5000000000005 -0.076529500000000014 8 -0.16445449999999998 9
decision_type=2 8 9 2 10 10 8 2 10 9 2 9 9 1 2 1 10 10 9 10 10 10 2 9 8 2 10 9 8 9
left_child=1 13 15 4 6 19 -2 8 -4 21 11 17 -5 18 24 -3 -17 -9 -1 20 28 -10 -23 -22 -8 -7 -27 -11 -6 -26
right_child=3 2 7 12 5 25 14 10 9 27 -12 -13 -14 -15 -16 16 -18 -19 -20 -21 23 22 -24 -25 29 26 -28 -29 -30 -31
leaf_value=-0.002786435514619988 -0.00026851694147499318 -0.0022804536231852022 0.0029605413615083924 0.00026063392420934309 0.0057388946355393993 -0.00067493800849292732 0.0013865221722199977 -0.0009390402082170671 0.0043823843974660067 0.003113474863543496 0.001589110527674841 -0.0029188412131665618 -0.0019051625774284338 0.0067642002411286177 0.0017259079765846533 -0.00028397346400656388 0.0062236085109169496 0.0050672685079772052 0.00066231195590205506 3.3872346788064455e-05 0.002086392777649645 0.0051683877541430605 -0.0052474563263010887 0.00044641941150376654 -0.00144247308621898 -0.01151701384121206 -0.0029711040518847166 5.1410779615002253e-05 -0.00168027396743839 -0.0038540123526888343
leaf_weight=3929.4253787398338 23377.553367629647 3863.854715898633 8249.3569683432579 5696.5205460786819 243.85287798941135 3302.2112264186144 948.52127262949944 979.0938073694706 2540.2465140074492 1559.5114774405956 4320.9462973773479 3475.3959425538778 11932.083319544792 258.70597200095654 1196.4343643039465 1576.1468555927277 511.07187429070473 832.36510802805424 2007.5490033179522 160961.67349372804 10969.575661763549 261.97184224426746 388.40765406191349 11106.499219983816 4249.5921036452055 228.20917922258377 1492.1260721832514 11286.287017151713 3827.7808109819889 4689.4584355503321
leaf_count=15814 94867 15552 33657 23228 981 13328 4023 4002 10632 6548 17694 14246 48255 1138 4878 7192 2422 3419 8139 652323 44402 1058 1566 44981 17398 915 5986 46896 15401 19385
internal_value=-1.00266e-05 0.000575876 0.000862337 -0.000120609 -3.61277e-05 9.85987e-05 -0.000788075 0.00119326 0.00166576 0.000997414 0 -0.00129895 -0.00120461 -0.00126105 -0.00188081 -0.0010173 0.00130175 0.00179823 -0.00161904 0.000151621 0.000875228 0.00326538 -0.00100159 0.001264 -0.00232066 -0.00186961 -0.00414024 0.000428258 -0.00122467 -0.00271772
internal_weight=290262 46040.3 39844.7 244222 226593 192132 34461.6 33893.6 24285.8 16036.4 9607.8 5286.85 17628.6 6195.68 11084 5951.07 2087.22 1811.46 5936.97 187109 26147.7 3190.63 650.379 22076.1 9887.57 5022.55 1720.34 12845.8 4071.63 8939.05
internal_count=1180326 189975 164884 990351 918868 778317 140551 139718 100357 66700 39361 21667 71483 25091 45684 25166 9614 7421 23953 758088 105765 13256 2624 89383 40806 20229 6901 53444 16382 36783
cat_boundaries=0 1 2 3 4 5 6 7 8 9 10
cat_threshold=2 24 2256 2122 2 2 3 91 2112 429
is_linear=0
shrinkage=0.03


Tree=131
num_leaves=31
num_cat=9
split_feature=48 23 24 5 9 3 45 38 18 23 40 46 46 26 42 53 28 35 22 26 46 27 5 20 27 35 26 3 41 30
split_gain=25.1504 23.1508 22.7423 18.4819 19.0187 17.884 22.6712 16.619 15.9586 16.4952 22.9427 14.8075 26.3846 18.4207 20.9826 25.1802 17.7346 14.7554 14.4502 29.1571 26.7383 19.6931 16.0334 14.2988 14.2232 15.0231 17.7278 16.1847 14.0058 14.2341
threshold=1.0000000180025095e-35 24356.500000000004 0 1 1.5000000000000002 8.5000000000000018 0.16674200000000003 0.068664900000000015 2 24178.500000000004 560.50000000000011 0.37733500000000003 0.20170550000000001 3 0.14529950000000005 0.00076649999999997564 7241.5000000000009 0.3112930000000001 22446.500000000004 4 0.054964350000000002 5 6 20.950000000000003 7 0.50371750000000015 8 4.5000000000000009 0.51631450000000012 0.26371550000000005
decision_type=2 2 1 1 2 2 8 8 1 2 2 10 8 9 10 8 2 8 2 9 8 9 1 2 9 10 9 2 10 10
left_child=3 2 17 8 -5 6 -4 -7 9 -1 -11 12 13 -10 15 16 -15 -2 19 20 -19 -21 -23 -22 -13 27 -27 -26 29 -12
right_child=1 -3 5 4 -6 7 -8 -9 11 10 28 24 -14 14 -16 -17 -18 18 -20 21 23 22 -24 -25 25 26 -28 -29 -30 -31
leaf_value=0.00057032073613918414 -0.0037301354843527119 -0.0026848640219237344 0.0019416503198062638 0.0001662728393230839 0.0023970723328159377 0.0036130499082197079 -0.00095674515401600422 -0.0045305879059507207 0.00027171986026861721 -0.0010435297084352736 0.0051847683398056335 -3.2483758900429173e-05 0.00086857902116941753 0.0011608879464096813 -0.0015505085471696799 -0.0013980769835670367 -0.003648347686810671 0.0052626186576568137 -0.00013185048564252514 -0.0013597475582003418 -0.0010111845326235117 0.00046416864674300799 0.0055031194016233465 0.0018929859054419419 -0.010441188119100008 -0.0048170363243450589 0.0024957489990168839 -0.0025398282970193614 0.0095533856755950722 -0.0025050553194127597
leaf_weight=30684.856680750847 938.04432906210423 3449.1514336913824 2650.7794714868069 6560.2536799460649 7300.5755435228348 249.91787229478359 27991.788663685322 1874.0846069455147 32102.42337231338 786.43706580996513 901.40673008561134 2281.4649674594402 27026.859557971358 10505.481696218252 15375.201103031635 7526.3713571578264 733.20204493403435 1771.6357855200768 86432.297208875418 6659.0665258169174 1989.9576601237059 4577.2447888106108 649.37791460752487 6362.7845003604889 445.31117142736912 579.47265316545963 585.08955799043179 518.84924213588238 469.72938612103462 276.99817092716694
leaf_count=123818 3818 13939 10792 28792 32266 1018 113898 7595 129287 3161 3624 9185 109357 42380 61845 30410 2951 7203 351308 26980 8058 18447 2819 25807 1788 2349 2362 2081 1890 1116
internal_value=2.15189e-05 -0.000256724 -0.00019754 0.00030177 0.00134368 -0.000890816 -0.000704871 -0.00355453 0.000191101 0.000760041 0.00313841 -1.59254e-06 7.84426e-05 -0.000243503 -0.000728698 -5.39956e-05 0.000843579 9.88595e-06 4.26167e-05 0.000729027 0.00191118 -0.000277023 0.00109667 0.00119739 -0.00169993 -0.00345404 -0.00114022 -0.00624127 0.00515033 0.00335002
internal_weight=290256 145596 142147 144660 13860.8 32766.6 30642.6 2124 130799 33119.4 2434.57 97679.7 93269.5 66242.7 34140.3 18765.1 11238.7 109380 108442 22010.1 10124.4 11885.7 5226.62 8352.74 4410.19 2128.72 1164.56 964.16 1648.13 1178.4
internal_count=1180344 591682 577743 588662 61058 133303 124690 8613 527604 133609 9791 393995 376230 266873 137586 75741 45331 444440 440622 89314 41068 48246 21266 33865 17765 8580 4711 3869 6630 4740
cat_boundaries=0 1 2 3 4 5 6 7 8 9
cat_threshold=2 2 76 314 588 856 2 122 555
is_linear=0
shrinkage=0.03


Tree=132
num_leaves=31
num_cat=8
split_feature=41 34 28 27 0 0 26 26 41 42 0 0 26 1 27 26 35 9 22 1 48 49 26 34 42 31 47 26 6 22
split_gain=21.3454 21.47 24.9822 18.2924 51.5986 45.3238 34.7416 32.5156 30.3683 27.4294 26.9009 22.3257 23.0845 22.2932 30.8984 43.769 22.1042 21.8606 19.2999 18.982 27.5989 22.9861 18.959 18.7233 18.0541 16.7305 15.9621 15.8573 15.3485 15.6739
threshold=0.47781350000000006 0.61057250000000007 176.50000000000003 0 2022.5000000000002 2022.5000000000002 1 2 0.54670850000000015 0.094939950000000009 2020.5000000000002 2021.5000000000002 3 9.5000000000000018 4 5 0.59099350000000006 1.0000000180025095e-35 24284.500000000004 4.5000000000000009 1.0000000180025095e-35 1.0000000180025095e-35 6 0.36269100000000004 0.14959850000000005 1.0000000180025095e-35 6.5000000000000009 7 2.5000000000000004 22593.500000000004
decision_type=8 10 2 9 2 2 9 9 10 8 2 2 9 2 9 9 8 2 2 2 2 2 9 10 10 8 2 9 2 2
left_child=-1 3 -3 4 9 6 -5 23 19 -2 16 12 -12 17 -15 -16 -11 27 28 -6 21 -21 -22 -7 25 -19 -27 -8 -9 -30
right_child=1 2 -4 5 8 7 13 18 -10 10 11 -13 -14 14 15 -17 -18 24 -20 20 22 -23 -24 -25 -26 26 -28 -29 29 -31
leaf_value=-0.0011533727958385727 0.0036928418616218304 -0.0014340917055391434 0.00075320574623872311 -0.0010362759000514738 0.0002897438408854468 -0.0018642991540436368 0.0025584262559909515 -0.0015780888744683476 -7.1955432341239454e-05 -0.0035087381964803953 0.0040886048259831144 -0.0012257044058056109 -0.00040141030980341035 0.0014567766313057081 -5.3436680870118825e-05 -0.005051135071694514 0.0011044773397940683 -0.0082461118870849962 -0.00035692334000930038 0.0042670483998598621 0.0038771105803628507 0.0098981702650191242 -0.00086893891368731383 0.00032227781260364279 0.0013997538721407675 0.00032140477049192142 -0.00094220024396373314 0.00085790654280066918 -0.0088253975929013465 -0.0027797091712938749
leaf_weight=12902.829143151641 1311.0945196300745 5097.5464831590652 58657.657844513655 17586.234470918775 1589.9315205514431 4132.7464758753777 6249.7161204367876 24357.832882344723 3608.1708723455667 4239.4066578000784 2012.0670785307884 4655.4732588678598 2078.5978271961212 3172.4916109889746 3791.59952275455 2708.2961920797825 1185.8486705869436 217.32945735752583 12300.719091534615 2277.16278244555 1837.6461655497551 939.64160011708736 1265.6758838742971 23843.018225997686 9916.0079386234283 40221.606573089957 11584.165998488665 24111.304684698582 510.03638499975204 1700.0277642756701
leaf_count=52067 5897 21648 243287 71470 6398 16667 25326 97929 14491 17240 8418 19328 8571 12762 15254 10895 4982 886 49474 9148 7403 3770 5100 95998 39922 162281 46678 97368 2052 6875
internal_value=3.90578e-05 9.46902e-05 0.000577791 -4.95035e-05 0.000679887 -0.000155355 0.00019422 -0.000781062 0.00220079 -0.00044942 -0.000835467 0.000190899 0.00181014 0.000406812 -0.000962069 -0.00214635 -0.0024948 0.000550657 -0.0013422 0.00324092 0.0039781 0.00592893 0.00194251 0 0.000226797 2.57733e-06 3.82358e-05 0.00121028 -0.00179765 -0.00419856
internal_weight=290062 277159 63755.2 213404 27000.7 186403 119559 66844.4 11518.2 15482.5 14171.4 8746.14 4090.66 101973 9672.39 6499.9 5425.26 92300.1 38868.6 7910.06 6320.13 3216.8 3103.32 27975.8 61939.1 52023.1 51805.8 30361 26567.9 2210.06
internal_count=1179585 1127518 264935 862583 110746 751837 482842 268995 46310 64436 58539 36317 16989 411372 38911 26149 22222 372461 156330 31819 25421 12918 12503 112665 249767 209845 208959 122694 106856 8927
cat_boundaries=0 1 2 3 4 5 6 7 8
cat_threshold=3074 2 75 2854 104 376 489 68
is_linear=0
shrinkage=0.03


Tree=133
num_leaves=31
num_cat=9
split_feature=29 48 26 24 18 53 7 26 46 46 27 45 24 18 43 36 13 18 35 22 46 29 53 31 43 1 29 43 27 31
split_gain=19.4931 17.2841 21.1262 29.245 23.7293 25.372 22.7335 21.7899 19.425 18.9739 20.862 18.3428 17.5599 26.5855 17.4221 17.2115 16.5612 18.0438 16.3681 15.2068 21.8245 15.1122 15.088 16.4287 18.1307 16.5271 16.2957 15.4867 15.2651 18.4535
threshold=0.43743400000000005 1.0000000180025095e-35 0 1 2 -0.11312849999999998 1.5000000000000002 3 0.11714850000000002 0.21801550000000003 4 0.37730750000000007 5 6 5938.5000000000009 0.36374550000000005 -7.4999999999999991 7 0.37541950000000007 22431.500000000004 0.014282500000000002 0.47220750000000006 0.091278500000000026 0.11043100000000002 3129.5000000000005 6.5000000000000009 0.48704250000000004 8576.5000000000018 8 0.1600945
decision_type=10 2 9 1 1 8 2 9 10 10 9 10 1 1 2 8 2 1 10 2 10 10 10 10 2 2 10 2 9 10
left_child=-1 2 11 4 5 -4 9 8 -8 -5 -11 22 15 -14 -6 18 -13 -18 21 20 -17 -3 23 25 -25 -2 -24 -28 -26 -30
right_child=1 12 3 6 14 -7 7 -9 -10 10 -12 16 13 -15 -16 19 17 -19 -20 -21 -22 -23 26 24 28 -27 27 -29 29 -31
leaf_value=-0.0012367943171775039 0.0042292042285100835 0.0042322933484508418 0.0060162893105621283 0.00094600961899206002 -0.00035666901063272945 0.00042093126643809699 0.00083956597146800187 0.00062844404654660124 -0.0051256716222287555 0.00086802903002390923 0.0050565418457434938 -0.0084420871481566614 -0.0015543890756342326 0.00020909847318436206 -0.0018938038524577798 0.0052083003208874146 0.0016006421589882104 -0.001400521746157799 -0.01015625352319444 -0.00012262766312404999 0.00056441075526971949 -0.0039086428105880181 0.010278325038228989 0.00017870484354172257 0.00074867707602433223 0.00017404807319798998 0.0012563548057367374 0.0088917069737156108 0.0038914111666574999 -0.0010086497608624392
leaf_weight=10717.277239665389 2561.5785053372383 276.14767560362816 757.68484331667423 13005.854027047753 44031.287143826485 18489.921051591635 745.55511859059334 4676.97895629704 1390.4221048206091 1949.1935313344002 2463.6206249892712 225.15068788826466 17830.39769987762 13480.180507987738 7832.1547054648399 953.64981533586979 2934.7706186622381 4620.2358245849609 258.72143261134624 86368.933764338493 20028.263772621751 752.22118502855301 285.50245933234692 19273.199676677585 6506.5984415560961 1422.2269577682018 1481.1748502552509 286.13100309669971 3842.0274196863174 830.93431155383587
leaf_count=43637 10994 1129 3064 52716 178472 74891 3016 18961 5616 8002 10125 914 72469 54832 31477 3887 11989 18845 1051 351045 81215 3057 1256 78592 26340 6049 6753 1179 15587 3348
internal_value=1.84794e-05 6.67218e-05 0.000302968 5.1107e-05 -0.000255268 0.000643321 0.000951387 -0.000514436 -0.00301714 0.00152643 0.00322848 0.000844477 -0.000168744 -0.000794677 -0.00058936 1.13974e-05 -0.00047496 -0.000230302 -0.00343276 5.30656e-05 0.000777624 -0.00168752 0.00112687 0.000976535 0.00073803 0.00279025 0.00362915 0.00252246 0.0016993 0.00300716
internal_weight=290278 279561 139612 95342.7 71111 19247.6 24231.6 6812.96 2135.98 17418.7 4412.81 44269.5 139949 31310.6 51863.4 108638 7780.16 7555.01 1287.09 107351 20981.9 1028.37 36489.4 34436.6 30452.8 3983.81 2052.81 1767.31 11179.6 4672.96
internal_count=1180508 1136871 568186 386340 287904 77955 98436 27593 8632 70843 18127 181846 568685 127301 209949 441384 31748 30834 5237 436147 85102 4186 150098 140910 123867 17043 9188 7932 45275 18935
cat_boundaries=0 1 2 3 4 5 6 7 8 9
cat_threshold=3154 2 92 520 802 2 129 106 591
is_linear=0
shrinkage=0.03


Tree=134
num_leaves=31
num_cat=10
split_feature=32 34 0 27 4 26 22 52 27 36 30 27 1 19 39 28 28 52 26 35 28 26 37 44 44 27 36 0 5 27
split_gain=17.4683 18.8127 18.2006 29.6036 19.0387 17.9448 19.4081 18.8186 18.321 21.551 17.3241 16.6236 17.4713 15.4805 15.3734 15.1005 14.6988 14.8879 13.4232 13.8564 12.9482 15.4583 14.2745 12.8105 13.6756 12.7695 12.7314 12.5769 31.7473 67.1239
threshold=0.36794800000000011 0.5219315000000001 2023.5000000000002 0 1 2 23438.000000000004 -0.035191999999999966 3 0.61625350000000012 0.10253550000000002 4 8.5000000000000018 44.550000000000004 0.10950650000000002 6470.5000000000009 186.50000000000003 -0.019888499999999972 5 0.48392850000000004 2286.5000000000005 6 0.076556800000000008 0.62255550000000015 0.68382850000000006 7 0.40389350000000007 2022.5000000000002 8 9
decision_type=10 10 2 9 1 9 2 10 9 10 10 9 2 2 10 2 2 10 9 10 2 9 10 10 10 9 8 2 1 9
left_child=1 2 5 -4 18 6 25 -8 9 -7 14 12 -3 -9 16 -6 17 -2 -5 23 21 22 -14 -20 -25 -1 -10 28 29 -12
right_child=10 11 3 4 15 8 7 13 26 -11 27 -13 20 -15 -16 -17 -18 -19 19 -21 -22 -23 -24 24 -26 -27 -28 -29 -30 -31
leaf_value=-0.0017519212241773508 0.0026255075140534101 0.0013394268091312239 0.0015321538110911971 -0.0008936200662178768 -0.0017277329636352981 0.0027915422021386853 -0.00042420709198920939 -0.00036490675403026739 0.005199915353259644 -0.006259546147627827 -0.002876594505272171 0.00011155445839028753 -0.0016586077583072626 0.0029816338300614319 -0.00046121960854291909 0.0020026333127190015 0.0046443102068890151 -0.0035705278513662115 -0.0013403582286047491 -0.0065189021421438106 -0.0010842925824999976 -0.00048192763545769248 0.0053094460841273004 -0.012220724539464142 -0.0015026667337945901 -0.00016435042540395494 0.00010779639326360759 -0.00067264743197757552 0.0013087277750002354 -1.1905302513925762e-05
leaf_weight=9325.9726144522429 1078.9947355985641 29721.618426814675 2787.1119027137756 1578.7789500653744 3096.4911491274834 4900.4107028543949 7720.0863336473703 1848.4766414612532 453.65485890209675 244.09227447211742 8196.659191146493 38937.148107647896 338.94020922482014 3705.9203279167414 2313.7233916521072 1418.013364136219 1713.7022403776646 510.15235742926598 1570.1095563918352 1467.1489812731743 5449.4308899194002 1899.1653068065643 1097.9362811297178 228.59096321463585 214.47326278686523 9019.638158634305 14295.815157473087 51013.827859535813 12673.848665803671 71475.089836493134
leaf_count=37505 4672 121161 11197 6337 12450 19754 31145 7425 1831 993 32982 158754 1373 14876 10053 5684 7668 2254 6310 5885 22086 7738 4473 919 865 36392 57809 205359 56991 287711
internal_value=-3.54286e-06 0.000235288 -0.000145471 -0.00117933 -0.00197161 0.000102073 -0.000341377 0.000530736 0.000808125 0.00234831 -0.0002303 0.000549712 0.000991654 0.00186293 0.00140277 -0.000548826 0.00271684 0.000614617 -0.00323813 -0.00427653 -0.000180388 0.0012868 0.00361977 -0.0026414 -0.00714471 -0.000974224 0.000267295 -0.000294517 -8.52899e-05 -0.000307462
internal_weight=290295 141319 63874.8 12360.7 9573.61 51514.1 31620.1 13274.5 19894 5144.5 148976 77444.2 38507.1 5554.4 5616.57 4514.5 3302.85 1589.15 5059.1 3480.32 8785.47 3336.04 1436.88 2013.17 443.064 18345.6 14749.5 143359 92345.6 79671.7
internal_count=1180652 572962 257377 49647 38450 207730 127343 53446 80387 20747 607690 315585 156831 22301 24647 18134 14594 6926 20316 13979 35670 13584 5846 8094 1784 73897 59640 583043 377684 320693
cat_boundaries=0 1 2 3 4 5 6 7 8 9 10
cat_threshold=258 2 902 289 2457 135 92 681 2 2
is_linear=0
shrinkage=0.03


Tree=135
num_leaves=31
num_cat=5
split_feature=32 48 25 29 0 53 32 22 28 31 34 32 31 46 46 28 31 52 37 22 26 26 18 32 31 52 45 29 31 26
split_gain=21.6167 21.5827 22.4309 16.6517 15.8218 18.8474 18.9946 18.33 26.3429 27.8392 18.1916 16.2557 15.8142 15.4988 23.1467 15.8546 20.3102 17.5498 17.9828 15.3355 18.6613 15.2383 16.3547 15.1567 14.8511 16.4228 15.5754 25.152 17.3333 17.3149
threshold=0.33768750000000008 1.0000000180025095e-35 0 0.68426550000000008 2022.5000000000002 -0.095678999999999972 0.42006500000000008 24088.500000000004 1683.5000000000002 0.12682950000000001 0.80116300000000018 0.40833500000000006 0.085177200000000022 0.35278050000000005 0.21666950000000004 6470.5000000000009 0.12655050000000004 -0.026307000000000021 0.12887250000000003 22760.000000000004 1 2 3 0.3778565000000001 0.15861850000000002 -0.021627500000000018 0.21767750000000005 0.48854700000000001 0.15097150000000001 4
decision_type=8 2 1 10 2 8 8 2 2 10 10 10 10 8 10 2 10 10 10 2 9 9 1 10 10 8 10 10 10 9
left_child=12 3 4 13 10 -6 7 8 21 -10 -3 19 -1 14 15 23 -17 -18 -19 20 -11 -7 -23 24 26 -26 27 -2 -28 -30
right_child=1 2 -4 -5 5 6 -8 -9 9 11 -12 -13 -14 -15 -16 16 17 18 -20 -21 -22 22 -24 -25 25 -27 28 -29 29 -31
leaf_value=-0.0028018815923062431 0.0099636066539318946 1.1017949546153437e-05 -0.0011164020608637681 0.0027773992776399196 -0.0027261637794495606 0.0026797770746660658 -0.0029274375715909271 0.001279839344789658 0.0028616634405983763 -0.0021509507003378073 0.0031839919439517841 0.0046118529258690156 0.00071372801289513153 -0.0013797264651083667 0.00099701108018964302 -0.0054729047987797054 0.0011364251363348919 -0.0037519460054433471 -0.00011892904677892821 -0.001775054532699857 0.0013933946277061278 0.0037161324775852075 -0.0050746513566599137 -0.0002886920655581409 -0.0026133067273861016 0.0003795057972712915 0.00027640388883491506 0.0017892934989244976 -0.00068940187579536773 0.0039014309357818851
leaf_weight=1179.2376432865858 377.96123819053173 61907.482055157423 30146.485600084066 2139.952664360404 3746.2794704288244 310.83528119325638 2538.7954327762127 5756.0957480669022 2288.1206724196672 1968.4635388702154 1667.6903775334358 495.87538075447083 40457.773712918162 5977.7160527706146 24868.075799942017 917.80221803486347 2809.3550667762756 2318.8103465288877 2636.5311908423901 7768.9201961606741 4087.4714699685574 198.91746118664742 2101.842987075448 43719.652496099472 2588.9277476817369 4504.0906222611666 24162.507621079683 3290.3337129354477 1041.4869586974382 2459.1862535625696
leaf_count=4987 1543 252155 122718 9776 15107 1249 10294 23148 9198 7904 7248 1998 164326 24267 100750 3693 11291 9322 10596 31269 16409 801 8464 178366 10416 18191 98180 13423 4189 9988
internal_value=-1.92749e-05 -0.000125256 -0.000403423 0.000155302 -0.000176439 -0.0007291 -0.000455837 -0.000203084 -0.000648877 -0.000206291 9.48689e-05 -0.000699071 0.000613244 0.000108871 0.000186077 -3.56497e-05 -0.00125481 -0.00075044 -0.00182626 -0.000892694 0.00023462 -0.00344863 -0.00428505 9.28895e-05 0.000527825 -0.000709276 0.000808886 0.00264716 0.000563776 0.00253679
internal_weight=290433 248796 124983 123812 94836.8 31261.6 27515.3 24976.5 19220.4 16608.9 63575.2 14320.7 41637 121672 115695 90826.6 8682.5 7764.7 4955.34 13824.9 6055.94 2611.6 2300.76 82144.1 38424.5 7093.02 31331.5 3668.29 27663.2 3500.67
internal_count=1181266 1011953 507962 503991 385244 125841 110734 100440 77292 66778 259403 57580 169313 494215 469948 369198 34902 31209 19918 55582 24313 10514 9265 334296 155930 28607 127323 14966 112357 14177
cat_boundaries=0 1 2 3 4 5
cat_threshold=2 560 2049 21 645
is_linear=0
shrinkage=0.03


Tree=136
num_leaves=31
num_cat=4
split_feature=8 47 35 30 28 53 10 52 34 41 46 52 32 45 26 5 0 19 2 32 6 7 18 26 42 11 44 53 19 41
split_gain=17.4351 25.8648 17.2346 17.2029 18.9431 17.4284 17.4 17.2573 15.4746 14.76 18.271 14.5208 14.4857 14.3057 14.2937 13.6955 31.771 19.8187 21.1198 19.3925 13.5865 18.4997 16.4323 20.1043 19.4522 14.2529 13.9967 14.5845 13.9183 13.6378
threshold=1.5000000000000002 9.5000000000000018 0.72597650000000014 0.17820350000000004 393.50000000000006 0.005338000000000038 2.5000000000000004 -0.035191999999999966 0.59788200000000014 0.68109500000000012 0.047795000000000011 0.067322500000000021 0.43205950000000004 0.36796800000000002 0 1 2022.5000000000002 26.750000000000004 4.5000000000000009 0.45001950000000007 1.5000000000000002 1.0000000180025095e-35 2 3 0.13640450000000001 6.5000000000000009 0.77093750000000016 -0.15230549999999995 84.950000000000017 0.58574900000000019
decision_type=2 2 8 8 2 10 2 10 10 8 10 10 10 10 9 1 2 2 2 10 2 2 1 9 10 2 10 10 2 10
left_child=1 3 14 4 5 7 -7 -1 13 10 -2 -12 -8 -9 -3 20 17 18 -17 -19 21 22 23 -5 -25 -22 27 -27 -26 -23
right_child=9 2 -4 15 -6 6 12 8 -10 -11 11 -13 -14 -15 -16 16 -18 19 -20 -21 25 29 -24 24 28 26 -28 -29 -30 -31
leaf_value=-0.0013921044277286473 -0.0006935774573148479 -0.0026610202482837803 0.0037667370233508603 -0.0016140792829360828 0.00081399332832764355 -0.0039951764044704836 0.0014694245059999049 0.0054933038025173405 1.317508718476714e-05 0.0028928889335573587 0.00026237071769971649 0.0012713258683009019 -0.0055090184275591002 -0.0014929418066245367 -0.0006729298351877156 0.0029055218866699014 -0.00086229169391764497 0.0020063475872937188 0.01068039473221164 -0.004361190537766014 -0.00045128714989786569 0.00035160750303722601 -0.0012387350440327075 0.001641967831738568 0.00013609649249944278 -0.0094905615903828119 0.0055376852459688292 -0.0019733600405916368 -0.0021226346756365593 -0.001857083580827836
leaf_weight=3035.0773918330669 14261.994643643498 6264.5099365562201 550.62273851037025 6387.4943388551474 33389.911607995629 2200.6090647131205 1331.4124704450369 1197.4543776214123 2165.7921024113894 2007.7224405705929 61522.879136607051 16265.424024373293 331.78139957785606 328.68199168145657 6920.4780367314816 1059.2734045982361 5390.7397304326296 3765.8378356695175 457.1196004152298 480.70856229960918 17248.999770373106 49803.765856921673 19775.812858372927 6750.2335996329784 13770.345944032073 239.70861077308655 210.38632568717003 7298.4476756453514 2980.3562313616276 2643.6549551337957
leaf_count=12756 58136 25328 2361 25694 138033 9278 5591 4922 9310 9039 249241 66112 1406 1339 28148 4715 21709 17035 2077 2106 69355 200186 79518 27157 55347 966 848 29347 11982 10647
internal_value=1.26388e-05 -0.000148392 -0.00140371 -5.35936e-05 0.000462963 -0.000640825 -0.00224664 0.000277642 0.00165845 0.000348476 0.000292561 0.000473768 5.19156e-05 0.00396909 -0.00162271 -0.000218131 0.000788926 0.00233835 0.00528548 0.00127591 -0.000306752 -0.000152927 -0.00056805 -0.000122749 0.000281983 -0.00093381 -0.00200349 -0.00222006 -0.000264304 0.000239605
internal_weight=290037 195979 13735.6 182244 43980.7 10590.8 3863.8 6727.01 3691.93 94058 92050.3 77788.3 1663.19 1526.14 13185 138263 11153.7 5762.94 1516.39 4246.55 127109 102112 49664.2 29888.4 23500.9 24997.5 7748.54 7538.16 16750.7 52447.4
internal_count=1179689 797161 55837 741324 182635 44602 16275 28327 15571 382528 373489 315353 6997 6261 53476 558689 47642 25933 6792 19141 511047 410531 199698 120180 94486 100516 31161 30313 67329 210833
cat_boundaries=0 1 2 3 4
cat_threshold=1460 2 132 514
is_linear=0
shrinkage=0.03


Tree=137
num_leaves=31
num_cat=8
split_feature=52 1 0 53 26 38 27 26 32 27 43 31 53 22 26 27 36 0 52 42 26 26 36 44 2 45 11 45 36 42
split_gain=19.2445 14.6961 23.2798 25.1991 24.7121 23.7438 23.6571 28.1543 24.9214 22.9679 21.7681 21.5202 21.2822 20.4504 19.1213 27.5694 21.7264 19.0646 20.3521 18.7941 18.5608 18.3452 19.6205 20.3573 18.1806 17.6659 17.1427 17.0615 16.7298 16.6191
threshold=-0.150836 6.5000000000000009 2022.5000000000002 0.0049369999999999978 0 0.17953200000000002 1 2 0.43205950000000004 3 135.50000000000003 0.11887750000000001 0.010355499999999964 24207.000000000004 4 5 0.78611550000000008 2021.5000000000002 0.17085950000000003 0.1153735 6 7 0.44319750000000008 0.63359650000000012 3.5000000000000004 0.44556150000000005 6.5000000000000009 0.26518150000000007 0.50706200000000012 0.14692350000000001
decision_type=8 2 2 10 9 8 9 9 8 9 2 10 10 2 9 9 10 2 10 10 9 9 10 10 2 10 2 8 10 8
left_child=-1 2 3 4 17 9 8 -8 20 11 12 24 -3 29 15 -5 -17 -2 28 -16 -4 25 -23 -24 -6 -11 -7 -13 -19 -9
right_child=1 10 6 14 5 26 7 13 -10 21 -12 27 -14 -15 19 16 -18 18 -20 -21 -22 22 23 -25 -26 -27 -28 -29 -30 -31
leaf_value=-0.0009207101560172546 -0.0009410379411589028 -0.00085248002061754735 0.004030753935615838 -0.0012696640060809038 -0.00042797464144098292 0.0031118257815620403 3.6411560700391377e-05 -0.0044665875102800979 -0.0033685473838333474 0.00079851171105788771 -0.00010863736205264085 -0.0023291709382003488 -0.0053437684628069113 -0.00020618422200561432 -0.003176961997058564 0.0012906620612924791 0.010998108188524137 -0.00044615056017521581 0.0099355805729842896 -0.00037330189851469373 0.00051789481534975546 0.0070805418152776875 0.0025647510076482133 -0.0018541472780229434 0.0036404493497839657 -0.0052794194937088503 0.00065394070957855855 0.00025854818013593817 0.0048812073141062942 -0.0016908252407052797
leaf_weight=20082.374485075474 8892.6601662188768 3140.2311595082283 1456.6238344907761 4654.1310517191887 1821.3517807722092 8846.2230981439352 15396.89709970355 3145.5669019520283 1387.8554817438126 6168.2367896586657 130207.9233456552 4105.992000207305 1372.7055759876966 4408.260560631752 2531.1177214980125 10789.176765069366 209.62119586765766 1848.0033192336559 254.63434737920761 14542.562919676304 17978.695169910789 755.89774352312088 7742.0247643887997 1057.3677098453045 2127.2308087199926 458.9747189283371 3639.8060846924782 5147.0980279296637 736.48495827615261 5227.8529226630926
leaf_count=81262 36518 12974 5861 19637 7629 36190 62026 12654 5608 25006 528181 16817 5637 17758 10553 45222 1006 7499 1097 58989 72339 3038 31557 4275 8915 1860 14869 21042 3091 21031
internal_value=-2.47509e-05 4.17756e-05 0.000262673 0.00055922 0.000959747 0.00130064 -0.000259157 -0.000826 0.000506635 0.000833543 -0.0001799 -9.34397e-05 -0.00222789 -0.00186619 -9.59036e-05 0.000660146 0.00148 -0.000255233 0.00188011 -0.000790714 0.000785639 0.00159058 0.00243214 0.0020299 0.00175733 0.000370296 0.00239806 -0.000886875 0.00106426 -0.00273838
internal_weight=290134 270051 135330 86328.6 53602 41870.2 49001.8 28178.6 20823.2 29384.2 134721 13201.7 4512.94 12781.7 32726.6 15652.9 10998.8 11731.8 2839.12 17073.7 19435.3 16182.5 9555.29 8799.39 3948.58 6627.21 12486 9253.09 2584.49 8373.42
internal_count=1180141 1098879 552087 354810 219403 171198 197277 113469 83808 120139 546792 54403 18611 51443 135407 65865 46228 48205 11687 69542 78200 65736 38870 35832 16544 26866 51059 37859 10590 33685
cat_boundaries=0 1 2 3 4 5 6 7 8
cat_threshold=10 27 327 586 2374 290 8 656
is_linear=0
shrinkage=0.03


Tree=138
num_leaves=31
num_cat=9
split_feature=0 27 5 0 0 0 37 27 26 34 26 27 55 12 26 27 0 38 29 13 55 10 42 33 31 28 19 53 18 36
split_gain=24.4365 33.9068 33.2711 39.9137 28.9669 31.259 26.5632 25.6749 22.9731 22.5013 24.1423 21.8679 36.6038 25.6542 23.8747 32.6574 28.0961 28.8838 26.6862 20.2589 19.9852 19.6538 22.9845 19.387 19.1863 17.7784 23.4258 21.943 17.3527 17.2794
threshold=2023.5000000000002 0 1 2022.5000000000002 2020.5000000000002 2019.5000000000002 0.11961150000000002 2 3 0.52020400000000011 4 5 9.1804480127841384 -1.4999999999999998 6 7 2020.5000000000002 0.15468600000000002 0.54114950000000006 3.5000000000000004 6.4823422403668163 3.5000000000000004 0.11977550000000002 0.40206400000000003 0.14715950000000003 9657.5000000000018 49.850000000000001 0.0061624999999999605 8 0.46878150000000002
decision_type=2 9 1 2 2 2 8 9 9 8 9 9 2 2 9 9 2 8 10 2 2 2 8 10 10 2 2 10 1 8
left_child=2 23 11 4 5 6 19 -6 -3 24 -11 12 13 -1 15 -13 29 18 -18 -4 -17 -19 -23 -2 -9 27 -27 -20 -15 -16
right_child=1 8 3 -5 7 -7 -8 9 -10 10 -12 14 -14 28 16 20 17 21 25 -21 -22 22 -24 -25 -26 26 -28 -29 -30 -31
leaf_value=-0.0019285629032152198 -0.002299579223509843 -0.00031544385673093131 -0.00036652771049037883 -0.0011541701437491399 -0.001505072976600137 -0.0011741699731298084 0.0053748964826007785 0.0088881855051702128 -0.0018974328473837672 0.00382513421804465 -0.00012950919327976213 0.00030845645423451608 0.0038767412127703785 0.0016576172414571222 0.0026955426659144282 -0.0028640265279866496 -0.0012367327680550975 0.001086992774682944 0.001500604414019419 0.0071972558039315581 -0.00074012032640064288 0.0077132046307782651 -0.00088415435647769866 0.00085457307184613664 0.0027027952202926457 -0.012998527390582517 -0.00076586637680411398 -0.00068801118707824817 -0.0005583065886373311 0.00077127189106005465
leaf_weight=12105.825740858912 1978.9236193448305 15561.399252489209 2484.098765835166 5113.4496344178915 1018.2847570329905 4457.8208864331245 1663.7280448079109 1134.1379189789295 17764.385769352317 4773.8304297924042 1945.0299343764782 28685.26246163249 1583.54795832932 3599.1585181206465 4678.8522649556398 5076.3632866889238 21623.076776698232 25180.324376285076 9366.4118639081717 361.7422431409359 18911.462466493249 286.3412594050169 8130.3254931718111 15023.076938897371 782.3154473900795 198.14888751506805 491.76428653299809 7338.8236708045006 26383.766130745411 42392.583449140191
leaf_count=48802 7997 62666 11389 20545 4764 18619 7558 5101 71575 22746 8983 115570 6377 14511 18785 20472 86833 101350 37855 1696 76099 1152 32694 60437 3493 801 1990 29740 106346 173054
internal_value=-2.762e-06 -0.000603824 0.000123284 0.0011894 0.00183465 0.000602458 0.00236496 0.0029756 -0.00116004 0.00350546 0.0026818 6.00138e-06 -0.000593378 -0.00076268 0.000158078 -0.000373804 0.000392421 2.19505e-05 -0.000532805 0.000590961 -0.00119064 0.000667105 -0.000585459 0.00048506 0.00638705 0.000340551 -0.00436355 0.000537371 -0.0002908 0.000963339
internal_weight=290094 50327.8 239766 23734.4 18621 8967.39 4509.57 9653.6 33325.8 8635.31 6718.86 216032 43672.3 42088.8 172360 52673.1 119687 72615.2 39018.2 2845.84 23987.8 33597 8416.67 17002 1916.45 17395.1 689.913 16705.2 29982.9 47071.4
internal_count=1180000 202675 977325 104894 84349 39262 20643 45087 134241 40323 31729 872431 176036 169659 696395 212141 484254 292415 157219 13085 96571 135196 33846 68434 8594 70386 2791 67595 120857 191839
cat_boundaries=0 1 2 3 4 5 6 7 8 9
cat_threshold=2186 2 65 142 62 6 642 344 112
is_linear=0
shrinkage=0.03


Tree=139
num_leaves=31
num_cat=10
split_feature=30 48 6 24 18 7 26 26 30 46 26 27 22 27 0 30 32 32 33 27 52 28 26 39 32 7 27 47 0 3
split_gain=17.5505 15.44 21.5216 18.8721 25.1505 21.39 26.1003 21.1159 17.6341 18.0448 16.7828 16.2958 16.202 17.7774 16.1145 15.9066 15.6239 15.237 15.1969 19.2225 19.2235 15.177 17.9218 22.5383 14.7844 14.7599 17.3179 17.2195 15.9841 17.6704
threshold=0.35485600000000006 1.0000000180025095e-35 2.5000000000000004 0 1 1.5000000000000002 2 3 0.31488650000000007 0.065232800000000021 4 5 24152.500000000004 6 2019.5000000000002 0.12335900000000001 0.37218350000000006 0.46963100000000008 0.45877150000000005 7 -0.047459499999999981 6251.5000000000009 8 0.13582550000000002 0.34054050000000008 1.0000000180025095e-35 9 1.5000000000000002 2019.5000000000002 8.5000000000000018
decision_type=10 2 2 1 1 2 9 9 10 10 9 9 2 9 2 10 10 8 10 9 10 2 9 10 8 2 9 2 2 2
left_child=1 3 25 4 7 10 11 -1 17 -10 14 -7 13 -12 -5 -4 -13 -6 -8 -20 -21 -9 23 -23 -16 28 27 -27 -3 -30
right_child=-2 2 15 5 8 6 18 21 9 -11 12 16 -14 -15 24 -17 -18 -19 19 20 -22 22 -24 -25 -26 26 -28 -29 29 -31
leaf_value=0.00028317890764026978 -0.002191560317203758 0.00063719070338842513 0.0028242392940166774 0.0025821127935347524 0.00051595367044215631 0.003849065859324906 -0.00033884215041756459 -0.00062968885153771067 0.010248997366191654 0.001245814948824633 0.00019610932899375647 0.0021088295183972765 0.0044451003218004912 0.002835796191259695 0.0021372075297153292 -0.0017611394648635924 -0.0030994819330928806 -0.0044815541268084366 0.0039147672786595776 3.3461005905667696e-05 -0.0057403558325447891 -0.0053636059397175525 -0.0047021285360621416 0.00064858235092676386 -0.00027289126443155401 0.00084330728029582546 0.00058858735859116263 -0.00070215867382027695 -0.0005109767303578635 -0.0024183959855291104
leaf_weight=23454.267256692052 3353.0959059596062 9538.5344622135162 719.18101269006729 3079.346269980073 42608.150166019797 1702.387332290411 4802.6854657679796 30306.169553786516 331.95017401874065 523.60882653295994 4561.0322213023901 1225.1875934898853 2147.4367786496878 4683.4163874834776 2836.3155281692743 10814.451468229294 893.38319154083729 552.15920267999172 297.72378790378571 725.43598218262196 1733.7042321264744 757.70585478842258 1904.3018675148487 2115.1046972572803 11800.803705781698 8556.7545735538006 39507.721157953143 26674.247811958194 42958.341680347919 4878.2216899693012
leaf_count=95779 13683 39446 3040 12710 173178 6929 19720 122910 1352 2112 18903 4949 8678 19496 11469 43874 3597 2363 1205 2931 7007 3052 7634 8525 47778 34764 160629 108225 174182 19735
internal_value=-3.46611e-05 -9.30686e-06 -0.0002291 0.000211207 -5.02463e-06 0.000759597 -0.000341066 -0.000412663 0.000536384 0.00479753 0.00119094 0.00167304 0.00208981 0.00154043 0.000609495 -0.00147196 -7.42576e-05 0.000451017 -0.00136373 -0.00314092 -0.00401066 -0.000878643 -0.00245219 -0.000927421 0.00019242 -0.00012034 0.000157184 -0.000325819 -0.000482365 -0.000706256
internal_weight=290043 286690 143647 143042 102553 40488.9 11380.5 58537.5 44015.9 855.559 29108.4 3820.96 11391.9 9244.45 17716.5 11533.6 2118.57 43160.3 7559.55 2756.86 2459.14 35083.3 4777.11 2872.81 14637.1 132114 74738.7 35231 57375.1 47836.6
internal_count=1179855 1166172 583895 582277 416905 165372 46338 237900 179005 3464 119034 15475 47077 38399 71957 46914 8546 175541 30863 11143 9938 142121 19211 11577 59247 536981 303618 142989 233363 193917
cat_boundaries=0 1 2 3 4 5 6 7 8 9 10
cat_threshold=2 129 2528 3162 884 534 482 8 769 1565
is_linear=0
shrinkage=0.03


Tree=140
num_leaves=31
num_cat=9
split_feature=18 25 36 28 24 26 45 28 45 44 46 53 28 18 28 27 46 20 46 31 27 6 13 34 41 40 11 27 53 24
split_gain=18.6081 17.5364 27.639 27.5201 24.9159 20.9386 33.3139 22.0314 20.2463 18.5797 17.4804 16.1925 20.3464 18.2707 19.4507 16.9156 16.0758 15.9501 15.5689 15.4146 20.4688 15.3843 15.1031 14.7043 14.6924 22.2313 20.1509 19.8839 17.9649 14.5223
threshold=0 1 0.36994600000000005 176.50000000000003 2 3 0.23163550000000002 7888.5000000000009 0.3521855000000001 0.54087300000000005 0.24772800000000003 0.0084365000000000152 612.50000000000011 4 5658.5000000000009 5 0.25775850000000006 3.1500000000000008 0.37733500000000003 0.15623100000000004 6 2.5000000000000004 -2.4999999999999996 0.29442750000000006 0.51470250000000017 9856.5000000000018 1.5000000000000002 7 -0.106087 8
decision_type=1 1 8 2 1 9 8 2 10 10 10 10 2 1 2 9 10 2 10 10 9 2 2 10 10 2 2 9 8 1
left_child=17 2 3 23 5 6 19 -8 9 -5 -9 13 18 15 24 -7 21 -1 -13 20 22 -6 -3 -2 25 28 -27 -28 -15 -4
right_child=1 4 29 8 16 11 7 10 -10 -11 -12 12 -14 14 -16 -17 -18 -19 -20 -21 -22 -23 -24 -25 -26 26 27 -29 -30 -31
leaf_value=-0.0021321332642419018 -0.002063135332001277 -0.0026906518629809576 4.3351128559675538e-05 0.0025983788736051549 -0.0010381277887311622 0.0021445312877997266 -0.00030917682092891218 0.0010762969330074151 -0.0001153456253748871 -0.0066887378546537759 0.0069751679632799749 -0.0031367801651920077 -0.00054868763339163619 -0.0075690732556235396 -0.0019777633984374562 3.4036302764051667e-05 0.0012231930831403078 0.0012518673358123975 0.0052160787799297691 -0.0010165663393239626 0.0051110635993591568 -0.0035240246716191507 0.0023898577725872099 0.0078424844582664077 0.00031925517173870784 -0.0047597223881707847 0.010248865105464151 -0.00060962407698225132 -0.0014228246666783671 0.00073115539951590456
leaf_weight=1357.3740337640047 227.89475224912167 624.98430255055428 103309.20568732917 213.56438399851322 26630.670591667295 5470.0072643458843 19390.948765203357 1507.427349627018 926.73243369162083 1620.161870315671 653.87895990908146 4593.2340636104345 16541.567908793688 462.96672390401363 6090.4592215716839 9165.6555758863688 2561.0290688276291 15209.928237766027 204.76234777271748 1021.7845519483089 2387.8734441399574 2458.7163233757019 3136.6904172897339 311.00741717219353 19793.532568335533 201.83075821399689 372.72521594166756 247.96661767363548 5789.8884632438421 37764.68000651896
leaf_count=5510 934 2565 419801 863 108254 22337 79471 6118 3761 6599 2676 18824 66901 1862 24468 36893 10484 61954 835 4152 9851 10056 12978 1267 80400 813 1496 997 23308 154279
internal_value=-3.90658e-06 -6.31286e-05 0.000163999 -0.00254824 -0.000316952 -7.95353e-05 0.000600431 9.80503e-06 -0.00376392 -0.00558831 0.00288199 -0.000363346 -0.00105008 -5.4842e-05 -0.000447079 0.000826075 -0.00104848 0.00097188 -0.00277102 0.00237137 0.00293939 -0.00124962 0.00153224 0.00360993 -9.89821e-05 -0.00127289 0.00334239 0.00603528 -0.00188611 0.000227697
internal_weight=290249 273682 144373 3299.36 129309 97658.2 28723.6 21552.3 2760.46 1833.73 2161.31 68934.6 21339.6 47595 32959.4 14635.7 31650.4 16567.3 4798 7171.33 6149.55 29089.4 3761.67 538.902 26868.9 7075.38 822.523 620.692 6252.86 141074
internal_count=1180707 1113243 587504 13424 525739 396945 117811 88265 11223 7462 8794 279134 86560 192574 133344 59230 128794 67464 19659 29546 25394 118310 15543 2201 108876 28476 3306 2493 25170 574080
cat_boundaries=0 1 2 3 4 5 6 7 8 9
cat_threshold=68 2 2 2130 56 274 839 2 2
is_linear=0
shrinkage=0.03


Tree=141
num_leaves=31
num_cat=5
split_feature=41 1 42 26 5 0 9 19 0 37 34 34 44 26 26 31 41 22 44 26 1 41 32 19 47 40 34 34 53 28
split_gain=18.7157 16.7758 23.8551 26.8375 21.7309 67.0498 22.545 21.3282 21.3127 23.7895 20.8904 20.4787 19.8626 19.4463 18.4319 17.4448 19.2492 17.2651 16.9852 16.9362 18.2011 17.2224 16.2741 16.2507 16.1158 15.5732 16.219 15.5389 19.6465 27.9576
threshold=0.45200300000000004 6.5000000000000009 0.14915250000000005 0 1 2022.5000000000002 1.5000000000000002 9.3500000000000032 2020.5000000000002 0.088421450000000013 0.69104250000000012 0.28642150000000005 0.52403250000000012 2 3 0.17914200000000002 0.58574900000000019 22909.500000000004 0.38528200000000007 4 5.5000000000000009 0.49704300000000007 0.36437250000000004 94.350000000000009 1.5000000000000002 34.500000000000007 0.45665600000000001 0.35198250000000003 0.001156500000000005 585.50000000000011
decision_type=8 2 10 9 1 2 2 2 2 8 10 10 8 9 9 8 10 2 10 9 2 8 10 2 2 2 10 8 8 2
left_child=25 4 3 -3 7 6 14 19 18 10 22 -4 -7 -8 -6 -16 -17 -11 -5 20 -2 -21 -10 -20 -13 26 -1 -9 -29 -30
right_child=1 2 11 8 5 12 13 27 9 17 -12 24 -14 -15 15 16 -18 -19 23 21 -22 -23 -24 -25 -26 -27 -28 28 29 -31
leaf_value=-0.0027456164740709611 -0.0035039617688218611 -0.00050069882216306533 -0.0034048249080132274 0.0050757716162926955 0.0047160645179577321 0.0025014675768212967 0.0090065117403532145 -0.00093337666126394527 -0.00020932871218020703 -0.00073465007172880518 0.002067857306489443 0.0001529079380264306 -0.0021675696370424373 0.0033747776937985093 0.00088278600154224928 0.00074682398734182286 -0.012669143441636175 0.00094529465635950825 0.00075437758687034017 -0.0037192187014783618 0.00033137539047103465 0.00016464106853419621 -0.0035614453327586226 0.0033812242151838026 -0.0010368968415726905 -0.0028121710769459006 0.0042225877762754908 0.0007901743073228637 -0.001176307019198903 0.00044751391278220428
leaf_weight=535.25772930681705 3467.4803062230349 39662.666872650385 2443.5029541552067 966.14937068521976 1020.9036715328693 992.94734193384647 629.73691247403622 8270.0098237991333 2089.3890780210495 7950.1542431265116 1167.135998904705 16575.79000172019 4532.1239156424999 5110.1747480779886 3188.4696985632181 186.30568633973598 187.12693285942078 17796.020159214735 21586.44071932137 1131.9399080723524 1618.9860820025206 10768.814409136772 3553.1994961798191 2358.7034219652414 26655.417342364788 3604.9128294736147 671.28701832890511 56480.276242777705 13764.310708701611 31081.535059675574
leaf_count=2167 13967 161397 9890 4042 4690 3985 2877 33365 8426 32086 4866 66977 18236 23573 14707 794 820 72279 87952 4556 6528 43402 14368 9544 107681 14543 2733 228139 55803 125537
internal_value=3.1691e-05 6.31004e-05 -0.000166534 9.90876e-05 0.000293546 0.00134097 0.00276924 0.000162146 0.000513572 7.34055e-06 -0.00156817 -0.000732018 -0.00132214 0.00402381 0.00118975 0.000153855 -0.00594361 0.000425355 0.00117407 -0.00082639 -0.00227336 -0.000202926 -0.00232628 0.00101478 -0.000580027 -0.00182298 0.00110735 0.000315659 0.000417923 -5.02537e-05
internal_weight=290047 285236 142805 97129.9 142431 15847.8 10322.7 126583 57467.2 32555.9 6809.72 45674.7 5525.07 5739.91 4582.81 3561.9 373.433 25746.2 24911.3 16987.2 5086.47 11900.8 5642.59 23945.1 43231.2 4811.46 1206.54 109596 101326 44845.8
internal_count=1179930 1160487 579508 394960 580979 69682 47461 511297 233563 132025 27660 184548 22221 26450 21011 16321 1614 104365 101538 68453 20495 47958 22794 97496 174658 19443 4900 442844 409479 181340
cat_boundaries=0 1 2 3 4 5
cat_threshold=390 2 216 2736 194
is_linear=0
shrinkage=0.03


Tree=142
num_leaves=31
num_cat=8
split_feature=48 22 6 18 53 5 7 41 18 9 36 7 41 26 8 32 20 32 29 18 20 27 26 41 34 45 32 13 46 27
split_gain=21.1558 18.5403 16.5064 17.7734 15.2806 14.8712 21.4431 14.2766 14.1594 13.7376 13.7291 13.544 18.5294 18.7259 17.3385 16.9237 15.9317 16.9386 15.8609 15.3894 14.8674 14.8011 13.9276 13.4281 13.1856 13.002 12.673 24.9393 19.0354 18.8377
threshold=1.0000000180025095e-35 24604.500000000004 2.5000000000000004 0 -0.13744149999999994 1 1.5000000000000002 0.48351800000000006 2 1.5000000000000002 0.46514000000000005 1.0000000180025095e-35 0.71338100000000015 3 1.5000000000000002 0.35796450000000007 15.850000000000003 0.39886550000000004 0.56880850000000016 4 82.850000000000009 5 6 0.48064850000000009 0.45495100000000005 0.43432700000000007 0.36794800000000011 1.0000000180025095e-35 0.020871250000000004 7
decision_type=2 2 2 1 8 1 2 10 1 2 8 2 8 9 2 10 2 8 10 1 2 9 9 10 10 10 10 2 10 9
left_child=1 5 11 -4 -5 8 9 -6 -1 -7 -3 12 13 14 25 22 17 -15 -17 23 -20 -22 -13 -18 -16 -2 27 -10 -28 -29
right_child=2 10 3 4 7 6 -8 -9 26 -11 -12 15 -14 16 24 18 19 -19 20 -21 21 -23 -24 -25 -26 -27 28 29 -30 -31
leaf_value=0.00076741216156576313 -0.0019822141730341616 -0.00015557576388451711 0.0010327820086224444 -0.0097321353854569869 -0.0068402436555952848 0.00079760441173027763 -0.00070151604114756226 -0.0014098222141598882 0.00092191261622895165 0.0030173182726136445 -0.0062924174497369116 -0.00062718390596661414 0.0044827344840747078 -0.000494865871395834 -0.0017340066963321245 6.7275796825564321e-05 -0.0029965014282948279 -0.0040552918223715371 -0.00071953517495424737 -0.00059080793179755616 -0.0012672681524206694 -0.0068317627511452162 0.0010575706429062645 0.0010823828980801493 0.00087106810706952438 0.00076567957659259139 -0.0024320513526457904 0.0009850892837799947 -0.00013958589103447368 -0.0009824353745839301
leaf_weight=32934.08106175065 14957.617088884115 672.01267881691456 2343.6725429594517 216.53757978975773 459.76347506046295 4793.8000123053789 3644.6317031681538 8711.975728482008 30274.699301913381 5376.4672249257565 658.20596221089363 5457.9523853212595 669.16523258388042 4830.7107205986977 2610.9252704679966 38385.062629699707 757.67457711696625 1610.3490080833435 7384.6046687215567 10870.891473799944 1007.895982503891 784.86595952510834 22597.332767471671 14741.86217752099 5278.9885545521975 1710.4367388635874 3539.130376920104 6123.4333455562592 41497.089657619596 15217.92864908278
leaf_count=132906 60964 2714 9539 883 1867 21097 16031 35458 122372 23860 2640 22062 2987 19549 10567 155129 3058 6546 30872 44094 4249 3241 91682 59821 21573 6927 14250 24799 167108 61434
internal_value=4.05573e-05 0.000297403 -0.000214923 -0.00129397 -0.00187725 0.000330326 0.00126637 -0.00168746 0.000230277 0.00197454 -0.00322198 -0.000119956 -0.000464776 -0.000523239 -0.00114952 0.000144314 -5.31525e-05 -0.00139115 -0.000199885 0.00027262 -0.00132023 -0.00377254 0.000728866 0.000879948 4.86612e-06 -0.00169835 4.68364e-05 0.000367983 -0.000320553 -0.000416432
internal_weight=290120 144731 145388 11731.9 9388.28 143401 13814.9 9171.74 129586 10170.3 1330.22 133656 58038.6 57369.5 24558 75617.7 32811.5 6441.06 47562.4 26370.4 9177.37 1792.76 28055.3 15499.5 7889.91 16668.1 96652.3 51616.1 45036.2 21341.4
internal_count=1180279 589211 591068 47747 38208 583857 60988 37325 522869 44957 5354 543321 236086 233099 100031 307235 133068 26095 193491 106973 38362 7490 113744 62879 32140 67891 389963 208605 181358 86233
cat_boundaries=0 1 2 3 4 5 6 7 8
cat_threshold=116 2 76 658 212 2674 1036 280
is_linear=0
shrinkage=0.03


Tree=143
num_leaves=31
num_cat=5
split_feature=41 0 26 40 8 6 26 53 35 1 29 7 47 53 28 35 47 42 18 8 0 26 42 39 26 23 32 11 23 35
split_gain=19.5156 22.5518 28.7846 24.6795 18.5015 22.9702 24.8546 18.392 18.6825 16.2356 15.9025 15.3069 20.4328 23.3855 34.6526 14.712 14.6283 13.4185 13.3571 15.7906 15.6719 14.4525 14.574 13.6038 13.0282 13.1353 13.017 12.6869 12.5748 14.6225
threshold=0.47781350000000006 2019.5000000000002 0 195.50000000000003 1.5000000000000002 1.5000000000000002 1 0.00076649999999997564 0.49832200000000004 5.5000000000000009 0.61588850000000017 1.0000000180025095e-35 1.5000000000000002 0.0093975000000000048 429.50000000000006 0.53445450000000017 9.5000000000000018 0.14209650000000004 2 1.0000000180025095e-35 2023.5000000000002 3 0.13478900000000002 0.093054200000000017 4 24542.500000000004 0.3089880000000001 3.5000000000000004 24192.500000000004 0.47731250000000008
decision_type=8 2 9 2 2 2 9 10 8 2 8 2 2 8 2 8 2 10 1 2 2 9 10 8 9 2 10 2 2 10
left_child=24 2 3 16 5 11 15 8 -4 26 17 18 -13 -14 -15 -7 -2 -10 20 -20 21 22 -3 -21 25 -1 -9 28 -8 -30
right_child=1 4 7 -5 -6 6 27 9 10 -11 -12 12 13 14 -16 -17 -18 -19 19 23 -22 -23 -24 -25 -26 -27 -28 -29 29 -31
leaf_value=-0.0021847601759996315 0.0012404711111654925 0.0011126720659816246 0.0039970659147639479 -0.00083034377397304417 0.00033051463463457077 -0.00066864331182035341 -0.00092140947564114831 0.0055902001106291049 0 0.0012999107603598617 0.0034323959907072957 0.0010986526881747736 0.00042189791107725576 -0.0047670036601576227 -0.00046594994857129942 0.0013343923766260645 0.0079341884573195347 0.0033825088668322152 -0.0019287428493747687 -0.0032904094606705432 -0.0012833383899059042 0.00087954822503916413 -0.0011710518914335483 1.4931991282481724e-05 -0.00051796554427308711 -0.0099327175811215352 -0.0015836966079705501 -0.0019977202970222082 0.0089242766185192116 0
leaf_weight=3511.6384866833687 4234.4508159458637 3567.0248436778784 3582.7278170436621 13790.430540651083 76215.841770738363 7615.9447280466557 11912.505428180099 238.94934824109077 5422.1851745098829 7436.9382346570492 2601.108985543251 19714.574450001121 27590.681147247553 1981.1692839413881 11381.025755286217 5809.9353767484426 315.60180853307247 1311.2981113195419 8953.8716845959425 1231.7811681032181 7034.1110059320927 16333.180711507797 8444.199023604393 11937.375514701009 9165.7043052017689 208.95888596773148 3521.2637949436903 14256.938495919108 252.1908412873745 464.3070330619812
leaf_count=14161 18172 14747 14501 56615 309228 30755 48170 992 22290 30630 11266 80012 111516 8118 46414 24163 1345 5339 36374 5078 28328 66245 34267 48410 37019 841 14496 57621 1018 1867
internal_value=8.40382e-06 6.15746e-05 0.00069787 -0.000196639 -5.34064e-05 -0.000238232 -0.000856601 0.00137889 0.00215139 0.000485925 0.00143873 -2.70129e-05 0.000305116 -7.62091e-05 -0.00110682 0.000195878 0.00171627 0.000662954 -0.000377948 -0.000955914 -1.53591e-05 0.000298349 -0.000489831 -0.000292636 -0.00113258 -0.00262856 -0.00111575 -0.00138281 -0.000687044 0.00315542
internal_weight=290038 277152 42455 18340.5 234697 158481 40311.8 24114.5 12917.3 11197.2 9334.59 118169 60667.5 40952.9 13362.2 13425.9 4550.05 6733.48 57501.5 22123 35378.5 28344.4 12011.2 13169.2 12886.3 3720.6 3760.21 26885.9 12629 716.498
internal_count=1179998 1127977 175646 76132 952331 643103 163594 99514 53396 46118 38895 479509 246060 166048 54532 54918 19517 27629 233449 89862 143587 115259 49014 53488 52021 15002 15488 108676 51055 2885
cat_boundaries=0 1 2 3 4 5
cat_threshold=1562 19 196 898 84
is_linear=0
shrinkage=0.03


Tree=144
num_leaves=31
num_cat=10
split_feature=22 1 26 27 27 26 31 33 34 22 50 38 34 8 26 27 3 6 36 27 23 44 27 13 31 26 23 22 26 29
split_gain=19.7429 14.8521 37.0438 39.0348 20.2704 19.794 14.4892 15.1408 13.757 18.7285 13.4299 19.7279 19.035 17.1921 15.5785 15.1144 14.9949 13.4034 29.3423 15.1012 18.4714 13.2525 12.8518 18.3219 15.8633 15.6204 17.446 14.7843 14.8822 15.6319
threshold=21694.500000000004 9.5000000000000018 0 1 2 3 0.12801650000000001 0.47598350000000006 0.51744400000000013 23646.000000000004 1.0000000180025095e-35 0.17953200000000002 0.33484850000000005 1.5000000000000002 4 5 1.5000000000000002 1.0000000180025095e-35 0.53023750000000003 6 23583.500000000004 0.5070125000000002 7 -6.4999999999999991 0.15933300000000003 8 24404.500000000004 23627.500000000004 9 0.51359850000000018
decision_type=2 2 9 9 9 9 8 10 10 2 2 10 8 2 9 9 2 2 8 9 2 10 9 2 10 9 2 2 9 8
left_child=-1 10 4 21 5 -3 7 -6 -7 -10 12 17 14 22 15 -2 -15 18 -12 -20 -21 -4 25 24 -24 26 -14 28 -25 -30
right_child=1 2 3 -5 6 8 -8 -9 9 -11 11 -13 13 16 -16 -17 -18 -19 19 20 -22 -23 23 27 -26 -27 -28 -29 29 -31
leaf_value=0.0014958811352310613 0.0023736497367785221 0.0022566730284335674 0.0017781962108429676 -0.004209153602052285 0.0040701701927803868 -0.0064518163599336098 0.00030210119950970545 -0.0026769669647665382 0.0021140894804197734 -0.0064492540977616839 9.5498506597224768e-05 0.00048079950089716274 0.00044084006123081628 0.0019875011369214013 -0.0014875797241462093 -0.0013721678061053512 0.00048630613951896939 -0.00037708183511735844 -0.0047899290290609568 -0.0029475494484422246 0.0018433453087155409 -0.0014386128401534118 -0.0012440742584644705 0.00070643048527067453 -0.0086095770392197422 -0.0006517279074028414 -0.0053664882736678418 0.0010268178543111784 0.00064670409129278963 -0.0013368384547770176
leaf_weight=7663.0760555416346 2189.1608103513718 698.36013178527355 1692.6238092929125 4505.9744490534067 2022.9857974648476 845.86016444861889 6060.0327293276787 343.50491489470005 590.95404028892517 369.57004821300507 5341.3002714514732 19907.404978185892 23735.27466955781 6845.8436671197414 10629.260447382927 1711.8273977637291 48860.249896198511 42982.156099617481 2414.6633550524712 2836.8202530741692 961.8276926279068 3574.2165056467056 1351.8986955881119 14675.883361831307 328.85002358257771 37377.717594891787 471.29009878635406 23375.591309547424 5548.2238159626722 9972.5567553192377
leaf_count=31316 8892 2808 6829 18148 8273 3403 24499 1395 2386 1499 21528 80383 96843 27931 43032 6899 199104 174982 9914 11650 3959 14408 5450 59380 1325 152977 1899 94931 22431 40905
internal_value=-6.17601e-06 -4.70826e-05 -0.000820515 -0.00216151 0.000377519 -0.00198134 0.00108421 0.00307599 -0.00364069 -0.00115942 1.40432e-05 -0.00032662 0.00014977 0.000237729 -0.000892492 0.000723151 0.000671427 -0.000621911 -0.00152972 -0.00293105 -0.00172157 -0.000397943 3.0681e-05 0.000363041 -0.00271578 -0.000267042 0.000325749 0.000460409 2.08932e-05 -0.000625457
internal_weight=289885 282222 20704.1 9772.81 10931.3 2504.74 8426.52 2366.49 1806.38 960.524 261518 74444.2 187074 172543 14530.2 3900.99 55706.1 54536.8 11554.6 6213.31 3798.65 5266.84 116837 55253 1680.75 61584.3 24206.6 53572.3 30196.7 15520.8
internal_count=1179379 1148063 83648 39385 44263 10096 34167 9668 7288 3885 1064415 302416 761999 703176 58823 15791 227035 222033 47051 25523 15609 21237 476141 224422 6775 251719 98742 217647 122716 63336
cat_boundaries=0 1 2 3 4 5 6 7 8 9 10
cat_threshold=122 362 136 40 2316 295 3873 790 2636 817
is_linear=0
shrinkage=0.03


Tree=145
num_leaves=31
num_cat=3
split_feature=48 24 0 22 29 23 53 28 22 31 33 44 22 29 52 30 22 0 27 32 37 34 3 53 37 21 27 52 45 47
split_gain=14.7356 19.2583 22.5707 17.0343 24.6066 18.7449 18.2549 26.0576 19.6733 17.8033 17.6224 16.765 16.8174 17.4662 16.1158 15.6861 16.4248 15.5591 19.4294 14.783 14.7404 14.9644 14.8313 17.33 14.6893 19.0123 15.501 14.3967 14.3698 19.2944
threshold=1.0000000180025095e-35 0 2019.5000000000002 23848.500000000004 0.48084150000000009 22816.500000000004 0.001156500000000005 1621.5000000000002 24607.500000000004 0.10965150000000001 0.5000285000000001 0.67012500000000019 23594.500000000004 0.45016850000000003 -0.17482599999999998 0.073730350000000014 22774.000000000004 2020.5000000000002 1 0.30334300000000008 0.32392650000000006 0.76500600000000019 4.5000000000000009 0.0033775000000000059 0.22168800000000002 1.5150000000000003 2 0.032692500000000076 0.19068800000000002 9.5000000000000018
decision_type=2 1 2 2 10 2 8 2 2 10 10 10 2 10 8 8 2 2 9 8 10 10 2 8 10 2 9 10 8 2
left_child=3 2 24 15 5 -5 9 8 14 -6 -9 -4 13 -13 -8 16 -1 18 -11 -3 21 22 23 -14 26 -26 -2 -24 -21 -30
right_child=1 19 11 4 6 -7 7 10 -10 17 -12 12 20 -15 -16 -17 -18 -19 -20 28 -22 -23 27 -25 25 -27 -28 -29 29 -31
leaf_value=0.0058419142959780278 0.0015728664117509875 0.0041001194199698143 -6.2936521804244299e-05 -0.0019209969079865587 0.0055713636298939306 0.0005677529347085363 -0.007178469087810592 0.0023303233376060733 -0.0097294235308498095 0.0080991797546622196 -0.003885235380225015 0.0041931076175925862 0.0032627192118110629 -0.0034437984682750503 -0.00017519153260526851 -2.6744824140257781e-05 -0.0010445782690552436 0.0012446098074488661 0.0014796137843512535 0.00070677663536585335 0.0064122165117368067 0.0058860485685064334 -0.00094133765554054035 -0.0024044200047693867 0.0017577214737355426 0.0090454298167108663 -0.00022612319532041718 -0.0051056188951692132 -0.00093692787895799596 -0.003954827374789264
leaf_weight=826.74428260326385 8458.1001711785793 533.0589154958725 82830.252284362912 4710.7081042975187 1077.7664853781462 6423.0955607742071 304.23268441855907 5743.3710558265448 207.17682439088821 696.63621699810028 436.04158973693848 284.90877579152584 1219.1149756014347 3671.400768250227 8292.8200694620609 100513.27072294056 487.42999249696732 13999.411973312497 983.54565854370594 4264.9785083979368 271.61602453887463 291.42525419592857 2518.6711229383945 797.93900692462921 1371.5034087002277 425.77931962907314 8726.2297753244638 1075.8885274529457 26600.222702547908 2060.1537108868361
leaf_count=3650 34980 2178 335063 19036 4539 25946 1224 23191 830 2830 1753 1157 4966 15036 34029 409374 2158 56586 3987 17351 1101 1277 10275 3275 5608 1738 36139 4366 108217 8435
internal_value=1.26775e-05 -0.000200507 -1.14722e-05 0.000227099 0.000728714 -0.000482776 0.00115462 0.000391109 -0.00065443 0.00183533 0.00188521 -0.000204235 -0.00135616 -0.0028835 -0.00042893 1.55819e-05 0.00326836 0.0015756 0.00430849 -0.000832012 -0.000371762 -0.00069209 -0.00104202 0.00100573 0.000930872 0.00351305 0.000658495 -0.00219931 -0.00091314 -0.0011553
internal_weight=290103 145401 111943 144702 42874.8 11133.8 31741 14983.6 8804.23 16757.4 6179.41 92961.2 10131 3956.31 8597.05 101827 1314.17 15679.6 1680.18 33458.4 6174.65 5903.04 5611.61 2017.05 18981.6 1797.28 17184.3 3594.56 32925.4 28660.4
internal_count=1180295 591162 454981 589133 173951 44982 128969 61027 36083 67942 24944 376516 41453 16193 35253 415182 5808 63403 6817 136181 25260 24159 22882 8241 78465 7346 71119 14641 134003 116652
cat_boundaries=0 1 2 3
cat_threshold=2 197 2868
is_linear=0
shrinkage=0.03


Tree=146
num_leaves=31
num_cat=8
split_feature=41 12 0 7 53 6 26 30 26 53 26 35 27 52 30 27 27 3 27 43 53 36 36 22 27 1 22 52 22 39
split_gain=17.2218 18.694 16.2167 25.9027 21.4255 20.3804 21.9944 20.4531 19.617 25.2732 18.1272 17.306 16.049 15.6091 16.6358 15.3935 14.6347 14.9324 14.5496 13.8563 47.8508 25.7178 22.3037 17.9749 33.2498 25.0388 17.1414 16.2875 15.2552 18.9882
threshold=0.47781350000000006 -6.4999999999999991 2019.5000000000002 1.5000000000000002 -0.0037264999999999655 1.0000000180025095e-35 0 0.25063350000000006 1 0.051986500000000026 2 0.50506800000000018 3 -0.15943099999999999 0.073730350000000014 4 5 2.5000000000000004 6 320.50000000000006 0.010355499999999964 0.53662100000000013 0.51403750000000004 24152.500000000004 7 5.5000000000000009 24109.500000000004 0.1131775 23869.500000000004 0.20145200000000005
decision_type=8 2 2 2 10 2 9 10 9 10 9 8 9 10 10 9 9 2 9 2 10 10 8 2 9 2 2 10 2 10
left_child=1 -1 3 4 10 7 -7 -5 13 -10 -2 15 -11 -6 -15 -12 17 -13 -3 20 22 23 28 26 -25 -26 -21 -22 29 -4
right_child=2 18 19 5 8 6 -8 -9 9 12 11 16 -14 14 -16 -17 -18 -19 -20 21 27 -23 -24 24 25 -27 -28 -29 -30 -31
leaf_value=-0.0058847806585146829 0.00091568764441923422 -0.0016535151212997404 0.00084508312364885087 -0.0038570508313494293 0.0070471943310332465 0.001884897162780351 -0.0010816904093560969 0.0047687698445258156 -0.001558598117267287 -0.0012899762239288806 0.0075334266874058442 0.0053016905659610406 0.0049705024720454911 0.0075049809240850867 0.00073176193484041703 0.0025172967943777776 0.0027312901743271642 -0.0041517836286131407 0.00044062073695857383 -0.00029036673406054777 -0.0034023113802569009 0.00047171808653449597 -0.00091837876801863217 0.0018428221313448788 0.0018405521127762795 -0.0017141860726625105 -0.0025750812757747788 0.0011994306567042006 0.0023773245797184634 -0.0053668779025062441
leaf_weight=681.518095895648 7979.1379526406527 7137.2753731906414 2095.862894937396 2307.6051740944386 414.03733341395855 3674.1574441939592 5751.5346588641405 271.53433367609978 6494.0738488137722 570.2052495777607 1188.6465997695923 196.07484073936939 988.98626552522182 341.21724580228329 6876.4419206678867 1133.5560826957226 3653.053317964077 594.04265555739403 5091.9675579369068 111392.06524081528 5908.2068446278572 79390.94789917767 8072.7577403336763 9897.5901246219873 2488.8561643362045 6229.9838565886021 3037.3507821708918 772.13406883180141 4755.8091624826193 557.17791011929512
leaf_count=2754 32952 28788 8530 9508 1682 15097 23672 1108 26786 2396 4798 817 4317 1504 28515 4611 15377 2447 20582 448556 24175 325120 33590 39822 10007 25064 12325 3193 19322 2285
internal_value=1.74469e-05 -0.00105329 6.74664e-05 0.000607164 0.00107303 -0.000571166 7.25945e-05 -0.00293281 0.000298836 -0.000731227 0.00189434 0.00303737 0.00268729 0.00138873 0.00105911 0.0051474 0.00193193 -0.00173494 -0.000780211 -3.00329e-05 -0.000743882 4.43059e-05 0.0001701 -0.000210518 0.000653369 -0.00069494 -0.000351339 -0.00286564 0.00136006 -0.000452814
internal_weight=289944 12910.8 277033 42434.3 30429.5 12004.8 9425.69 2579.14 15685 8053.27 14744.5 6765.37 1559.19 7631.7 7217.66 2322.2 4443.17 790.117 12229.2 234599 22161.9 212437 15481.6 133046 18616.4 8718.84 114429 6680.34 7408.85 2653.04
internal_count=1179700 52124 1127576 175587 126202 49385 38769 10616 65200 33499 61002 28050 6713 31701 30019 9409 18641 3264 49370 951989 91095 860894 63727 535774 74893 35071 460881 27368 30137 10815
cat_boundaries=0 1 2 3 4 5 6 7 8
cat_threshold=2273 2661 570 281 436 257 50 395
is_linear=0
shrinkage=0.03


Tree=147
num_leaves=31
num_cat=6
split_feature=46 5 11 32 36 52 27 27 28 27 18 22 27 53 37 28 31 36 34 39 34 37 22 47 48 36 30 33 39 33
split_gain=20.7221 19.2655 22.4546 17.1035 28.471 23.3125 21.83 21.3656 21.3557 17.1119 16.3797 17.1561 27.1426 20.5408 16.3928 14.9888 14.9518 14.8493 14.6306 14.255 14.2289 13.9404 14.7741 13.3325 13.1275 19.4231 16.333 13.4927 13.3114 13.6354
threshold=0.074416550000000012 0 1.0000000180025095e-35 0.40391850000000001 0.50706200000000012 -0.011897000000000017 1 2 1900.5000000000002 3 4 24270.000000000004 5 0.0075165000000000934 0.12887250000000003 145.50000000000003 0.21055700000000002 0.68362400000000012 0.50213700000000017 0.11311700000000001 0.79329050000000012 0.24456250000000004 24442.000000000004 10.500000000000002 1.0000000180025095e-35 0.36374550000000005 0.30232850000000006 0.48387300000000005 0.25500200000000006 0.45775650000000007
decision_type=10 1 2 8 10 10 9 9 2 9 1 2 9 8 8 2 10 10 10 10 10 10 2 2 2 10 10 10 8 10
left_child=3 2 19 15 5 8 -6 18 23 -10 -4 16 14 -14 -13 17 24 -1 -7 -2 -3 -15 -23 -5 26 -26 28 -27 -12 -30
right_child=1 20 10 4 6 7 -8 -9 9 -11 11 12 13 21 -16 -17 -18 -19 -20 -21 -22 22 -24 -25 25 27 -28 -29 29 -31
leaf_value=-0.0012425836031961857 0.0020379699917525418 0.00089188324249984833 0.0013012033160227313 0.00021687063599841276 -0.0039737359200816723 -0.0064636480912277153 -0.00071902207123654741 -0.00029108594332095467 0.00096196517049731305 0.013398918067356042 8.177471977680445e-05 0.0073428232860737836 0.0013106282728827122 -0.0006472775035183039 0.0021363150709836783 3.8108155249111399e-05 0.0040651217315049275 -0.0074962141279178388 -0.0012990882974097172 0.00049481671201250009 0.0039640768448094008 6.0233057536247438e-05 -0.0092999836574284948 0.0066406023820244657 -0.0038087608500253257 -0.00057130196834691489 -0.0020173710885634496 0.0010045361523899363 0.0047403257108816141 -0.00064931468325625963
leaf_weight=4129.5199526399374 6542.2307292521 14634.162708610296 7700.6666886210442 5348.2165920436382 4371.9239854067564 1086.1133999526501 3289.5784202218056 4046.7121224105358 209.43263454735279 206.58227674663067 65950.056431367993 728.50087852776051 6478.5523124784231 4298.154700756073 2264.8760905265808 47462.146246418357 727.16078300774097 373.04740476608276 937.63664190471172 31106.201476812363 1502.0681117027998 247.37501208484173 365.2065607458353 305.4534809589386 1585.4793954789639 63814.092126712203 3272.8425471335649 5280.4461963772774 1113.1766531765461 664.27162311971188
leaf_count=16993 26675 63453 31079 21901 18461 4413 13797 16536 848 841 266251 2935 26085 17313 9116 192908 2934 1594 3795 125626 7127 994 1471 1253 6460 257511 13205 21388 4486 2677
internal_value=3.72856e-05 0.000182781 0.000102978 -0.000404806 -0.00115516 -0.000248565 -0.00258714 -0.00156473 0.00106295 0.00760388 -4.81236e-05 -0.000114686 0.000872244 0.000199226 0.00340815 -0.000118249 -0.000214597 -0.00177202 -0.004071 0.000763911 0.00118041 -0.0012604 -0.0054895 0.00057257 -0.00023686 -0.000526315 5.08775e-05 -0.000450398 0.000151351 0.00271155
internal_weight=290042 218276 202139 71766.4 19801.6 12140.1 7661.5 6070.46 6069.68 416.015 164491 156790 14382.7 11389.3 2993.38 51964.7 142408 4502.57 2023.75 37648.4 16136.2 4910.74 612.582 5653.67 141680 70680 71000.3 69094.5 67727.5 1777.45
internal_count=1180126 886786 816206 293340 81845 49587 32258 24744 24843 1689 663905 632826 57914 45863 12051 211495 574912 18587 8208 152301 70580 19778 2465 23154 571978 285359 286619 278899 273414 7163
cat_boundaries=0 1 2 3 4 5 6
cat_threshold=2 1159 1293 484 80 130
is_linear=0
shrinkage=0.03


Tree=148
num_leaves=31
num_cat=8
split_feature=34 28 7 22 26 11 27 45 0 26 27 30 6 28 18 44 53 33 26 33 44 41 27 22 42 37 26 0 22 37
split_gain=14.6231 24.0392 18.9477 18.1322 14.9763 14.5298 17.8847 14.1014 13.6987 13.6916 13.3743 15.8575 12.8952 27.1407 13.6343 15.9742 14.5153 26.6449 20.9255 18.8611 16.02 15.1345 13.9581 18.0413 14.7365 15.1129 14.0768 14.7074 15.6177 13.9303
threshold=0.61057250000000007 176.50000000000003 1.5000000000000002 24301.500000000004 0 2.5000000000000004 1 0.51170650000000018 2019.5000000000002 2 3 0.15185300000000002 2.5000000000000004 4104.5000000000009 4 0.50120550000000008 0.019780999999999997 0.41082550000000007 5 0.41390850000000007 0.5905815000000002 0.5121960000000001 6 24296.500000000004 0.12943950000000001 1.0000000180025095e-35 7 2022.5000000000002 23696.500000000004 0.18537600000000001
decision_type=10 2 2 2 9 2 9 10 2 9 9 10 2 2 1 8 10 10 9 10 10 10 9 2 8 10 9 2 2 8
left_child=12 5 3 4 -3 6 -2 10 -7 -10 11 -6 14 -14 -1 22 -17 20 19 -19 -18 -21 26 24 25 -24 27 28 -16 -29
right_child=1 2 -4 -5 7 8 -8 -9 9 -11 -12 -13 13 -15 15 16 17 18 -20 21 -22 -23 23 -25 -26 -27 -28 29 -30 -31
leaf_value=0.00078119220193856179 -0.0067240602839358024 0.0012769676703147531 -0.00028474753480715274 0.0038513682855497327 0.003512075573937303 0.0010597455358888287 0.00025864266061336979 0.0052453463192179174 0.0006853185950429616 -0.0044555501483601176 -0.0007643146747881418 0.00023989006776328683 -0.00028313570455763056 -0.0030489038693342599 -0.0013924416496361991 -0.00016887640866641564 -0.0058104927220237104 0.009084875410140688 -0.0013837373599144443 0.0027569051736844184 -0.0018501869827757416 -0.00031484791859899146 -0.003058292587108023 0.0034775356999051676 0.00017203661792062212 0.0023202548593195252 0.00015272788935858473 -0.0053758743597751924 0.0028371653281131694 -0.00074050477685669801
leaf_weight=15886.054224610329 881.98939980566502 22583.348821759224 17573.434649437666 1776.3924934118986 1634.8386661708355 2090.0471353083849 517.65890973806381 470.81010329723358 756.51353733241558 1167.7405778616667 9733.0268401652575 7300.5005757063627 14843.781875222921 4076.9547030776739 3158.3561270534992 103758.89096984267 1375.8612460643053 225.36723829805851 11187.60913208127 1831.5374607294798 2883.8385334908962 6723.9401994645596 507.47431820631027 2000.5346341580153 22299.440107941628 5437.1769523471594 23819.841191381216 1308.0154903829098 1040.5839382112026 1083.6436306983232
leaf_count=64261 3781 95251 72545 7196 6836 8852 2188 1903 3207 4920 40088 29485 60137 16431 12760 419787 5576 920 45113 7382 11699 27241 2148 8037 89900 22202 96016 5275 4192 4362
internal_value=-1.53958e-05 0.00037506 0.000545287 0.000881304 0.000753863 -0.00153889 -0.00417119 0.000134215 -0.000611204 -0.00244051 2.95742e-06 0.000841972 -0.000131712 -0.000881065 -6.22313e-05 -0.000133463 -0.000323621 -0.000984988 -0.000523464 0.000570214 -0.00313957 0.000339977 0.000267266 0.00072364 0.000527426 0.00185475 -0.000185836 -0.00141191 -0.000335841 -0.00329171
internal_weight=289935 66486.3 61072.4 43498.9 41722.5 5413.95 1399.65 19139.2 4014.3 1924.25 18668.4 8935.34 223449 18920.7 204528 188642 127987 24228.2 19968.5 8780.84 4259.7 8555.48 60655.1 30244.6 28244.1 5944.65 30410.4 6590.6 4198.94 2391.66
internal_count=1179691 276252 253304 180759 173563 22948 5969 78312 16979 8127 76409 36321 903439 76568 826871 762610 517718 97931 80656 35543 17275 34623 244892 122287 114250 24350 122605 26589 16952 9637
cat_boundaries=0 1 2 3 4 5 6 7 8
cat_threshold=279 2834 2330 541 84 2466 565 544
is_linear=0
shrinkage=0.03


Tree=149
num_leaves=31
num_cat=11
split_feature=1 27 26 26 0 26 33 32 31 0 27 5 5 27 26 36 0 40 1 26 6 1 1 9 36 13 46 31 41 26
split_gain=15.342 33.1777 34.0824 27.5944 23.9657 18.4619 16.5304 15.4925 14.8253 13.8019 45.54 49.7814 37.6177 81.2931 64.6816 36.3082 29.4762 29.3089 25.206 20.8114 20.5682 20.0363 21.5591 18.0935 28.2366 18.063 21.0947 17.6111 24.5658 17.4892
threshold=9.5000000000000018 0 1 2 2022.5000000000002 3 0.42023400000000005 0.33911650000000004 0.085177200000000022 2022.5000000000002 4 5 6 7 8 0.58114600000000005 2020.5000000000002 2082.5000000000005 4.5000000000000009 9 1.5000000000000002 6.5000000000000009 8.5000000000000018 1.0000000180025095e-35 0.42200200000000004 3.5000000000000004 0.13207850000000002 0.16937150000000004 0.60553900000000016 10
decision_type=2 9 9 9 2 9 10 8 10 2 9 1 1 9 9 10 2 2 2 9 2 2 2 2 8 2 8 8 10 9
left_child=7 3 -3 6 -4 -6 -2 8 -1 12 11 18 13 17 15 -15 25 -9 -11 -12 -21 27 29 24 -16 26 -14 -18 -29 -23
right_child=1 2 4 -5 5 -7 -8 9 -10 10 19 -13 16 14 23 -17 21 -19 -20 20 -22 22 -24 -25 -26 -27 -28 28 -30 -31
leaf_value=-0.0027351702822198004 0.0041704348159375699 0.0011869448617708995 -0.0026865528749194945 0.0037176372250471153 0.0038403496748008995 -0.0013934837981326772 -0.0029479395668408261 -0.0039292675102479205 0.00064733788437832947 -0.0003942552415604788 -0.00011617052669971706 -0.00085842753192066131 -0.0017123098890953659 -0.0014845275299393966 0.0054774776786980263 -0.0081902013542458699 0.0044587562642177531 -0.0010208269637025139 0.0038183400253869225 -0.00075230340678322956 -0.0023701430608483467 -0.0053220640269346139 0.0037035106262355119 0.00015311492962261683 0.00082954052084249839 0.0037827235769238598 0.0021048326518820714 0.004375398918173296 -0.0072359634134505418 0.00062151795365335348
leaf_weight=1193.2925377190113 374.97769986093044 3651.7806826382875 10957.045935556293 2367.0718789845705 942.35925090312958 1641.6197549402714 1283.4509238600731 5756.7972505390644 42261.052404150367 1631.0131556838751 30481.619468480349 5693.7729693502188 4375.0497047454119 10820.240691810846 1221.6829548329115 779.27821499109268 4597.8591061383486 6885.6745589673519 5698.0857233852148 26984.983985438943 9633.549281001091 574.73383845388889 1559.8944662958384 71459.542786344886 31798.547665461898 990.13674254715443 1847.4252198636532 364.58465525507927 291.99033159017563 1812.8080755919218
leaf_count=5059 1568 14783 44183 9557 3796 6611 5225 23155 171649 6563 122761 22900 18975 43501 4928 3137 21719 27692 22912 108530 38840 2599 7293 288754 128898 4365 8284 1634 1360 8449
internal_value=-2.63283e-05 -0.00080294 -0.00137754 0.00164224 -0.00207182 0.000515361 -0.00130789 3.48916e-05 0.000553579 -6.50403e-05 -0.000381169 0.00124075 0.000109277 -6.29833e-05 0.000185683 -0.00193794 0.00146173 -0.00234633 0.002877 -0.000696521 -0.00117858 0.00258699 0.000960656 0.000421951 0.0010029 2.14839e-05 -0.00057373 0.00380184 -0.000752317 -0.00082123
internal_weight=289932 21218.3 17192.8 4025.5 13541 2583.98 1658.43 268714 43454.3 225259 80123 13022.9 145136 128722 116079 11599.5 16414.5 12642.5 7329.1 67100.2 36618.5 9201.87 3947.44 104480 33020.2 7212.61 6222.47 5254.43 656.575 2387.54
internal_count=1179680 85723 69373 16350 54590 10407 6793 1093957 176708 917249 322506 52375 594743 520065 469218 46638 74678 50847 29475 270131 147370 43054 18341 422580 133826 31624 27259 24713 2994 11048
cat_boundaries=0 1 2 3 4 5 6 7 8 9 10 11
cat_threshold=96 40 778 22 2050 2 2 2 2 75 2625
is_linear=0
shrinkage=0.03


Tree=150
num_leaves=31
num_cat=5
split_feature=48 33 30 44 40 22 22 53 26 30 28 22 28 44 27 44 52 31 42 28 27 26 31 23 0 27 44 39 44 45
split_gain=19.6047 18.5077 23.5642 21.0341 22.5998 17.7077 16.909 16.3342 15.4931 27.2977 21.8312 18.4321 22.103 25.9061 17.7203 20.5288 17.1464 15.9472 15.4593 16.2988 23.5877 17.188 15.791 14.8837 18.1207 18.5822 18.5547 14.6567 14.7098 14.3542
threshold=1.0000000180025095e-35 0.44911850000000003 0.32455850000000003 0.43757350000000006 5046.5000000000009 24296.500000000004 24622.500000000004 0.054886500000000039 0 0.35485600000000006 6470.5000000000009 23848.500000000004 3693.5000000000005 0.63793500000000014 1 0.63972300000000015 0.029146000000000009 0.11647350000000001 0.18075450000000001 5316.5000000000009 2 3 0.14037950000000002 24480.500000000004 2020.5000000000002 4 0.52472950000000018 0.10813350000000001 0.57742950000000015 0.33017200000000008
decision_type=2 8 10 10 2 2 2 10 9 10 2 2 2 10 9 8 8 8 10 2 9 9 10 2 2 9 10 10 10 10
left_child=6 3 -3 7 18 -6 8 -2 10 11 -1 12 14 -14 29 -16 -13 -17 19 21 -21 23 -22 24 25 -5 -27 -20 -29 -10
right_child=1 2 -4 4 5 -7 -8 -9 9 -11 -12 16 13 -15 15 17 -18 -19 27 20 22 -23 -24 -25 -26 26 -28 28 -30 -31
leaf_value=0.00015646396725665286 0.001451069019604144 0.00023175700888075656 -0.0037365765693889285 -0.0033321410788414861 -0.0019628054665261816 0.0012155143668185172 -0.0041757116264142941 -0.0037029936243925319 -0.00014678244089108423 -0.0045139386634643853 -0.0013847625397872324 0.0021800684177369157 0.0011572413859760068 0.0091359834688806221 0.001154929291020174 0.0021867888099791578 0.00023477135712898417 -0.0026987682944410803 0.0017021773138049198 -9.6585765343423956e-05 -0.00054692636028001371 0.00019627687334236563 -0.006804565600972509 -0.0077555179499511967 1.3432707405917179e-05 0.0019459206164264122 -0.0019811354117507032 -0.0016500683584924195 -0.0072064375778275371 -0.002194256696697405
leaf_weight=74874.017564058304 6511.7178972065449 57854.575590491295 1375.2659806758165 3979.1389216184616 15709.227895021439 1739.6680719554424 778.02356457710266 599.18232320249081 8201.4464171826839 913.96747675538063 9295.3584060966969 11678.92712020874 11966.512085467577 376.3156963288784 12016.232617110014 783.05646868050098 6322.4322466999292 2492.5638655275106 487.09549432992935 2162.1961511820555 541.7140676677227 35810.411541029811 1171.5939195454121 279.63060258328915 10735.758174702525 1708.6985705345869 2929.5359212905169 990.69347827136517 781.67578911781311 4967.9052338898182
leaf_count=304109 26493 234437 5615 16354 63408 7025 3133 2432 34040 3722 37396 47459 48511 1520 49316 3439 25827 10159 2014 8734 2188 145579 4720 1138 44679 7009 12053 4023 3196 20464
internal_value=-2.2741e-05 -0.000268884 0.000138925 -0.000549644 -0.0006905 -0.00164405 0.000224388 0.00101118 0.000248475 0.00061799 -1.34287e-05 0.000698593 0.00034481 0.00140509 -0.00011405 0.000579251 0.00149866 -0.00152076 -0.000419746 -0.000326327 -0.00220719 -0.000194201 -0.00481984 -0.000907523 -0.00080631 -0.0018307 -0.00052651 -0.00285536 -0.00412555 -0.000921058
internal_weight=290035 145368 59229.8 86137.9 79027 17448.9 144667 7110.9 143889 59719.4 84169.4 58805.4 40804 12342.8 28461.2 15291.9 18001.4 3275.62 61578.1 59318.7 3875.5 55443.2 1713.31 19632.8 19353.1 8617.37 4638.23 2259.46 1772.37 13169.4
internal_count=1180192 591097 240052 351045 322120 70433 589095 28925 585962 244457 341505 240735 167449 50031 117418 62914 73286 13598 251687 242454 15642 226812 6908 81233 80095 35416 19062 9233 7219 54504
cat_boundaries=0 1 2 3 4 5
cat_threshold=933 2410 938 1286 271
is_linear=0
shrinkage=0.03


Tree=151
num_leaves=31
num_cat=3
split_feature=32 40 22 36 1 26 26 53 32 48 43 26 1 53 0 20 53 43 31 13 19 43 44 41 39 43 2 30 41 11
split_gain=14.9436 15.5497 15.1381 14.5843 13.9011 19.6473 17.2667 14.7577 17.0528 13.8751 13.5733 13.0414 24.5869 19.1304 17.455 22.1278 17.4476 26.1327 19.249 17.4039 16.0145 16.5968 15.8202 14.7454 14.1123 27.4852 13.9128 13.7456 13.9885 13.7401
threshold=0.33768750000000008 5745.5000000000009 24301.500000000004 0.42411350000000009 4.5000000000000009 0 1 -0.048109499999999965 0.36469750000000006 1.0000000180025095e-35 8774.5000000000018 2 9.5000000000000018 -0.12137649999999996 2022.5000000000002 18.950000000000003 0.015383999999999983 105.50000000000001 0.11331050000000002 3.5000000000000004 54.750000000000007 1683.5000000000002 0.52403250000000012 0.56211650000000002 0.11542250000000001 1165.5000000000002 3.5000000000000004 0.18405450000000004 0.60289650000000006 6.5000000000000009
decision_type=8 2 2 10 2 9 9 10 10 2 2 9 2 8 2 2 10 2 10 2 2 2 10 10 10 2 2 10 8 2
left_child=3 11 4 -1 5 -3 7 -6 -9 -8 -7 12 13 -2 15 -14 29 -18 24 20 21 -15 -16 -22 -19 -26 -17 28 -23 -13
right_child=1 2 -4 -5 6 10 9 8 -10 -11 -12 16 14 19 22 26 17 18 -20 -21 23 27 -24 -25 25 -27 -28 -29 -30 -31
leaf_value=-0.0013280352435090167 -0.0021675079397384632 0 0.00071557501179720555 0.0006977112200393233 4.9820354771782251e-05 -0.0038922402837880308 0.00059828130556921543 -0.00054436641131109685 -0.0034162525008149727 -0.00079828163384672074 0.0015680592612478408 0.00073290291687709802 -0.0070139800663411248 -0.0011668929496965197 -0.0027315088540694958 -7.647295438296374e-05 -0.0046286926975563003 -0.0033848821708052368 9.4291068672296537e-05 0.0011269002904436044 0.00081331923384647545 0.0012150745460059399 0.0052609540056262373 -0.0007179788876877977 0.0050448785962844403 -0.0079384756383152014 -0.0034099911893016297 -0.00027928117696456554 0.0077961748569478628 -0.00011603882136935705
leaf_weight=3480.0997882038355 3832.7256613969803 2676.504002019763 7233.4988604336977 38058.341884806752 3701.4877576977015 3725.3529944866896 12815.890058666468 3180.4117489159107 4582.4464066624641 12776.54967699945 450.32863311469555 56705.626575008035 889.85727129876614 20215.237998709083 384.23586587607861 2174.7188780158758 1241.3505053073168 2570.0759283900261 25286.551847442985 10674.348717749119 19588.506640031934 2577.646147787571 513.62529629468918 7937.1020133197308 515.43463034927845 200.80473589897156 2378.5799363851547 14769.027238205075 328.39109309017658 24519.7223662287
leaf_count=14240 15511 10798 29114 154754 14922 14978 51476 12844 18478 51493 1814 230823 3590 83753 1546 8850 5109 10541 102468 44015 79389 10563 2065 33679 2099 810 9582 59882 1472 99346
internal_value=4.20248e-07 -8.75362e-05 -0.000553721 0.000527188 -0.000763541 -0.00200619 -0.000532809 -0.00149977 -0.00224418 -9.77284e-05 -0.00328762 3.31568e-05 -0.000243369 -0.000100307 -0.00204129 -0.00268266 0.000248253 -0.000371837 -0.000185382 3.50652e-06 -0.00017939 -0.000579754 0.00180961 0.000370644 -0.00234457 0.00134523 -0.00182554 9.01519e-05 0.00197634 0.000476266
internal_weight=289984 248446 51142.5 41538.4 43909 6852.19 37056.8 11464.3 7762.86 25592.4 4175.68 197304 86264 79923 6341.02 5443.16 111040 29814.2 28572.9 76090.3 65415.9 37890.3 897.861 27525.6 3286.32 716.239 4553.3 17675.1 2906.04 81225.3
internal_count=1180004 1011010 205917 168994 176803 27590 149213 46244 31322 102969 16792 805093 353897 328264 25633 22022 451196 121027 115918 312753 268738 155670 3611 113068 13450 2909 18432 71917 12035 330169
cat_boundaries=0 1 2 3
cat_threshold=596 112 646
is_linear=0
shrinkage=0.03


Tree=152
num_leaves=31
num_cat=11
split_feature=8 6 36 21 5 0 27 48 22 27 26 28 18 47 25 26 30 53 27 36 21 26 9 45 26 1 26 41 38 34
split_gain=18.6223 21.334 21.1038 20.7376 18.8452 25.8981 24.9362 19.6359 18.6907 17.173 17.1303 16.2583 16.0628 25.2089 18.4588 22.1567 15.6504 21.8695 17.1703 15.3761 15.0073 14.9558 15.5359 14.8775 13.9027 13.5404 13.1028 13.085 20.5624 13.7271
threshold=1.0000000180025095e-35 1.5000000000000002 0.65561550000000013 0.89500000000000013 0 2022.5000000000002 1 1.0000000180025095e-35 24270.000000000004 2 3 251.50000000000003 4 1.0000000180025095e-35 5 6 0.2180465 0.0029870000000000179 7 0.42002150000000005 0.69500000000000006 8 11.500000000000002 0.16135400000000003 9 7.5000000000000009 10 0.54087000000000007 0.18686800000000001 0.36269100000000004
decision_type=2 2 8 2 1 2 9 2 2 9 9 2 1 2 1 9 10 10 9 8 2 9 2 8 9 2 9 8 10 10
left_child=1 12 -3 4 8 6 21 -7 -2 11 16 24 14 -14 15 -1 17 -5 -18 -16 -11 22 -6 -9 -10 -8 -13 28 -17 -29
right_child=3 2 -4 10 5 7 25 23 9 20 -12 26 13 -15 19 27 18 -19 -20 -21 -22 -23 -24 -25 -26 -27 -28 29 -30 -31
leaf_value=-0.00048257032655275162 -0.00035017837742032571 -0.0013519081944771893 0.0020291107953525566 0.002472783129064782 0.0040003989950879934 0.0015278125041356522 0.00066892698244550356 0.0038954816973068543 0.0022886377713677887 -0.00053767068505976745 0.00011396241231236682 0.0053148388384432841 -0.0021621154570339285 -1.6080420810591013e-06 0.0020386820170740527 -0.00026665976828697244 -0.00063584142111497812 0.00027172705232460687 0.0012542645174684738 -0.00060607444209584882 0.002991984846962946 0.0013990656394084623 0.013201511528771876 -0.0033433697799843255 -0.0075047485886840315 -0.005078378482782169 0.00074562281506636578 -0.0014139822639187673 0.0027417426509194908 0.0026273366671786444
leaf_weight=9077.6377161890268 95217.492071777582 23213.392118528485 1780.2253057807684 11084.550189644098 2852.7535911947489 1883.1690703481436 1305.7594492435455 282.29009321331978 284.50431804358959 5419.9195969998837 38744.758316636086 1738.7951185554266 7725.2085084915161 13173.976078152657 2148.4128817021847 7104.6132961958647 7928.6436861306429 6465.1214109510183 9460.2006342560053 24103.828422755003 1350.7832937538624 2585.5661772340536 176.76426564157009 2232.6161148697138 218.43448980152607 507.61433589458466 880.25735089182854 830.46276113390923 2860.0596752464771 7407.1347778141499
leaf_count=37164 384455 93987 7680 45313 13107 7546 5979 1142 1148 21838 158155 6997 31473 53622 8713 28668 32041 26407 38022 98053 5441 11584 773 9021 880 2282 3550 3396 11515 30318
internal_value=-1.83286e-05 -0.00035126 -0.00110967 0.000155169 -9.29969e-05 0.00104178 0.00212277 -0.000777409 -0.000220989 0.00101916 0.000549409 0.00285505 -9.61512e-05 -0.000801469 0.000178793 0.000725656 0.00103106 0.00166383 0.000391119 -0.000388284 0.000162854 0.00310814 0.00454469 -0.00251524 -0.00202787 -0.000924032 0.0038163 0.00132937 0.000594367 0.00221591
internal_weight=290045 99425 24993.6 190620 116937 11826.5 7428.46 4398.08 105110 9892.69 73683.3 3121.99 74431.3 20899.2 53532.1 27279.9 34938.5 17549.7 17388.8 26252.2 6770.7 5615.08 3029.52 2514.91 502.939 1813.37 2619.05 18202.3 9964.67 8237.6
internal_count=1180270 404589 101667 775681 475743 51434 33725 17709 424309 39854 299938 12575 302922 85095 217827 111061 141783 71720 70063 106766 27279 25464 13880 10163 2028 8261 10547 73897 40183 33714
cat_boundaries=0 1 2 3 4 5 6 7 8 9 10 11
cat_threshold=2 2702 386 2265 212 2 1050 778 3722 348 625
is_linear=0
shrinkage=0.03


Tree=153
num_leaves=31
num_cat=5
split_feature=0 27 5 0 1 0 27 9 40 27 0 1 27 0 0 0 38 46 41 31 34 0 1 2 36 38 43 30 22 43
split_gain=15.6896 36.8161 22.3833 26.7296 28.5119 23.6176 25.889 24.8453 21.9927 35.9657 67.5565 48.0582 28.6021 26.8083 25.5769 21.3796 18.9131 18.1526 17.7414 16.9874 16.8674 27.4484 16.0454 15.9185 15.5619 15.5563 14.6843 14.553 18.0205 14.6166
threshold=2023.5000000000002 0 1 2022.5000000000002 5.5000000000000009 2020.5000000000002 2 12.500000000000002 9856.5000000000018 3 2022.5000000000002 4.5000000000000009 4 2020.5000000000002 2021.5000000000002 2021.5000000000002 0.092496250000000016 0.10185250000000001 0.52491150000000009 0.16265900000000003 0.45495100000000005 2021.5000000000002 5.5000000000000009 1.5000000000000002 0.47255050000000004 0.090016100000000016 1033.5000000000002 0.20000700000000002 22431.500000000004 1443.5000000000002
decision_type=2 9 1 2 2 2 9 2 2 9 2 2 9 2 2 2 8 8 10 10 8 2 2 2 10 10 2 10 2 2
left_child=2 -2 8 4 20 7 -7 17 9 10 13 -12 -10 18 22 -8 -3 -6 19 -1 21 -4 -15 -17 -20 27 -5 28 -11 -30
right_child=1 16 3 26 5 6 15 -9 12 25 11 -13 -14 14 -16 23 -18 -19 24 -21 -22 -23 -24 -25 -26 -27 -28 -29 29 -31
leaf_value=-0.0030650344968813237 0.00067049318005577073 0.0012425384585594685 0.0032300229424598466 -0.0027906940140244945 -0.0027488523588803911 -0.0070725354950419046 0.0044670566091341039 0.0093724183088921397 -0.0010053554307993462 0.0021890408200744981 -0.0034127188897181962 0.0048256321067539172 0.0049378517355502223 -0.0017190574837423435 -0.0024288430809545286 -0.0045342057716114314 -0.0012673901681157953 0.00066499141046768304 -0.00028289422075066466 0.0022358596241896437 0.0024266616734464324 0.013921107129909316 0.0021033731659489477 0.0016028511596393156 -0.0090982169271220815 0.00022254496152441757 0.00044731178279841662 -0.0011456288514312112 -0.0014130435175122081 0.001311684093633084
leaf_weight=6964.3754416406155 17008.160359144211 2951.4710982888937 700.98840506374836 2173.7042576372623 2934.7236754596233 259.46911728382111 2495.7020331174135 207.28517644107342 1202.2604675740004 3160.0847331881523 851.40606439113617 2472.9566727131605 1807.0878757238388 1479.5538565218449 4317.400433704257 438.0398181527853 30368.965283840895 2658.3881886899471 247.02017483115196 581.4005272090435 5862.4193753898144 318.5787810087204 2933.1737142652273 2704.1254058778286 745.49573661386967 165663.44970309734 2963.4235295504332 15667.564818561077 5231.7879794985056 2666.7459640651941
leaf_count=28005 68478 11915 3062 8745 12481 1191 11735 873 4848 13146 3430 9954 7278 5947 17359 2051 122350 11601 993 2342 27234 1450 11796 12673 2998 669158 11901 63008 21356 10901
internal_value=1.7491e-05 -0.000463914 0.000118695 0.000993509 0.00152365 0.000618719 0.00195652 -0.000736584 2.24854e-05 -1.33757e-05 -0.00120468 0.00270551 0.00256795 -0.00196021 -0.000786236 0.00238923 -0.00104376 -0.00112142 -0.00315635 -0.0026519 0.00305651 0.00663099 0.00081465 0.000734255 -0.00694183 0.000114056 -0.000917798 -0.000557206 0.00027383 -0.000489161
internal_weight=290037 50328.6 239709 23716.8 18579.7 11697.7 5897.34 5800.4 215992 212982 20592.8 3324.36 3009.35 17268.4 8730.13 5637.87 33320.4 5593.11 8538.29 7545.78 6881.99 1019.57 4412.73 3142.17 992.516 192390 5137.13 26726.2 11058.6 7898.53
internal_count=1180259 202743 977516 104997 84351 52605 27650 24955 872519 860393 82824 13384 12126 69440 35102 26459 134265 24082 34338 30347 31746 4512 17743 14724 3991 777569 20646 108411 45403 32257
cat_boundaries=0 1 2 3 4 5
cat_threshold=2186 2 80 2 180
is_linear=0
shrinkage=0.03


Tree=154
num_leaves=31
num_cat=9
split_feature=32 22 3 22 27 53 0 27 44 45 39 35 26 19 36 0 5 11 27 29 23 20 23 22 27 26 46 27 26 36
split_gain=13.3404 20.0687 17.6777 17.1456 16.8271 21.9737 17.7873 15.9264 24.0833 16.8072 21.7355 15.8779 15.3315 20.7834 16.6223 14.6886 13.9613 21.5631 14.5414 13.7874 13.7531 13.7504 13.694 13.492 23.656 19.9507 23.735 16.9563 26.4222 19.3746
threshold=0.37309950000000008 23496.500000000004 2.5000000000000004 24607.500000000004 0 -0.0018119999999999801 2019.5000000000002 1 0.52181850000000007 0.31645850000000003 0.20291400000000001 0.70254200000000011 2 96.750000000000014 0.54352450000000008 2022.5000000000002 3 4.5000000000000009 4 0.68426550000000008 24265.000000000004 58.95000000000001 24273.500000000004 22741.500000000004 5 6 0.22702900000000004 7 8 0.6029945000000001
decision_type=10 2 2 2 9 8 2 9 10 10 8 10 9 2 8 2 1 2 9 10 2 2 2 2 9 9 10 9 9 8
left_child=1 16 3 20 6 -6 -4 9 -9 12 -11 -8 -2 14 22 -15 23 -18 -19 -16 -3 -21 -14 25 -25 -1 27 28 -27 -30
right_child=7 2 4 -5 5 -7 11 8 -10 10 -12 -13 13 15 19 -17 17 18 -20 21 -22 -23 -24 24 -26 26 -28 -29 29 -31
leaf_value=0.00069021424998546481 -0.0001128646236678708 0.0012124457750372938 0.0021440418015912992 -0.003515797042559732 0.0014554781559805499 -0.00011421397095012637 -0.00077684561528626158 0.00024634457991023361 -0.00084356158618614763 -0.00084217737022497855 0.0018719091087051913 0.0063745664775018982 0.0026184243379436195 3.2552419957006679e-05 -0.00040400773459905016 -0.0060044646521371916 -0.00062602307620147229 -0.0021025464792374278 0.004638264102683521 0.0081871022966153294 0.0044392969145168404 -0.0014404603512246171 -0.0028355024784819569 0.00028579636572163337 -0.0016420004476835816 -0.0038593622420962487 0.00045959422768853184 -0.0018530680231569642 0.00045845193583902072 0.0065657445696929734
leaf_weight=23304.625183552504 12395.568162098527 19736.005730584264 2235.3168473541737 649.77263294160366 16344.85854677856 15702.811437219381 19681.633896052837 27272.135343790054 54903.37862637639 17988.70656311512 3107.6210979223251 279.65283060073853 9205.9419720172882 1118.3057323694229 4131.9656763374805 527.01243406534195 2111.006490662694 330.17132884263992 1851.8063759952784 352.72284963726997 1271.7610536664724 204.90094511210918 426.23340260982513 9828.5952058136463 13643.058118924499 1166.4904685020447 13791.329268813133 11777.73926332593 4003.1251580864191 528.82950349152088
leaf_count=94441 51222 80069 9234 2616 66159 63838 79457 110939 224986 73266 12571 1286 37052 4501 16737 2127 9425 1463 8199 1564 5131 898 1720 39697 54986 4693 55583 47503 16141 2177
internal_value=-2.12069e-06 0.000183395 0.000535349 0.00126019 0.00024534 0.000685267 -0.00038862 -0.000225358 -0.000481428 0.000199553 -0.000440744 -0.000674211 0.000676935 0.00129112 0.00165993 -0.00189038 -0.000140694 0.0015234 0.00361465 0.000188022 0.00140983 0.00460713 0.00237316 -0.000232671 -0.000834115 2.54933e-05 -0.000469073 -0.00120387 0.000135936 0.00117899
internal_weight=289873 158239 75901.8 21657.5 54244.3 32047.7 22196.6 131634 82175.5 49459 21096.3 19961.3 28362.7 15967.1 14321.8 1645.32 82336.8 4292.98 2181.98 4689.59 21007.8 557.624 9632.18 78043.8 23471.7 54572.1 31267.5 17476.2 5698.45 4531.95
internal_count=1179681 642098 307790 87816 219974 129997 89977 537583 335925 201658 85837 80743 115821 64599 57971 6628 334308 19087 9662 19199 85200 2462 38772 315221 94683 220538 126097 70514 23011 18318
cat_boundaries=0 1 2 3 4 5 6 7 8 9
cat_threshold=2660 2660 162 2 1136 368 109 73 2
is_linear=0
shrinkage=0.03


Tree=155
num_leaves=31
num_cat=4
split_feature=8 41 32 47 39 53 28 27 7 0 45 37 29 53 28 52 0 22 29 27 32 39 27 0 39 22 27 45 22 3
split_gain=17.494 15.7371 16.0179 15.6494 21.1456 18.1289 13.3885 13.3209 12.9849 15.9721 17.3155 14.8642 12.8122 12.4603 27.1543 21.7853 19.4793 19.7893 14.2927 13.93 14.6121 13.8434 13.69 16.5421 15.2176 14.0437 16.5171 15.6202 13.6709 13.2657
threshold=1.5000000000000002 0.68109500000000012 0.42727550000000009 9.5000000000000018 0.19955100000000001 0.068688000000000013 7550.5000000000009 0 1.5000000000000002 2019.5000000000002 0.27863150000000009 0.23463100000000003 0.62030950000000018 0.0041730000000000387 442.50000000000006 0.090675500000000034 2019.5000000000002 23536.500000000004 0.45555200000000007 1 0.39112200000000003 0.23084450000000004 2 2023.5000000000002 0.17780350000000003 23770.000000000004 3 0.42882250000000005 24410.500000000004 2.5000000000000004
decision_type=2 8 8 2 10 8 2 9 2 2 10 8 8 8 2 8 2 2 10 9 10 10 9 2 10 2 9 10 2 2
left_child=3 2 8 13 5 6 7 -5 -2 11 -11 -10 -3 16 15 19 21 -18 -16 -15 -21 -1 29 24 -24 27 -27 -26 -22 -19
right_child=1 12 -4 4 -6 -7 -8 -9 9 10 -12 -13 -14 14 18 -17 17 22 -20 20 28 -23 23 -25 25 26 -28 -29 -30 -31
leaf_value=0.00098850121901028075 0.00062935935004950047 0.0012546631852790328 -0.0012593587392343483 0.0014127578112678937 -0.0041167382496224798 0.0029424231203825446 -0.0050895875945739869 -0.0013055781992932526 -0.0026539892923534924 0.0010920732465526969 -0.00063011389058306667 0.0031978876628537519 0.0063684156656358629 0.0014460411197696052 -0.0022658484444485582 2.7694555440129406e-05 -0.00045974133492177077 0.0010925931948014586 3.5297165666311118e-05 -0.0015469929923569205 -0.004482446383767786 0.0084769993405510585 0.00066598665462668731 -0.00037561584117759192 -0.00027808685624637104 0.0055941985847362003 0.0017740981617282282 0.0080709207647543333 0.001627349507871327 -0.0010106838086614328
leaf_weight=15627.825275272131 61493.230510890484 1347.6930337101221 5600.070464655757 2012.2150242477655 1839.6325045675039 1132.3469258546829 686.98090636730194 8035.6202499270439 3358.6140917241573 9497.8711748123169 11738.535111382604 435.03260190784931 669.02670066058636 793.73044036328793 2544.8922780305147 5397.9886121749878 49043.469020485878 3746.4659554809332 51783.013311162591 4938.5795229673386 3870.813808709383 223.65291182696819 18395.308352872729 9106.8807552456856 2176.7817921638489 1763.7973479777575 2554.5109877586365 218.74466459453106 351.15033069252968 9558.6720770001411
leaf_count=64352 249586 5993 23067 8177 7450 4711 2768 32645 13725 38392 47451 1774 3121 3254 10351 22446 198071 15158 211516 20275 15989 909 74831 36720 8809 7119 10378 887 1419 38615
internal_value=1.55149e-05 0.000351673 0.00029387 -0.000145956 -0.00112355 -0.0006561 -0.00103919 -0.000757844 0.000394787 -0.000180312 0.000138758 -0.00197303 0.00297289 -7.21885e-05 -0.00038749 -0.00150152 0.000122987 -3.67243e-05 -7.20628e-05 -0.00233356 -0.00266336 0.00109763 0.000399214 0.000716921 0.00111465 0.00233864 0.0033612 0.000480927 -0.00396639 -0.000415763
internal_weight=289943 94140.1 92123.4 195803 13706.8 11867.2 10734.8 10047.8 86523.3 25030.1 21236.4 3793.65 2016.72 182096 69680.2 15352.3 112416 96564.6 54327.9 9954.27 9160.54 15851.5 47521.2 34216 25109.1 6713.83 4318.31 2395.53 4221.96 13305.1
internal_count=1179959 383109 373995 796850 55751 48301 43590 40822 350928 101342 85843 15499 9114 741099 285250 63383 455849 390588 221867 40937 37683 65261 192517 138744 102024 27193 17497 9696 17408 53773
cat_boundaries=0 1 2 3 4
cat_threshold=3616 2064 644 97
is_linear=0
shrinkage=0.03


Tree=156
num_leaves=31
num_cat=8
split_feature=0 27 26 5 27 0 41 0 0 22 27 13 44 26 35 11 26 53 22 38 31 46 52 37 44 21 35 28 26 38
split_gain=14.1198 27.9924 21.421 20.8802 27.2445 87.3416 36.0778 24.1374 24.931 28.7522 24.8939 23.3126 20.8284 20.3997 19.61 17.9018 22.9786 28.2553 20.4277 18.029 23.4737 17.4262 20.6037 17.176 17.1236 17.1466 16.4271 16.2452 16.1871 15.7091
threshold=2023.5000000000002 0 1 2 3 2022.5000000000002 0.5268695000000001 2022.5000000000002 2020.5000000000002 23637.500000000004 4 3.5000000000000004 0.50002550000000012 5 0.65282200000000012 5.5000000000000009 6 0.0041730000000000387 22257.500000000004 0.18608900000000003 0.11814550000000001 0.045490650000000001 -0.0068249999999999969 0.12135350000000002 0.48711950000000009 0.87500000000000011 0.52466950000000012 1218.5000000000002 7 0.20521300000000003
decision_type=2 9 9 1 9 2 8 2 2 2 9 2 8 9 8 2 9 10 2 10 8 10 8 8 8 2 10 2 9 10
left_child=3 2 -2 4 5 6 24 8 9 11 -10 23 -7 14 -12 16 17 19 -18 20 -6 22 29 -5 25 -1 -21 -19 -9 -3
right_child=1 21 -4 7 15 12 -8 28 10 -11 13 -13 -14 -15 -16 -17 18 27 -20 26 -22 -23 -24 -25 -26 -27 -28 -29 -30 -31
leaf_value=-0.0015096696713505582 -3.7592116998242334e-05 -0.0010678712648806291 -0.0019084414175553929 -0.0010129535374008459 0.0025563082735643038 0.0053789798347493797 -0.0054733587843087553 -0.0037292649018065729 -0.0058912199584474426 -0.0022295792230092402 0.0056561344137861244 0.0059250512456004798 0.0011230458470723316 0.00048661728182549215 0.0023261788465551926 -0.00026548792879071742 -0.0012924856962469294 -0.0012824292274188828 0.00017048734112188398 0.001625762963367488 0.00048319449669751298 0.00050870522923128177 -0.0038360523858635889 0.0024169010726559667 -0.0020333383824048825 0.0024386840443644817 0.0046104160375756544 0.00046609262838443079 0.00011207824917338148 0.0054693082870693015
leaf_weight=2205.0693830996752 8843.8747113347054 1197.7208127826452 14769.156407013535 2648.1477923542261 6138.3407633900642 1688.0839821249247 2289.9160598516464 1313.7327945679426 294.54598811268806 2772.0502596050501 2678.4284117668867 893.15705899894238 2734.2505833357573 2569.3786086440086 4057.8718157708645 70414.910951420665 10252.894441455603 7255.4570921212435 52807.056254461408 5945.2214653939009 24956.304386630654 23186.559593528509 1936.0499884784222 2589.3154220879078 11080.863174319267 1788.1059036850929 2335.0293344706297 13992.683314532042 3810.0144626647234 451.80605733394623
leaf_count=8868 35652 4836 59526 11932 25390 6790 9205 5276 1355 11850 12248 3979 11018 11816 19622 284045 41378 29469 212982 23912 101000 93321 7821 11274 44560 7195 9517 56807 15318 1827
internal_value=-8.65898e-08 -0.000456659 -0.00120942 9.58405e-05 3.03061e-06 -0.00100243 -0.0019625 0.000942496 0.00144765 0.000300085 0.00250829 0.00144933 0.00275694 0.00278253 0.00365117 0.000116102 0.000333601 0.000750608 -6.69408e-05 0.00122655 0.000893616 0.000206593 -0.00173691 0.000677398 -0.00142619 0.000251362 0.00247242 -0.000129648 -0.000875655 0.000711189
internal_weight=289896 50385.2 23613 239511 215884 21786.3 17364 23626.6 18502.9 8902.67 9600.22 6130.62 4422.33 9305.68 6736.3 194098 123683 60623 63060 39374.9 31094.6 26772.1 3585.58 5237.46 15074 3993.18 8280.25 21248.1 5123.75 1649.53
internal_count=1179789 202983 95178 976806 872136 87636 69828 104670 84076 39035 45041 27185 17808 43686 31870 784500 500455 246095 254360 159819 126390 107805 14484 23206 60623 16063 33429 86276 20594 6663
cat_boundaries=0 1 2 3 4 5 6 7 8
cat_threshold=372 138 2 2 64 190 93 556
is_linear=0
shrinkage=0.03


Tree=157
num_leaves=31
num_cat=8
split_feature=30 53 27 33 32 53 55 42 53 35 26 27 35 38 26 2 2 26 55 26 27 23 27 38 44 43 22 7 23 52
split_gain=15.3877 17.4588 17.6256 15.9753 15.1172 35.1796 16.7633 14.0381 16.0472 14.1072 13.8322 13.2841 13.4198 13.2609 14.5959 15.4775 12.8316 16.983 13.9512 14.4189 12.8576 12.7154 14.676 13.8895 13.0951 12.5968 12.4215 17.3044 15.9804 14.8651
threshold=0.30232850000000006 -0.076568499999999998 0 0.37737350000000008 0.4189730000000001 -0.0045725000000000062 6.2757027552917926 0.16876400000000003 -0.0029395000000000111 0.60223150000000014 1 2 0.43106450000000002 0.16927150000000002 3 5.5000000000000009 1.5000000000000002 4 8.820330215695984 5 6 23665.000000000004 7 0.18871050000000003 0.58731750000000005 895.50000000000011 23903.500000000004 1.5000000000000002 23939.500000000004 -0.11632899999999995
decision_type=10 8 9 10 10 10 2 10 8 10 9 9 10 10 9 2 2 9 2 9 9 2 9 10 10 2 2 2 2 10
left_child=4 -2 3 -3 26 6 21 8 13 10 11 12 -10 14 15 -4 17 -7 -18 -20 -19 23 -23 -6 -24 -16 -1 29 -29 -28
right_child=1 2 7 -5 5 16 -8 -9 9 -11 -12 -13 -14 -15 25 -17 18 20 19 -21 -22 22 24 -25 -26 -27 27 28 -30 -31
leaf_value=-3.6809318378333103e-05 -0.0038352559604220688 0.0034707876213672531 0.0037429212937206933 -0.0024241314574093486 0.0026500055330084078 -0.0074747571069779016 -0.0003475069329461816 -0.0037630312083370338 -0.003133745957959269 0.0065920632877727349 0.00067485648002964585 -0.0038194574805585535 0.0054213255909059703 -0.00049243644173787508 0.0042700965932258505 0.012583924174860293 -0.0011947054666531405 0.0039295295042673529 -0.0096804447470767805 1.0839095809787137e-05 -0.0036548453623081374 -0.0049373349713821993 -0.0032087873913577464 0.0098574906558701395 0.0047107363377542934 -0.00063241554742089973 -0.00098819152254865693 -0.00082188019897872541 0.0016319846545405877 0.0010275820804573615
leaf_weight=198189.77065619826 1656.7183570712805 442.91204339265823 971.89889657497406 5198.0995421409607 1716.5961015969515 829.17905402183533 7659.9135006815195 771.11072789132595 325.08061426877975 219.53148174285889 2104.2705723494291 1952.4508024156094 325.52281105518341 1673.5556435585022 744.34329411387444 223.06163746118546 7670.2695654928684 263.99331657588482 350.87596668303013 222.74822641909122 713.26537419855595 384.5458565056324 274.7947344481945 283.63857008516788 561.04647092521191 1255.6225668042898 3631.150322213769 12657.859512776136 2935.5700739473104 33734.468152999878
leaf_count=806580 6810 1795 3980 21079 7325 3486 31428 3142 1321 905 8523 7943 1314 6807 3034 912 32003 1064 1423 899 2957 1607 1141 1173 2362 5078 14692 51071 11866 136323
internal_value=-4.84509e-05 -0.000901307 -0.000598895 -0.00195091 7.44489e-06 -0.000766978 0.000412773 0.000122134 0.000432228 -0.000770459 -0.00112417 -0.00258177 0.00108937 0.00165522 0.00278898 0.0054006 -0.00204691 -0.00434445 -0.00153842 -0.00605234 -0.00155104 0.00222897 -0.000161132 0.00370025 0.00204478 0.00117501 7.21135e-05 0.000480283 -0.000357775 0.000830825
internal_weight=289944 17864.2 16207.5 5641.01 272080 20930.9 10880.5 10566.4 9795.34 4926.86 4707.32 2603.05 650.603 4868.48 3194.93 1194.96 10050.3 1806.44 8243.89 573.624 977.259 3220.62 1220.39 2000.23 835.841 1999.97 251149 52959 15593.4 37365.6
internal_count=1180043 72643 65833 22874 1107400 86868 45036 42959 39817 20006 19101 10578 2635 19811 13004 4892 41832 7507 34325 2322 4021 13608 5110 8498 3503 8112 1020532 213952 62937 151015
cat_boundaries=0 1 2 3 4 5 6 7 8
cat_threshold=897 238 2088 618 594 173 897 13
is_linear=0
shrinkage=0.03


Tree=158
num_leaves=31
num_cat=11
split_feature=0 37 27 26 5 37 18 28 35 52 27 26 26 35 31 31 34 33 26 7 27 35 8 34 30 32 26 11 26 40
split_gain=14.8468 30.8443 30.4741 26.7548 24.4575 24.3073 19.0766 18.4983 25.9505 17.4559 17.0233 20.5335 19.3307 17.9631 20.2187 25.5437 16.8971 16.3295 15.3636 15.1073 14.7801 14.6155 18.4653 16.2493 19.7066 20.44 14.1364 13.5022 13.1777 12.8329
threshold=2019.5000000000002 0.25294300000000008 0 1 2 0.10827100000000002 3 344.50000000000006 0.50956650000000014 0.090675500000000034 4 5 6 0.59772250000000016 0.11734750000000001 0.12276350000000001 0.20112350000000004 0.44124950000000002 7 1.5000000000000002 8 0.51549600000000007 1.5000000000000002 0.53693950000000013 0.15886350000000002 0.37053350000000002 9 5.5000000000000009 10 816.50000000000011
decision_type=2 10 9 9 1 8 1 2 10 10 9 9 9 8 8 10 10 10 9 2 9 10 2 10 10 10 9 2 9 2
left_child=1 2 4 -4 10 6 -6 8 -2 29 12 13 -1 -12 -15 -16 28 -17 -7 -5 -3 22 -13 24 25 -23 -22 -14 -9 -10
right_child=7 20 3 19 5 18 -8 16 9 -11 11 21 27 14 15 17 -18 -19 -20 -21 26 23 -24 -25 -26 -27 -28 -29 -30 -31
leaf_value=0.00037377881923995339 2.113174307999715e-05 0.0064672659988381336 -1.6298220399595627e-05 0.0028389110722706911 0.0023425645775727796 -0.00086742106061759173 -0.0039581940829099124 0.0036482383408928346 -0.00084690358051744301 0.00042861540596254481 -0.00071337834019920699 0.004078205723877619 -0.0024986508519424422 -0.0085594123141828331 0.0070639822453560297 0.00039302835591275106 2.45346638872331e-05 -0.0076785016935459601 0.0069075099420308041 0.00037845978655856859 0.0070328027872568911 0.0071761236575213216 -0.0011009378186082612 0.000569804439200845 -0.0055946384444007652 -0.0053888274676544652 -1.7829581880098739e-05 -0.0070292787223778033 -0.0026717719859806013 -0.0032578222328827362
leaf_weight=1325.9542009979486 13505.952597081661 1043.5893266797066 9656.0017931163311 7956.6495367288589 1039.2191371768713 291.1385031491518 720.31492318212986 313.88183511793613 2958.5925779640675 2276.313988879323 4927.4192557930946 1856.4143755584955 1790.8807203173637 630.1404552012682 227.59158574044704 394.84826172888279 215509.6429771632 502.2078892737627 995.90363259613514 3171.5254317522049 322.45240066945553 274.1792947947979 915.7167042940855 4792.0588751286268 941.38316771388054 196.09320119023323 1053.854172796011 912.59400650858879 3153.5239305496216 6310.3622622191906
leaf_count=5347 55000 4254 40101 32825 4793 1302 3307 1267 12457 9592 19944 7502 7198 2582 933 1620 873403 2071 4584 12941 1310 1132 3699 19822 3799 802 4301 3670 12771 25838
internal_value=-4.01427e-06 0.000490622 0.000306433 0.00113672 -0.000451674 0.00204536 -0.000231321 -9.72569e-05 -0.000869457 -0.00191362 -0.000840088 -0.000388867 -0.00257711 -0.00164753 -0.00425722 -0.00180374 -8.76864e-06 -0.00410294 0.0051744 0.00213875 0.00378613 0.000545852 0.00235723 -0.000258598 -0.00308717 0.00187248 0.00166281 -0.00403031 -0.00208554 -0.00249203
internal_weight=289966 45938.1 43518.2 20784.2 22734.1 3046.58 1759.53 244028 25051.2 11545.3 19687.5 15658.1 4029.43 6682.21 1754.79 1124.65 218977 897.056 1287.04 11128.2 2419.9 8975.85 2772.13 6203.71 1411.66 470.272 1376.31 2703.47 3467.41 9268.95
internal_count=1180167 189839 179974 85867 94107 13986 8100 990328 102887 47887 80121 63906 16215 27150 7206 4624 887441 3691 5886 45766 9865 36756 11201 25555 5733 1934 5611 10868 14038 38295
cat_boundaries=0 1 2 3 4 5 6 7 8 9 10 11
cat_threshold=227 178 2 148 2 554 289 276 356 69 8
is_linear=0
shrinkage=0.03


Tree=159
num_leaves=31
num_cat=4
split_feature=22 22 33 35 37 18 22 20 53 29 27 40 40 33 29 13 35 0 13 35 37 2 32 38 44 5 1 0 37 27
split_gain=13.18 13.3844 24.2233 15.2019 15.7162 14.644 14.3115 12.9531 13.7683 12.9111 12.4131 11.8819 11.3411 11.1216 18.7225 19.7806 18.3965 15.7828 14.8866 14.2423 12.8342 12.5206 18.9818 12.1207 11.9563 11.6291 23.807 20.6524 20.263 15.6114
threshold=21694.500000000004 22120.500000000004 0.46070850000000002 0.3112930000000001 0.31605800000000006 0 22133.500000000004 87.750000000000014 0.083496500000000043 0.42713800000000007 1 1941.5000000000002 5674.5000000000009 0.40300150000000007 0.48775850000000004 -1.4999999999999998 0.78705950000000013 2022.5000000000002 4.5000000000000009 0.50706700000000005 0.12975000000000003 5.5000000000000009 0.42727550000000009 0.21189250000000001 0.70118950000000013 2 5.5000000000000009 2022.5000000000002 0.07879955000000001 3
decision_type=2 2 8 8 8 1 2 2 10 10 9 2 2 10 10 2 10 2 2 10 8 2 10 10 10 1 2 2 10 9
left_child=-1 2 3 -2 5 7 -3 8 -5 -8 -6 -9 -7 14 17 21 19 18 20 -17 -11 -16 -23 24 -19 -15 27 29 -28 -27
right_child=1 6 -4 4 10 12 9 11 -10 13 -12 -13 -14 25 15 16 -18 23 -20 -21 -22 22 -24 -25 -26 26 28 -29 -30 -31
leaf_value=0.0012625880804577416 -0.00716096973988831 0.0030962694827572387 -0.0022989968845533813 -0.00015874545256369446 -0.00031444767722392655 0.00041797688218270354 -0.0012301506780952377 -0.00081429949272717015 -0.0067530036752979717 -0.00056770358874155195 0.0070917095835202953 -0.0067369723644039722 0.0041743573809448764 8.0284900080435131e-05 -0.0028007424856190716 0.0010077809560416692 0.0078405550543290212 -0.0013032471411183726 0.0075856749508672284 -0.0013093527944552769 0.0029287189465916313 0.0044728190801285933 -0.0036663067123206185 -0.0055129577719022623 0.0048588288061125048 -0.00035672384186168771 -0.0021025478095724696 0.00020075762623686369 0.00076393240221460357 0.0044139148636710129
leaf_weight=7682.5226380228996 262.81813484430313 1388.1396131366491 6208.3593880683184 6190.5219612121582 339.23941384255886 4601.2507449388504 6950.9769576191902 620.90545375645161 296.43084397912025 1697.5309793353081 483.98808160424232 623.44436311721802 861.58197744190693 211246.93194127083 6009.4909312129021 3880.6444802433252 246.00285150110722 1389.6191534250975 380.68473179638386 6163.2782855629921 2092.0154914557934 563.83636775612831 467.89958639442921 459.64560517668724 352.69048620760441 742.8312194943428 2965.8322564065456 2702.4870829284191 8785.6377638429403 3462.1164003312588
leaf_count=31419 1072 6154 25149 25116 1382 18730 28354 2541 1245 6959 1952 2510 3461 852301 24803 16012 1176 5620 1570 25888 8510 2322 1941 1862 1428 3462 13132 10850 37814 16070
internal_value=3.68002e-05 3.33846e-06 -0.000734926 -5.25004e-05 8.01437e-05 -0.000168983 6.12048e-05 -0.00101024 -0.000467685 4.48849e-05 0.0040954 -0.0038148 0.00101602 7.99637e-05 -0.000538447 -0.00105042 -0.000208653 0.000849165 0.00193635 -0.000411068 0.00135537 -0.0022757 0.000752747 -0.00119605 -3.24801e-05 0.000143859 0.000861874 0.00225925 3.75868e-05 0.00357401
internal_weight=290119 282437 20488.5 14280.2 14017.4 13194.1 261948 7731.3 6486.95 260560 823.227 1244.35 5462.83 253609 23703.3 17331.2 10289.9 6372.19 4170.23 10043.9 3789.55 7041.23 1031.74 2201.96 1742.31 229906 18658.9 6907.43 11751.5 4204.95
internal_count=1180805 1149386 83158 58009 56937 53603 1066228 31412 26361 1060074 3334 5051 22191 1031720 98091 72142 43076 25949 17039 41900 15469 29066 4263 8910 7048 933629 81328 30382 50946 19532
cat_boundaries=0 1 2 3 4
cat_threshold=193 262 2 2377
is_linear=0
shrinkage=0.03


Tree=160
num_leaves=31
num_cat=7
split_feature=35 26 20 23 39 21 5 1 27 33 28 34 32 45 13 31 27 32 28 26 52 46 40 1 26 35 22 20 27 22
split_gain=11.0434 15.9806 11.4239 10.3153 10.4026 9.82989 13.8178 12.4747 17.9117 17.3544 13.8872 12.7165 12.5216 14.7613 12.1459 11.6709 16.3716 15.2379 14.3189 17.8194 19.802 13.9789 17.5365 13.7646 12.8188 14.7571 13.8986 12.5123 12.2745 11.9101
threshold=0.3112930000000001 0 6.7500000000000009 23514.500000000004 0.17249150000000005 0.90500000000000014 1 5.5000000000000009 2 0.43696450000000003 837.50000000000011 0.52132250000000013 0.45001950000000007 0.16135400000000003 -4.4999999999999991 0.14075050000000003 3 0.33768750000000008 356.50000000000006 4 0.057088500000000049 0.13526700000000003 4430.5000000000009 5.5000000000000009 5 0.57903600000000011 22292.500000000004 0.8500000000000002 6 24238.000000000004
decision_type=8 9 2 2 10 2 1 2 9 8 2 10 8 10 2 8 9 8 2 9 10 10 2 2 9 8 2 2 9 2
left_child=1 -1 -3 -4 -5 6 15 12 11 -10 -11 -9 13 -8 -13 18 17 -17 19 20 23 -20 -23 -2 -19 27 -27 -26 -24 -29
right_child=5 2 3 4 -6 -7 7 8 9 10 -12 14 -14 -15 -16 16 -18 24 21 -21 -22 22 28 -25 25 26 -28 29 -30 -31
leaf_value=-0.0046832296302946712 0.0012778379506894169 -0.0043548527013765222 0.0024446032291423558 0.0017289298612250341 -0.0063112549518970521 0.00017701377934748291 0.0066693568971711659 -0.00071286536912968366 -0.00047737441907988681 -0.0011065937602403966 -0.009319648682909033 -0.0017743583014282859 -0.0017900583410507798 0.0016628813408679178 0.0024417504357303766 0.0014842805882672927 -0.00087414049438765877 0.00034567055186678503 0.00070464567773349395 -0.0018447203937410365 0.0051532716568082407 0.00015798910708641968 -0.0031913968446627703 -0.0029529888581144386 0.0034325718273247336 0.00087152234904955804 -0.0047450415071731084 -0.0011965841322828014 -0.00054753906758042811 0.0019268558608772047
leaf_weight=1106.2921736091375 1758.3276153802872 482.13916015625 1185.3567512333393 269.04093454778194 297.6546905040741 124515.13188454509 600.19453245401382 3242.9423155933619 1646.8069058209658 328.75644809007645 453.18527606129646 725.10733316838741 790.91532388329506 4804.567249044776 3741.1382614672184 5253.824535831809 46916.769646584988 13750.363085731864 26999.546754851937 7181.6482853889465 726.15684825181961 22567.523493483663 2612.1995575875044 1133.6728175878525 668.78525549173355 521.94015122950077 1533.6045701652765 8544.3486834913492 4098.7829118669033 1251.627214089036
leaf_count=4511 7151 1955 4837 1103 1211 507003 2705 13480 7068 1455 1971 3155 3458 21155 16677 21209 189065 55341 109034 29032 2944 91617 10513 4568 2690 2114 6202 34404 16494 5030
internal_value=-4.33763e-05 -0.00175766 -0.000269144 0.000842079 -0.00245248 -2.32561e-05 -0.000177512 0.000649241 0 -0.00223863 -0.00592223 0.000709178 0.00170943 0.00222779 0.00174981 -0.000270527 -0.000518979 8.94972e-06 1.95771e-05 -0.000980344 0.00073025 0.000212038 -0.000241228 -0.000371638 -0.00028509 -0.000979625 -0.00330513 -0.000520091 -0.00158764 -0.000793974
internal_weight=289708 3340.48 2234.19 1752.05 566.696 286368 161853 16333.6 10137.9 2428.75 781.942 7709.19 6195.68 5404.76 4466.25 145519 78441.3 31524.5 67077.9 10799.8 3618.16 56278.1 29278.5 2892 26270.7 12520.3 2055.54 10464.8 6710.98 9795.98
internal_count=1179152 13617 9106 7151 2314 1165535 658532 71124 43806 10494 3426 33312 27318 23860 19832 587408 316055 126990 271353 43695 14663 227658 118624 11719 105781 50440 8316 42124 27007 39434
cat_boundaries=0 1 2 3 4 5 6 7
cat_threshold=592 2 2699 338 336 188 624
is_linear=0
shrinkage=0.03


Tree=161
num_leaves=31
num_cat=10
split_feature=8 6 3 43 18 47 25 46 47 5 0 1 29 0 34 27 26 3 45 9 31 0 29 26 27 27 40 36 27 18
split_gain=12.6779 22.1006 16.7304 16.1015 15.6756 19.7127 17.6334 15.633 15.0962 15.0774 33.9091 20.2821 20.2392 15.133 15.8238 16.0955 14.1501 14.0643 14.0635 13.7136 12.8744 12.4595 13.3204 12.4079 12.3604 11.9768 11.966 13.5621 11.7575 11.377
threshold=1.0000000180025095e-35 2.5000000000000004 1.5000000000000002 6470.5000000000009 0 1.0000000180025095e-35 1 0.55296550000000011 1.5000000000000002 2 2022.5000000000002 5.5000000000000009 0.38848300000000008 2021.5000000000002 0.47641300000000003 3 4 7.5000000000000009 0.20087600000000003 1.0000000180025095e-35 0.094601450000000017 2019.5000000000002 0.53271800000000014 5 6 7 7110.5000000000009 0.44629850000000004 8 9
decision_type=2 2 2 2 1 2 1 10 2 1 2 2 10 2 8 9 9 2 10 2 10 2 10 9 9 9 2 8 9 1
left_child=1 4 -2 26 6 -6 16 9 23 29 11 13 -12 21 -15 -16 20 -13 -14 -18 -1 22 -11 -8 -20 -24 27 -3 -25 -4
right_child=2 3 7 -5 5 -7 8 -9 -10 10 12 17 18 14 15 -17 19 -19 24 -21 -22 -23 25 28 -26 -27 -28 -29 -30 -31
leaf_value=0.0036938089487438767 0.00094127301788062229 -0.005050799398705807 -0.00030094509780123965 -0.0060122014641954113 -0.0020208668253501351 -0.00020159245584280654 0.0013612034946116269 0.0045514453654186765 -0.00091788248496074525 0.011184789859554756 -0.0080177352261545636 0.00016823515945072251 0.0029038578080182592 0.014420635594362123 0.0020577017459717088 0.010880654405150538 0.0021244903146015329 0.0034660991936253343 -0.0029674272340287108 0.00052754678662123987 -0.00053375670922066454 0.00068497699465569462 0.0050312957673856106 0.00097492832863105739 6.984996725784839e-05 -0.0023125517855421868 0.0018376127491602609 -0.0012003409735476366 -0.001513278825256424 0.00022071224472212296
leaf_weight=687.19602707028389 21923.731669947505 977.95259286463261 79541.71978007257 730.24615456163883 7724.4337487369776 17648.599083006382 6308.7614228576422 691.72296556830406 19124.098543196917 232.91160275042057 332.3459337502718 5216.9189293086529 949.10300667583942 194.57895945012569 636.55970726907253 268.9525434076786 7140.0277493149042 1503.4935895055532 1904.9004365056753 15254.945880711079 10443.512737840414 1608.3009961247444 757.19276240468025 2915.4260961860418 3205.6156166195869 258.20275437831879 925.24078121781349 5440.58005002141 4070.5178395658731 71339.725960999727
leaf_count=2946 89358 3985 321122 2944 31474 71850 25608 2813 77746 1069 1360 23505 3814 892 3045 1335 29024 6775 7674 61894 42624 7224 3575 11860 12892 1224 3743 22187 16647 287961
internal_value=1.82702e-05 -0.000256287 0.000161628 -0.00176073 -0.000122887 -0.0007565 0.000120569 6.00797e-05 -0.0003777 4.13219e-05 0.000886438 0.00192167 -0.000838215 0.00362751 0.00663013 0.00488098 0.000603308 0.000911714 -0.000435726 0.00103778 -0.000268891 0.00245496 0.0047043 0.000397114 -0.00106315 0.00315977 -0.0013316 -0.00179377 -0.000470713 -5.41022e-05
internal_weight=289958 99391.5 190566 8074.02 91317.5 25373 65944.5 168642 32418.8 167951 17069.1 10677.1 6391.96 3956.7 1100.09 905.512 33525.7 6720.41 6059.62 22395 11130.7 2856.61 1248.31 13294.7 5110.52 1015.4 7343.77 6418.53 6985.94 150881
internal_count=1180170 404532 775638 32859 371673 103324 268349 686280 131861 683467 74384 48644 25740 18364 5272 4380 136488 30280 24380 90918 45570 13092 5868 54115 20566 4799 29915 26172 28507 609083
cat_boundaries=0 1 2 3 4 5 6 7 8 9 10
cat_threshold=212 2 2 326 1050 1148 741 675 108 133
is_linear=0
shrinkage=0.03


Tree=162
num_leaves=31
num_cat=9
split_feature=0 27 26 38 19 28 35 12 1 37 27 26 34 28 1 26 2 27 26 27 0 7 39 22 6 16 27 22 33 34
split_gain=16.3074 29.1006 29.8122 17.0551 17.3035 17.0358 16.9499 16.8269 15.5734 14.9802 14.7332 23.7167 15.2604 14.6739 13.9294 35.5853 21.0212 32.7088 19.2195 22.5767 33.9295 18.4648 18.5413 22.099 19.1281 15.8798 14.7473 14.5928 13.8684 13.5525
threshold=2023.5000000000002 0 1 0.11849300000000001 79.950000000000017 442.50000000000006 0.50796200000000014 6.5000000000000009 4.5000000000000009 0.17351150000000004 2 3 0.41206800000000005 6586.5000000000009 9.5000000000000018 4 1.5000000000000002 5 6 7 2021.5000000000002 1.5000000000000002 0.18468050000000003 24207.000000000004 1.0000000180025095e-35 1.0000000180025095e-35 8 24222.500000000004 0.44057150000000006 0.36269100000000004
decision_type=2 9 9 8 2 2 10 2 2 10 9 9 10 2 2 9 2 9 9 9 2 2 10 2 2 2 9 2 10 10
left_child=14 2 7 9 -5 6 -4 -2 -7 -3 11 -6 -12 -13 21 26 -17 -18 25 20 -20 -1 23 -23 -25 -19 29 -26 -11 -16
right_child=1 3 5 4 10 8 -8 -9 -10 28 12 13 -14 -15 15 16 17 18 19 -21 -22 22 -24 24 27 -27 -28 -29 -30 -31
leaf_value=0.00033686302805585106 0.001934605011732446 0.0009549545349049407 -0.0014207748555679952 -0.00082771937119992755 -0.0090872215357980946 -0.0033027040922510207 -0.0092059062762536881 0.0095313259719406601 0.000858129364031878 0.00014139067063503335 -0.0041324218089197591 -0.0036763305946251098 -0.00056017685699467131 0.0050666101002681142 -0.0035361313935685563 0.00070422644622838949 0.0030801467636958099 -0.0055083057908393027 -0.0013727890303453574 -0.0036998023031394826 0.0074524696790387998 -0.00034094691952006215 0.00088427164073371462 -0.0072510786530069144 -0.0082872021463774106 0.0012358248497056573 0.00012420306188841337 -0.00092402916021833202 -0.0088991106037922037 0.0039280293523118277
leaf_weight=156545.4814325422 5656.3147673904896 5843.1186729222536 816.63584688305855 24504.832625940442 715.74365773797035 992.00860798358917 369.85109800100327 275.10185152292252 4333.7292011529207 322.05943277478218 1567.6984115839005 939.6758159250021 3503.5383279621601 206.3570209890604 241.86743225157261 2608.6532583236694 902.49983368813992 2828.9138012975454 2367.9973461031914 2832.1934649497271 466.66037392616272 48409.283013403416 10344.434619933367 703.63028940558434 268.49609377980232 344.38739643990993 6451.5663769841194 2430.3933426439762 276.75508373975754 1839.6791077405214
leaf_count=639745 22758 23579 3302 98716 2888 3998 1485 1106 17454 1297 6333 3785 14098 830 973 10556 3713 11379 9555 11422 1881 197579 41826 2836 1079 1386 26105 9820 1116 7420
internal_value=-1.07309e-05 -0.000501746 0.000755222 -0.000915442 -0.0012041 -0.000642383 -0.00388987 0.00229278 7.6051e-05 0.000487075 -0.00252914 -0.00481503 -0.0016689 -0.002049 9.22833e-05 -0.000647612 -0.00167677 -0.00231911 -0.00287481 -0.00181015 7.55886e-05 0.000163083 -0.000274109 -0.000506001 -0.00284312 -0.00475151 0.000839579 -0.00167604 -0.00401056 0.00302797
internal_weight=289910 50323.4 12443.6 37879.8 31437.8 6512.22 1186.49 5931.42 5325.74 6441.93 6933.01 1861.78 5071.24 1146.03 239586 20884.4 12351.3 9742.65 8840.15 5666.85 2834.66 218702 62156.2 51811.8 3402.52 3173.3 8533.11 2698.89 598.815 2081.55
internal_count=1180020 202745 50103 152642 126650 26239 4787 23864 21452 25992 27934 7503 20431 4615 977275 84390 49892 39336 35623 22858 11436 892885 253140 211314 13735 12765 34498 10899 2413 8393
cat_boundaries=0 1 2 3 4 5 6 7 8 9
cat_threshold=2178 992 65 83 120 32 640 327 100
is_linear=0
shrinkage=0.03


Tree=163
num_leaves=31
num_cat=11
split_feature=48 24 18 35 33 44 39 20 22 31 24 26 44 44 11 37 36 32 18 18 26 36 7 27 18 26 37 0 32 27
split_gain=14.4995 17.7005 18.8805 15.0691 13.8993 15.478 20.0347 17.3694 12.8941 25.5948 15.974 16.9946 17.2839 16.9167 16.0536 15.8487 14.8471 14.3468 17.3657 14.3691 20.6705 17.1189 13.8307 12.9867 12.9079 13.0286 12.8236 12.7442 15.311 16.7151
threshold=1.0000000180025095e-35 0 1 0.3112930000000001 0.46408150000000009 0.61018550000000016 0.19832100000000003 66.350000000000009 23848.500000000004 0.16358050000000005 2 3 0.43569200000000002 0.61380900000000016 4.5000000000000009 0.14745450000000002 0.39349550000000005 0.46963100000000008 4 5 6 0.37610750000000009 1.5000000000000002 7 8 9 0.23112500000000002 2020.5000000000002 0.3658550000000001 10
decision_type=2 1 1 8 8 8 8 2 2 10 1 9 10 10 2 10 8 10 1 1 9 10 2 9 1 9 8 2 10 9
left_child=8 3 -3 -2 -4 6 -6 -7 10 17 16 12 22 -13 -15 -11 -1 19 -19 20 -10 -22 26 -16 -18 -26 -12 28 -21 -30
right_child=1 2 4 -5 5 7 -8 -9 9 15 11 13 -14 14 23 -17 24 18 -20 27 21 -23 -24 -25 25 -27 -28 -29 29 -31
leaf_value=0.0020407489474946216 -0.0036736985316327435 -0.0014150001965390836 -0.00047523044987015842 2.8750948097936674e-05 -0.0009468380942027209 0.0081411945143680456 0.0053650738161789748 -0.0017118331006501794 0.0039814217778250463 -0.0016976165569005711 -0.0025623824464944675 0.0021274245712745946 0.00042949169122661723 0.0030501466708552838 0.00093313098277851537 0.00036562783881372832 -0.00054465048713453902 0.0048098094368212883 -0.0053347711007454739 0.0052024992503293564 -0.008344774404498807 -0.0004891543678163362 -0.0067898569810483193 -0.0055887341675865607 0.0010488484586693644 -0.00028846527217767933 0.0045852034609670063 0.0013931009033768343 -0.003733888003892552 0.0042244808023711332
leaf_weight=2648.9966458231211 995.2333407253027 18914.255614683032 11263.441413715482 110987.69693857431 1870.5131685733795 571.97992245852947 592.29747040569782 215.97695414721966 900.62643580138683 4997.6237545758486 1040.0449016988277 9061.1622199416161 13162.511361181736 549.92838935554028 430.50473614037037 10112.143626302481 46650.77554795146 191.01962606608868 582.62322826683521 1804.0072395354509 264.89678905904293 3898.4577977657318 523.55203542113304 715.58187410235405 11412.686476826668 15325.77107731998 283.52978311479092 19091.199428677559 439.26758605241776 485.73015646636486
leaf_count=10700 4063 77005 46009 451262 7542 2312 2390 874 3660 20238 4208 37213 54136 2288 1797 40833 189890 812 2463 7339 1089 15848 2108 2888 46652 62257 1149 77586 1780 1962
internal_value=2.6303e-05 -0.0001851 -0.000790876 -3.98372e-06 2.14712e-05 0.00175061 0.000563669 0.00540633 0.00023914 0.000676302 5.51817e-05 0.000700906 4.59561e-05 0.00161017 -0.00112506 -0.000315016 -0.000163257 0.00121893 -0.00278921 0.00133569 -9.97485e-05 -0.000999425 -0.0026669 -0.00315729 -0.0002433 0.000281447 -0.00100174 0.00166944 0.00359411 0.000418276
internal_weight=289984 145411 33428.5 111983 14514.2 3250.77 2462.81 787.957 144573 42767.6 101805 25766.8 15009.6 10757.2 1696.01 15109.8 76038.2 27657.8 773.643 26884.2 5063.98 4163.35 1847.13 1146.09 73389.2 26738.5 1323.57 21820.2 2729 924.998
internal_count=1180353 591457 136132 455325 59127 13118 9932 3186 588896 173610 415286 105787 61601 44186 6973 61071 309499 112539 3275 109264 20597 16937 7465 4685 298799 108909 5357 88667 11081 3742
cat_boundaries=0 1 2 3 4 5 6 7 8 9 10 11
cat_threshold=2 129 2 790 83 35 2368 134 176 2698 786
is_linear=0
shrinkage=0.03


Tree=164
num_leaves=31
num_cat=8
split_feature=25 18 41 27 28 35 44 34 45 27 28 45 30 36 24 23 46 31 50 18 42 41 39 44 27 12 12 30 24 34
split_gain=16.7716 28.2621 18.3293 17.8752 20.4797 16.2559 13.4884 14.2028 13.2268 15.5555 12.865 16.4335 23.5575 13.3809 12.5967 24.2103 16.8902 21.8166 16.3289 19.9245 17.4806 25.0894 15.3479 13.2165 12.6411 12.5837 12.127 11.6824 11.4419 11.1144
threshold=0 1 0.47781350000000006 2 2108.5000000000005 0.3112930000000001 0.46235450000000006 0.71494100000000016 0.27968350000000003 3 155.50000000000003 0.20459050000000004 0.31686000000000009 0.50706200000000012 4 24099.500000000004 0.068684900000000007 0.11043100000000002 1.0000000180025095e-35 5 0.14677850000000001 0.53299650000000021 0.08515410000000001 0.43305650000000007 6 -6.4999999999999991 3.5000000000000004 0.2756435000000001 7 0.32049400000000006
decision_type=1 1 10 9 2 8 10 10 10 9 2 10 10 10 1 2 10 10 2 1 10 10 10 10 9 2 2 10 1 10
left_child=5 2 8 4 -4 27 -6 28 9 -2 13 12 -12 -3 -7 16 24 -18 19 20 21 -19 -22 -20 29 -23 -24 -1 -8 -16
right_child=1 10 3 -5 6 14 7 -9 -10 -11 11 -13 -14 -15 15 -17 17 18 23 -21 22 25 26 -25 -26 -27 -28 -29 -30 -31
leaf_value=-0.0004004116859929347 -0.0024560578398476495 0.00015004130764180009 -0.0003216635891163459 -0.0001808009800959576 -0.0043110773105776608 0.00010908715126618244 -0.0013128104694869148 0.0040200732333450532 -0.0043187401755831641 0.0038259323122644515 0.0012292437090368202 0.00013657458675842311 0.011446797563336417 -0.0032745461019634435 0.0044865001413842169 0.002905782018779739 0.0033787031641930418 0.004968308300691707 -0.0048921700105713601 -0.00070863010945834161 0.0075607792179616948 0.0086875055770525358 -0.00061963534311052827 -0.00026825701111832511 -0.0022306552124068909 0.0011684215929648211 0.0043897609893464584 -0.0054993864000573859 -0.004145410539050101 -0.00032481101355468682
leaf_weight=915.3585157096386 1269.7318225502968 2352.9630586504936 11551.266463279724 51972.508157402277 2099.9285215288401 110905.01103462279 6536.6729924380779 378.74056953191757 1985.2594909071922 475.86582468450069 11164.693018838763 43371.160694211721 204.75174920260906 1797.3325260132551 503.86872528493404 4126.3431617021561 2657.8507318496704 2402.663396269083 602.46615254878998 4676.8622039556503 239.53469234704971 205.16358043253422 4749.7433796226978 7141.8303851485252 3225.3954421281815 6711.5476806759834 475.28989909589291 742.44650427997112 1617.6508695036173 2882.0310290753841
leaf_count=3710 5122 9709 46949 211864 8464 450939 26353 1581 8013 1926 45366 176260 836 7529 2088 16773 11465 9710 2425 19050 990 842 19224 28980 13138 27485 1920 3050 6544 11917
internal_value=2.66831e-05 -0.000214645 -0.000589692 -0.000485984 -0.00119886 0.00024239 -0.00214976 -0.00161304 -0.00264254 -0.000714913 0.000280931 0.000403512 0.00141886 -0.00132709 0.000274924 0.000727144 0.000479632 0.000783917 0.000528968 0.000993172 0.00153304 0.00232408 0.000180768 -0.000633601 -0.000890007 0.00139946 -0.000155965 -0.00270786 -0.00187974 0.000384529
internal_weight=289942 136779 77887.6 74156.8 22184.3 153163 10633 8533.06 3730.86 1745.6 58890.9 54740.6 11369.4 4150.3 151506 40600.6 36474.2 29863 27205.1 19460.8 14783.9 9319.37 5464.57 7744.3 6611.3 6916.71 5225.03 1657.81 8154.32 3385.9
internal_count=1180222 556516 316816 301755 89891 623706 42942 34478 15061 7048 239700 222462 46202 17238 616946 166007 149234 122091 110626 79221 60171 38037 22134 31405 27143 28327 21144 6760 32897 14005
cat_boundaries=0 1 2 3 4 5 6 7 8
cat_threshold=2 129 641 466 2 152 535 2
is_linear=0
shrinkage=0.03


Tree=165
num_leaves=31
num_cat=6
split_feature=48 22 22 22 38 0 22 28 33 38 28 27 28 26 33 18 32 40 40 26 1 27 11 53 28 36 26 28 30 45
split_gain=14.7513 17.7707 16.0144 21.1539 17.0853 16.4886 18.3784 25.1751 15.679 16.4883 15.9707 16.5632 15.3892 22.2241 15.0547 14.4893 14.2683 17.6906 13.8517 15.499 17.3685 26.061 13.949 16.6924 17.0021 20.811 13.2268 20.4712 29.8776 22.8272
threshold=1.0000000180025095e-35 21792.000000000004 22120.500000000004 22002.500000000004 0.26333600000000007 2023.5000000000002 24127.500000000004 1033.5000000000002 0.44911850000000003 0.20177400000000004 8397.5000000000018 0 8576.5000000000018 1 0.5638025000000001 2 0.41182050000000009 2082.5000000000005 5227.5000000000009 3 8.5000000000000018 4 6.5000000000000009 -0.0095075000000000003 229.50000000000003 0.55178150000000004 5 3166.5000000000005 0.29879600000000001 0.37846650000000009
decision_type=2 2 2 2 10 2 2 2 8 10 2 9 2 9 10 1 10 2 2 9 2 9 2 8 2 10 9 2 10 10
left_child=14 -2 3 4 -3 8 7 -7 10 12 18 -12 -10 -14 26 -5 17 -9 19 20 22 -22 23 -4 25 -25 27 -1 29 -29
right_child=1 2 5 15 -6 6 -8 16 9 -11 11 -13 13 -15 -16 -17 -18 -19 -20 -21 21 -23 -24 24 -26 -27 -28 28 -30 -31
leaf_value=0.00023743159666392931 0.0015195567616874176 -0.00048827756028343598 0.0026530784781513758 0.0028680178899950716 -0.0081909823697791876 -0.0047653695067645377 0.00021403793039347413 -0.0032597597913545814 5.1086111215119794e-05 0.0019301571401530374 -0.0078743522857609004 -0.00083186001223950056 -0.0020666062257460181 0.0053484631400808535 -0.0049339819720261137 -0.005492890195003184 0.0028290551923228343 -0.00063353523133975471 -0.0012552107606674642 -0.00038157950019061787 0.0088963261231675486 0.0015177611260352908 -0.0012604497081638709 -0.00028812049858563279 0.0007037370727204157 -0.010183043456974621 7.9273035116072917e-05 0.0020857727995968068 0.010711310160294548 -0.0020474180879818844
leaf_weight=22115.981452032924 5148.9181832075119 6878.2758786380291 3039.6574804931879 203.08174635469913 267.19648787379265 1919.7505325973034 8141.3142631947994 3156.4795127511024 36958.056485563517 5537.3556028157473 494.20116910338402 790.49667149782181 521.59560336172581 1130.2776189744473 505.18012292683125 1514.2255634814501 783.34942431747913 8740.2241930812597 10614.653476476669 38299.03633607924 498.16417923569679 2978.1429058760405 3866.1916210651398 500.56328196823597 3090.6593644768 313.51594349741936 111198.31306324899 9203.7527658939362 328.58748400211334 1373.6668987572193
leaf_count=92095 20997 27802 12417 832 1074 7782 32910 12730 150243 22331 1992 3188 2096 4558 2076 6203 3179 35214 42831 157013 2020 12177 15712 2084 12659 1318 450896 37566 1330 5568
internal_value=3.32608e-06 -0.000210002 -0.000273749 -0.00150831 -0.000783824 -0.000190202 -0.00092477 -0.00156177 -3.61306e-05 0.000399135 -0.000334588 -0.00364393 0.000178649 0.00300928 0.000217834 -0.00449871 -0.00107337 -0.0013335 -0.000266674 -6.65033e-05 0.000775653 0.00262044 0.000179813 0.000986175 -0.000304795 -0.00415894 0.00023619 0.000763374 0.00182751 0.00154574
internal_weight=290111 145385 140236 8862.78 7145.47 131374 22741.1 14599.8 108633 44147.3 64485.3 1284.7 38609.9 1651.87 144725 1717.31 12680.1 11896.7 63200.6 52585.9 14286.9 3476.31 10810.6 6944.4 3904.74 814.079 144220 33022 10906 10577.4
internal_count=1180893 591362 570365 35911 28876 534454 91815 58905 442639 179228 263411 5180 156897 6654 589531 7035 51123 47944 258231 215400 58387 14197 44190 28478 16061 3402 587455 136559 44464 43134
cat_boundaries=0 1 2 3 4 5 6
cat_threshold=212 84 66 2625 576 3138
is_linear=0
shrinkage=0.03


Tree=166
num_leaves=31
num_cat=11
split_feature=1 26 27 27 48 31 53 26 28 44 24 26 28 29 31 27 22 27 19 23 26 27 3 46 35 27 32 35 37 19
split_gain=13.0229 26.006 28.1228 20.5115 12.3246 15.4562 16.585 31.1944 14.7703 14.3394 14.2099 15.1445 17.9978 17.9045 15.7272 15.0386 13.4959 31.9349 15.7855 14.7269 15.6635 13.859 13.7725 13.2462 16.9921 12.8341 12.727 12.6772 12.5932 13.6287
threshold=3.5000000000000004 0 1 2 1.0000000180025095e-35 0.18382500000000002 0.0026094999999999873 3 4788.5000000000009 0.41911000000000004 4 5 9188.5000000000018 0.50115050000000017 0.14358250000000003 6 24270.000000000004 7 65.15000000000002 24265.000000000004 8 9 5.5000000000000009 0.28284250000000005 0.49125850000000004 10 0.35240250000000006 0.68562450000000019 0.12887250000000003 19.750000000000004
decision_type=2 9 9 9 2 8 10 9 2 10 1 9 2 10 10 9 2 9 2 2 9 9 2 8 8 9 10 10 8 2
left_child=1 2 -1 -3 5 16 8 -8 -7 25 11 12 15 -14 -15 28 -2 18 -18 20 23 -22 -20 24 -19 26 -6 -17 -11 -30
right_child=4 3 -4 -5 9 6 7 -9 -10 10 -12 -13 13 14 -16 27 17 19 22 -21 21 -23 -24 -25 -26 -27 -28 -29 29 -31
leaf_value=0.0025729309898015647 0.00019524809239783894 0.00042451211040380387 -0.0046652204378386771 0.0053397732246533713 0.00040326242811160085 0.00053608242733443217 -0.0063815294534932034 -0.00059003507346118184 -0.0055466639541748401 0.0021829927254706427 -0.00084588986097105438 0.00014827819255166616 -0.0032825974900503531 -0.0012264307266668963 0.006616919192396444 -0.0012465479715082139 0.00048311204057129367 0.0031906923206436576 -0.0013083302106723488 0.0065748406597729084 0.00051621055486648579 0.0055647461000778485 -0.0082484087512047031 0.0068557029445865825 -0.0018570255894367991 -0.00018928978368102013 0.0035939954114448565 0.0012504671081661446 -0.0043152543559167745 0.00042705311509501804
leaf_weight=906.96330112218857 123083.04609249532 1379.3312487006187 1001.0822020769119 1769.8933030813932 2169.6828049868345 4919.3731479644775 1241.2679545730352 2583.3893147408962 384.39949598908424 2577.4107549786568 30204.682159557939 69406.433353587985 347.17588402330875 309.71781791746616 821.30533991754055 25099.574959218502 2788.8960715383291 937.63620993494987 788.0257160961628 785.089369982481 744.3337829709053 1575.7155468612909 390.3102763146162 275.48993581533432 1654.9808188527822 4371.9332282394171 2389.3858714699745 1959.4811593294144 703.66068118810654 2354.5669634342194
leaf_count=3715 501980 5599 4053 7280 8766 19964 5031 10447 1540 10596 122986 281290 1397 1253 3311 102068 11235 3766 3176 3163 3008 6372 1572 1110 6663 17695 9775 8956 2857 9542
internal_value=2.83789e-05 0.00153695 -0.00121492 0.00320702 1.47584e-06 0.000199295 -0.000993939 -0.00249921 8.6686e-05 -0.000195353 -0.000273231 -0.000105929 -0.000622941 0.00260691 0.00444509 -0.000770303 0.000281425 0.00134506 -0.000736215 0.00272874 0.00214275 0.0039698 -0.00364766 0.000635732 -1.8351e-05 0.00096758 0.00207879 -0.00106411 0.000635623 -0.000657453
internal_weight=289924 5057.27 1908.05 3149.22 284867 142152 9128.43 3824.66 5303.77 142715 133784 103579 34172.9 1478.2 1131.02 32694.7 133024 9940.48 3967.23 5973.25 5188.16 2320.05 1178.34 2868.11 2592.62 8931 4559.07 27059.1 5635.64 3058.23
internal_count=1180166 20647 7768 12879 1159519 579027 36982 15478 21504 580492 544256 421270 139980 5961 4564 134019 542045 40065 15983 24082 20919 9380 4748 11539 10429 36236 18541 111024 22995 12399
cat_boundaries=0 1 2 3 4 5 6 7 8 9 10 11
cat_threshold=396 818 282 121 2 1158 2192 609 688 20 410
is_linear=0
shrinkage=0.03


Tree=167
num_leaves=31
num_cat=10
split_feature=0 27 26 40 27 5 27 0 1 44 26 27 1 33 1 42 36 26 11 53 27 0 9 27 36 22 29 33 31 35
split_gain=14.4284 27.944 22.5784 22.2679 36.2701 22.5253 28.73 42.7849 35.7487 27.5263 21.8957 22.7572 23.9296 23.1888 21.6516 21.3562 19.8883 18.4107 18.9124 22.1632 21.6463 17.9983 17.9214 17.8037 17.7561 18.1906 17.5352 16.8638 20.2526 16.0025
threshold=2023.5000000000002 0 1 9856.5000000000018 2 3 4 2022.5000000000002 4.5000000000000009 0.48711950000000009 5 6 4.5000000000000009 0.42263650000000003 6.5000000000000009 0.1357285 0.44629850000000004 7 5.5000000000000009 0.0037500000000000315 8 2020.5000000000002 1.5000000000000002 9 0.67917450000000013 23903.500000000004 0.57926400000000011 0.42263650000000003 0.16555750000000005 0.46318050000000005
decision_type=2 9 9 2 9 1 9 2 2 8 9 9 2 10 2 8 10 9 2 10 9 2 2 9 10 2 8 10 10 10
left_child=3 10 -3 5 -5 6 7 9 -9 -1 11 13 -13 -2 22 16 -11 18 19 23 21 -20 -7 -8 25 -19 -27 29 -29 -21
right_child=1 2 -4 4 -6 14 17 8 -10 15 -12 12 -14 -15 -16 -17 -18 24 20 27 -22 -23 -24 -25 -26 26 -28 28 -30 -31
leaf_value=0.00027789546277710885 -0.0026381930810877112 6.1341909661616191e-06 -0.001595425685799265 -0.0014023309048420542 0.0053050400873612021 0.00051353814477331911 0.0016985869348266015 -0.0032719785995935263 0.0038444345965608058 0.0010290862689337488 0.0011514055823561983 -0.0089141443509870421 -0.0015730988761515094 0.0031863649452347166 -9.579740599897682e-05 -0.0019469365088088009 -0.007216383218250441 -0.00037487187042367913 0.0015571506823227077 -0.0077962303294138455 -0.0010430470787951907 -0.00028385534095722416 0.002736811962125526 0.00040678212737398219 -0.0037712781419674221 0.00086582359006370541 -0.0043246543367525475 0.00065495440988377971 -0.0027550745688139674 -0.0012344844627443234
leaf_weight=4585.0923749953508 1095.6796667128801 12817.469187259674 20598.830779790878 1191.7439009696245 1811.600747987628 6008.1785791069269 21165.68204857409 849.18023073673248 2460.5235692411661 319.11337703466415 12591.239046573639 566.63883632421494 1392.6999699175358 1389.4423827826977 10372.45986315608 11093.323933809996 1337.5875913500786 78172.70677049458 8027.4747925102711 369.32744397222996 15194.096917033195 11753.259307742119 7244.7262661606073 17744.259647890925 1251.66006103158 17180.758955404162 601.87351711094379 15557.555411964655 1738.1360907107592 3584.8095768839121
leaf_count=18447 4421 51672 83015 4806 7298 26862 85900 3422 9908 1285 50701 2282 5604 5593 45278 44617 5371 315366 32593 1494 61379 47326 32644 72077 5100 69049 2432 63208 7001 14611
internal_value=-1.50594e-05 -0.000476236 -0.000980455 8.19228e-05 0.00264778 4.91941e-05 -4.8165e-05 -0.0011114 0.00200819 -0.00170962 0.000511328 -0.00129336 -0.00370292 0.000603774 0.000928066 -0.0024266 -0.00561108 6.58699e-05 0.000362654 0.000685305 -0.000191382 0.00046164 0.0017315 0.00111087 -0.000224288 -0.000177615 0.000687759 -9.25689e-05 0.00031011 -0.0018604
internal_weight=290067 50452 33416.3 239615 3003.34 236612 212986 20644.8 3309.7 17335.1 17035.7 4444.46 1959.34 2485.12 23625.4 12750 1656.7 192342 95134.6 60159.8 34974.8 19780.7 13252.9 38909.9 97207 95955.3 17782.6 21249.8 17295.7 3954.14
internal_count=1180762 203288 134687 977474 12104 965370 860586 83050 13330 69720 68601 17900 7886 10014 104784 51273 6656 777536 385589 244291 141298 79919 59506 157977 391947 386847 71481 86314 70209 16105
cat_boundaries=0 1 2 3 4 5 6 7 8 9 10
cat_threshold=2186 138 180 2 2 2188 2 93 817 241
is_linear=0
shrinkage=0.03


Tree=168
num_leaves=31
num_cat=6
split_feature=30 48 24 53 27 26 26 38 30 42 30 43 22 42 6 45 36 18 23 36 22 52 47 27 22 53 35 38 53 43
split_gain=13.5753 12.8769 15.8083 15.9076 21.0793 15.4582 14.2913 24.1935 20.6654 16.0084 18.7969 22.5292 15.9334 15.6661 14.7213 18.9423 14.1288 13.7752 15.6293 13.4212 13.1961 13.129 12.8001 12.7233 16.8595 14.1788 12.4928 12.4807 13.1196 12.9596
threshold=0.35485600000000006 1.0000000180025095e-35 0 -0.15230549999999995 1 2 3 0.097126700000000024 0.31686000000000009 0.14304150000000002 0.20129750000000005 11127.500000000002 24296.500000000004 0.14485450000000002 1.0000000180025095e-35 0.22005750000000004 0.47437350000000006 4 22327.500000000004 0.41575050000000008 23869.500000000004 -0.19394799999999995 3.5000000000000004 5 24529.000000000004 -0.0049735000000000187 0.39588600000000002 0.13711050000000002 0.012340499999999978 970.50000000000011
decision_type=8 2 1 8 9 9 9 8 10 8 10 2 2 10 2 10 8 1 2 8 2 8 2 9 2 8 10 8 10 2
left_child=1 6 3 4 -3 -6 7 8 -1 12 20 -12 16 14 15 -9 -8 18 19 -4 -11 -15 -7 25 -25 -14 -2 -22 -29 -30
right_child=26 2 17 -5 5 22 9 13 -10 10 11 -13 23 21 -16 -17 -18 -19 -20 -21 27 -23 -24 24 -26 -27 -28 28 29 -31
leaf_value=0.0023203384841985089 -0.0030847903320081623 -0.0064904589373869538 0.0023232751331069539 4.0822188201658322e-05 0.0057173315353319905 0.0013450043632934902 0.0012750841518048414 0.0034322958556541302 0.011234858909515897 7.2087264212516411e-05 -0.00050468672498328181 -0.0064590841856644503 0.004852793567437042 -0.0052017649003148255 0.00064672265326323611 -0.0026537803805670298 0.00010184898526491309 -4.5376595207078483e-05 -0.00086994069931936807 -0.0037352953100253084 0.0040162358143503362 0.0018955107671315573 -0.0071349916079741114 0.0050146040429167957 -0.0010472021685268426 -0.002915930275076542 0.00074401422355879093 0.0018139535587872095 -0.0076387183011212209 0.00041454420023118415
leaf_weight=4827.8786103129387 2377.9403369128704 772.28403221070766 359.27424094080925 109186.98694115877 295.75898988544941 344.96602652966976 11506.245453506708 526.80283327400684 245.57692790031433 13922.949501559138 41833.531734719872 577.86755320429802 306.28118163347244 240.27461044490337 4952.743995770812 3353.4286292940378 47190.307611569762 14097.744304582477 15061.027387574315 3135.6931686550379 1642.2382808476686 5423.8130349367857 287.68091285228729 1837.9240262955427 521.24717116355896 661.16041480004787 1113.4728062748909 2622.1162260174751 287.80386392772198 453.74437609314919
leaf_count=20817 9745 3125 1471 443981 1206 1401 46507 2241 998 56572 168205 2314 1233 982 20559 13859 193197 57413 61390 12673 6705 22274 1169 7397 2096 2661 4539 10669 1168 1842
internal_value=2.90187e-06 2.56755e-05 -0.000174912 -3.78925e-06 -0.00288055 0.000169202 0.000227325 0.000980382 0.00276413 0.000107506 -0.000235802 -0.000586976 0.00044753 0.000354297 -0.000432753 -0.00181776 0.000332402 -0.000755048 -0.00129178 -0.00310245 0.000549411 0.00158655 -0.00244095 0.00246778 0.00364751 -0.000413862 -0.00185554 0.00187017 0.000810835 -0.00268892
internal_weight=289967 286475 143541 110888 1700.69 928.406 142934 19570.5 5073.46 123363 61340.3 42411.4 62023.2 14497.1 8832.98 3880.23 58696.6 32653.7 18556 3494.97 18928.9 5664.09 632.647 3326.61 2359.17 967.442 3491.41 5005.9 3363.66 741.548
internal_count=1180409 1166125 583829 450882 6901 3776 582296 81730 21815 500566 247475 170519 253091 59915 36659 16100 239704 132947 75534 14144 76956 23256 2570 13387 9493 3894 14284 20384 13679 3010
cat_boundaries=0 1 2 3 4 5 6
cat_threshold=2 124 2361 3074 129 273
is_linear=0
shrinkage=0.03


Tree=169
num_leaves=31
num_cat=7
split_feature=18 52 35 36 53 30 26 27 19 27 19 5 27 35 30 13 46 37 40 26 19 3 31 34 2 44 34 13 52 33
split_gain=12.6845 11.2317 15.3486 18.248 16.1799 16.3398 13.7483 12.703 12.6866 12.0559 12.0227 17.7376 13.5874 15.1696 12.4069 12.3387 14.8061 11.7728 15.0793 16.3417 17.633 17.1647 13.4663 15.1116 16.0149 15.9869 12.5729 12.2003 12.1698 11.6203
threshold=0 -0.17482599999999998 0.38344750000000005 0.48508200000000007 -0.035026500000000009 0.25967650000000003 1 2 22.450000000000003 3 30.550000000000004 4 5 0.51549600000000007 0.18638950000000001 2.5000000000000004 0.43838950000000004 0.17988750000000001 5478.5000000000009 6 21.750000000000004 4.5000000000000009 0.082440000000000013 0.60928500000000019 5.5000000000000009 0.45952500000000002 0.51031050000000011 9.5000000000000018 0.051471000000000024 0.42338800000000004
decision_type=1 8 10 10 10 10 9 9 2 9 2 1 9 8 8 2 10 8 2 9 2 2 8 8 2 10 10 2 10 10
left_child=-1 2 3 6 5 8 -2 -8 -4 -10 11 12 13 -3 15 16 -12 18 27 20 -20 -21 -19 28 25 -25 29 -14 -24 -23
right_child=1 10 4 -5 -6 -7 7 -9 9 -11 14 -13 17 -15 -16 -17 -18 22 19 21 -22 26 23 24 -26 -27 -28 -29 -30 -31
leaf_value=0.00084814452048077936 0.00064652215093237734 -0.0002566862218104931 0.0033660181000728568 -0.0092640165651076706 -0.0010496803585636266 0.0072330239871578206 -0.00079204635119073158 -0.0080290641106461995 -0.0039388275014889534 0.0014254175221711167 0.00064557122185838903 0.00109388787781977 -0.00027017406994308185 -0.0019420720177733336 9.2683800571542049e-06 -0.00068125296507729643 0.0046725619841650719 -0.0064260138396699225 -0.0071712822199370878 0.0018467036338229944 0.0015437046196655846 -0.008533033574434053 0.00059041733558650811 -0.0047790389497244417 0.0090494291369671732 0.0031581795466049051 -0.00069534803644115254 0.0040467788397285662 -0.0022006651463975639 -0.0025923901836848182
leaf_weight=16550.933118134737 932.51070189476013 9490.4280850291252 936.90390181541443 364.76000221073627 8590.0077851563692 392.08212560415268 451.71053908765316 451.24091956019402 692.86358346045017 790.45659838616848 46429.389671772718 7472.9640595763922 23461.754192888737 9834.7573854923248 133033.55609378219 6423.5150427371264 836.36768573522568 244.56390602886677 866.67959100008011 1338.0632081925869 266.8445798009634 405.77085480093956 11738.957023054361 269.35393059253693 334.55227096378803 1353.2406119555235 2456.013169541955 600.82891869544983 1591.7362084984779 1195.0680101960897
leaf_count=67457 3780 38205 3776 1472 34785 1587 1839 1827 2795 3206 192477 32785 94826 39726 537900 26570 3441 992 3485 5393 1072 1635 47270 1092 1354 5487 9887 2428 6408 4813
internal_value=4.20183e-05 -6.73967e-06 -0.000847059 -0.00314137 -0.000401002 0.0015687 -0.00189517 -0.00450405 0.000630862 -0.00107986 3.71774e-05 -0.000289331 -0.000447769 -0.00111554 0.000164853 0.000549787 0.000717756 -0.000167 -0.000509034 -0.00178787 -0.00505018 -0.00108309 0.000504566 0.000618638 0.00307952 0.00181574 -0.00206012 -0.000160645 0.000254481 -0.00413004
internal_weight=289798 273247 13602.5 2200.22 11402.3 2812.31 1835.46 902.951 2420.22 1483.32 259644 72921.6 65448.6 19325.2 186723 53689.3 47265.8 46123.4 30591 6528.44 1133.52 5394.92 15532.4 15287.8 1957.15 1622.59 4056.85 24062.6 13330.7 1600.84
internal_count=1179770 1112313 55067 8918 46149 11364 7446 3666 9777 6001 1057246 296858 264073 77931 760388 222488 195918 186142 123539 26285 4557 21728 62603 61611 7933 6579 16335 97254 53678 6448
cat_boundaries=0 1 2 3 4 5 6 7
cat_threshold=68 779 39 944 2 518 288
is_linear=0
shrinkage=0.03


Tree=170
num_leaves=31
num_cat=10
split_feature=0 27 32 38 26 46 18 22 5 0 0 1 27 40 22 36 26 0 26 41 29 34 26 27 31 26 37 50 0 38
split_gain=10.9226 26.8525 20.0714 18.6309 16.0576 19.9355 15.5827 14.0201 13.8101 22.4967 30.1285 22.3398 20.8833 22.8102 22.27 18.2172 17.9803 26.2182 19.2217 17.9589 17.3834 17.0604 19.8504 20.538 16.9304 16.8054 16.8638 16.3067 18.382 22.9541
threshold=2023.5000000000002 0 0.43024000000000001 0.11993150000000001 1 0.097242600000000012 2 24387.500000000004 3 2022.5000000000002 2020.5000000000002 8.5000000000000018 4 10182.500000000002 24448.000000000004 0.59741650000000013 5 2022.5000000000002 6 0.60289650000000006 0.59537800000000007 0.52533850000000004 7 8 0.19101550000000003 9 0.16264550000000003 1.0000000180025095e-35 2020.5000000000002 0.099221450000000003
decision_type=2 9 10 8 9 10 1 2 1 2 2 2 9 2 2 10 9 2 9 10 8 8 9 9 10 9 10 2 2 8
left_child=8 2 4 7 5 -2 -7 -3 12 10 11 15 13 14 24 25 17 18 -14 20 -20 22 -12 -24 -1 -10 -27 28 -18 -30
right_child=1 3 -4 -5 -6 6 -8 -9 9 -11 21 -13 16 -15 -16 -17 27 -19 19 -21 -22 -23 23 -25 -26 26 -28 -29 29 -31
leaf_value=-0.00056541223655131754 -0.0062173184374668729 -1.6897532634278603e-05 -0.0028455772482354966 -0.0011489420036852516 0.0016180084195097219 -0.001577047404527453 0.0071105815743860625 0.0036563027215200526 0.0037493375653874258 -0.0010321941305356647 -0.0026204832475674841 -0.0031120164127696518 -0.00015457095695347865 0.0033529219202412591 0.0054498305203149622 -0.00095328605133986576 0.0013159108524747182 0.0012280777989968662 -0.0012599280274716072 -0.0082624972745773111 -0.0076087127682210815 0.0017207416428926894 -0.0028628227402774779 0.0071562055697217287 0.0021912136242580754 -0.0021447406320537579 0.004417676708031849 -0.00019457577731001318 -0.0015142973012319139 0.00057357772987030506
leaf_weight=82547.295139029622 555.85261082649231 5692.1613793373108 1232.9332606345415 31252.396734640002 9647.8735782802105 598.25268687307835 252.94427122175694 1112.3421481400728 2260.7480251044035 5092.2127798348665 271.05159263312817 1714.4111822396517 18926.88922649622 1432.6550131142139 566.56304414570332 3274.711709946394 25602.912457823753 7616.3441982865334 10474.741646811366 364.89354799687862 402.6638310700655 7550.9783693552017 201.52858376502991 1558.9385472238064 2048.0747962445021 1190.7487426698208 496.50466528534889 26335.018017143011 5494.2962370812893 34155.141929015517
leaf_count=333313 2237 22951 4994 125935 38834 2400 1015 4505 9886 20471 1212 7168 76373 5774 2285 14885 104583 30647 42122 1466 1618 35883 882 7073 8266 5208 2104 106392 22139 137667
internal_value=-4.30198e-05 -0.000444745 0.000772866 -0.00083869 0.0011805 -0.00179397 0.00105016 0.000580506 4.12774e-05 0.000730135 0.00121642 -3.33095e-05 -3.3906e-05 -0.000394572 -0.00045813 0.000694301 0.000207289 -0.000342815 -0.000740585 -0.00172252 -0.00149974 0.00238475 0.00483191 0.00597979 -0.000498244 0.00206819 -0.000190343 0.000434585 0.00068903 0.000283408
internal_weight=289924 50344.8 12287.9 38056.9 11054.9 1407.05 851.197 6804.5 239579 23611.8 18519.6 8937.12 215967 86594.6 85161.9 7222.71 129373 37785.5 30169.2 11242.3 10877.4 9582.5 2031.52 1760.47 84595.4 3948 1687.25 91587.4 65252.4 39649.4
internal_count=1180288 202871 49480 153391 44486 5652 3415 27456 977417 104772 84301 39251 872645 349638 343864 32083 523007 152226 121579 45206 43740 45050 9167 7955 341579 17198 7312 370781 264389 159806
cat_boundaries=0 1 2 3 4 5 6 7 8 9 10
cat_threshold=2058 2052 226 2 646 266 264 2112 577 3298
is_linear=0
shrinkage=0.03


Tree=171
num_leaves=31
num_cat=1
split_feature=21 10 23 40 22 52 52 34 47 28 19 38 5 22 28 31 32 45 42 41 28 23 48 19 31 28 45 21 1 33
split_gain=10.1547 19.4343 12.5366 17.2509 14.0887 17.106 12.9234 11.9027 11.6442 11.5762 10.7992 11.5231 10.6536 14.9969 12.1148 11.3315 10.8442 15.1675 12.3455 10.8081 15.4311 15.0681 12.1343 12.7637 11.1828 12.739 15.564 11.2901 10.7946 15.2975
threshold=0.87500000000000011 10.500000000000002 24192.500000000004 140.50000000000003 23871.500000000004 0.030935000000000022 0.046897000000000001 0.80116300000000018 10.500000000000002 1368.5000000000002 36.250000000000007 0.076441300000000004 0 24301.500000000004 68.500000000000014 0.049261200000000012 0.46157250000000005 0.19948750000000001 0.15012050000000002 0.51666850000000009 1292.5000000000002 24301.500000000004 1.0000000180025095e-35 0.15000000000000005 0.14270250000000004 5401.5000000000009 0.23163550000000002 0.24500000000000002 6.5000000000000009 0.43643650000000006
decision_type=2 2 2 2 2 10 10 8 2 2 2 8 1 2 2 10 8 10 10 8 2 2 2 2 10 2 10 2 2 10
left_child=12 2 7 -4 10 9 -7 8 -2 -6 -5 -12 13 15 -15 -1 17 -14 -18 20 21 -17 -22 -24 -21 26 -26 -27 -19 -30
right_child=1 -3 3 4 5 6 -8 -9 -10 -11 11 -13 16 14 -16 19 18 28 -20 24 22 -23 23 -25 25 27 -28 -29 29 -31
leaf_value=-0.0038206969054951543 0.00011688036752795977 0.0077285986499252149 -0.0016927522103223737 -0.0015637773664572416 0.0024993091503711195 -0.0060117246679583271 0.0019878748116481308 0.0016493683064494192 -0.0012935628258963182 0.0069788188944848685 -0.0048883202618668986 0.002123406344405443 0.002944865761512659 -0.0030712476666151936 0.0010392871710146541 -0.0014949110931791428 -0.00032379410733923122 0.001172191039980688 -0.0067231780752405124 0.00015309452505354068 0.00026282838475687268 -0.0074605042660305159 -0.0078520160851015472 -0.00093226689098513513 0.00070298503340187344 -0.0043010881873147746 -0.00065393626380829501 -0.0011036772064866591 0.00035307185191485989 -0.0032460572407521063
leaf_weight=826.24447840452194 109060.96547490358 305.78643293678761 1493.9384341537952 1291.2713323682547 1017.9102479070425 231.8899257183075 797.57338671386242 4338.0182138383389 5530.7122274339199 1131.2931077629328 220.91552628576756 3154.6945058554411 2527.4746298640966 679.3151888102293 11030.91785132885 9910.0542274415493 1207.7796963602304 6934.113990098238 351.41395495831966 53486.216579213738 13302.055263623595 396.71788175404072 244.11780008673668 10342.233039423823 10726.767085939646 1184.2879670262337 26045.128677070141 6502.3605637997389 3903.5110908299685 1451.8259910494089
leaf_count=3358 443704 1255 6107 5203 4108 939 3216 18455 22461 4570 896 12716 11169 2741 44456 39978 5257 30496 1482 216565 53511 1603 985 41688 43229 4761 105050 26201 16684 6260
internal_value=1.00356e-05 0.000208941 0.0001906 0.00124908 0.00181352 0.00335577 0.00014465 0.000107197 4.85121e-05 0.0048776 0.000755168 0.00165171 -0.000148573 -0.000230815 0.000797547 -0.000321623 0.000576071 0.000827964 -0.00179544 -0.000299431 -0.000758788 -0.00172955 -0.000338529 -0.00109685 -0.000138732 -0.000490478 -0.000257267 -0.00160169 0.000389544 -0.00061832
internal_weight=289628 128575 128269 9339.49 7845.55 3178.67 1029.46 118930 114592 2149.2 4666.88 3375.61 161053 144676 11710.2 132966 16376.1 14816.9 1559.19 132140 34195.2 10306.8 23888.4 10586.4 97944.8 44458.5 36771.9 7686.65 12289.5 5355.34
internal_count=1179104 523630 522375 37755 31648 12833 4155 484620 466165 8678 18815 13612 655474 584126 47197 536929 71348 64609 6739 533571 137765 41581 96184 42673 395806 179241 148279 30962 53440 22944
cat_boundaries=0 1
cat_threshold=2
is_linear=0
shrinkage=0.03


Tree=172
num_leaves=31
num_cat=10
split_feature=25 18 24 35 26 41 32 27 27 31 23 46 36 35 27 52 32 41 33 52 46 28 26 30 27 29 27 23 38 35
split_gain=13.251 32.8209 23.5676 18.1934 15.2608 16.2132 14.0236 19.7283 12.6719 15.3294 14.9945 14.1842 12.6374 17.4601 18.192 14.384 12.4771 16.6982 14.3476 20.8971 12.2801 20.3194 14.7126 17.5962 15.2249 14.547 13.5014 14.5291 12.8806 14.1868
threshold=0 1 2 0.3112930000000001 3 0.54087000000000007 0.32916800000000007 4 5 0.15335850000000004 21834.500000000004 0.14286850000000004 0.50516800000000017 0.35149950000000008 6 -0.18682149999999997 0.34929550000000004 0.6000430000000001 0.45423950000000007 0.11828500000000002 0.04183930000000001 3825.5000000000005 7 0.33064850000000007 8 0.67588450000000011 9 22117.500000000004 0.14701200000000003 0.63652100000000011
decision_type=1 1 1 8 9 10 8 9 9 8 2 10 8 10 9 8 8 8 10 10 8 2 9 10 9 10 9 2 10 10
left_child=3 2 4 -1 6 8 7 -2 10 -10 -6 -12 13 -8 -15 -14 17 18 19 -3 21 22 23 24 -5 28 27 -27 29 -22
right_child=1 16 -4 20 5 -7 12 -9 9 -11 11 -13 15 14 -16 -17 -18 -19 -20 -21 25 -23 -24 -25 -26 26 -28 -29 -30 -31
leaf_value=-0.0029289645019559131 0.00087070768505002774 0.004327121497309897 -0.001540620284185527 0.00058221780087769413 -0.0050500947298667475 0.00033017811883642148 0.0069924117802267951 -0.0066880991410045087 -0.00099803136835485869 0.0007492015012136639 -0.0025065619978986765 -0.0004127479983784501 -0.0044989021506339644 -0.0037596455895496025 0.00060863747304687682 0.002122934610480388 6.8993907519020132e-05 -0.0035619011362338065 0.00084183831596290561 -0.0040047088266901808 -0.00018276715203971228 0.0040253637136929256 0.00030334708259496156 -0.0075956613346817034 -0.001841062660695978 -0.0015531670088702102 0.00098668826945332 0.0079857142181563538 0.00059180457894722363 0.0011286184963198778
leaf_weight=1661.318843215704 715.93998944759369 2270.7955545037985 18983.30656260252 3292.9327395409346 1075.3847414553165 13049.734445467591 271.26068893074989 527.97550457715988 14567.283419057727 6529.8469125032425 5249.6012858003378 6630.5274117141962 304.4127209931612 1268.4869996905327 2567.280421257019 6237.5742436051369 44575.008587226272 656.91162250936031 11093.611800789833 301.47678184509277 56220.524128302932 868.74405767023563 8379.3870436549187 390.48755796253681 7843.9107237458229 178.34894061088562 1593.2033755630255 630.29982183873653 63449.354674965143 8550.6581887602806
leaf_count=6779 2923 9212 77303 13679 4327 53700 1097 2155 58778 26257 21126 26732 1247 5131 10322 26127 181656 2808 44876 1223 227737 3489 34093 1599 32351 795 7187 2861 256538 36288
internal_value=-2.40952e-06 -0.000216976 -0.000620783 0.000189276 -0.000324334 -0.000567062 0.00063432 -0.00236857 -0.000911951 -0.000455572 -0.00165091 -0.00134089 0.000989069 -0.000308937 -0.000838155 0.0018083 0.000317196 0.00108759 0.00131402 0.00333543 0.000223748 -0.000453075 -0.000650601 -0.00134564 -0.00112302 0.000331635 0.00264486 0.00577581 0.000288008 -9.13939e-06
internal_weight=289936 136876 77978.6 153059 58995.3 47102.4 11892.9 1243.92 34052.6 21097.1 12955.5 11880.1 10649 4107.03 3835.77 6541.99 58897.8 14322.8 13665.9 2572.27 151398 20775.5 19906.7 11527.3 11136.8 130622 2401.85 808.649 128221 64771.2
internal_count=1180396 557000 317225 623396 239922 190920 49002 5078 137220 85035 52185 47858 43924 16550 15453 27374 239775 58119 55311 10435 616617 85211 81722 47629 46030 531406 10843 3656 520563 264025
cat_boundaries=0 1 2 3 4 5 6 7 8 9 10
cat_threshold=2 129 2 3090 470 660 2083 2119 2580 57
is_linear=0
shrinkage=0.03


Tree=173
num_leaves=31
num_cat=5
split_feature=46 30 32 26 35 41 22 27 53 22 28 46 1 30 29 41 34 42 45 27 41 26 33 27 37 44 21 28 35 36
split_gain=13.1586 15.6504 14.5541 20.1446 19.3192 19.6381 13.6678 22.8461 16.546 15.2098 15.0057 15.3801 14.14 17.2812 15.5345 13.0415 13.0377 17.343 16.287 13.1886 12.6444 12.6937 12.1279 11.9779 11.8771 11.7651 11.7103 11.5488 11.5296 11.264
threshold=0.047795000000000011 0.073730350000000014 0.40391850000000001 0 0.54953550000000007 0.55145150000000009 24305.500000000004 1 0.0070519999999999758 24487.500000000004 356.50000000000006 0.30408150000000006 8.5000000000000018 0.23464800000000002 0.47671100000000005 0.49704300000000007 0.37378450000000002 0.14994950000000004 0.42718250000000008 2 0.51349050000000018 3 0.41675950000000006 4 0.15898500000000002 0.6241945000000001 0.85500000000000009 559.50000000000011 0.44461950000000006 0.75524900000000017
decision_type=8 8 10 9 10 10 2 9 8 2 2 10 2 10 10 10 10 8 10 9 10 9 10 9 10 10 2 2 10 8
left_child=2 -2 29 4 5 16 -3 10 12 15 20 24 14 -14 28 -10 18 19 -4 -18 -8 -22 -6 -5 27 -19 -26 -12 -9 -1
right_child=1 6 3 23 22 -7 7 8 9 -11 11 -13 13 -15 -16 -17 17 25 -20 -21 21 -23 -24 -25 26 -27 -28 -29 -30 -31
leaf_value=2.677179363706829e-05 0.0024227911408264253 1.2895658712785953e-05 0.0039784314736903015 -0.003060913659530881 -0.00093046093161056628 0.0043315371171557451 0.0032503264692024976 0.00061169988144399966 0.0047922730893653377 -0.0037211395092136817 0.0092431343309352758 -0.0051410933811769782 -0.0054803931322371328 0.0015717508678253541 0.0027589423078255527 -0.00086290365906556562 0.0070997126330715902 -0.0090514349024161788 -0.0051732061309898176 -0.0010345404716003497 0.00086546351152084317 -0.0051396871457338993 -0.0071753938337687506 -0.00072224984592129395 0.0036221881961953275 -0.0012585714809108968 0.00015012398555907855 0.0036587983158195146 -0.0056736469479821772 -0.0026946432403300801
leaf_weight=30485.174716517329 2592.0612892359495 221814.63189765811 952.31359770894051 5234.0030106753111 842.43934985995293 1230.0942478328943 589.10917589068413 1009.1471441239119 413.07774788141251 1601.1675037592649 402.71470665931702 210.66888593137264 603.52066139876842 634.02524381875992 3596.3192768990993 3084.380595728755 211.8347136080265 374.41890422999859 209.08899317681789 864.2428423166275 636.21598148345947 602.9884780049324 427.60372394323349 3257.0500032007694 1716.6239694803953 344.97847065329552 1817.2734212428331 2256.4785184562206 349.08597391843796 1429.3284807950258
leaf_count=124085 11519 901659 3884 21905 3484 5087 2376 4091 1668 6452 1621 849 2434 2553 14471 12429 855 1517 848 3496 2562 2430 1758 13591 6915 1403 7324 9104 1407 6069
internal_value=1.7307e-05 0.000105064 -0.000448767 -0.00125722 0.000161397 0.00115019 8.00163e-05 0.000840974 -3.36507e-05 -0.00130144 0.00204135 0.00272847 0.00100549 -0.00184816 0.00172501 -0.000182877 -0.000166206 -0.00177674 0.002296 0.000610446 -0.000338318 -0.00207222 -0.00306855 -0.00216984 0.00300336 -0.00537673 0.00184684 0.00452524 -0.000990632 -9.44119e-05
internal_weight=289792 243929 45862.6 13948.1 5457.01 4186.97 241337 19522.8 11290.7 5098.63 8232.07 6403.76 6192.1 1237.55 4954.55 3497.46 2956.88 1795.47 1161.4 1076.08 1828.31 1239.2 1270.04 8491.05 6193.09 719.397 3533.9 2659.19 1358.23 31914.5
internal_count=1179846 991864 187982 57828 22332 17090 980345 78686 45505 20549 33181 25813 24956 4987 19969 14097 12003 7271 4732 4351 7368 4992 5242 35496 24964 2920 14239 10725 5498 130154
cat_boundaries=0 1 2 3 4 5
cat_threshold=440 394 168 285 1803
is_linear=0
shrinkage=0.03


Tree=174
num_leaves=31
num_cat=7
split_feature=6 35 22 48 18 41 39 26 27 36 37 31 27 34 32 53 35 13 26 42 40 2 34 17 18 22 5 0 39 1
split_gain=10.9971 21.6446 13.085 12.149 18.9476 18.5045 14.5207 12.7967 16.165 12.135 11.9127 11.4559 10.89 14.2381 10.4964 22.6125 12.7233 14.5765 13.5634 12.1566 10.449 10.4326 10.3433 11.9503 10.2075 10.3747 12.7739 22.9767 21.5929 19.4889
threshold=2.5000000000000004 0.74527650000000012 23845.500000000004 1.0000000180025095e-35 0 0.48351800000000006 0.14773950000000002 1 2 0.47171650000000004 0.26339700000000005 0.13821450000000005 3 0.57364950000000003 0.42727550000000009 -0.0061534999999999776 0.3112930000000001 -2.4999999999999996 4 0.11977550000000002 1364.5000000000002 1.5000000000000002 0.80116300000000018 1.0000000180025095e-35 5 23903.500000000004 6 2022.5000000000002 0.14913150000000003 6.5000000000000009
decision_type=2 8 2 2 1 10 10 9 9 10 10 10 9 10 10 10 10 2 9 10 2 2 10 2 1 2 1 2 10 2
left_child=14 3 -3 6 5 11 9 8 -6 -2 -9 -5 13 -8 16 19 17 -1 -19 -16 -15 -14 -17 -24 -18 26 -26 28 29 -28
right_child=1 2 -4 4 7 -7 12 10 -10 -11 -12 -13 21 20 15 22 24 18 -20 -21 -22 -23 23 -25 25 -27 27 -29 -30 -31
leaf_value=-0.0038985344472979794 0.0038447852083217235 0.0071695716624914276 -0.00046905773084823896 -0.013566712011155757 0.010469275835291943 -0.001857373583556744 -0.0036844019648628492 0.00042017199872886849 -5.4215808514854712e-05 0.00028309751983821702 -0.0071240086034487253 -0.0034431906448008829 -0.0038282834851029249 -0.0038545227100406612 0.0024784852492728579 -0.0021051488640335004 0.0013873161879207165 0.0017309323206256841 -0.0016647663729193222 -0.00022008786343265808 0.0037669058979122876 0.00083556948365219738 0.0078730007198481895 -0.0016938680528240746 -8.0376673989358238e-05 0.00047495520321052859 0.0019264562010644296 -0.00090235419371383898 0.0036210330578551834 -0.0012955068049153148
leaf_weight=1441.648740619421 1035.8882673978806 500.95967580378056 324.34794376790524 197.75703473389149 237.79468138515949 8225.0505540668964 2217.5665618479252 1921.2230252027512 273.61374948918819 5175.0331189632416 205.42555992305279 227.89539784193039 514.55013626813889 239.72882504761219 1921.5519747287035 7528.4928769767284 5651.8087894022465 1645.1178098171949 2900.9172178804874 6783.9792751669884 473.02820765972137 2592.6402217000723 204.22018598020077 260.94013701379299 170630.15486325324 51494.545808464289 4366.6339189112186 4722.5964976251125 3305.6497259587049 2741.7496006041765
leaf_count=5938 4191 2176 1363 803 961 33446 8923 7825 1108 21114 834 929 2085 978 8226 31171 23011 6815 11904 27841 1905 10502 922 1152 689552 208232 20651 18981 14506 12506
internal_value=-1.02412e-05 -0.000620303 0.00414053 -0.000789017 -0.00149909 -0.00217704 -0.00013192 0.000718121 0.00492002 0.000883531 -0.000302069 -0.00827857 -0.00118142 -0.00248831 4.56109e-05 -0.000682205 9.45695e-05 -0.00127079 -0.000428861 0.000372766 0.00115619 5.04806e-05 -0.00183459 0.00246575 0.000128364 9.8168e-05 -6.11666e-06 0.00082886 0.00161685 0.000679483
internal_weight=289963 24362.5 825.308 23537.2 11288.8 8650.7 12248.4 2638.06 511.408 6210.92 2126.65 425.652 6037.51 2930.32 265600 16699.2 248901 5987.68 4546.04 8705.53 712.757 3107.19 7993.65 465.16 242913 237261 185767 15136.6 10414 7108.38
internal_count=1180551 99143 3539 95604 45906 35178 49698 10728 2069 25305 8659 1732 24393 11806 1081408 69312 1012096 24657 18719 36067 2883 12587 33245 2074 987439 964428 756196 66644 47663 33157
cat_boundaries=0 1 2 3 4 5 6 7
cat_threshold=138 72 912 541 3365 64 2
is_linear=0
shrinkage=0.03


Tree=175
num_leaves=31
num_cat=6
split_feature=22 41 26 22 36 26 23 35 21 8 10 27 38 19 1 22 19 55 27 26 20 55 46 29 52 30 26 31 45 41
split_gain=12.9812 13.0345 19.2471 15.404 12.1405 12.3979 10.6355 20.3977 12.2686 11.3334 13.1879 18.8163 14.2879 12.9276 11.1099 16.8826 16.3478 16.3342 18.8792 19.0644 24.3289 20.7358 17.707 17.521 14.476 15.0978 14.0077 15.4705 13.8242 17.9941
threshold=21694.500000000004 0.45200300000000004 0 23093.000000000004 0.44455800000000006 1 24144.500000000004 0.40037450000000008 0.81500000000000006 1.5000000000000002 4.5000000000000009 2 0.064611000000000016 99.950000000000017 6.5000000000000009 24152.500000000004 54.850000000000001 5.5510178349084196 3 4 79.050000000000011 8.6320385791113825 0.25397500000000006 0.53359800000000013 0.055655500000000004 0.37305400000000005 5 0.18382500000000002 0.37730750000000007 0.51527750000000017
decision_type=2 8 9 2 10 9 2 8 2 2 2 9 8 2 2 2 2 2 9 9 2 2 8 10 10 10 9 8 10 10
left_child=-1 2 3 -2 5 -4 9 -8 -9 10 14 -12 -13 -11 15 17 -16 23 -19 20 22 -22 -20 -3 25 26 27 -17 -18 -30
right_child=1 6 4 -5 -6 -7 7 8 -10 13 11 12 -14 -15 16 24 28 18 19 -21 21 -23 -24 -25 -26 -27 -28 -29 29 -31
leaf_value=0.0012190529733207304 -0.00045360602995108898 0.0032023410263984087 -0.0051750137040620378 -0.0066425070619011021 0.00092754765631311326 0.0031591949934252741 -0.0021078808057097206 0.00019710317483596961 0.0017824044088128039 0.00027412927153155393 -0.0022802110965929158 0.0022184402936437394 -0.00059187823789540498 -0.0031070454766048373 -0.0006518322655015735 0.0041519871753708248 0.00068607638262222436 -0.00080377225578509017 0.0023159251251951233 -0.00038582199007513912 0.00017704689762132109 -0.0053264910833040365 -0.0008563121518988954 0.00024289669019576728 0.0038861216338687463 -0.0071663390558833135 4.078036862426011e-05 -0.0013378959291754217 0.0022699478550449073 -0.0020409881216302593
leaf_weight=7684.4650267958641 593.11449357867241 2793.0778896957636 665.6788445264101 973.53567957878113 2260.2536603808403 198.57779914140701 2119.9828225821257 8730.2500387281179 8940.7318209558725 82386.865064889193 5891.2707223445177 1744.7898043394089 23175.207484140992 1026.206949070096 48312.720723867416 1931.7612804025412 18686.173110812902 23687.0156365484 9359.8143105059862 16219.28867174685 2616.9519774317741 799.04798616468906 1889.0251712352037 5128.1718818545341 1721.0638071745634 203.23452366888523 4502.5275151133537 595.51973810791969 1111.357776388526 3925.4464713782072
leaf_count=31438 2392 11510 2710 3930 9137 808 8612 35438 36273 335551 23819 7245 94303 4162 196246 7829 75989 96961 37886 65800 10570 3217 7695 21971 6997 830 18183 2401 4477 15877
internal_value=2.63164e-06 -3.03998e-05 -0.00159806 -0.00429655 -0.000218161 -0.00324443 -3.77314e-06 0.000666249 0.00100106 -5.53521e-05 -0.000193076 -0.000756283 -0.000393507 0.000232062 -7.19108e-05 0.000192888 -0.000334958 1.78144e-05 -0.000166508 0.000321467 0.00110542 -0.00110507 0.00178046 0.00129102 0.001411 0.000816544 0.00105456 0.00283526 0.000309105 -0.00108305
internal_weight=289873 282189 4691.16 1566.65 3124.51 864.257 277498 19791 17671 257707 174293 30811.3 24920 83413.1 143482 71446.5 72035.7 62492.4 54571.1 30884.1 14664.8 3416 11248.8 7921.25 8954.11 7233.04 7029.81 2527.28 23723 5036.8
internal_count=1180257 1148819 18977 6322 12655 3518 1129842 80323 71711 1049519 709806 125367 101548 339713 584439 291850 292589 255610 222129 125168 59368 13787 45581 33481 36240 29243 28413 10230 96343 20354
cat_boundaries=0 1 2 3 4 5 6
cat_threshold=836 154 192 526 453 834
is_linear=0
shrinkage=0.03


Tree=176
num_leaves=31
num_cat=4
split_feature=22 53 28 52 31 40 28 3 29 53 53 37 28 2 34 31 46 27 28 28 53 29 45 10 27 39 27 0 27 22
split_gain=15.0571 14.1056 28.911 21.6088 20.6566 20.9735 19.9468 23.8649 18.9617 15.8934 15.4261 15.3647 14.8407 15.1369 14.3765 20.6607 19.0245 14.556 32.9204 16.4103 14.1482 13.9323 13.3688 13.2978 13.0119 12.7689 12.7276 27.3513 18.8707 20.8325
threshold=21694.500000000004 0.0049369999999999978 1255.5000000000002 0.082857 0.18597750000000005 150.50000000000003 506.50000000000006 6.5000000000000009 0.54495600000000011 0.080137500000000042 -0.0011294999999999498 0.10733500000000001 9188.5000000000018 1.5000000000000002 0.57203950000000015 0.18019600000000002 0.26171700000000003 0 7094.5000000000009 653.50000000000011 -0.007366999999999956 0.57846500000000012 0.52553550000000004 11.500000000000002 1 0.24235550000000003 2 2020.5000000000002 3 23460.000000000004
decision_type=2 8 2 8 10 2 2 2 10 10 10 10 2 2 10 10 10 9 2 2 10 10 10 2 9 10 9 2 9 2
left_child=-1 6 3 4 11 -6 7 10 -9 23 25 -3 13 -11 22 17 -17 19 -19 20 -16 -20 26 -4 -15 -2 27 28 29 -8
right_child=1 2 9 -5 5 -7 14 8 -10 12 -12 -13 -14 24 15 16 -18 18 21 -21 -22 -23 -24 -25 -26 -27 -28 -29 -30 -31
leaf_value=0.0012764033692613135 0.0021651897516578285 -0.0018555020912387542 -0.00012424391429353718 0.00014953663204646418 0.0053206671423389057 -0.0042226950718332939 -0.0016944682506540919 0.00076765316839445005 -0.0017231935527328443 -0.0021416231356643097 -0.00022826087986857742 -0.0004990489126613086 0.0053909497407300267 -0.0015352034127501543 0 0.0074798694719568348 -0.0027753536402252092 0.00026904612561581365 -0.0053095861612168322 0.0013879264438025746 -0.0082966105412786498 9.2936759164221388e-05 0.0026990493405668219 0.0061888996130259975 0.0022506393151673146 -0.0021058645452489886 -0.0004188709622461254 0.00086957016206155012 -0.0030812170924093937 0.0039228220071118175
leaf_weight=7681.9305070191622 13274.837539002299 12637.095610037446 50320.910990133882 12996.944651082158 217.29576832056046 3018.3253450840712 1570.9698003977537 6677.1727810502052 4665.8727442622185 1175.2092826962471 3619.3668350279331 18754.200309887528 751.0279479175806 973.85544879734516 517.25896368920803 672.61579941213131 207.77564369142056 17530.966239735484 1463.3238457292318 12828.054732322693 288.34293183684349 592.18918798863888 1400.5198264718056 298.95445497334003 4649.5456685572863 651.94089294970036 86590.237917348742 19771.299417942762 3066.5430442392826 949.54849207401276
leaf_count=31433 54983 52334 203897 54152 895 12234 6336 27043 19380 4947 14862 76734 3084 4008 2176 2715 835 71621 5879 52354 1192 2419 5652 1201 19710 2657 349006 80003 12406 3839
internal_value=-3.35911e-05 -6.93793e-05 -0.0003433 -0.000891441 -0.00128301 -0.00356819 9.47905e-05 0.000815641 -0.000254478 0.000104975 0.00150907 -0.00104619 0.00138896 0.000940278 -4.6253e-05 0.000493534 0.00502443 0.000372111 -0.000150658 0.00112449 -0.00300894 -0.00374069 -0.000208919 -8.60021e-05 0.00159048 0.00196269 -0.000245638 0.000344721 -0.00150608 0.000410353
internal_weight=289814 282132 105793 47623.9 34626.9 3235.62 176339 28889.2 11343 58169.5 17546.1 31391.3 7549.64 6798.61 147450 34100.5 880.391 33220.1 19586.5 13633.7 805.602 2055.51 113349 50619.9 5623.4 13926.8 111949 25358.4 5587.06 2520.52
internal_count=1179987 1148554 433196 196349 142197 13129 715358 118925 46423 236847 72502 129068 31749 28665 596433 139191 3550 135641 79919 55722 3368 8298 457242 205098 23718 57640 451590 102584 22581 10175
cat_boundaries=0 1 2 3 4
cat_threshold=27 192 2114 64
is_linear=0
shrinkage=0.03


Tree=177
num_leaves=31
num_cat=9
split_feature=30 53 22 53 27 22 25 1 26 0 2 27 34 19 36 0 26 27 36 42 41 23 11 33 53 27 45 26 52 26
split_gain=12.7232 12.8473 12.1074 14.8439 19.6668 18.0661 14.5886 11.9753 27.4563 26.6545 17.234 26.0435 21.9957 19.2186 18.8351 18.4641 17.6933 23.8451 16.824 16.3361 14.7204 14.263 13.833 13.1409 13.1385 12.4644 16.2868 11.9916 11.9487 11.8573
threshold=0.35485600000000006 -0.057482999999999972 24301.500000000004 0.005338000000000038 0 24505.000000000004 1 9.5000000000000018 2 2021.5000000000002 1.5000000000000002 3 0.79329050000000012 74.050000000000011 0.52460750000000012 2022.5000000000002 4 5 0.47831050000000003 0.15609350000000002 0.57108500000000018 23471.500000000004 6.5000000000000009 0.45518850000000005 -0.039825999999999993 6 0.32077650000000008 7 -0.06126399999999995 8
decision_type=8 8 2 8 9 2 1 2 9 2 2 9 8 2 10 2 9 9 8 10 8 2 2 10 8 9 10 9 8 9
left_child=2 -2 7 -4 6 -6 29 -1 9 24 13 27 16 14 18 -15 22 20 -10 -19 -18 23 25 -16 -9 26 -13 -12 -20 -5
right_child=1 -3 3 4 5 -7 -8 8 10 -11 11 12 -14 15 21 -17 17 19 28 -21 -22 -23 -24 -25 -26 -27 -28 -29 -30 -31
leaf_value=4.0827210151355682e-05 -0.0063119857584686108 -0.0010361345974372051 0.0014345204207660883 -0.0021859711873585428 0.00011232475798368255 -0.002977761408050767 0.0050001552314095548 0.0095030660384656327 0.0025291950664976279 -0.0036008019480665739 0.0063338536718483066 0.0017244266951986081 0.0070771558956001096 -0.0069378683849905609 0.010186552324176654 0.0029918584417291676 -0.001373013797179834 -0.00516664786573196 0.0018637271181011772 -0.01419374639865518 -0.009029205373708122 -0.0003037078618838977 0.0010891757462377285 0.0024438165084172537 0.0028864159718279634 -0.0032170809090108312 -0.0035746715290189911 0.00043486908287252492 -0.0060710558091330927 0.0039158333035591436
leaf_weight=244078.70181907713 484.51945088803768 3007.4124840050936 11894.110714942217 744.57265315949917 5679.0579295754433 2418.5333888679743 1026.5670073777437 348.94621039927006 931.31814467906952 491.25479058921337 408.50019539892673 1391.6892958134413 229.4568163305521 489.72446683049202 471.94206294417381 249.06119994819164 3146.2752861827612 1821.0121067911386 245.76006868481636 204.47502657771111 243.01008997857571 342.30639214813709 1754.2737074643373 362.29813985526562 1303.5150699913502 3046.7084558010101 829.89905492961407 1248.7512440383434 515.0487717539072 447.62606932222843
leaf_count=995225 2004 12290 47939 3000 22881 9753 4136 1413 3748 2032 1650 5614 928 1973 1911 1000 12682 7344 986 824 988 1426 7061 1474 5289 12279 3341 5114 2067 1804
internal_value=1.74067e-05 -0.00178155 3.94664e-05 0.000712173 -0.000117916 -0.000806663 0.00237287 -1.69897e-05 -0.000721334 0.00247413 -0.00110614 -0.0015741 -0.00203715 0.000740387 0.00185866 -0.00355133 -0.00221102 -0.00350128 -0.000152442 -0.00608239 -0.00193261 0.00476952 -0.00120412 0.00688063 0.00431645 -0.00197591 -0.000242685 0.00194487 -0.00347139 9.84798e-05
internal_weight=289856 3491.93 286364 22210.5 10316.4 8097.59 2218.77 264154 20075.2 2143.72 17931.5 14324.1 12666.8 3607.46 2868.67 738.786 12437.3 5414.77 1692.13 2025.49 3389.29 1176.55 7022.57 834.24 1652.46 5268.3 2221.59 1657.25 760.809 1192.2
internal_count=1180176 14294 1165882 89513 41574 32634 8940 1076369 81144 8734 72410 57825 51061 14585 11612 2973 50133 21838 6801 8168 13670 4811 28295 3385 6702 21234 8955 6764 3053 4804
cat_boundaries=0 1 2 3 4 5 6 7 8 9
cat_threshold=130 2 32 32 346 334 277 196 796
is_linear=0
shrinkage=0.03


Tree=178
num_leaves=31
num_cat=10
split_feature=52 30 6 26 21 33 27 35 26 27 13 33 1 53 43 43 35 9 27 42 26 27 11 26 27 5 11 43 53 46
split_gain=11.293 12.5262 13.8483 14.3959 11.5561 9.94152 9.88071 9.58665 13.0845 15.1056 13.1948 9.78891 9.48981 16.7324 23.3104 20.8542 36.8057 20.5143 20.1374 18.0535 17.3869 17.3563 17.2832 18.3111 18.8858 16.9177 19.3587 15.9914 17.5933 15.6071
threshold=-0.150836 0.35485600000000006 1.5000000000000002 0 0.18500000000000003 0.42824050000000008 1 0.45719000000000004 2 3 1.5000000000000002 0.43883250000000001 6.5000000000000009 0.001156500000000005 585.50000000000011 251.50000000000003 0.52557200000000004 1.5000000000000002 4 0.15333850000000002 5 6 9.5000000000000018 7 8 9 2.5000000000000004 135.50000000000003 -0.027226999999999942 0.24138850000000003
decision_type=8 10 2 9 2 10 9 10 9 9 2 10 2 10 2 2 8 2 9 8 9 9 2 9 9 1 2 2 8 10
left_child=7 12 3 -3 -5 6 -6 8 9 10 -1 -10 13 15 17 16 18 19 -2 21 -18 -15 23 24 -17 -16 -27 28 -14 -25
right_child=1 2 -4 4 5 -7 -8 -9 11 -11 -12 -13 27 14 25 22 20 -19 -20 -21 -22 -23 -24 29 -26 26 -28 -29 -30 -31
leaf_value=-0.0050643946774435837 0.005902960952213941 0.0042139900080669377 -0.0048868316091247371 -0.0056193984977261175 -0.0025687223593630539 -0.0026661802598901448 0.0051713715825453255 -0.00020329717305804542 -0.0034145722197749147 0.0020858466979368968 0.0029601784783351874 -0.00074330722424926414 0.0027630603897262395 -0.0013003983848329215 1.8841261013110151e-05 -0.0015013386679176993 -0.002498905007010486 -0.00019665847785027852 0.0019233067711618311 0.00093456100553489848 0.0010615376635672396 -0.0046012048310666923 -0.0009418902397735359 0.0011751270327974867 0.00046142865098375957 -0.00078859679979947765 0.004059204143662295 -8.5124492323413977e-05 -0.0028085323871727482 -0.00018739297437900338
leaf_weight=652.34375670552254 2084.583451539278 441.35619600117207 948.66485090553761 501.95576395094395 216.31795589625835 729.10435521602631 406.69902400672436 12322.247095912695 3258.5033508241177 1526.3385931402445 249.28204455971718 2042.5904451310635 589.65948887169361 2788.3860663920641 34005.192132890224 7250.3301364779472 1554.9724436551332 9017.9577528089285 2673.7734611183405 1225.348709821701 5761.7408853024244 3079.9212378263474 8957.3991427123547 30027.499341011047 11198.650136768818 1148.0365470647812 2039.3165798932314 129645.63506655395 3485.6308560520411 10065.590593442321
leaf_count=2633 8431 1799 3892 2052 882 2984 1664 49960 13191 6184 1004 8241 2449 11491 137375 29469 6670 37349 11019 5007 24196 12742 36289 121583 45528 5296 9480 526266 14393 40824
internal_value=-3.8871e-05 1.20642e-05 -0.00183982 -0.000562754 -0.00173432 -0.000273449 0.00247815 -0.000725736 -0.00155436 0.000261661 -0.00277941 -0.00238745 3.47317e-05 0.000214373 -0.000196539 0.000490002 0.00163862 -0.0011499 0.00369211 -0.0023569 0.000298084 -0.00304942 0.000284016 0.000472141 -0.000308815 0.000215704 0.0023046 -0.000143554 -0.00199358 0.000832115
internal_weight=289895 269844 3244.1 2295.43 1854.08 1352.12 623.017 20051.3 7729.06 2427.96 901.626 5301.09 266600 132879 53304.2 79574.5 12075.1 16111.6 4758.36 7093.66 7316.71 5868.31 67499.5 58542.1 18449 37192.5 3187.35 133721 4075.29 40093.1
internal_count=1180343 1099130 13273 9381 7582 5530 2546 81213 31253 9821 3637 21432 1085857 542749 218740 324009 50316 66589 19450 29240 30866 24233 273693 237404 74997 152151 14776 543108 16842 162407
cat_boundaries=0 1 2 3 4 5 6 7 8 9 10
cat_threshold=1184 165 648 609 1452 10 1892 2578 533 2
is_linear=0
shrinkage=0.03


Tree=179
num_leaves=31
num_cat=2
split_feature=48 33 33 44 43 26 31 44 7 40 53 41 45 32 35 26 38 35 37 43 6 13 31 37 53 19 33 21 41 12
split_gain=13.4018 14.2719 14.0384 22.6027 25.634 14.4972 14.9121 15.3587 14.4309 13.2681 13.6642 12.8515 12.5294 12.314 12.1357 11.8047 13.1762 11.8096 11.7567 11.5374 11.2597 11.0985 12.7074 11.2179 10.9594 12.1702 10.8146 14.1591 13.8045 11.2927
threshold=1.0000000180025095e-35 0.5000285000000001 0.44911850000000003 0.51852100000000012 4154.5000000000009 0 0.10370750000000002 0.57630000000000015 1.5000000000000002 4378.5000000000009 -0.024038500000000015 0.56211650000000002 0.32316000000000006 0.35003450000000008 0.49022800000000005 1 0.12199250000000002 0.61460050000000011 0.18537600000000001 2389.5000000000005 2.5000000000000004 -1.0000000180025095e-35 0.12630750000000004 0.22594650000000002 -0.026128999999999982 81.950000000000017 0.41637950000000007 1.5450000000000002 0.61216450000000011 6.5000000000000009
decision_type=2 8 8 10 2 9 10 10 2 2 8 8 10 10 10 9 10 10 8 2 2 2 10 10 10 2 10 2 10 2
left_child=1 -1 3 8 5 6 7 12 26 21 -11 -6 -5 18 -10 -16 17 -17 19 24 -15 22 -8 -23 -7 -26 27 -2 29 -28
right_child=2 -3 -4 4 11 13 9 -9 14 10 -12 -13 -14 20 15 16 -18 -19 -20 -21 -22 23 -24 -25 25 -27 28 -29 -30 -31
leaf_value=0.00022667504611348173 0.0010853053136149803 -0.0013854267884274376 0.00011614882612255447 -0.012357917365753184 -0.0024737907585511854 -0.0091070407172860138 -0.0025080380895204772 -0.00082589493484803284 0.00060228160189978205 -0.0033101816351395856 0.00022608132690049235 -0.0079259681114639199 -0.0018720419262640076 -0.00072170383683644495 -0.0041135269990752186 -0.0046692680801669727 0.00033711738154583535 0.00047373921621632852 0.00017924760691393767 -0.01144399572626824 -0.0028014290620541702 0.0010656910280928947 0.00069375213598610059 0.0043951682295352863 -0.00419518646328509 0.0044966791108257886 0.00017195605307835984 0.0056422574994929031 0.0042949230018436858 -0.0041852789365249459
leaf_weight=139464.65333405137 3934.8713406473398 5116.8186163008213 59283.244335711002 231.36893059313297 4252.8245300650597 249.69980326294899 1521.3231409490108 1001.2778582125902 3180.405399248004 1630.516675889492 2434.4086244106293 433.6524401307106 198.18181896209717 26249.226324334741 1379.3769501149654 1192.5700402408838 2797.9778570234776 589.3757601827383 514.42412030696869 218.76269289851189 2585.394804880023 5152.5754787772894 4144.5104014277458 1117.5761427879333 512.78409416973591 196.21571557223797 18241.047944352031 731.94065910577774 710.85953027009964 548.36503717303276
leaf_count=568367 16182 20737 240381 947 17144 1018 6180 4157 12863 6604 9851 1777 809 107805 5612 4820 11314 2473 2104 883 10643 20959 16836 4542 2117 808 73792 3019 3063 2213
internal_value=-3.49557e-05 0.000169387 -0.000238585 -0.0004836 -0.000870613 -0.000662762 2.60887e-05 -0.00290297 0.000127237 0.000290396 -0.0011864 -0.00298944 -0.00763594 -0.00105673 -0.000886808 -0.00168645 -0.000935689 -0.00295348 -0.00354859 -0.00519898 -0.00090949 0.000796019 -0.000161535 0.00166573 -0.0037115 -0.00173877 0.00051204 0.00180961 0.000199737 4.25469e-05
internal_weight=289816 144581 145235 85951.5 52644.7 47958.2 17431.7 1430.83 33306.8 16000.9 4064.93 4686.48 429.551 30526.5 9139.71 5959.3 4579.92 1781.95 1691.89 1177.46 28834.6 11936 5665.83 6270.15 958.7 709 24167.1 4666.81 19500.3 18789.4
internal_count=1180020 589104 590916 350535 215184 196263 70885 5913 135351 64972 16455 18921 1756 125378 37082 24219 18607 7293 6930 4826 118448 48517 23016 25501 3943 2925 98269 19201 79068 76005
cat_boundaries=0 1 2
cat_threshold=585 21
is_linear=0
shrinkage=0.03


Tree=180
num_leaves=31
num_cat=6
split_feature=33 45 36 52 41 48 24 26 44 42 45 27 22 36 32 28 3 2 27 28 29 53 32 35 9 26 27 22 44 22
split_gain=12.3311 15.2974 17.8358 17.4146 12.5376 12.4072 13.4075 15.2609 19.035 15.0546 13.1748 21.7082 18.1524 18.2817 19.396 21.5825 18.0603 15.4871 15.0096 14.1762 21.8654 14.4249 14.0903 17.4302 15.5046 15.6281 14.8222 13.5621 17.5452 13.9526
threshold=0.5000285000000001 0.30619800000000003 0.52645850000000005 -1.0000000180025095e-35 0.5671655000000001 1.0000000180025095e-35 0 1 0.38528200000000007 0.14855750000000004 0.30769650000000009 2 24620.000000000004 0.39349550000000005 0.33684300000000006 11127.500000000002 4.5000000000000009 1.5000000000000002 3 105.50000000000001 0.68426550000000008 0.0022174999999999838 0.36469750000000006 0.50074200000000013 2.5000000000000004 4 5 22319.500000000004 0.47434750000000009 24099.500000000004
decision_type=8 8 8 10 8 2 1 9 10 8 10 9 2 10 10 2 2 2 9 2 10 10 10 10 2 9 9 2 10 2
left_child=5 4 3 -3 -2 10 -7 8 -8 -10 17 12 13 18 -15 -16 27 22 -12 21 -21 -19 -1 -24 26 -26 -25 -13 -29 -30
right_child=1 2 -4 -5 -6 6 7 -9 9 -11 11 16 -14 14 15 -17 -18 19 -20 20 -22 -23 23 24 25 -27 -28 28 29 -31
leaf_value=0.00057780063039261642 -0.002750795181194904 -0.0010998076147535195 -0.0013143729373946891 0.0050101269965242686 0.00097588972031399906 -8.2492482988955182e-06 0.0045680362061803915 -0.0012949282065367288 0.00046278321904455352 -0.0016242054177378455 0.0057699721324253172 -0.002521604498935002 -0.0087472408642113152 0.0015007789575703652 -0.00082843794770906087 -0.0064899980163072328 0.0013653515361597777 1.6466710173438798e-05 0.0001251304978649674 0.00068841711977852735 0.0050430812267193087 -0.0044244389153459346 0.0001482494655169702 -0.0053003927294689255 0.00043709908033696281 -0.0069670330132390402 0.00028220311453474044 0.0022413327607795912 -0.0012707060033745263 0.0018027549082319189
leaf_weight=6183.3965258449316 4571.7826099544764 677.2060272693634 2518.8530754745007 1069.1000407040119 972.98542106151581 108252.58790747821 778.75431469082832 17757.184624314308 9153.7916181832552 4700.7224770188332 704.00167508423328 1984.5751890689135 241.85871322453022 3216.231417119503 28341.414878189564 618.18305119872093 12556.76205483079 2174.6920434683561 1077.3402276337147 63118.544077917933 1054.6738383024931 932.82474914193153 3378.6234633177519 570.55992493033409 330.76312178373337 1095.0949660092592 1575.6689613610506 2737.2366562336683 5782.2829881161451 1717.0864760577679
leaf_count=25140 18429 2720 10285 4294 4047 440321 3224 72467 37234 19039 2845 8062 978 13111 114812 2475 51237 9115 4368 256867 4903 3857 13676 2352 1436 4470 6573 11101 23786 6959
internal_value=-6.61106e-06 -0.001052 0.00029254 0.00262576 -0.00209126 2.99139e-05 -0.000168759 -0.000704224 1.15306e-05 -0.000243348 0.000230585 -0.000109565 -0.00059979 -0.000540286 -0.000704864 -0.000950987 0.000565848 0.000480421 0.00241182 0.000664548 0.000760685 -0.00130996 -0.000460438 -0.00138823 -0.00284878 -0.00527685 -0.00121661 -0.000252826 0.000184703 -0.000562556
internal_weight=289845 9809.93 4265.16 1746.31 5544.77 280035 140643 32390.5 14633.3 13854.5 139392 58977 34199 33957.2 32175.8 28959.6 24777.9 80414.8 1781.34 67280.7 64173.2 3107.52 13134.1 6950.71 3572.09 1425.86 2146.23 12221.2 10236.6 7499.37
internal_count=1180183 39775 17299 7014 22476 1140408 572285 131964 59497 56273 568123 239734 138589 137611 130398 117287 101145 328389 7213 274742 261770 12972 53647 28507 14831 5906 8925 49908 41846 30745
cat_boundaries=0 1 2 3 4 5 6
cat_threshold=2 2281 756 544 6 2464
is_linear=0
shrinkage=0.03


Tree=181
num_leaves=31
num_cat=6
split_feature=32 45 13 27 26 35 2 36 36 44 37 39 31 26 30 30 45 33 26 18 32 35 52 36 18 39 29 30 45 53
split_gain=11.7092 11.4863 15.2078 16.9305 17.8472 14.8214 13.6026 23.0529 13.9229 12.8576 14.6521 11.8609 18.7812 11.34 11.1148 17.4122 11.895 17.4997 11.3194 10.8151 11.4369 10.3974 17.5493 11.092 10.1403 11.7028 11.0651 11.4135 12.1328 10.4464
threshold=0.33911650000000004 0.1840745 1.0000000180025095e-35 0 1 0.42117450000000006 5.5000000000000009 0.52946800000000016 0.51620150000000009 0.64153450000000012 0.14745450000000002 0.086458850000000018 0.10786200000000001 2 0.14912500000000004 0.16137200000000002 0.24803200000000003 0.46105950000000007 3 4 0.32322500000000004 0.61295850000000007 -0.0053324999999999892 0.61272450000000012 5 0.035504200000000007 0.57608850000000011 0.16940050000000004 0.40212950000000008 0.087185000000000026
decision_type=10 8 2 9 9 8 2 8 10 10 8 8 10 9 10 10 10 10 9 1 10 8 8 10 1 10 10 10 10 8
left_child=1 11 6 4 -4 -5 -3 8 -8 10 -9 -1 -13 -12 21 -16 17 -17 -18 20 -6 -7 -23 -24 25 -2 27 28 -27 -26
right_child=24 2 3 5 19 14 7 9 -10 -11 13 12 -14 -15 15 16 18 -19 -20 -21 -22 22 23 -25 29 26 -28 -29 -30 -31
leaf_value=0.0048384160667304414 -0.0040366636551034439 0.0010511437586590894 0.0055942814946985889 -0.0055673757161078495 -0.0076347952679981712 0.0029675248729360785 0.00039694165721735068 0.00057456583941814141 0.0073791663873407423 -0.0090705751369862721 0.00089995168350340098 -0.003797841472796144 0.0014390934626518292 -0.0062582699029712745 -0.0074862124762221597 -0.007155534301148272 0.00073695013536288117 -0.0013363497414598097 -0.0019404453214873147 0.0012793570184147104 0.00022082592346507808 -0.0066214995224416389 -0.0026532833870185619 0.0047119690028681865 -0.00020983430459362164 -0.0010703768382054168 0.0022270799517935349 0.0005566964657453973 -0.0092851939962243189 0.00066285917865488929
leaf_weight=807.91198420524597 482.38621683418751 17625.950037434697 686.4600737541914 624.49255841970444 284.71014127135277 1201.6729057431221 1213.0351273417473 999.36578124761581 327.04635858535767 262.2664766907692 260.01551307737827 663.39710038900375 7837.6372342407703 776.5645308047533 389.29489357769489 606.06350439786911 3769.5022071897984 2064.3471977710724 2258.3424645364285 2101.1115864217281 379.64408898353577 346.48467974364758 316.65578438341618 422.10893329977989 211071.10641154647 882.42955987155437 3392.4728540182114 14525.916205391288 198.94089582562447 13094.718641743064
leaf_count=3378 2017 71743 2799 2517 1163 4957 4873 4092 1319 1066 1064 2761 31762 3166 1600 2438 15250 8329 9106 8543 1537 1444 1327 1784 857461 3595 14267 58729 817 55395
internal_value=-1.83919e-05 0.000419218 0.000180756 -0.000535771 0.00130899 -0.00106938 0.000697943 -0.000915743 0.00191057 -0.00282277 -0.00199107 0.00136127 0.00102569 -0.00448797 -0.000819323 -0.00129118 -0.00100799 -0.00267481 -0.000263628 0.000213281 -0.00307389 0.00104185 -0.00106515 0.0015166 -0.000101541 0.000554397 0.000673449 0.000333459 -0.00263084 -0.000158707
internal_weight=289872 46224.1 36915.1 15450.9 3451.93 11999 21464.2 3838.29 1540.08 2298.21 2035.95 9308.95 8501.03 1036.58 11374.5 9087.55 8698.26 2670.41 6027.84 2765.47 664.354 2286.92 1085.25 738.765 243648 19482.1 18999.8 15607.3 1081.37 224166
internal_count=1180299 188018 150117 62794 14042 48752 87323 15580 6192 9388 8322 37901 34523 4230 46235 36723 35123 10767 24356 11243 2700 9512 4555 3111 992281 79425 77408 63141 4412 912856
cat_boundaries=0 1 2 3 4 5 6
cat_threshold=24 552 772 1478 12 84
is_linear=0
shrinkage=0.03


Tree=182
num_leaves=31
num_cat=9
split_feature=25 18 0 7 30 38 3 26 27 52 27 26 44 12 38 40 40 46 26 46 21 37 46 39 37 35 39 18 0 26
split_gain=10.1171 17.909 13.5412 20.405 23.035 17.6679 16.9619 16.6624 19.297 13.7818 13.2486 18.2582 13.0996 13.0501 12.4596 15.9602 18.7578 14.227 15.4221 13.0964 14.6605 12.5059 11.929 12.9059 11.755 17.2632 13.7324 11.6118 13.2899 13.7629
threshold=0 1 2019.5000000000002 1.5000000000000002 0.083340500000000012 0.12199250000000002 4.5000000000000009 2 3 -0.17482599999999998 4 5 0.62000450000000018 -4.4999999999999991 0.18525000000000003 3352.5000000000005 10182.500000000002 0.10621650000000002 6 0.2750105000000001 1.175 0.20603400000000002 0.24138850000000003 0.10009800000000001 0.17179600000000003 0.45840850000000005 0.21300250000000004 7 2020.5000000000002 8
decision_type=1 1 2 2 8 10 2 9 9 8 9 9 10 2 10 2 2 10 9 10 2 10 8 10 10 10 10 1 2 9
left_child=2 -2 3 4 5 -1 14 8 -5 -6 13 -12 -9 -11 -4 17 19 -16 24 20 -17 -20 -13 -24 -19 -26 -27 28 29 -8
right_child=1 -3 6 7 9 -7 27 12 -10 10 11 22 -14 -15 15 16 -18 18 21 -21 -22 -23 23 -25 25 26 -28 -29 -30 -31
leaf_value=0.0086747134345053056 -0.00044322290641210868 0.00027753164260877985 0.0001711175996871273 0.00044421453581279009 0.0052060741932615298 -0.00014651231525114863 0.000362147971200476 -0.00057499752730685134 -0.0057864582769598123 0.0057213058356510383 -0.0017036107463899706 0.0019830345928444123 0.0027511834860771828 0.0013745679022813 -0.0018804228529376143 0.0044641266902355915 -0.0019310605797506683 -0.00084318610845375325 0.001751705650828127 -0.00023920621823802815 0.00086715601315329389 -0.0032382347007297143 -0.0071244925805261945 0.00021500520758546256 -0.00037500487785033779 0.0073768095501653645 0.00040747129272294583 -1.6196912843245399e-05 -0.00047394498358420737 -0.0033425975834593903
leaf_weight=642.03327541053295 89167.987508118153 47519.525744199753 42943.61553183198 787.06594347953796 696.34223586320877 289.2711995691061 1237.5131531953812 4233.7244191914797 1005.9955168217421 677.61712269484997 3265.5629702061415 3889.7164029926062 1418.2790307104588 8044.6011568307877 2096.5553471893072 3597.2284066826105 849.10033458471298 662.88996584713459 805.03678107261658 1036.9868502914906 1456.3923486918211 1011.0704325586557 271.71754951775074 968.9671206176281 620.1632737070322 1016.617606267333 351.95429989695549 48515.46795912087 17493.808043807745 3214.8242092430592
leaf_count=2858 362826 193487 174829 3262 2844 1229 5005 17345 4216 2809 13482 16144 5806 33312 8515 14494 3421 2693 3257 4165 5866 4096 1145 4000 2505 4126 1426 196778 70994 13029
internal_value=-4.74559e-06 -0.000192444 0.000162636 0.000783707 0.00131183 0.00591098 3.42103e-05 -0.000542004 -0.00305138 0.00106876 0.00089782 4.23062e-05 0.000254915 0.00171558 0.000421903 0.00121698 0.00222005 0.000151447 0.00111227 0.00280435 0.00343459 -0.00100506 0.00116093 -0.00138158 0.00256734 0.00373166 0.0056112 -0.000275954 -0.000848347 -0.00231328
internal_weight=289788 136688 153100 26190.9 18745.8 931.304 126909 7445.06 1793.06 17814.5 17118.2 8395.96 5652 8722.22 56447.6 13504 6939.71 6564.29 4467.73 6090.61 5053.62 1816.11 5130.4 1240.68 2651.63 1988.74 1368.57 70461.6 21946.1 4452.34
internal_count=1179964 556313 623651 108452 77823 4087 515199 30629 7478 73736 70892 34771 23151 36121 229393 54564 27946 26618 18103 24525 20360 7353 21289 5145 10750 8057 5552 285806 89028 18034
cat_boundaries=0 1 2 3 4 5 6 7 8 9
cat_threshold=2 131 1538 2444 1596 402 791 44 104
is_linear=0
shrinkage=0.03


Tree=183
num_leaves=31
num_cat=7
split_feature=25 18 22 30 26 22 27 43 43 32 49 38 40 46 7 40 42 38 21 8 27 38 38 38 35 26 27 30 12 23
split_gain=11.5975 24.4009 16.2311 17.9599 16.535 21.9627 18.1614 15.0438 13.8568 13.8459 15.9364 14.2768 13.9942 14.9266 13.7927 13.6993 13.7523 13.5699 13.6399 13.0307 13.0009 13.0261 12.9423 16.7844 15.8005 15.4549 17.396 15.2917 13.5819 12.4676
threshold=0 1 22370.000000000004 0.17566600000000002 2 22292.500000000004 3 895.50000000000011 8397.5000000000018 0.37608650000000005 1.0000000180025095e-35 0.17398200000000005 2552.5000000000005 0.043176050000000007 1.0000000180025095e-35 2762.5000000000005 0.15880750000000002 0.11849300000000001 0.34500000000000003 1.0000000180025095e-35 4 0.14947550000000001 0.18686800000000001 0.19180250000000001 0.41318800000000006 5 6 0.19318850000000001 -4.4999999999999991 24052.000000000004
decision_type=1 1 2 8 9 2 9 2 2 10 2 8 2 10 2 2 10 10 2 2 9 10 8 8 8 9 9 10 2 2
left_child=22 2 4 9 5 8 -7 -6 -2 10 11 17 13 -12 19 16 -16 18 -4 -3 21 -19 29 -24 25 -25 27 -27 -29 -1
right_child=1 14 3 -5 7 6 -8 -9 -10 -11 12 -13 -14 -15 15 -17 -18 20 -20 -21 -22 -23 23 24 -26 26 -28 28 -30 -31
leaf_value=-0.00010681087533729697 0.00024571827884868131 -0.0015035282695922314 -0.0054835370093416517 -0.00063525016010199228 0.00012970055563689623 0.0016492474222795125 -0.0081901444914318135 -0.0029944334961412057 0.0072590947925344311 -0.00070983435463672939 0.0036200402093008429 -0.000423285176203706 0.0023976222444311679 -0.0040873446351087275 -0.00034806311057243778 0.0012880475576741576 0.0017084144777883841 0.0075297158010489218 0.0017965898868500287 9.017511069550308e-05 0.0016787525028151232 0.0022017763199385968 0.0026587593263308709 0.0018071595012877138 0.0007689912138282212 0.003190399041152659 0.00015222359681504486 0.0021914991846043522 -0.0047903357987793297 0.0009083838147920225
leaf_weight=103416.97384802997 3850.0744917541742 6059.9520197808743 266.13398498296738 50956.403531253338 1732.0398473441601 248.56567840278149 484.38993589580059 6611.2595789134502 269.43291503190994 4799.895137950778 272.44026155769825 1623.5520182102919 747.51711767911911 1191.7118758708239 14307.065529406071 15571.948253497481 3674.4834831357002 1188.6513729840517 1617.3723193258047 19244.135015115142 1373.576263025403 665.44413229823112 3381.2130437642336 1535.9523386657238 27063.814175233245 290.16433598101139 2638.7459907978773 274.60526286065578 2222.2526499330997 12165.519776016474
leaf_count=422045 15828 24701 1102 206158 7058 1012 1965 26697 1103 20232 1159 6679 3032 4924 58794 62838 14903 4886 6746 78409 5645 2735 13698 6196 109681 1170 10678 1117 9030 49602
internal_value=-2.22903e-05 -0.000223127 -0.000571515 -0.000375373 -0.00153112 -0.000129057 -0.00490832 -0.00233966 0.000716648 0.000585719 0.00128416 0.00201093 -0.000915097 -0.00262829 0.00023752 0.000636632 7.07196e-05 0.00278982 0.000744942 -0.000290441 0.00397202 0.00561008 0.000157041 0.000642046 0.000440541 -0.000831787 -0.00158535 -0.00323427 -0.00400876 0
internal_weight=289745 136756 77898.5 64702.7 13195.8 4852.46 732.956 8343.3 4119.51 13746.3 8946.4 6734.73 2211.67 1464.15 58857.6 33553.5 17981.5 5111.18 1883.51 25304.1 3227.67 1854.1 152989 37406.7 34025.5 6961.72 5425.77 2787.02 2496.86 115582
internal_count=1179823 556606 316961 263298 53663 19908 2977 33755 16931 57140 36908 27793 9115 6083 239645 136535 73697 21114 7848 103110 13266 7621 623217 151570 137872 28191 21995 11317 10147 471647
cat_boundaries=0 1 2 3 4 5 6 7
cat_threshold=2 129 263 2330 977 2328 2110
is_linear=0
shrinkage=0.03


Tree=184
num_leaves=31
num_cat=7
split_feature=5 0 1 27 34 0 46 27 31 9 38 17 3 42 40 27 37 38 27 22 54 25 29 46 47 29 27 54 45 45
split_gain=9.97262 36.6706 24.9922 21.7045 19.5978 15.4619 15.1285 14.8519 13.7117 12.7106 11.8656 11.0669 10.8734 11.2919 10.7283 15.4734 12.3618 12.0219 10.6414 10.3922 16.4933 18.8258 18.5703 16.7976 14.6241 14.4651 14.0815 11.4641 11.7149 16.1109
threshold=0 2022.5000000000002 6.5000000000000009 1 0.45495100000000005 2021.5000000000002 0.065232800000000021 2 0.14075050000000003 1.5000000000000002 0.20415950000000002 1.0000000180025095e-35 2.5000000000000004 0.052691950000000008 816.50000000000011 3 0.07879955000000001 0.11744400000000001 4 23713.500000000004 8.1195474212847731 5 0.57460900000000004 0.17195250000000004 1.5000000000000002 0.52323150000000018 6 6.0075831725221649 0.22125100000000003 0.31430400000000008
decision_type=1 2 2 9 8 2 10 9 10 2 10 2 2 10 2 9 10 10 9 2 2 1 10 8 2 10 9 2 10 10
left_child=12 2 4 11 5 9 7 -5 -3 -2 -9 -4 19 -14 15 -10 -16 -17 -6 20 23 22 -22 26 -21 -25 27 -1 -29 -30
right_child=1 8 3 6 18 -7 -8 10 14 -11 -12 -13 13 -15 16 17 -18 -19 -20 24 21 -23 -24 25 -26 -27 -28 28 29 -31
leaf_value=0.0013522899550110199 -0.00056764342886374329 -0.0016352115795168559 -0.010650296867367889 0.0021577742425458713 0.0047532432447629216 0.010679480102332085 0.001523571785473878 -0.0015874062860784688 -0.0039486018742621275 0.0063255752802075932 -0.0079273063640130578 -0.00069253434845286852 -0.0036186468129865063 -0.00013155367850617588 -0.0060017788258506944 0.0078497258663946193 8.9786426205645413e-05 0.0018307395333898525 0.0014402430309713951 0.0016637222811908012 0.0010922264965288586 -0.00033775146826842296 0.0051217012881101132 0.0023000784030870395 0.00020728168468161438 -0.00046245466806175224 -0.0009237209636501813 -0.011770235558998617 0.0010149285304232871 -0.0058879305320460214
leaf_weight=313.65767019987106 388.42816412448883 6965.4476316571236 244.91508863866329 827.10546833276749 987.86575983464718 397.88623997569084 4791.8942684531212 1783.0992891639471 306.06089295446873 597.88127605617046 315.06322185695171 181.03337077796459 836.98821666836739 200698.19846186042 357.43014411628246 394.92704996466637 1729.3849706053734 1301.3964212834835 7970.8105243891478 9992.5842298269272 5786.0408299863338 7499.2146367430687 1259.8176300823689 2369.8678303956985 16513.104689761996 6035.1423429846764 7411.5589029341936 194.38868056237698 422.34952591359615 1019.4232800155878
leaf_count=1275 1706 28044 1103 3720 4730 1835 21532 7847 1238 2619 1321 820 3410 810216 1438 1590 6961 5258 37029 40443 23249 30193 5205 9505 66752 24720 30047 793 1700 4113
internal_value=1.7766e-05 0.000540179 0.00135809 0.000110931 0.00233677 0.0056661 0.000482716 -0.00121023 -0.000824839 0.00358708 -0.00255151 -0.00637391 -4.13994e-05 -0.000146238 0.000548386 0.00212018 -0.000946341 0.003242 0.00181729 0.000317307 -4.2994e-05 0.00070503 0.00181884 -0.000657094 0.000757614 0.000313441 -0.0015315 -0.00379727 -0.0048266 -0.00384715
internal_weight=289893 29540.6 18486 8143.11 10342.9 1384.2 7717.16 2925.27 11054.6 986.309 2098.16 425.948 260352 201535 4089.2 2002.38 2086.82 1696.32 8958.68 58817.2 32311.5 14545.1 7045.86 17766.4 26505.7 8405.01 9361.38 1949.82 1636.16 1441.77
internal_count=1180412 128791 84262 36343 47919 6160 34420 12888 44529 4325 9168 1923 1051621 813626 16485 8086 8399 6848 41759 237995 130800 58647 28454 72153 107195 34225 37928 7881 6606 5813
cat_boundaries=0 1 2 3 4 5 6 7
cat_threshold=2 80 2728 321 640 2 130
is_linear=0
shrinkage=0.03


Tree=185
num_leaves=31
num_cat=9
split_feature=22 22 18 46 22 27 37 20 27 13 52 27 32 52 27 26 28 40 26 22 13 53 22 9 27 19 46 27 40 0
split_gain=10.4352 14.1603 21.7137 16.2782 14.1597 21.2111 13.1361 13.0977 14.3017 11.8647 15.8278 11.9228 11.71 14.2905 12.9578 20.3008 15.282 17.5612 13.8023 17.9342 14.6952 13.7416 12.8267 14.2453 13.4896 14.3518 12.8096 12.7463 18.1212 14.3041
threshold=21926.000000000004 22120.500000000004 0 0.040341150000000006 22133.500000000004 1 0.32392650000000006 84.350000000000009 2 3.5000000000000004 0.029986999999999989 3 0.36794800000000011 -0.10041849999999998 4 5 2735.5000000000005 1022.5000000000001 6 22384.500000000004 4.5000000000000009 -0.010336499999999997 22212.500000000004 3.5000000000000004 7 53.550000000000004 0.0020135550000000006 8 10016.500000000002 2022.5000000000002
decision_type=2 2 1 10 2 9 8 2 9 2 8 9 10 10 9 9 2 2 9 2 2 10 2 2 9 2 10 9 2 2
left_child=9 2 3 -2 5 -3 7 -5 -9 -1 11 -11 13 -6 15 16 17 -15 19 -16 26 -19 23 24 -20 -26 -21 28 -14 -29
right_child=1 4 -4 6 12 -7 -8 8 -10 10 -12 -13 27 14 18 -17 -18 21 22 20 -22 -23 -24 -25 25 -27 -28 29 -30 -31
leaf_value=0.00039586440567407111 -0.0073887690979784031 -0.0026525516201976662 0.00047561287120210057 -0.0013505072459672443 -0.00065107931691080125 0.0053704767069452913 0.0033563682115543259 -0.0099452817463734564 -0.0026417840778648837 -0.0013507699265831597 -0.00029258360619272483 0.0063288625003796433 -2.4754536953236645e-05 -0.0040838641979207002 0.0067150571733092888 0.00010306534203331217 -0.0043161080556779717 0.0045722336314007878 0.0040928408852573383 0.0048980058920924082 -0.002554123634355092 -0.0010274643015480199 0.00084216735190393861 0.0043674122321566361 -0.0057951063054656731 -0.00047616728429426998 -4.4303189315088277e-05 -0.00018864477070192309 0.0024756512273938313 -0.0010556238768026976
leaf_weight=11863.668107524514 465.81997922062874 411.15541726350784 5485.096146017313 6505.0722032040358 16438.694960013032 977.31992724537849 445.03885014355183 334.35677470266819 956.1780761629343 214.54833707213402 837.41830469667912 1022.299267962575 60037.942103996873 885.56551165878773 343.87196464836597 17286.272763267159 1792.9943740963936 640.76381997764111 248.03618049621582 477.59214369952679 2110.8832057863474 1001.54297503829 53048.608179047704 328.78068165481091 941.36710169911385 910.76127688586712 25975.779664188623 48558.319562956691 2723.2096135616302 26552.929578259587
leaf_count=48378 1901 1839 22277 26418 66687 4346 1803 1353 3889 873 3413 4149 246995 3593 1407 70112 7217 2585 1005 1958 8540 4044 215645 1329 3802 3689 104938 197932 10966 107060
internal_value=-3.54712e-05 -7.60349e-05 -0.00099893 -0.00192951 -2.58608e-05 0.00299207 -0.00161704 -0.001906 -0.00467318 0.000765128 0.00285905 0.00501263 -4.21082e-05 0.000171275 0.000299114 -0.000355512 -0.00219185 -0.00067861 0.000467082 -6.35125e-05 -0.000146886 0.00114344 0.000744053 -0.00138178 -0.00230102 -0.00318359 4.43372e-05 -0.000231811 8.33601e-05 -0.000495498
internal_weight=289822 275884 14191.6 8706.47 261692 1388.48 8240.65 7795.61 1290.53 13937.9 2074.27 1236.85 260304 122432 105993 21607.1 4320.87 2527.87 84385.7 28908.1 28564.3 1642.31 55477.6 2428.95 2100.16 1852.13 26453.4 137872 62761.2 75111.2
internal_count=1180143 1123330 57641 35364 1065689 6185 33463 31660 5242 56813 8435 5022 1059504 496551 429864 87551 17439 10222 342313 116843 115436 6629 225470 9825 8496 7491 106896 562953 257961 304992
cat_boundaries=0 1 2 3 4 5 6 7 8 9
cat_threshold=160 800 385 513 1568 672 1292 8 2658
is_linear=0
shrinkage=0.03


Tree=186
num_leaves=31
num_cat=12
split_feature=34 0 37 0 27 5 38 22 26 26 21 36 28 44 18 34 46 18 12 27 12 37 37 27 18 52 27 26 1 26
split_gain=13.1468 11.2088 14.4891 10.965 27.2331 24.5153 16.4944 24.7423 15.6245 15.3966 14.2307 24.4661 16.9406 13.4333 12.9772 12.7524 12.3723 12.8233 12.2721 12.0498 11.8447 12.5253 12.6076 12.3391 20.1535 13.3736 12.0505 20.0563 15.9853 18.9492
threshold=0.20112350000000004 2019.5000000000002 0.22168800000000002 2023.5000000000002 0 1 0.12014800000000002 24387.500000000004 2 3 1.0000000180025095e-35 0.64585650000000017 380.50000000000006 0.52253850000000013 4 0.34391800000000006 0.20312850000000002 5 3.5000000000000004 6 1.0000000180025095e-35 0.24757200000000004 0.23557150000000002 7 8 -0.052138000000000066 9 10 4.5000000000000009 11
decision_type=8 2 10 2 9 1 8 2 9 9 2 10 2 8 1 10 10 1 2 9 2 8 10 9 1 8 9 9 2 9
left_child=1 2 -1 10 5 18 7 8 -6 -7 11 12 13 -2 19 -10 17 -11 -5 -15 26 22 -22 -23 -25 -26 28 -28 29 -8
right_child=3 -3 -4 4 6 9 20 -9 15 16 -12 -13 -14 14 -16 -17 -18 -19 -20 -21 21 23 -24 24 25 -27 27 -29 -30 -31
leaf_value=-0.0025522961616732398 -0.0094583913830625886 -0.0021725021123478452 0.0079491092544006162 0.0020919544158685402 0.00091910685620370618 0.0016785534844241782 0.0050469286366683318 0.004458174426486541 0.0038524305895627216 -0.005836461344441506 0.00010839672722192005 -0.0085074008546172364 0.00062316117367129946 0.0048301547688119452 -0.005790925767437477 -0.003040270332872999 0.0041888354531772016 -0.00040295291877292004 0.0069126947567443335 -0.0030216598873442483 -0.0014217624983851745 -0.0061440880967772995 0.0042987606492617758 -0.0060617826527632453 0.0034491206016354259 -0.0026418607836718837 0.0014929240183447431 -0.00096103955959614331 -0.0019619175637223987 -0.0010267765691421489
leaf_weight=227.55926828086376 273.18363660573959 3973.2770035862923 234.36285166442394 3778.3676360845566 4010.6045797616243 1334.8723610490561 679.58181083202362 1222.4686641544104 268.72685287892818 888.87300050258636 231793.69704182446 418.5019002109766 2448.541115373373 317.02104584872723 466.14355054497719 1988.127479031682 210.28099648654461 728.5976280272007 551.01200902462006 361.52750431001186 8522.4214370697737 1008.5394698083401 356.21273256838322 700.90514646470547 609.19269448518753 685.64581598341465 5057.1219363212585 7317.0617932528257 8018.3927396982908 1368.36326867342
leaf_count=921 1110 16112 957 15210 16192 5369 2737 4955 1086 3589 946089 1753 9888 1299 1892 7996 844 2942 2216 1461 34342 4064 1434 2824 2453 2764 20370 29476 32319 5514
internal_value=-3.3582e-05 -0.00165385 0.00272813 -8.27893e-06 -0.000415263 0.00124763 -0.000714129 0.000558489 -0.00019913 -0.000750784 7.65974e-05 -0.00163547 -0.000877878 -0.00348699 -0.00201476 -0.00219254 -0.00253656 -0.0034512 0.00271679 0.000625203 -0.000992941 -0.00175996 -0.0011875 -0.0034389 -0.00200888 0.000200499 -0.000585266 3.99467e-05 -0.00135527 0.000998105
internal_weight=289819 4435.2 461.922 285384 49305.4 7492 41813.4 7489.93 6267.46 3162.62 236079 4284.92 3866.42 1417.88 1144.69 2256.85 1827.75 1617.47 4329.38 678.549 34323.4 11882.9 8878.63 3004.28 1995.74 1294.84 22440.5 12374.2 10066.3 2047.95
internal_count=1180178 17990 1878 1162188 198696 30170 168526 30229 25274 12744 963492 17403 15650 5762 4652 9082 7375 6531 17426 2760 138297 47881 35776 12105 8041 5217 90416 49846 40570 8251
cat_boundaries=0 1 2 3 4 5 6 7 8 9 10 11 12
cat_threshold=2050 2 42 802 145 160 54 88 11 116 293 524
is_linear=0
shrinkage=0.03


Tree=187
num_leaves=31
num_cat=5
split_feature=53 28 11 1 38 22 31 19 26 44 52 26 53 38 17 47 53 28 22 0 26 26 1 52 44 26 0 1 31 38
split_gain=11.3665 16.6384 16.2618 14.1003 14.0258 11.6873 12.3209 15.4838 11.3654 10.6927 10.9605 10.3344 9.8482 9.60201 9.32111 9.08561 8.69773 24.0745 18.889 19.5227 22.5057 21.4225 19.1833 20.2208 23.8059 18.8573 17.3769 20.6092 17.1634 16.9515
threshold=0.095819500000000016 155.50000000000003 6.5000000000000009 4.5000000000000009 0.10124050000000001 23750.000000000004 0.14333550000000003 29.750000000000004 0 0.45692150000000004 -0.150836 1 0.10784049999999996 0.085070200000000012 1.0000000180025095e-35 3.5000000000000004 0.005338000000000038 506.50000000000006 24423.500000000004 2022.5000000000002 2 3 5.5000000000000009 -0.012864999999999958 0.43305650000000007 4 2021.5000000000002 4.5000000000000009 0.17509150000000004 0.14380200000000001
decision_type=10 2 2 2 10 2 10 2 9 10 10 9 10 10 2 2 8 2 2 2 9 9 2 10 10 9 2 2 10 10
left_child=16 2 -2 4 13 6 9 -8 -7 -5 -11 -9 -10 14 -3 -6 18 29 19 20 -1 28 23 -22 -25 -26 -27 -28 -21 -18
right_child=1 3 -4 5 15 8 7 11 12 10 -12 -13 -14 -15 -16 -17 17 -19 -20 21 22 -23 -24 24 25 26 27 -29 -30 -31
leaf_value=-0.00090820983279775675 -0.0092758036325054881 -0.005348978915222906 0.001022459040406935 -0.0031961366240756952 -0.0071167660831845869 0.00375559991696643 0.00697138132157522 -0.0027640177785918231 0.0016433394236981841 -0.0026902064434607587 0.0023974771826579776 0.0032095396654834283 -0.0063146964128059785 0.004724711201775888 0.0026583479009891484 -0.00051148539777994928 -0.00059974541471704862 -1.1628836118632248e-05 0.0015264536552096499 0.00021802825344054567 0.0001112091347635781 -0.0011983432745284171 0.00011468432295033034 -0.0017857545135515982 0.00062652639073813474 0.0020057107996027785 0.0021370211723481802 0.0071712490328736857 -0.0019597320027989638 -0.0023497474304781554
leaf_weight=13891.883756563067 270.12565739452839 261.99406336247921 268.47509033977985 434.90400221943855 419.85033178329468 256.55646342039108 939.08229425549507 303.50174134969711 201.75191347301006 427.67257024347782 3045.8843461126089 1443.874876126647 412.08158548176289 411.18330973386765 250.70692372322083 356.25088983774185 17743.222164183855 73424.381520375609 7629.71332269907 32251.335173815489 12793.837850749493 21556.286435425282 73096.439244106412 1597.4645856171846 5516.1047305911779 7074.3742271661758 1440.7255571484566 1539.6473478376865 3619.875697568059 6966.5988541394472
leaf_count=57227 1133 1112 1104 1827 1747 1052 3937 1236 834 1770 13539 6121 1733 1738 1059 1474 73606 298421 30792 129858 52099 86857 296725 6615 22636 29003 5841 6284 14562 28342
internal_value=-2.18662e-05 0.000987212 -0.00410983 0.00129126 -0.00116219 0.00185421 0.0022871 0.00385531 -0.00138803 0.00119941 0.00176066 0.00215444 -0.00359687 0.00130965 -0.0013826 -0.00413692 -5.69371e-05 -0.000284641 6.56733e-05 1.56126e-06 0.000224168 -0.00045124 0.000377172 0.00101659 0.0016894 0.00204813 0.0028212 0.00475233 -1.04528e-06 -0.00109457
internal_weight=289846 9703.9 538.601 9165.3 1699.99 7465.31 6594.92 2686.46 870.39 3908.46 3473.56 1747.38 613.833 923.884 512.701 776.101 280142 98134.2 182008 174378 116950 57427.5 103059 29962.2 17168.3 15570.9 10054.7 2980.37 35871.2 24709.8
internal_count=1180284 41416 2237 39179 7130 32049 28430 11294 3619 17136 15309 7357 2567 3909 2171 3221 1138868 400369 738499 707707 476430 231277 419203 122478 70379 63764 41128 12125 144420 101948
cat_boundaries=0 1 2 3 4 5
cat_threshold=113 577 1026 459 164
is_linear=0
shrinkage=0.03


Tree=188
num_leaves=31
num_cat=3
split_feature=22 36 48 7 22 36 43 47 22 45 23 26 40 26 22 33 30 19 26 23 32 22 22 36 30 39 38 40 33 22
split_gain=11.2779 10.6316 9.9303 18.7303 15.2806 14.3858 14.1755 14.7713 13.9685 13.9677 13.8934 15.3607 13.9193 13.6974 12.8946 12.5434 12.2132 12.9774 12.194 15.4769 12.2073 12.1139 17.6432 15.1168 11.9891 11.849 12.2918 11.8303 11.7558 11.7091
threshold=21694.500000000004 0.39349550000000005 1.0000000180025095e-35 1.0000000180025095e-35 22171.500000000004 0.52714050000000012 368.50000000000006 1.5000000000000002 24604.500000000004 0.36236250000000009 24312.000000000004 0 98.500000000000014 1 21895.500000000004 0.5638025000000001 0.19004200000000002 0.15000000000000005 2 24032.000000000004 0.421321 22820.500000000004 22891.500000000004 0.46163950000000004 0.13878850000000001 0.10531550000000002 0.1081585 5288.5000000000009 0.5000285000000001 24622.500000000004
decision_type=2 8 2 2 2 8 2 2 2 8 2 9 2 9 2 10 10 2 9 2 10 2 2 10 10 8 10 2 8 2
left_child=1 -1 8 4 9 29 -7 -8 15 14 12 -12 -6 16 -4 -2 -14 -18 20 -20 -9 25 23 -23 -16 26 -15 -24 -27 -5
right_child=2 -3 3 5 10 6 7 18 -10 -11 11 -13 13 21 24 -17 17 -19 19 -21 -22 22 27 -25 -26 28 -28 -29 -30 -31
leaf_value=0.0072543195080471143 0.00019632493542047591 0.00092911579127510045 0.0013494206344959792 0.00042043126684693889 0.0020433864288649656 -0.0015175225492477557 0.0011672356295883621 0.00024585303106469322 -0.0028839227792974626 8.7479769850959762e-05 -0.0055700345509685292 -0.000342281581459711 0.00018914150575018878 -5.5338900444714774e-05 -0.00024007202733825566 -0.004758763432525741 -0.0090427088337014135 -0.0015552208083484673 -0.001677221239873403 0.0029333935111582801 -0.0039974546800821877 0.000908065500313672 0.00011898611112859664 -0.0069793750458723679 -0.0051076736702925568 0.0016614664984985353 -0.0066385180575154763 -0.0013710122240227515 -0.004700223670561385 0.0064706228783089409
leaf_weight=246.05520528554916 139361.50306965411 7414.5445229113102 442.47453500330448 42944.709278598428 2049.4047521799803 7356.6230485886335 6942.7284596562386 15981.959186598659 1348.3461231589317 1548.2934123724699 982.99194231629372 1071.0305570662022 4167.7839509695768 1144.9604295641184 588.9059751033783 457.86802510917187 211.2005163282156 11541.491015762091 8046.4144651591778 706.24781236052513 631.08916811645031 315.68157944083214 17193.383683010936 661.37471435964108 2230.3976039737463 6488.3678996413946 329.06952126324177 6632.5327383130789 267.29440049827099 287.61744271218777
leaf_count=993 567887 30368 1788 173474 8699 30526 28433 65481 5434 6255 3981 4328 17365 4655 2507 1883 856 46772 32525 2842 2670 1277 70025 2672 9050 26171 1331 26789 1076 1159
internal_value=3.34226e-06 0.00113895 -2.74198e-05 -0.000205808 -0.000620048 8.30033e-05 -0.000329132 -5.74916e-05 0.000150246 -0.0022403 -0.000472474 -0.00289192 -0.000374283 -0.000476229 -0.0033535 0.000179782 -0.00119888 -0.0016946 -0.000393987 -0.00129941 8.21126e-05 -0.000126553 -0.000458309 -0.0044054 -0.00410288 0.000869311 -0.00155581 -0.000294653 0.00140335 0.000461822
internal_weight=289592 7660.6 281932 140764 57866.6 82897.4 39665.1 32308.4 141168 4810.07 53056.6 2054.02 51002.5 48953.1 3261.78 139819 15920.5 11752.7 25365.7 8752.66 16613 33032.7 24803 977.056 2819.3 8229.69 1474.03 23825.9 6755.66 43232.3
internal_count=1179272 31361 1147911 572707 235597 337110 162477 131951 575204 19600 215997 8309 207688 198989 13345 569770 64993 47628 103518 35367 68151 133996 100763 3949 11557 33233 5986 96814 27247 174633
cat_boundaries=0 1 2 3
cat_threshold=2102 642 627
is_linear=0
shrinkage=0.03


Tree=189
num_leaves=31
num_cat=1
split_feature=30 7 47 30 47 8 28 47 28 38 37 37 34 52 52 1 27 44 37 33 53 35 53 22 28 28 37 53 35 36
split_gain=13.0621 16.0612 18.261 12.4809 11.8221 13.8145 12.1097 10.5894 10.8473 10.8426 10.1432 10.8557 9.81464 14.9083 16.371 12.6005 12.0569 12.4968 11.7364 9.87146 17.2891 19.7664 16.5858 13.6481 16.0256 15.7567 11.9862 14.2884 13.9636 12.9026
threshold=0.13709800000000003 1.5000000000000002 4.5000000000000009 0.13433050000000005 9.5000000000000018 1.0000000180025095e-35 7550.5000000000009 2.5000000000000004 8.5000000000000018 0.073561250000000009 0.11443450000000001 0.12556300000000001 0.80116300000000018 0.090675500000000034 0.17586550000000001 9.5000000000000018 0 0.58859050000000013 0.080178550000000015 0.40956250000000005 0.0026094999999999873 0.51624700000000012 -0.078198999999999949 22705.500000000004 442.50000000000006 2158.5000000000005 0.12975000000000003 0.062536500000000009 0.48761800000000005 0.54445650000000012
decision_type=8 2 2 10 2 2 2 2 2 10 8 8 10 10 10 2 9 10 10 8 10 10 10 2 2 2 10 10 10 10
left_child=1 7 -3 -4 12 6 10 -1 -9 -10 -6 -12 19 -14 18 16 17 -16 -15 20 21 22 -2 -22 -25 26 27 -26 -28 -30
right_child=4 2 3 -5 5 -7 -8 8 9 -11 11 -13 13 14 15 -17 -18 -19 -20 -21 23 -23 -24 24 25 -27 28 -29 29 -31
leaf_value=0.00045042752361760467 -0.00092598099483743581 -0.0033650738932968823 -0.00018083434529760851 0.0046569907593394348 -0.0032044766523144194 -0.0002018721963064222 -0.0067496999353069062 -0.0043452106797214861 0.0045049726414302356 0.0015815271081109472 0.0044348570701634336 -0.0011247307626854474 -0.0050229227802681834 0.008902759946954681 -0.0052076589768907189 0.0081070040397546624 0.0017062656297503233 0.0018579369022515705 0.00039486926270292707 4.9499450719838325e-05 0.00066815567453880863 -0.001808143514946487 0.0012496145790165791 -0.0033501479084022704 -0.003493144731867365 -0.0054391771187847519 -0.0023282704474065249 0.0018183513329828706 0.0059079249669526969 0.00033862357281815633
leaf_weight=10131.903141245246 4633.3867757618427 1597.7367220371962 5447.24842441082 522.54632492363453 2136.5297195911407 12663.738283589482 436.72829622030258 239.17434480786324 1378.7575810104609 7137.3609398007393 344.59777615964413 3351.9914272725582 297.71598607301712 453.40677009522915 551.97881770133972 209.81294311583042 2322.8884643614292 369.20945046842098 226.0648305118084 210325.49402680993 2143.7206918299198 4112.6722112894058 9792.8073156625032 4161.8900902420282 1413.1210563331842 575.91364549100399 626.55929116904736 661.66849498450756 711.59203112125397 812.85598237812519
leaf_count=43293 18926 6723 22968 2159 8690 51342 1762 1014 6054 30353 1401 13577 1395 2091 2241 852 9672 1543 1017 850716 8839 17014 39736 17059 5757 2367 2536 2792 2883 3348
internal_value=1.10141e-05 0.000646521 -0.000518421 0.000239732 -5.27215e-05 -0.000774854 -0.00192672 0.00111487 0.00187995 0.00205977 -0.0015572 -0.000595178 3.10727e-06 0.00140178 0.00187509 0.00102471 0.000550356 -0.00232137 0.00613026 -2.26113e-05 -0.000535168 2.40565e-05 0.000548733 -0.00147101 -0.001986 -0.000796029 -0.000152733 -0.00178464 0.00140772 0.00296444
internal_weight=289791 26454.7 7567.53 5969.79 263336 18933.6 6269.85 18887.2 8755.29 8516.12 5833.12 3696.59 244403 4431.08 4133.36 3453.89 3244.08 921.188 679.472 239972 29646.2 18538.9 14426.2 11107.3 8963.6 4801.71 4225.8 2074.79 2151.01 1524.45
internal_count=1180120 112564 31850 25127 1067556 76772 25430 80714 37421 36407 23668 14978 990784 18811 17416 14308 13456 3784 3108 971973 121257 75676 58662 45581 36742 19683 17316 8549 8767 6231
cat_boundaries=0 1
cat_threshold=580
is_linear=0
shrinkage=0.03


Tree=190
num_leaves=31
num_cat=10
split_feature=8 47 36 42 31 27 53 26 12 35 26 27 46 36 52 28 3 34 18 18 18 7 0 27 55 34 27 26 22 0
split_gain=12.9604 14.6474 17.5373 13.0486 14.6053 15.814 12.9254 12.8987 13.7635 11.8068 15.5426 15.7129 13.0643 11.5416 11.1489 11.0849 13.7745 11.0729 12.8504 11.0436 10.7539 10.4295 17.4916 12.4183 11.1991 10.0152 10.4326 21.0897 10.0048 10.9222
threshold=1.5000000000000002 9.5000000000000018 0.66700500000000018 0.17053100000000002 0.11112550000000002 0 -0.052138500000000025 1 -1.4999999999999998 0.45617200000000008 2 3 0.08770890000000002 0.53662100000000013 -0.16975049999999997 3058.5000000000005 7.5000000000000009 0.55741750000000012 4 5 6 1.5000000000000002 2019.5000000000002 7 6.6207394291472461 0.20112350000000004 8 9 22593.500000000004 2021.5000000000002
decision_type=2 2 8 10 8 9 8 9 2 10 9 9 10 10 8 2 2 10 1 1 1 2 2 9 2 8 9 9 2 2
left_child=1 25 7 9 13 -6 -7 20 -9 10 12 15 17 -5 -14 19 -17 18 -2 -12 -3 -11 23 24 -23 26 27 -1 29 -10
right_child=3 2 -4 4 5 6 -8 8 28 21 11 -13 14 -15 -16 16 -18 -19 -20 -21 -22 22 -24 -25 -26 -27 -28 -29 -30 -31
leaf_value=0.0053993606656703511 0.0041043655593573708 -0.00091654331252371255 0.0031258915069110557 0.0092480728189121564 -0.0052148718170046257 -0.0039006533056628861 4.9069675715199608e-05 -0.0042610766893686177 -0.0012425697648927047 0.00082863387103614833 0.0037910330818273462 -0.00014565062463703151 -0.002278559483559075 0 0.0020876650175478098 -0.0067014261693677628 0.0011588847779873332 -0.0065378536922585002 -0.0011290081967479831 -0.0021058360510858572 0.00233155396666872 -0.007554187749314622 0.00041215123652112417 -0.00073934770621878149 -0.0010302034696150497 -1.916113056122846e-05 -0.0029660861573801733 -0.0045449588861182395 -0.00067093849279811248 -0.0071183300563428635
leaf_weight=435.3888250887394 495.04457408189774 4204.85972610116 837.13340771198273 202.48730126023293 870.47175815701485 943.7648124396801 3443.4847604632378 2026.3614931255579 680.60583481192589 48218.108588844538 307.1405898630619 7713.3586186021566 580.57115843892097 309.51042267680168 4912.9343487769365 897.84843856096268 249.17019484937191 272.20173946022987 2471.8905813544989 2560.5539258420467 1157.5924286693335 571.23379178345203 16134.598081201315 2297.9756283760071 424.86639739573002 179053.58380478621 2004.9253750741482 321.4043844640255 4303.8936469852924 508.31695529818535
leaf_count=1780 2016 17068 3616 827 3537 3810 13959 8209 2754 196893 1243 31350 2342 1306 19827 3627 1003 1103 10062 10358 4703 2363 65469 9479 1725 729228 8106 1317 17438 2050
internal_value=2.04913e-05 -0.000118502 -0.00106375 0.000310311 -0.00107006 -0.00154562 -0.000794019 -0.00133901 -0.00213963 0.000401079 -0.000229297 -0.000943347 0.000726491 0.00373575 0.00161978 -0.00246307 -0.00496925 -0.000777108 -0.000232416 -0.00145464 -0.000205853 0.00059219 3.80086e-06 -0.00198578 -0.00476529 -4.69981e-05 -0.00183895 0.00113168 -0.00135354 -0.00379148
internal_weight=289411 195534 13718.8 93877.2 5769.72 5257.72 4387.25 12881.6 7519.18 88107.5 20460.7 11728.1 8732.64 511.998 5493.51 4014.71 1147.02 3239.14 2966.94 2867.69 5362.45 67646.8 19428.7 3294.08 996.1 181815 2761.72 756.793 5492.82 1188.92
internal_count=1178568 796269 55838 382299 23439 21306 17769 52222 30451 358860 82931 47581 35350 2133 22169 16231 4630 13181 12078 11601 21771 275929 79036 13567 4088 740431 11203 3097 22242 4804
cat_boundaries=0 1 2 3 4 5 6 7 8 9 10
cat_threshold=2 2123 2508 561 36 65 137 1569 2051 378
is_linear=0
shrinkage=0.03


Tree=191
num_leaves=31
num_cat=9
split_feature=0 27 23 11 37 39 27 26 12 40 26 39 26 1 1 18 19 26 28 39 22 26 18 45 44 31 48 34 31 13
split_gain=10.914 24.6726 16.1215 16.2981 14.2595 11.6858 17.6556 14.1015 13.1372 12.1339 11.285 11.0994 11.7726 14.8585 11.0751 12.1598 11.5518 14.3248 10.7495 10.582 10.5092 10.3998 10.6953 10.6935 10.3932 10.7611 10.356 19.0344 11.8735 10.995
threshold=2023.5000000000002 0 22696.500000000004 5.5000000000000009 0.082413550000000016 0.16832700000000003 1 2 -7.4999999999999991 7573.5000000000009 3 0.17146650000000002 4 6.5000000000000009 8.5000000000000018 5 80.350000000000009 6 4007.5000000000005 0.16985700000000001 23713.500000000004 7 8 0.28607150000000009 0.73170600000000008 0.13891750000000005 1.0000000180025095e-35 0.38218750000000007 0.15768550000000001 -3.4999999999999996
decision_type=2 9 2 2 10 8 9 9 2 2 9 8 9 2 2 1 2 9 2 10 2 9 1 10 10 10 2 10 10 2
left_child=-1 2 3 18 10 6 7 -3 -8 24 -4 12 13 -7 16 -16 26 -18 -2 -14 -19 -11 23 -23 25 -9 27 -10 -28 -29
right_child=1 5 4 -5 -6 11 8 9 14 21 -12 -13 19 -15 15 -17 17 20 -20 -21 -22 22 -24 -25 -26 -27 28 29 -30 -31
leaf_value=7.9307636562377332e-05 0.0040462401474299298 -0.0064030095553370293 0.0012771574512537786 0.0083007153171648605 0.0012174942808345511 -0.013316364327215653 -0.0046514491274212031 -0.0040576285283543748 0.008986219366990891 -0.0023311782822330474 -0.0048615224506828808 -0.00098119943127350008 0.0029165482974772726 -0.002060415127715758 0.0024595354300627438 -0.0037253588584540524 -0.0057043693974679751 0.0021242388100386369 -0.0032870086191571979 -0.0044090610698656746 -0.0022329362391113948 -0.0042133079275924355 0.0043376011603877256 0.0023425111622810773 0.0040912481879152732 -0.00088993303499418711 -0.00038310603208252514 -0.0038249192878187072 0.0037318812850420358 0.0024742104165073574
leaf_weight=239053.90269227326 496.15906976163387 448.77046051621437 424.73775441944599 524.45924660563469 5063.5976552516222 226.0778479129076 414.38537372648716 1767.7020337432623 391.43356297910213 708.79235768318176 687.36912642419338 22463.928511038423 284.59818859398365 211.57930971682072 399.41991905868053 911.87306597828865 412.20332458615303 1218.2217726111412 274.72571091353893 449.7341274023056 835.44116824865341 373.73797976970673 849.39231933653355 546.49780397117138 236.11097891628742 2194.5354686975479 2912.1045059263706 262.59143026173115 799.63266463577747 3453.6359503269196
leaf_count=975622 1997 1815 1709 2109 20396 910 1674 7117 1577 2854 2773 90513 1145 851 1609 3676 1663 4904 1107 1813 3372 1509 3427 2206 953 8851 11766 1054 3227 13946
internal_value=-5.06424e-06 -0.000407076 0.00118089 0.0042247 0.000537775 -0.000685327 -0.00013258 -0.00131553 0.000567491 -0.000957323 -0.00252514 -0.0011318 -0.00398297 -0.0078166 0.000758212 -0.00182693 0.00109115 -0.000690007 0.00139146 -0.00150848 0.00033483 0.000696367 0.00193007 -0.000289432 -0.00194277 -0.00231273 0.00165673 0.00269568 0.000497622 0.00201832
internal_weight=289297 50243.4 7471.05 1295.34 6175.7 42772.4 19136.5 7125.54 12010.9 6676.77 1112.11 23635.9 1171.99 437.657 11596.6 1311.29 10285.3 2465.87 770.885 734.332 2053.66 2478.42 1769.63 920.236 4198.35 3962.24 7819.4 4107.66 3711.74 3716.23
internal_count=1178145 202523 30091 5213 24878 172432 77200 28732 48468 26917 4482 95232 4719 1761 46794 5285 41509 9939 3104 2958 8276 9996 7142 3715 16921 15968 31570 16577 14993 15000
cat_boundaries=0 1 2 3 4 5 6 7 8 9
cat_threshold=2 2848 512 864 525 11 5 140 128
is_linear=0
shrinkage=0.03


Tree=192
num_leaves=31
num_cat=5
split_feature=33 3 26 21 32 44 30 26 36 42 7 37 42 46 26 28 26 37 1 34 35 13 31 32 2 37 34 10 20 26
split_gain=8.89969 10.796 11.3838 10.7793 10.5527 11.9 14.8199 18.4872 16.5064 13.7118 12.5092 12.1469 12.0534 11.6695 11.9744 11.5677 15.2966 11.0248 15.9624 18.1075 19.7102 14.7033 18.9784 13.4647 12.5351 10.7888 13.2458 10.6025 10.5503 12.345
threshold=0.49939750000000005 6.5000000000000009 0 0.34500000000000003 0.33911650000000004 0.45584350000000007 0.23095300000000002 1 0.39709400000000006 0.12582850000000004 1.5000000000000002 0.16590250000000004 0.10993000000000001 0.19683350000000002 2 7550.5000000000009 3 0.14745450000000002 4.5000000000000009 0.5219315000000001 0.56969350000000019 1.5000000000000002 0.13751150000000004 0.36368950000000005 3.5000000000000004 0.093883550000000024 0.61057250000000007 2.5000000000000004 96.15000000000002 4
decision_type=10 2 9 2 10 10 10 9 10 8 2 8 8 10 9 2 9 10 2 10 10 2 10 10 2 10 10 2 2 9
left_child=4 2 3 -2 -1 6 7 12 -9 10 -10 -8 -6 14 -13 -7 17 21 24 20 -20 22 23 -17 -19 -24 -27 -15 -3 -30
right_child=1 28 -4 -5 5 15 11 8 9 -11 -12 13 -14 27 -16 16 -18 18 19 -21 -22 -23 25 -25 -26 26 -28 -29 29 -31
leaf_value=0.0004948969553449623 -0.0044619664189756107 -0.0029670337516897456 -0.00099324467230950853 0.0021329018563372502 -0.0056735679840877419 -6.6891192957071877e-05 0.0022999319577117505 0.0081325608050066851 0.0040824996683073451 8.123464258899005e-05 -0.00073560515853293728 0.0046476987362415951 -0.00081867631328233893 -0.0006006408486762321 0.00032465695807311893 0.00042298831988501887 -0.0021759139326645166 0.00089464686380124161 -0.00034372842688940253 0.0028863304925391396 -0.0088175081900320855 -0.0050230278787573735 -0.0059493868469272342 0.0079268232102609314 0.011089781429233154 0.0012420759084260592 -0.005902450531589427 -0.0068561231919855217 -0.0033899194945145907 0.0050693188186920982
leaf_weight=37750.655640080571 242.42134580016136 2900.9453716576099 5275.0856614112854 2235.6558717936277 492.07480627298355 196277.4814825207 5995.5507749766111 263.39983843266964 1625.4481620192528 9845.8519683480263 675.63589479029179 748.24006894230843 7214.6500136554241 1432.2921909242868 2480.6445499956608 652.74753300845623 5581.1878218352795 218.98061008751392 2378.7100851535797 1492.2437872886658 274.00051200389862 782.59778040647507 503.46175815165043 325.40240609645844 227.9039915651083 855.75142107903957 316.32808108627796 294.84143258631229 262.6765832901001 339.6199551820755
leaf_count=153687 987 11773 21375 9081 2027 800246 24203 1101 6904 40204 2819 3004 29115 5747 9986 2638 22410 887 9610 6051 1108 3166 2041 1311 923 3471 1287 1191 1067 1400
internal_value=-4.82422e-06 -0.000831809 -0.000202754 0.00146514 2.84771e-05 -4.4478e-05 0.000503272 1.82779e-05 0.000736156 0.000571937 0.00265569 0.00139117 -0.00113317 0.000285028 0.0013545 -0.000125708 -0.000971575 -0.000127211 0.000830045 0.000239793 -0.00123926 -0.00141507 -0.000335289 0.00296648 0.00619997 -0.00228253 -0.000670749 -0.0016959 -0.00221407 0.0013597
internal_weight=289962 11256.4 7753.16 2478.08 278706 240955 31068.6 20117.1 12410.3 12146.9 2301.08 10951.6 7706.72 4956.02 3228.88 209887 13609.3 8028.13 4591.84 4144.95 2652.71 3436.29 2653.69 978.15 446.885 1675.54 1172.08 1727.13 3503.24 602.297
internal_count=1180820 45683 31443 10068 1135137 981450 126301 82170 51028 49927 9723 44131 31142 19928 12990 855149 54903 32493 18579 16769 10718 13914 10748 3949 1810 6799 4758 6938 14240 2467
cat_boundaries=0 1 2 3 4 5
cat_threshold=2628 58 417 961 714
is_linear=0
shrinkage=0.03


Tree=193
num_leaves=31
num_cat=5
split_feature=34 42 18 30 29 45 8 6 18 7 41 35 36 22 52 28 45 27 22 27 34 34 55 46 38 34 27 34 37 21
split_gain=10.2829 9.59554 10.433 8.68008 12.4308 9.67205 7.92954 14.897 16.8678 23.3028 17.9077 15.2691 14.4366 11.5596 11.0642 10.8532 11.2666 18.1247 15.1172 12.8003 16.8603 13.7128 12.8883 13.4792 10.8444 13.768 11.7499 11.9717 12.599 11.5144
threshold=0.20112350000000004 0.15511500000000003 0 0.28088300000000005 0.46318700000000007 0.44226550000000003 1.0000000180025095e-35 1.5000000000000002 1 1.0000000180025095e-35 0.53353300000000015 0.71369850000000012 0.36994600000000005 24510.500000000004 -0.0061274999999999516 7719.5000000000009 0.33158350000000009 2 24101.000000000004 3 0.54011500000000012 0.61577350000000008 7.6551538463372371 0.096271950000000009 0.18686800000000001 0.55505050000000011 4 0.56131400000000009 0.039802000000000011 1.5750000000000004
decision_type=8 10 1 10 10 10 2 2 1 2 10 10 8 2 10 2 10 9 2 9 10 10 2 10 10 10 9 10 10 2
left_child=1 3 -3 4 -1 -6 7 8 13 -10 -11 12 14 24 -9 16 19 18 -18 -14 22 -22 23 -21 25 -2 27 -27 -29 -26
right_child=6 2 -4 -5 5 -7 -8 11 9 10 -12 -13 15 -15 -16 -17 17 -19 -20 20 21 -23 -24 -25 29 26 -28 28 -30 -31
leaf_value=0.0070928717837459064 -0.00033138384998710878 0.00012877885183612813 -0.0062585705191442612 -0.0034409335324263927 -0.001182045222789023 0.0044114985931181351 0.00014555564915212448 -0.0112863580961632 -0.0016664846764486629 0.0015556706121660877 -0.00096632773210227193 0.0039289380790278883 -0.0019973899373189143 -0.0024761599472627772 -0.0022870086077494303 -0.0032664783744493107 0.00088586403482638146 -0.0012437843150819141 0.0060547035218569143 0.0079103474713303808 -0.0038648555095314504 0.00017433217095540611 -0.00037180849388178719 0.0015390861948015157 0.00087627411764601372 0.0048926090675705221 0.0014659387932434028 0.002529314906042167 -0.00093754137155319258 0.0040013270831001906
leaf_weight=210.32982249557972 22654.487403810024 350.69235235452652 637.59986384212971 782.22896575927734 2155.7747308015823 315.25086787343025 187519.4250317961 204.21234452724457 10762.277610123158 5242.7175455987453 4886.9108803123236 587.62850707769394 7588.0619570016861 1297.4345194846392 334.86167791485786 1542.4686528593302 3325.7825126051903 3641.5092825591564 603.95971943438053 404.21240578591824 1525.4000376462936 1470.3704883158207 2132.6769756823778 1200.5131277889013 9820.3322223126888 404.74524500966072 9932.3313903510571 1113.0591230988503 6016.5530571192503 1196.6208004802465
leaf_count=854 91601 1426 2592 3201 8716 1273 763739 838 43881 21170 20078 2630 30941 5235 1373 6219 13512 14741 2440 1637 6178 6044 8585 4845 39698 1637 40883 4666 24977 4832
internal_value=8.78998e-06 -0.00142127 -0.00403008 -0.000665383 0.00013609 -0.000451817 3.12163e-05 -0.000187507 2.62953e-05 -0.000693848 0.000336078 -0.000826949 -0.000945249 0.00031389 -0.00579509 -0.00083168 -0.000658339 0.000274402 0.00168761 -0.0011535 -0.000194295 -0.00187416 0.00114411 0.00317436 0.000385466 0.000155645 0.000788993 -0.000101463 -0.000391261 0.00121943
internal_weight=289860 4451.88 988.292 3463.58 2681.36 2471.03 285409 97889.1 73327.5 20891.9 10129.6 24561.7 23974 52435.6 539.074 23435 21892.5 7571.25 3929.74 14321.2 6733.17 2995.77 3737.4 1604.73 51138.1 40121.2 17466.7 7534.36 7129.61 11017
internal_count=1180442 18062 4018 14044 10843 9989 1162380 398641 298658 85129 41248 99983 97353 213529 2211 95142 88923 30693 15952 58230 27289 12222 15067 6482 208294 163764 72163 31280 29643 44530
cat_boundaries=0 1 2 3 4 5
cat_threshold=74 148 570 527 2150
is_linear=0
shrinkage=0.03


Tree=194
num_leaves=31
num_cat=10
split_feature=0 27 26 38 37 1 55 27 18 20 27 26 26 1 2 28 36 29 0 1 0 37 1 27 41 42 27 9 26 28
split_gain=11.3738 24.9353 17.579 17.5378 15.6799 15.1941 15.1486 32.4629 14.3392 15.9855 13.9555 37.4521 19.0688 22.608 22.2051 28.1631 21.6286 17.5805 17.4634 34.2111 30.6444 24.025 23.0214 22.9995 21.6656 19.0359 18.1565 14.9684 14.8625 15.0337
threshold=2023.5000000000002 0 1 0.092496250000000016 0.082413550000000016 4.5000000000000009 9.1959878644653816 2 3 18.150000000000002 4 5 6 9.5000000000000018 2.5000000000000004 1165.5000000000002 0.53023750000000003 0.55864300000000011 2020.5000000000002 5.5000000000000009 2022.5000000000002 0.11443450000000001 4.5000000000000009 7 0.66184750000000003 0.11826750000000001 8 12.500000000000002 9 2703.5000000000005
decision_type=2 9 9 8 10 2 2 9 1 2 9 9 9 2 2 2 10 10 2 2 2 8 2 9 10 10 9 2 9 2
left_child=6 2 -2 -3 -4 -6 10 -8 -5 -10 12 -12 13 18 15 -15 -16 28 22 20 23 25 -1 -20 -25 -21 -23 -24 -14 -30
right_child=1 3 4 8 5 -7 7 -9 9 -11 11 -13 17 14 16 -17 -18 -19 19 21 -22 26 27 24 -26 -27 -28 -29 29 -31
leaf_value=0.0026837357718849579 0.0017615645086032001 0.0012860545937575787 -0.0039747156323088209 0.00059586937237109366 -0.0033683146869654488 0.0010583619913718328 0.0050148457903740739 -0.001205815437943872 -0.0025807472397480912 -0.00088029943799018988 0.00092481308426035989 -0.00011760005172560267 -0.0028654494682081601 -0.0070269587619101147 -0.0013415321941042089 0.0029942932870552779 -0.0067630568034301218 5.5138830168686683e-05 0.0037156081889304971 -0.004642625422037275 -0.0028169651877517216 0.00050669302740209991 -0.0008535385425377177 -0.00085541191617890611 0.0070694289664152967 0.00088190343925122726 0.0034973736268205475 0.0063235288359901106 -0.00036409266192377078 -0.0018848883839466556
leaf_weight=2018.1077466011047 6840.1402071416378 3281.8565962761641 966.95634564757347 4375.3372882604599 855.36896093189716 3709.4572509527206 1641.8349010199308 1373.6661943793297 6322.1821032613516 23926.642025023699 47386.080514684319 89651.814571961761 3659.6061256378889 310.65501099824905 1760.9496307075024 1274.3576243519783 1078.399851962924 20824.532973200083 1695.6157101839781 620.81791451573372 3307.8584506213665 2512.6138598024845 14764.665673688054 4618.8534327596426 329.49145449697971 5540.3863566815853 7105.9629729092121 262.4014427959919 19293.81111317873 8438.466685205698
leaf_count=8390 27534 13264 3903 17632 3451 14952 6617 5542 25492 96451 192511 365099 14857 1249 7081 5132 4338 86323 6890 2730 13314 10158 60612 19180 1594 22871 29104 1086 78687 33936
internal_value=-1.26398e-05 -0.000422919 0.000744842 -0.000804862 -0.000508123 0.000220645 7.33789e-05 0.00218542 -0.00100424 -0.00123651 4.629e-05 0.000242689 -0.000224127 0.000212379 -0.0018271 0.00100172 -0.00341618 -0.000619236 0.000424184 0.000917787 -0.000457175 0.00178675 -0.000319235 0.000713933 -0.000317064 0.000318383 0.00272381 -0.00072498 -0.00106771 -0.000827782
internal_weight=289749 50277.9 12371.9 37906 5531.78 4564.83 239471 3015.5 34624.2 30248.8 236455 137038 99417.6 47201.1 4424.36 1585.01 2839.35 52216.4 42776.8 25731.6 9951.82 15779.8 17045.2 6643.96 4948.34 6161.2 9618.58 15027.1 31391.9 27732.3
internal_count=1179980 202679 49840 152839 22306 18403 977301 12159 139575 121943 965142 557610 407532 193729 17800 6381 11419 213803 175929 105841 40978 64863 70088 27664 20774 25601 39262 61698 127480 112623
cat_boundaries=0 1 2 3 4 5 6 7 8 9 10
cat_threshold=2178 994 842 112 1674 85 2842 128 128 64
is_linear=0
shrinkage=0.03


Tree=195
num_leaves=31
num_cat=13
split_feature=1 26 0 27 26 27 21 0 27 27 0 27 5 5 27 26 26 41 29 11 33 36 7 36 28 30 26 1 48 21
split_gain=10.5994 22.03 29.3414 26.4529 23.6394 21.302 14.9574 12.8309 46.3128 14.0773 12.3706 44.3173 36.0859 30.0138 57.2936 48.7542 27.2203 22.9517 22.1106 22.0711 21.8736 20.4272 20.2065 18.9418 18.0753 19.4401 18.5529 17.9382 18.0486 20.913
threshold=9.5000000000000018 0 2022.5000000000002 1 2 3 1.2150000000000001 2020.5000000000002 4 5 2022.5000000000002 6 7 8 9 10 11 0.5268695000000001 0.57846500000000012 3.5000000000000004 0.4076260000000001 0.46401450000000005 1.0000000180025095e-35 0.6001875000000001 50.500000000000007 0.31032300000000007 12 4.5000000000000009 1.0000000180025095e-35 0.32500000000000007
decision_type=2 9 2 9 9 9 2 2 9 9 2 9 1 1 9 9 9 10 8 2 10 8 2 8 2 10 9 2 2 2
left_child=10 7 3 6 -4 -6 -3 8 -2 -9 13 12 27 14 17 18 20 22 -16 23 -13 24 -1 -15 -17 26 -26 -12 29 -29
right_child=1 2 4 -5 5 -7 -8 9 -10 -11 11 16 -14 19 15 21 -18 -19 -20 -21 -22 -23 -24 -25 25 -27 -28 28 -30 -31
leaf_value=-0.0025878784638459587 0.0099337499317274612 0 0.0052226082460169491 -0.0021847887350205149 -0.0072450181835250144 0.001012657916161197 0.0063390428340963255 0.0021376506451374179 -0.00028774914015273611 -0.0022628628954046975 -2.5437415780743918e-05 -0.0024005461054789445 -0.00049351073779905857 0.0017773033198142151 -0.0010476014567093878 0.0076285100621084371 -0.00089917699346348564 -0.0045827269493622751 -0.005860835611468768 0.0023212525976449658 0.00051481772251724567 0.0003020645689352128 -0.00021493825899832002 -0.0011957570148192758 0.0029007616539315521 -0.0014502450486811123 0.00077823321312310166 0.0090758506837477822 0.0015372344138478028 0.003492888906382188
leaf_weight=5521.581461712718 595.84705364704132 1119.2715898752213 1022.4827144742012 12295.666332691908 324.19533017277718 1668.9013437479734 477.75688797235489 1289.0141746997833 1148.0030213296413 1301.2949768155813 1889.2240345031023 2538.4615673273802 5923.5630111694336 3588.3649694174528 14225.726969644427 407.44688068330288 52270.072888225317 2092.6343529820442 915.33327162265778 9879.3190125375986 25905.965002134442 107056.18075019121 7850.7009411752224 4157.1835561841726 6106.3670749813318 2111.5220098346472 9611.6511123925447 775.19364240765572 3042.8828884810209 2928.2435559332371
leaf_count=22219 2405 4603 4123 49590 1305 6724 1981 5272 4634 5231 7610 10262 23838 15906 57221 1644 210510 8414 3678 45267 104554 434331 31586 19423 24513 8558 38631 3116 12253 11796
internal_value=5.79982e-06 -0.000639161 -0.0011289 -0.00171281 0.00154646 -0.000353819 0.00190134 0.00126364 0.00325389 -6.20126e-05 5.68877e-05 -0.000217616 0.00130459 0.000207778 7.49021e-05 0.00026598 -0.000492698 -0.00165712 -0.00134078 0.00138121 0.000253273 0.000460507 -0.00119736 0.000177888 0.00138901 0.00124348 0.00160747 0.00254272 0.00326603 0.00467599
internal_weight=290040 21242.4 16908.3 13892.7 3015.58 1993.1 1597.03 4334.16 1743.85 2590.31 268798 95273.6 14559.1 173524 155899 140434 80714.5 15464.9 15141.1 17624.9 28444.4 125293 13372.3 7745.55 18237 17829.5 15718 8635.54 6746.32 3703.44
internal_count=1181198 85868 68326 56174 12152 8029 6584 17542 7039 10503 1095330 383939 58613 711391 630795 568576 325326 62219 60899 80596 114816 507677 53805 35329 73346 71702 63144 34775 27165 14912
cat_boundaries=0 1 2 3 4 5 6 7 8 9 10 11 12 13
cat_threshold=40 32 22 129 572 139 2050 2 2 2 2 11 408
is_linear=0
shrinkage=0.03


Tree=196
num_leaves=31
num_cat=9
split_feature=0 27 42 25 26 23 33 42 26 36 18 27 9 48 29 39 45 26 31 42 19 34 31 35 22 26 53 40 26 46
split_gain=13.7721 24.0499 18.618 18.9261 15.8296 14.674 13.0704 12.9799 13.4287 11.8351 12.2144 11.8674 12.0353 11.8583 14.7338 13.1927 13.0357 11.5796 13.0793 12.8753 12.4743 11.5375 11.3304 11.058 10.8329 10.4669 13.1258 11.3638 10.4264 10.1468
threshold=2019.5000000000002 0 0.15354350000000003 1 2 22612.500000000004 0.51807900000000007 0.19515650000000004 3 0.53596700000000008 4 5 7.5000000000000009 1.0000000180025095e-35 0.5519845000000001 0.097669450000000005 0.20988050000000003 6 0.16358050000000005 0.14360950000000003 47.650000000000013 0.72771400000000008 0.12743550000000001 0.53577500000000011 23306.500000000004 7 -0.0065445000000000078 888.50000000000011 8 0.12948450000000003
decision_type=2 9 10 1 9 2 8 10 9 8 1 9 2 2 8 8 10 9 8 10 2 10 10 10 2 9 10 2 9 10
left_child=1 5 3 4 -3 17 25 8 -4 10 -6 12 13 14 -11 -15 -17 19 21 -1 -21 -19 -18 -22 -9 -7 27 -27 -13 -25
right_child=-2 2 7 -5 9 6 -8 24 -10 11 -12 28 -14 15 -16 16 22 18 -20 20 23 -23 -24 29 -26 26 -28 -29 -30 -31
leaf_value=-0.0010967694081759737 -7.5035073320478597e-05 -0.00072919506508132951 0.0070324605798933078 -0.0002410959274724934 -0.0013668393616494379 0.0020309535906573289 0.007703684090772888 0.002875120431403031 0.0020686372970088796 -0.0019228169702483816 0.0034040794861578331 0.0012013889490052616 0.0084792433981687593 0.0038583989605856027 0.0054065430098549786 0.0030543263403571197 -0.0036689770852985763 -0.00097510024767617331 0.0060796633840912925 -0.0076139561809539617 0.00093158511174434345 0.0050055320926405706 0.00082173551680943268 -0.0004063467671077498 -0.0057306035544580254 0.0026583643636742919 -0.0023855054654377721 -0.0035390973288138791 -0.0018455952883838279 -0.008889990598157909
leaf_weight=3173.1692465990782 243908.63187532127 2736.4463583827019 976.85645838081837 10721.131057411432 527.32106271386147 2172.6963364034891 228.08028723299503 306.11225220561028 1082.0745608061552 300.29224544763565 4615.8133794516325 2344.8421236723661 248.32188954949379 940.31679917871952 1227.1412227004766 771.41173459589481 1053.361987516284 4045.5267129540443 282.98329634964466 653.60521960258484 494.13306379318237 308.7022639811039 951.59480975568295 233.09251211583614 224.54213564097881 1259.4764372110367 1801.9023447930813 331.29607577621937 1754.1570475697517 298.20584993064404
leaf_count=12996 990455 11519 3981 44123 2131 9460 1012 1256 4479 1217 18656 9766 1024 3916 5212 3225 4377 16502 1154 2643 2004 1293 3933 946 923 5431 7559 1358 7227 1205
internal_value=1.47085e-05 0.000490519 0.000973629 0.000748761 0.00135784 -0.000480887 0.000705023 0.00341019 0.00448921 0.00174685 0.00291254 0.00111977 0.00202932 0.00171738 0.00394505 0.000791372 -0.000239636 -0.00120857 -0.000126618 -0.00223082 -0.00436369 -0.000541051 -0.00152461 -0.00224666 -0.000721851 0.00040882 -0.000626187 0.00134462 -9.69775e-05 -0.00524735
internal_weight=289973 46064.6 30781.7 28192.2 17471 15282.9 5793.45 2589.59 2058.93 14734.6 5143.13 9591.44 5492.44 5244.12 1527.43 3716.69 2776.37 9489.42 4637.21 4852.21 1679.04 4354.23 2004.96 1025.43 530.654 5565.37 3392.67 1590.77 4099 531.298
internal_count=1180983 190528 126965 116326 72203 63563 24820 10639 8460 60684 20787 39897 22904 21880 6429 15451 11535 38743 18949 19794 6798 17795 8310 4155 2179 23808 14348 6789 16993 2151
cat_boundaries=0 1 2 3 4 5 6 7 8 9
cat_threshold=1155 2 2 908 48 284 790 2274 465
is_linear=0
shrinkage=0.03


Tree=197
num_leaves=31
num_cat=3
split_feature=44 23 53 26 21 39 3 37 31 38 7 37 28 22 42 26 53 10 26 53 38 12 35 53 39 46 39 22 22 28
split_gain=10.6304 12.7331 13.9908 12.4163 12.1314 11.8333 16.8717 13.7461 13.3184 17.8969 15.831 25.1761 14.7633 14.3617 16.7389 13.7883 13.5958 13.0459 14.2316 14.2779 12.5306 13.7061 18.166 12.1376 13.0498 20.7164 17.762 12.9554 12.6279 12.0479
threshold=0.50120550000000008 24527.000000000004 -0.0077705000000000126 0 1.0550000000000004 0.16884550000000004 8.5000000000000018 0.18537600000000001 0.14987150000000002 0.17953200000000002 1.5000000000000002 0.17351150000000004 2133.5000000000005 24115.500000000004 0.13640450000000001 1 -0.023566500000000015 6.5000000000000009 2 -0.0124765 0.082028400000000015 1.0000000180025095e-35 0.47504150000000006 -0.032454000000000004 0.18684100000000003 0.12154250000000001 0.19446950000000005 24099.500000000004 22133.500000000004 380.50000000000006
decision_type=8 2 8 9 2 8 2 10 10 10 2 10 2 2 8 9 10 2 9 8 10 2 10 10 8 10 8 2 2 2
left_child=3 -2 -3 -1 -4 7 17 8 9 10 13 29 -11 14 15 -5 -14 23 -19 -20 -17 22 -22 24 25 -7 28 -28 -26 -12
right_child=1 2 4 5 -6 6 -8 -9 -10 12 11 -13 16 -15 -16 20 -18 18 19 -21 21 -23 -24 -25 26 -27 27 -29 -30 -31
leaf_value=0.0070998023632051852 -0.00010150203923898269 -0.005663490069520479 -0.0026154063916636505 0.0023255344410192001 0.0058482415516068328 0.0073134032737134768 -0.002599369251663312 0.0014370103230000898 0.0011728923724462668 -0.00054813834290469649 -0.0036187787595373454 -0.0079838520759574916 0.0027489243054945149 0.0025316144162852877 -0.00063754423137771482 0.0029929923612959856 0.010889836946241276 -0.0055152051820905861 0.0025050327710458343 -0.005346625184157577 0.0059754722305800003 -0.0027155968043810191 -0.000312933743683875 -0.00048328174469226864 0.0023348459087994431 0.0012769927894568309 0.00032875562230078509 0.0040346596543946586 -0.004196667549647216 -0.00039818500086843104
leaf_weight=226.19284909963608 196673.51190258563 775.30981244146824 448.37546959519386 4056.0077743679285 226.71712100505829 623.88059231638908 2481.940919727087 11310.89765894413 11444.998126700521 494.9843242764473 1189.9480096697807 456.04371736943722 488.11937944591045 2311.691008746624 13538.045560494065 1094.585277095437 311.23587058484554 776.2809017598629 639.17149817943573 305.55641619861126 476.0525886118412 1728.7637444734573 2972.8834875524044 13492.625822097063 334.47957284748554 2914.4572870284319 6886.3407782167196 969.98869539797306 1190.1840290129185 8768.0288698226213
leaf_count=1027 802214 3138 1810 16961 915 2518 10001 45748 46335 2011 4879 1847 1973 9335 54981 4549 1255 3129 2580 1234 1929 7092 12199 54474 1352 11764 27901 3931 4803 35607
internal_value=1.06719e-06 -0.000122336 -0.00292076 0.000268643 0.000196007 0.000250344 -0.000229742 0.000493248 0.000276177 4.42682e-06 -0.000117539 -0.00110727 0.00346791 0.000275127 5.50164e-05 0.000965631 0.00598491 -1.93686e-05 -0.00254878 -1.15637e-05 7.69421e-05 -0.000534959 0.000550796 0.000144583 0.000802592 0.0023551 0.000213252 0.000791491 -0.00274238 -0.000787022
internal_weight=289607 198124 1450.4 91483.4 675.093 91257.2 30614.9 60642.3 49331.4 37886.4 36592.1 10414 1294.34 26178 23866.3 10328.3 799.355 28133 1721.01 944.728 6272.29 5177.7 3448.94 26412 12919.3 3538.34 9380.99 7856.33 1524.66 9957.98
internal_count=1179492 808077 5863 371415 2725 370388 123687 246701 200953 154618 149379 42333 5239 107046 97711 42730 3228 113686 6943 3814 25769 21220 14128 106743 52269 14282 37987 31832 6155 40486
cat_boundaries=0 1 2 3
cat_threshold=3072 341 45
is_linear=0
shrinkage=0.03


Tree=198
num_leaves=31
num_cat=6
split_feature=44 2 27 40 3 19 26 34 1 26 27 28 46 38 35 38 28 30 30 53 27 45 27 21 32 32 34 28 45 22
split_gain=9.35334 15.3176 12.3518 17.7719 13.6804 13.3721 11.9136 12.8771 11.7885 28.906 16.7308 18.5962 16.0547 14.0692 16.3372 14.0525 13.3323 12.4866 12.329 14.4946 11.9034 11.5342 11.429 15.674 11.0819 15.3057 11.0057 10.9653 10.9613 10.6674
threshold=0.50120550000000008 1.5000000000000002 0 6161.5000000000009 1.5000000000000002 10.450000000000001 1 0.43719650000000004 9.5000000000000018 2 3 5487.5000000000009 0.070939200000000022 0.14701200000000003 0.54115100000000005 0.083472650000000023 6146.5000000000009 0.27146900000000002 0.22673800000000002 -0.033108500000000006 4 0.11461550000000001 5 0.69500000000000006 0.40204450000000008 0.39601150000000002 0.48089100000000007 986.50000000000011 0.21638250000000001 22891.500000000004
decision_type=10 2 9 2 2 2 9 8 2 9 9 2 10 10 10 8 2 10 10 10 9 10 9 2 10 8 10 2 10 2
left_child=1 24 -3 4 28 -5 7 -6 -2 13 11 12 -11 18 22 -14 27 -17 -10 -20 -21 -9 23 -15 25 -1 -22 29 -4 -12
right_child=8 2 3 5 6 -7 -8 21 9 10 16 -13 15 14 -16 17 -18 -19 19 20 26 -23 -24 -25 -26 -27 -28 -29 -30 -31
leaf_value=0.0011359626878234004 -5.2926714527710445e-05 0.00052184364235670659 -0.0018094191713812326 -0.0050110984368525674 0.001256214380149721 -0.0010903234824835813 0.00014209194454163979 0.0034354297689961292 0.00066282546880979982 -0.003918933828986922 -0.0017769315313514052 -0.0083068673150112817 -0.004715079842630269 -0.0057349746835109296 -0.0095535201964151283 0.0029344298905134665 0.0070510787651796832 -0.0029482579391980433 0.0020318173144057076 -0.00062184615998198698 -0.0029069835987734112 -0.0021565545251053982 -0.0047322502888712658 0.0038457143090269708 -0.0018724445410664367 0.0062741741882569868 -0.010951219319352723 -0.00017287305084323781 0.0022827364353863689 0.0041022173634630149
leaf_weight=13685.912812903523 183841.88244876266 32218.384295210242 692.8881851285696 884.57834039628506 1501.4343086183071 7125.162201821804 24246.95369502902 345.67895613610744 1444.7798880338669 1027.1986830383539 346.58795933425426 326.50703631341457 369.70945192873478 247.22150275111198 452.01075902581215 1485.3949330002069 320.34289936721325 408.06847271323204 338.23526038229465 383.0243314653635 283.33903077244759 5755.6950138062239 1350.4412980675697 394.8079688847065 1029.9806990325451 542.93284474313259 373.5801924020052 3537.3815777748823 3620.6360684931278 1254.8830125182867
leaf_count=55488 750300 131105 2805 3558 6050 28691 98530 1426 5815 4144 1412 1324 1491 995 1819 5986 1300 1646 1360 1541 1138 23288 5431 1587 4220 2202 1500 14346 14773 5187
internal_value=-1.73837e-06 0.000248761 7.49873e-05 -0.000250331 3.20357e-05 -0.00152878 -0.000181901 -0.00121736 -0.000117735 -0.000946106 7.81866e-05 -0.00149761 -0.00081041 -0.00271075 -0.00438584 0.000590555 0.00112876 0.00164815 -0.00125611 -0.00328656 -0.00504597 -0.00183329 -0.00318587 9.89907e-05 0.00111659 0.00133541 -0.00744328 0.00075204 0.00161766 0.00281022
internal_weight=289836 91650.2 76391.4 44173 36163.3 8009.74 31849.8 7602.81 198185 14343.5 9076.07 3616.88 3290.37 5267.44 2444.48 2263.17 5459.2 1893.46 2822.96 1378.18 1039.94 6101.37 1992.47 642.029 15258.8 14228.8 656.919 5138.85 4313.52 1601.47
internal_count=1180458 372136 310226 179121 146872 32249 129294 30764 808322 58022 36836 14591 13267 21186 9832 9123 22245 7632 11354 5539 4179 24714 8013 2582 61910 57690 2638 20945 17578 6599
cat_boundaries=0 1 2 3 4 5 6
cat_threshold=3339 544 900 153 11 428
is_linear=0
shrinkage=0.03


Tree=199
num_leaves=31
num_cat=6
split_feature=25 18 32 53 24 6 44 43 2 46 32 33 30 27 43 27 34 30 27 44 13 30 44 35 6 53 45 37 21 21
split_gain=9.99558 17.2102 16.662 17.0761 13.864 15.3972 13.5767 11.299 15.4451 18.4859 20.8923 14.8997 13.6735 13.1382 12.915 25.4924 12.5068 11.5182 11.2091 10.9909 13.9293 14.9036 13.7428 13.6403 14.3481 12.4521 11.3399 13.2622 11.2835 10.7985
threshold=0 1 0.42860150000000002 -0.0041384999999999885 2 1.5000000000000002 0.38127500000000003 5658.5000000000009 4.5000000000000009 0.095245100000000013 0.33840350000000002 0.46470650000000008 0.20000700000000002 3 5001.5000000000009 4 0.5412300000000001 0.19450950000000003 5 0.58966550000000006 -1.4999999999999998 0.20852050000000003 0.62000450000000018 0.54181950000000012 1.5000000000000002 -0.078198999999999949 0.20701650000000002 0.057831650000000005 0.7350000000000001 0.96500000000000008
decision_type=1 1 10 10 1 2 10 2 2 10 10 10 10 9 2 9 10 10 9 8 2 10 10 8 2 10 8 8 2 2
left_child=-1 4 6 18 7 -6 29 14 9 13 -11 17 -12 -9 19 -16 -15 -10 -4 -2 21 23 -23 -21 -25 -24 27 28 -22 -3
right_child=1 2 3 -5 5 -7 -8 8 11 10 12 -13 -14 16 15 -17 -18 -19 -20 20 26 22 25 24 -26 -27 -28 -29 -30 -31
leaf_value=0.00019326418999440794 -0.00048642254586010947 0.0061670197212380963 -0.0039208255391897616 -0.0037828029142888179 -0.00064739227900359236 -0.0025995528110930853 0.00028471183563082348 -0.00038894789106363065 -0.0021523282361709203 0.0026899428684928769 0.00066380614059171174 -0.0030763013413697845 -0.0032468448871292139 -0.0051198798874252478 -0.00091490497417234958 0.0057266399470944623 -0.013498647589198554 0.0028069294864290543 0.0012495653466130497 0.0073332603076897013 -0.0086484497972649215 0.003808414091328391 0.0042222478710240673 0 0.0074434193824638702 -0.0022415046803946088 -0.00062946961888268676 0.0019808074352451639 0.00059110102756082224 0.00098264221383218171
leaf_weight=152996.23293699324 30496.213704004884 629.72178635001183 467.20180968940258 1819.1577684879303 14028.707431033254 4940.320858463645 53255.235990479589 360.90471784770489 534.66450449824333 972.75267055630684 1086.7348481565714 776.66084381937981 2964.1488489508629 610.2081743478775 1070.4872605353594 985.90752969682217 230.46908596158028 1869.2838760465384 1743.0236251354218 683.24304732680321 203.08757255971432 747.18936032056808 324.26247325539589 874.00818310678005 312.67282111942768 1441.637439340353 8873.5614852905273 3383.7646807134151 267.5482786744833 886.50113199651241
leaf_count=623388 124008 2557 1902 7597 57092 20189 216492 1449 2168 3949 4419 3129 11917 2449 4308 3975 925 7544 7314 2763 853 3023 1318 3659 1305 5850 36300 13861 1123 3603
internal_value=2.65621e-05 -0.000159604 0.000227632 -0.00163213 -0.000451734 -0.00115773 0.000365121 -0.000224539 -0.0011779 -0.0020475 -0.00123856 0.000515034 -0.00219062 -0.00539316 -4.33176e-05 0.00228178 -0.00740452 0.00169016 0.00012718 -0.000144518 0.00046307 0.0019212 0.000397702 0.00394876 0.00196131 -0.00103249 -3.70289e-05 0.00131853 -0.00336211 0.0031635
internal_weight=289836 136839 58800.8 4029.38 78038.4 18969 54771.5 59069.4 9405.83 6225.22 5023.64 3180.61 4050.88 1201.58 49663.6 2056.39 840.677 2403.95 2210.23 47607.2 17111 4383.01 2513.09 1869.92 1186.68 1765.9 12728 3854.4 470.636 1516.22
internal_count=1180429 557041 239465 16813 317576 77281 222652 240295 37949 25108 20285 12841 16336 4823 202346 8283 3374 9712 9216 194063 70055 17918 10191 7727 4964 7168 52137 15837 1976 6160
cat_boundaries=0 1 2 3 4 5 6
cat_threshold=2 129 2 56 737 1100
is_linear=0
shrinkage=0.03


Tree=200
num_leaves=31
num_cat=8
split_feature=22 53 28 53 27 1 26 31 36 36 36 26 40 40 27 26 27 36 38 36 36 33 46 40 21 46 5 0 36 26
split_gain=10.7494 13.8045 15.9903 18.1955 11.7132 15.7461 12.547 10.2568 13.7582 18.6265 12.0917 10.812 10.252 13.1595 11.4544 12.171 10.9807 10.3306 11.9583 11.7227 10.0891 11.0865 11.6933 10.4074 10.0802 14.1302 13.1223 23.2172 17.1301 15.9763
threshold=24301.500000000004 -0.0025904999999999952 2083.5000000000005 0.050632999999999963 0 4.5000000000000009 1 0.19281600000000002 0.52184500000000011 0.47929650000000007 0.51054400000000011 2 530.50000000000011 1835.5000000000002 3 4 5 0.45037250000000006 0.20259300000000002 0.42200200000000004 0.44629850000000004 0.47265750000000006 0.084767800000000018 6091.5000000000009 0.89500000000000013 0.22702900000000004 6 2022.5000000000002 0.47623550000000009 7
decision_type=2 10 2 10 9 2 9 10 10 10 10 9 2 2 9 9 9 10 10 10 10 10 10 2 2 8 1 2 8 9
left_child=24 12 4 -4 5 -3 -7 10 9 -9 20 -12 16 17 -15 -16 -2 19 -19 -14 -6 22 -22 -23 26 -26 -1 28 -28 -30
right_child=1 2 3 -5 7 6 -8 8 -10 -11 11 -13 13 14 15 -17 -18 18 -20 -21 21 23 -24 -25 25 -27 27 -29 29 -31
leaf_value=-0.00035047334955416704 0.002510856189177779 -0.0037995347064755471 0.0027538030138001593 -0.0056124635581680481 -0.002595047847643511 0.0048001627240415413 -0.00039467864367715328 -0.0045278177932851459 -0.0081707598582613089 0.0026695076605713127 -0.0046252467042025716 -0.00075248031414674793 0.0038355606815309146 0.0022245379403737311 0.0032024619404436693 -0.0010303152539926147 -0.0041022723084305655 0.0043037736388018329 0.012697655131755104 -0.0039766369519357234 0.0082292962280181535 -0.0064741318580923239 0.001824406514392284 0.0027235584737717042 -6.7747176226959783e-05 0.000705028638203269 0.0045194697210041695 -0.001079685792754945 0.0058695335843371981 0.00057982451767971718
leaf_weight=134033.61975452304 350.71723575890064 420.13263922929764 2474.6186007261276 253.50637756288052 477.77712665498257 990.31180216372013 705.04120399057865 829.60025011003017 388.40221746265888 521.47638840973377 812.62124659121037 3243.2315014898777 625.75404033064842 4146.7620052844286 770.37334255874157 2765.4270638376474 577.78775401413441 660.13545516133308 207.68009880185127 232.53722803294659 368.90825815498829 214.39814336597919 894.94696587324142 217.8386278450489 89002.232501611114 27969.662349447608 1368.0509079247713 5103.8356666713953 537.11391896009445 8437.1968429535627
leaf_count=541421 1420 1694 9978 1027 1952 3990 2844 3365 1560 2094 3261 13065 2537 16723 3102 11172 2337 2658 836 936 1492 861 3593 876 363323 113710 6022 20550 2512 38640
internal_value=-3.76494e-05 0.000582212 -7.36161e-05 0.00196009 -0.00062717 0.00134601 0.00265119 -0.00115528 -0.00319535 -0.00172794 -0.000581419 -0.0015519 0.00139779 0.00169616 0.00115797 -9.12794e-05 -0.00158918 0.00406806 0.00638382 0.00167769 0.00121511 0.00230874 0.00373268 -0.00178293 -9.16231e-05 0.000116792 -0.000254913 0.000572275 0.00139047 0.000908796
internal_weight=289602 23150 12812.8 2728.12 10084.7 2115.49 1695.35 7969.2 1739.48 1351.08 6229.72 4055.85 10337.2 9408.67 7682.56 3535.8 928.505 1726.11 867.816 858.291 2173.87 1696.09 1263.86 432.237 266452 116972 149480 15446.2 10342.4 8974.31
internal_count=1179551 93373 51652 11005 40647 8528 6834 32119 7019 5459 25100 16326 41721 37964 30997 14274 3757 6967 3494 3473 8774 6822 5085 1737 1086178 477033 609145 67724 47174 41152
cat_boundaries=0 1 2 3 4 5 6 7 8
cat_threshold=2178 675 516 299 194 386 2 2184
is_linear=0
shrinkage=0.03


Tree=201
num_leaves=31
num_cat=4
split_feature=31 36 28 36 53 36 7 27 35 27 1 27 1 36 37 52 27 53 37 28 13 30 34 46 31 34 28 35 11 53
split_gain=9.1048 13.9764 17.8148 20.1463 17.0517 15.5408 15.0782 21.6759 15.0065 18.3053 17.6146 16.4804 15.6237 14.4749 14.3494 13.6052 13.4045 17.5872 13.4565 14.366 13.0266 12.7541 12.651 12.2926 15.8623 14.518 12.2132 11.8295 12.4833 11.8165
threshold=0.13724550000000005 0.53099450000000015 380.50000000000006 0.53662100000000013 -0.007366999999999956 0.52255200000000002 1.5000000000000002 0 0.51624700000000012 1 4.5000000000000009 2 8.5000000000000018 0.4772975000000001 0.27486250000000007 0.092308000000000015 3 0.083496500000000043 0.10456450000000002 3606.5000000000005 1.0000000180025095e-35 0.31032300000000007 0.30060250000000005 0.1638995 0.1289585 0.52916900000000011 1292.5000000000002 0.63848800000000006 4.5000000000000009 0.001156500000000005
decision_type=10 10 2 10 10 10 2 9 10 9 2 9 2 10 10 10 9 8 8 2 2 10 10 10 10 10 2 8 2 10
left_child=1 5 4 29 -3 8 22 -8 9 12 11 -11 -1 -14 -10 -6 20 21 19 -19 27 -18 -5 -9 25 -25 -26 -2 -29 -4
right_child=16 2 3 6 15 -7 7 23 14 10 -12 -13 13 -15 -16 -17 17 18 -20 -21 -22 -23 -24 24 26 -27 -28 28 -30 -31
leaf_value=-0.0024056892085743977 0.00072546400195262501 0.00091663388223343066 -0.00089545226149199161 -0.0043910710872705405 -0.0021913844443651174 0.0021259113445939557 -0.0023063246415000265 0.0010949014245988293 -0.00098002008818140864 -0.0008929895428869889 0.00053905751695330234 0.0030562392872081705 0.0057426863377409449 -0.0016122817939400432 0.0047252641069162552 0.0010641414045920693 -0.00036001547673010216 0.0013652232276059578 0.00013670305995986125 0.0065660873816957037 -0.00037810254676604288 -0.0019093753678670767 0.00067146437885142005 -0.0061403755194082438 0.0062808866874653592 -0.0010692922877551935 -0.00011477166522862283 -0.0031882634303582059 0.00093781483595946184 -0.0048615337107051721
leaf_weight=2933.6670952290297 32817.692558139563 2800.8766718804836 2067.5057516992092 445.54149848222733 8262.6514609605074 5061.6191958338022 4361.4806111454964 5941.1408825963736 8700.2066454440355 1159.7808717340231 28960.027797028422 4987.736640304327 470.04961697757244 479.2795140594244 411.3011165112257 1327.9204869419336 103811.29486338794 1448.8555561453104 3656.6429876387119 727.51023785769939 20648.075417861342 5021.7418039441109 35052.841393843293 686.58215735852718 363.22083070874214 2019.8732922971249 976.25335821509361 1478.9058417379856 1172.322356954217 1021.7301591485739
leaf_count=11826 133128 12076 8348 1795 34494 20454 17999 24496 35112 4727 117225 20475 1890 1923 1654 5640 418943 6081 14992 3037 83920 20453 145642 2780 1487 8345 3981 6221 4975 4102
internal_value=-1.9274e-05 0.000182665 -0.000110877 0.000128319 -0.00113493 0.000543922 0.000274602 -0.000544907 0.000376708 0.000633264 0.000849899 0.00230975 -0.00131563 0.00200456 -0.000717717 -0.0017373 -0.000159558 -0.000345572 0.00125754 0.00312417 0.000220017 -0.000431832 0.000606714 0.00022387 -0.00104708 -0.00237219 0.00160733 0.000569119 -0.00135349 -0.00222033
internal_weight=289274 118491 65327.6 52936.2 12391.4 53163.7 49846.9 14348.6 48102 38990.5 35107.5 6147.52 3883 949.329 9111.51 9590.57 170783 114666 5833.01 2176.37 56117 108833 35498.4 9987.07 4045.93 2706.46 1339.47 35468.9 2651.23 3089.24
internal_count=1178221 486471 271185 218975 52210 215286 206525 59088 194832 158066 142427 25202 15639 3813 36766 40134 691750 463506 24110 9118 228244 439396 147437 41089 16593 11125 5468 144324 11196 12450
cat_boundaries=0 1 2 3 4
cat_threshold=52 3136 260 3394
is_linear=0
shrinkage=0.03


Tree=202
num_leaves=31
num_cat=1
split_feature=53 30 44 37 29 31 30 32 31 19 53 31 32 45 23 18 28 40 29 36 10 31 8 3 39 31 52 32 23 37
split_gain=9.13693 12.6482 12.895 11.3845 10.1711 12.2909 13.9358 11.2774 10.9448 9.55051 9.29995 21.4722 19.7598 13.3978 12.8094 12.2049 12.0896 14.207 15.4016 11.6326 11.5676 10.8638 10.1969 11.3469 10.9246 10.1652 10.6239 10.1349 9.89284 9.8712
threshold=0.095819500000000016 0.27251800000000009 0.78627000000000014 0.13303800000000002 0.5169775000000002 0.16782050000000001 0.16294550000000005 0.40458200000000005 0.14075050000000003 15.350000000000003 0.015383999999999983 0.17334650000000004 0.46963100000000008 0.45489900000000005 24356.500000000004 0 320.50000000000006 282.50000000000006 0.48387350000000001 0.43941200000000008 4.5000000000000009 0.16265900000000003 1.5000000000000002 9.5000000000000018 0.28043100000000004 0.12386250000000001 -0.069455500000000017 0.3071985000000001 22457.500000000004 0.17988750000000001
decision_type=10 10 10 10 10 10 10 10 10 2 10 10 10 10 2 1 2 2 10 8 2 10 2 2 10 10 10 8 2 10
left_child=10 4 3 -3 8 6 -6 -8 -2 -10 14 12 13 -12 15 -1 17 -13 -19 -16 -17 -21 23 24 27 26 -15 -22 -27 -18
right_child=1 2 -4 -5 5 -7 7 -9 9 -11 11 16 -14 25 19 20 29 18 -20 21 22 -23 -24 -25 -26 28 -28 -29 -30 -31
leaf_value=0.0016130625613858831 -0.000116234126949206 -0.0053143277745001339 0.0047970187781043935 0.00089553168504202048 0.0039121508409459532 -0.0062405017864513969 0.00078129904908484985 -0.0036028583247777355 0.0081802844968933731 0.0029523981682599114 -0.00017353249080515637 0.0013872182561092911 -0.0050998728394598212 -0.0052105994959969117 -0.0034195384946025609 0.00019971888544821834 -0.0022716981404621184 -0.0021960824848098904 -0.0086263227214660298 -0.0013636584595623541 -0.0051998352595505068 0.0020311517522755601 0.00031820529560840761 -0.004645941594892 0.0040521624483062305 0.00020188505625297156 0.0012815407401028539 -0.00064322717208173104 0.0042823829482570947 0.00014677058739261944
leaf_weight=4863.0517961382866 748.51227080821991 724.54325431585312 219.96680258214474 405.60734874010086 1120.8732558637857 219.95250162482262 3737.5696965157986 611.18608242273331 415.04436089098454 1465.5563277453184 57021.080752074718 339.91212059557438 706.58660212159157 321.25703778862953 1653.1761219650507 164456.46633659303 3287.334248572588 700.2712055593729 674.67903527617455 3167.1662049293518 447.48032106459141 1151.0812119394541 11907.964370846748 655.77940037846565 432.57024306058884 845.66183379292488 742.05113008618355 22190.260272577405 1531.1861734241247 2779.8253796100616
leaf_count=19810 3133 2982 894 1672 5116 923 16016 2690 1743 6150 232754 1396 2944 1300 6723 668338 13307 2841 2761 12747 1829 4630 48332 2645 1758 3409 3045 90048 6182 11203
internal_value=2.21354e-05 0.000928712 -0.00175218 -0.00306268 0.0013679 0.000647352 0.000933087 0.000156185 0.0029133 0.0041333 -9.08647e-06 -0.000311642 -0.000122244 -6.33265e-05 8.96776e-05 0.000129724 -0.00179586 -0.00402513 -0.00538504 -0.00127916 9.34137e-05 -0.000451006 -0.000396308 -0.000756177 -0.000643719 0.0017532 -0.000660935 -0.0007353 0.00284527 -0.00115915
internal_weight=289544 9668.81 1350.12 1130.15 8318.69 5689.58 5469.63 4348.76 2629.11 1880.6 279875 68949.8 61167.8 60461.2 210925 204954 7782.02 1714.86 1374.95 5971.42 200091 4318.25 35634.1 23726.1 23070.3 3440.16 1063.31 22637.7 2376.85 6067.16
internal_count=1179321 41319 5548 4654 35771 24745 23822 18706 11026 7893 1138002 281142 249634 246690 856860 832760 31508 6998 5602 24100 812950 17377 144612 96280 93635 13936 4345 91877 9591 24510
cat_boundaries=0 1
cat_threshold=64
is_linear=0
shrinkage=0.03


Tree=203
num_leaves=31
num_cat=7
split_feature=32 35 26 11 33 48 23 26 23 23 40 22 33 9 23 26 26 44 40 5 38 18 26 35 46 9 9 21 39 33
split_gain=9.17506 8.62161 9.85706 11.318 9.84686 8.1969 13.0402 12.8892 11.8861 15.5433 13.6863 16.4215 13.0431 12.2745 14.7137 15.3021 14.3209 14.0491 13.9085 13.8885 13.1356 11.4512 11.3656 11.2189 10.9492 10.8886 10.8278 10.7717 11.5929 11.9276
threshold=0.43392900000000006 0.36245800000000006 0 13.500000000000002 0.42571500000000001 1.0000000180025095e-35 24355.000000000004 1 24192.500000000004 23857.000000000004 560.50000000000011 23980.500000000004 0.46012650000000005 2.5000000000000004 22014.500000000004 2 3 0.47023450000000006 11097.500000000002 4 0.28913300000000003 5 6 0.57165200000000016 0.38465450000000007 13.500000000000002 1.5000000000000002 0.75500000000000012 0.17652550000000003 0.44942350000000003
decision_type=8 10 9 2 10 2 2 9 2 2 2 2 10 2 2 9 9 10 2 1 10 1 9 8 10 2 2 2 10 10
left_child=5 -2 3 4 -3 8 -7 23 9 13 22 26 -11 14 15 -1 20 27 -17 24 25 -13 -10 -8 -19 -15 -12 -18 29 -29
right_child=1 2 -4 -5 -6 6 7 -9 10 12 11 21 -14 16 -16 18 17 19 -20 -21 -22 -23 -24 -25 -26 -27 -28 28 -30 -31
leaf_value=-0.00069282235468738564 0.00060172688942284106 0.00078745842587402452 -0.001865368602113119 -0.00481739219013668 -0.0057674988944890673 -9.4986598109663713e-05 -0.0044464702659138362 0.00049682909195793721 0.0013703507324546082 -0.00025140985427141871 0.0025085913010590823 0.0077870678780365332 -0.0022647474440557936 0.0014164441722739241 -0.00020447789120413076 0.0019202065059778003 0.00047219782902175711 -0.00012039749316384047 -0.0050962661616396499 0.0033088603966040372 0.0084101503776156123 0.0027711251321643113 -0.0017802725815415981 0.0010687789828117637 -0.004272245728264284 -0.0055904744281818118 -0.00065417557452924742 0.0067164604880190623 -0.00034931036054991634 0.0015027697206436428
leaf_weight=3460.4488097131252 3253.3139795362949 3841.4458283036947 6780.5756475776434 403.96318079531193 214.28508752584457 134324.8673517704 1733.0313001722097 1183.7436242103577 2083.2639731317759 10273.952605754137 1860.571665301919 564.37825256586075 4053.7614730596542 13076.455551072955 59604.322870880365 7764.7527482807636 3076.0022406131029 21447.582615882158 257.85360576212406 1040.4654659330845 237.50959160923958 1737.8982678055763 2010.0503856837749 398.92931306362152 585.18007645010948 198.15099713206291 2016.76168140769 945.06421092152596 588.59085021913052 710.3232254832983
leaf_count=13967 13505 15814 28529 1646 876 546202 7030 4783 8494 42044 7494 2277 16421 53658 243067 31555 12479 86448 1040 4720 963 7009 8083 1606 2356 814 8109 3870 2371 2867
internal_value=-1.61956e-05 -0.000751864 -0.00114636 -4.16643e-05 0.000429728 2.24429e-05 -0.000141121 -0.00199929 0.00018628 0.000106805 0.00116804 0.00205928 -0.000823495 0.000225053 -1.46089e-05 0.000968115 0.000632299 0.000247977 0.00168703 -7.11886e-05 0.00143618 0.00406808 -0.000170632 -0.00338451 -0.000232597 0.00130835 0.00085654 0.00163759 0.00321897 0.00450413
internal_weight=289727 14493.6 11240.3 4459.69 4055.73 275234 137641 3315.7 137593 127320 10272.9 6179.61 14327.7 112993 71087.4 11483.1 41905.3 28393.2 8022.61 23073.2 13512.1 2302.28 4093.31 2131.96 22032.8 13274.6 3877.33 5319.98 2243.98 1655.39
internal_count=1180097 60370 46865 18336 16690 1119727 559621 13419 560106 518640 41466 24889 58465 460175 289629 46562 170546 115111 32595 93524 55435 9286 16577 8636 88804 54472 15603 21587 9108 6737
cat_boundaries=0 1 2 3 4 5 6 7
cat_threshold=1512 606 416 3602 2 12 163
is_linear=0
shrinkage=0.03


Tree=204
num_leaves=31
num_cat=7
split_feature=32 35 33 26 27 35 40 37 37 36 27 34 18 33 36 0 27 31 21 41 34 37 30 42 37 26 47 27 38 42
split_gain=10.1719 11.0691 10.2891 14.8118 13.6891 17.2707 13.825 13.3025 10.6282 18.4557 18.8504 12.6812 12.2905 12.5806 10.1667 10.6769 14.0925 10.1106 10.2742 9.90047 9.79123 10.1776 10.0361 11.1407 9.46635 10.4965 10.8755 9.2945 10.6483 15.1952
threshold=0.33911650000000004 0.37541950000000007 0.47405250000000004 0 1 0.47275800000000007 6380.5000000000009 0.18780950000000005 0.22749800000000003 0.48508200000000007 2 0.51530800000000021 3 0.49795950000000005 0.53662100000000013 2019.5000000000002 4 0.20003250000000003 0.12500000000000003 0.51441200000000009 0.41625450000000003 0.27228600000000008 0.23651900000000003 0.1414755 0.089647900000000016 5 1.0000000180025095e-35 6 0.097126700000000024 0.16108850000000005
decision_type=8 10 8 9 9 8 2 10 8 10 9 10 1 10 10 2 9 10 2 10 10 10 8 8 10 9 2 9 10 8
left_child=1 17 -2 8 5 7 -7 -5 9 10 -4 14 13 -11 15 -10 -17 18 -1 -12 22 24 -6 -24 25 -22 -27 -3 29 -29
right_child=2 27 3 4 20 6 -8 -9 11 12 19 -13 -14 -15 -16 16 -18 -19 -20 -21 21 -23 23 -25 -26 26 -28 28 -30 -31
leaf_value=-0.0069324784055899659 -3.4605667723185878e-05 0.0011698557604732432 -7.4155003048834972e-05 0.0039451739920672042 -0.001631887415318681 -0.0056639339550337417 0.0018514733293376767 -0.0034840105363481205 0.003922865012015022 0.0015409885051549028 0.001812128020497381 -0.0079481818712559167 -0.002590706529162214 -0.0033816865334896206 0.0052610634595697562 -0.005788309446842093 0.00043657431213232374 0.0023192579234063353 -0.0014170296168396427 0.0092737332639895968 -0.0091812811553366232 -0.0073049052047379024 -0.00030091193542984557 0.0061755736356757509 -0.0002878024274703693 -0.0066727210548290627 -0.00041743605880038782 0.0010544797636893887 -2.0916094816764836e-07 0.0074163021106687828
leaf_weight=374.63029427826405 225371.77887549996 13307.447084844112 630.67849797010422 436.60404533147812 638.26728312671185 1832.4560535401106 242.36650587618351 424.09426797926426 249.49602079391479 3090.5069138258696 247.03910917043686 256.40877804160118 1302.5567765980959 544.74252745509148 212.78799997270107 661.50274205207825 623.9586623609066 490.86607733368874 1707.2315939366817 528.85462409257889 210.93529967963696 252.50774475932121 428.05873355269432 514.53439511358738 3602.6344806998968 336.93299417197704 994.89615496993065 3577.1318830102682 26300.422469064593 373.37332937121391
leaf_count=1543 918666 54189 2534 1757 2603 7422 973 1709 1037 12499 993 1033 5266 2208 859 2673 2508 1999 7055 2127 863 1020 1736 2077 14568 1371 4046 14751 106624 1527
internal_value=-1.28022e-05 0.000395543 -9.02475e-05 -0.000775133 -0.00155837 -0.00327802 -0.00477019 0.00025045 0.000153321 0.000758454 0.00378672 -0.00174486 -9.98737e-05 0.000790726 -0.000805582 -0.00167472 -0.00279104 -0.00151257 -0.00243247 0.00686453 -0.000825991 -0.00143773 0.00123741 0.00321107 -0.00113988 -0.00310581 -0.00201872 0.000509028 0.000216792 0.00166851
internal_weight=289766 46131.1 243635 18262.8 9914.29 2935.52 2074.82 860.698 8348.53 6344.38 1406.57 2004.15 4937.81 3635.25 1747.75 1534.96 1285.46 2572.73 2081.86 775.894 6978.77 5397.91 1580.86 942.593 5145.4 1542.76 1331.83 43558.4 30250.9 3950.51
internal_count=1180236 187688 992548 73882 40145 11861 8395 3466 33737 25627 5654 8110 19973 14707 7077 6218 5181 10597 8598 3120 28284 21868 6416 3813 20848 6280 5417 177091 122902 16278
cat_boundaries=0 1 2 3 4 5 6 7
cat_threshold=465 224 780 166 610 2052 1050
is_linear=0
shrinkage=0.03


Tree=205
num_leaves=31
num_cat=3
split_feature=48 23 37 18 46 36 35 18 23 6 32 39 7 0 3 52 37 23 39 46 53 31 44 39 39 18 36 22 22 22
split_gain=10.484 12.2613 13.9414 17.2166 13.071 13.8202 14.6457 14.4444 12.3816 12.0414 11.4766 15.2119 11.4347 19.4678 14.0313 13.8492 13.7956 12.6104 12.2951 14.8 13.1223 12.1363 13.1234 11.2935 12.0068 11.1313 11.6079 10.7943 19.7574 16.3359
threshold=1.0000000180025095e-35 24192.500000000004 0.12556300000000001 0 0.20170550000000001 0.50280900000000017 0.42833800000000005 1 23415.500000000004 2.5000000000000004 0.37890700000000005 0.11086250000000002 1.0000000180025095e-35 2019.5000000000002 8.5000000000000018 -0.12962999999999997 0.17033400000000001 23136.000000000004 0.08342490000000001 0.1815495 0.0015249999999999433 0.12131800000000001 0.48786450000000009 0.17978650000000004 0.17780350000000003 2 0.74271550000000008 22196.500000000004 22709.000000000004 21608.500000000004
decision_type=2 2 10 1 10 10 8 1 2 2 10 8 2 2 2 8 10 2 8 10 10 10 10 10 10 1 8 2 2 2
left_child=1 4 -3 -4 -1 6 7 -6 -9 12 -8 -12 13 16 18 -16 17 -2 19 -15 -21 -18 -23 24 -7 -11 -27 29 -29 -20
right_child=9 2 3 -5 5 23 10 8 -10 25 11 -13 -14 14 15 -17 21 -19 27 20 -22 22 -24 -25 -26 26 -28 28 -30 -31
leaf_value=-0.0001000018749952158 -0.00056080049883556614 -0.00021828707868050209 0.00076824351298089533 0.0039191236851135666 -0.001798588384994844 0.0011178841144238549 -0.0014421021680166427 0.0013579357263541906 0.0064211432006949535 0.00073338363621336866 -0.0058666594521277855 0.001515379879407672 0.00013736760145448789 -0.0036318408388002249 -0.0058352976201188492 -0.0014798647091911752 0.0073499056569725175 0.0022188290628155365 0.0023524713653335829 0.0072195412523160633 -0.0016804416823242327 0.0063149417668943112 0.00023526064902679964 -0.00037262852077808484 0.0068350576020383127 -0.001764065430678384 0.0043188681415409214 0.0014338309317538979 -0.00049657895735003715 -0.0026847128364129889
leaf_weight=93108.270225152373 5408.0630633980036 4106.826291128993 4075.661302998662 2567.3565304577351 778.77827225625515 22470.203885704279 7206.3294556885958 1396.2105731517076 644.5056806653738 2335.0356671661139 274.06764188408852 2596.9842676073313 75534.075717762113 2129.278629720211 789.43077696859837 4121.7647063881159 442.32454659044743 2010.4902497529984 689.84189705550671 231.7736504971981 397.35360412299633 424.63774301111698 1310.5287456661463 4947.16084420681 334.95287646353245 9074.2573134452105 285.89534904062748 5633.507960781455 30962.684778600931 3395.4425566345453
leaf_count=380047 22382 16622 16436 10353 3138 92144 28991 5623 2597 9516 1105 10509 307195 8800 3191 16702 1828 8450 2806 946 1627 1740 5364 20103 1366 36933 1214 22812 125644 13731
internal_value=-6.50867e-06 0.000174277 0.00114916 0.00199876 9.56791e-05 0.000544605 -0.000264995 0.0016417 0.00296427 -0.000186667 -0.000801764 0.000794872 -0.000105534 -0.000422664 -0.000667971 -0.0021892 0.000810048 0.000189053 -0.000495155 -0.00243423 0.0015696 0.0029088 0.0017487 0.000921906 0.00120406 -0.00110984 -0.00157206 -0.000362769 -0.000198505 -0.00182569
internal_weight=289684 144507 10749.8 6643.02 133757 40649.2 12896.9 2819.49 2040.72 145176 10077.4 2871.05 133481 57947.1 48351.1 4911.2 9596.04 7418.55 43439.9 2758.41 629.127 2177.49 1735.17 27752.3 22805.2 11695.2 9360.15 40681.5 36596.2 4085.28
internal_count=1179915 589034 43411 26789 545623 165576 51963 11358 8220 590881 40605 11614 543218 236023 196259 19893 39764 30832 176366 11373 2573 8932 7104 113613 93510 47663 38147 164993 148456 16537
cat_boundaries=0 1 2 3
cat_threshold=130 10 116
is_linear=0
shrinkage=0.03


Tree=206
num_leaves=31
num_cat=10
split_feature=30 34 18 22 53 18 22 23 30 33 22 0 28 27 18 5 11 12 27 0 26 1 0 30 21 26 27 35 26 28
split_gain=8.50176 13.761 15.7944 11.2877 22.4335 18.0695 16.7638 13.2942 14.4599 13.3626 13.2582 12.7613 23.8534 27.3212 17.2648 16.8435 25.2143 17.7222 17.2034 55.4885 21.4515 19.2951 29.6059 15.7305 14.8182 14.4779 14.042 21.2642 17.3608 15.5862
threshold=0.35485600000000006 0.29442750000000006 0 23914.500000000004 0.051986500000000026 1 23929.500000000004 23882.500000000004 0.27664150000000004 0.46012650000000005 24085.500000000004 2023.5000000000002 1601.5000000000002 2 3 4 3.5000000000000004 4.5000000000000009 5 2020.5000000000002 6 4.5000000000000009 2022.5000000000002 0.22171150000000003 0.095000000000000015 7 8 0.63418700000000017 9 10335.500000000002
decision_type=8 8 1 2 10 1 2 2 10 10 2 2 2 9 1 1 2 2 9 2 9 2 2 10 2 9 9 8 9 2
left_child=3 -2 -3 11 5 7 -7 8 9 -5 -10 15 -13 -14 -15 18 -17 -18 19 24 26 25 -23 -19 -1 -21 27 28 -20 -30
right_child=1 2 -4 4 -6 6 -8 -9 10 -11 -12 12 13 14 -16 16 17 23 20 21 -22 22 -24 -25 -26 -27 -28 -29 29 -31
leaf_value=-0.0064385242426899256 -0.0060262211244162976 -0.0060590252009517717 0.00019226647773438273 0.0015523832210496713 -0.0015962544090633796 0.0029765834664483145 0.00012397142739740879 0.0032835652985428172 0.006738713586686226 -0.00081191990539757411 0.0015795503015551833 -0.0033123611479747091 0.0023283944596543078 0.0017360101017209373 -0.0010188628198096856 -0.00039998745866073497 0.0023092919037405236 -0.0033255311402674427 0.0007577128014413714 -0.0067408545932857496 0.00030478968194911358 1.1150888023880116e-05 0.0040850860688336176 0.0037012144837272514 -0.0023153009073314688 -0.00032174331237970043 -0.0007237853719059609 0.0031268659616551825 -0.0012439951285993193 0.0063481221369772545
leaf_weight=889.33804638683796 507.0212864279747 408.87839902937412 2587.0221521407366 4610.8721238672733 4797.0907849818468 1935.6380091458559 43496.789341837168 2939.2028555870056 664.03172008693218 4011.574091270566 1445.4860257655382 2779.558220371604 2937.932180583477 2259.2507842183113 20255.707289367914 7997.4692664444447 9180.4902675151825 998.57679358124733 10274.008041352034 480.38387648761272 94034.571716323495 5452.6599832773209 2281.2205489426851 395.81865504384041 7332.0968551486731 927.52907785773277 42454.631825849414 2041.6558824628592 8959.9481212347746 246.07537738978863
leaf_count=3579 2090 1671 10593 18742 19643 7864 176303 11936 2685 16213 5862 11238 11808 9093 81571 35520 41200 4439 41539 1934 381095 21922 9200 1733 29499 3731 171397 8361 36059 994
internal_value=5.04273e-06 -0.00146317 -0.000675673 2.31404e-05 0.000374593 0.000535136 0.000246301 0.00149127 0.000998222 0.000449019 0.00322501 -7.78092e-05 -0.000673702 -0.000384015 -0.000740253 8.78831e-06 0.000867957 0.00182954 -8.2041e-05 -0.000978041 1.63047e-05 0.000626984 0.00121781 -0.00130576 -0.00276716 -0.00259296 -0.000407227 0.000215896 -8.79794e-05 -0.00103468
internal_weight=289583 3502.92 2995.9 286080 63900.7 59103.6 45432.4 13671.2 10732 8622.45 2109.52 222179 28232.4 25452.9 22515 193946 18572.4 10574.9 175374 17363.2 158011 9141.79 7733.88 1394.4 8221.43 1407.91 63976.3 21521.7 19480 9206.02
internal_count=1179514 14354 12264 1165160 259248 239605 184167 55438 43502 34955 8547 905912 113710 102472 90664 792202 82892 47372 709310 69865 639445 36787 31122 6172 33078 5665 258350 86953 78592 37053
cat_boundaries=0 1 2 3 4 5 6 7 8 9 10
cat_threshold=52 12 2050 48 2 2 802 21 328 544
is_linear=0
shrinkage=0.03


Tree=207
num_leaves=31
num_cat=4
split_feature=44 52 1 0 27 44 10 43 53 43 3 30 1 27 27 52 33 43 36 3 6 31 22 0 32 39 37 41 18 37
split_gain=12.8467 10.4301 19.9264 14.4019 22.0732 25.684 13.6934 13.6344 33.3795 23.4609 20.5469 18.5563 16.635 29.339 15.3464 21.7988 15.8171 14.7998 14.7217 19.0163 15.4996 14.277 13.9987 16.7209 14.2592 13.8869 13.5991 13.5407 13.9295 13.6911
threshold=0.50120550000000008 0.090675500000000034 5.5000000000000009 2022.5000000000002 0 0.71613000000000004 10.500000000000002 1255.5000000000002 -0.0018119999999999801 545.50000000000011 6.5000000000000009 0.33614150000000004 9.5000000000000018 1 2 0.077172500000000019 0.46300000000000002 707.50000000000011 0.53455350000000013 6.5000000000000009 1.5000000000000002 0.11395600000000002 22532.000000000004 2022.5000000000002 0.37642250000000005 0.18086500000000003 0.18379050000000002 0.57108500000000018 3 0.028986200000000004
decision_type=8 8 2 2 9 8 2 2 10 2 2 10 2 9 9 10 10 2 10 2 2 10 2 2 10 10 10 10 1 10
left_child=-1 7 3 4 5 -3 -4 8 9 10 -2 12 27 -14 16 22 -11 18 19 20 21 -10 -16 24 -24 -26 -6 28 -9 -29
right_child=1 2 6 -5 26 -7 -8 11 17 14 -12 -13 13 -15 15 -17 -18 -19 -20 -21 -22 -23 23 -25 25 -27 -28 29 -30 -31
leaf_value=0.00030469806919806644 0.0018664395422481577 0.0056474224619757372 -0.00033727917469419044 -0.00018431389411924004 0.00053183939965900499 -0.0021250613081107124 0.0043539654648384876 0.0011548880283784508 -0.0060178028093389119 -0.0021100192050209775 -0.00030110462535703261 -0.0036537007416925344 0.00095702482758811089 -0.0026687478531133902 -0.0024193088617565474 -0.0080785033560644651 0.00091702879365610998 -0.00029395238707072524 -0.0021965540351028914 0.0014181168464542854 -0.0042242798707116157 -2.0804314073317625e-05 0.00030790272516295679 -0.0012350408334545271 0.0023406358093119618 0.0075914681620589258 0.0050922935868623178 0.0048162295117023766 0.00011247954371002811 -0.0011924846792045138
leaf_weight=91373.353930518031 9261.0883362144232 2142.9985141605139 21609.100666046143 4302.4935646504164 6020.0144430249929 457.73356625437737 571.27172653377056 14163.477723449469 395.80410577356815 7377.9244996011257 6805.8264660686255 1228.5205243825912 3319.4682470262051 5024.1480158269405 1180.0266627520323 266.89905752241611 1950.4184159040451 10825.372747600079 15093.086108326912 2745.5099378526211 1509.5457213670015 3531.6761824786663 2290.5605064481497 1939.5343248397112 1996.4506798833609 598.57767096161842 652.8632725328207 351.24345360696316 62504.852900728583 8323.2947760671377
leaf_count=371048 38192 8975 88439 17328 25353 1902 2334 57219 1601 29992 27819 5066 13433 20246 4788 1104 7900 44430 62730 11126 6109 14258 9315 7848 8108 2407 2682 1489 252579 34659
internal_value=1.0259e-05 -0.000125169 0.000338397 0.00124381 0.00190947 0.00425073 -0.000214528 -0.000227246 -0.000552269 0.000117005 0.000946532 4.51055e-06 5.29167e-05 -0.00122488 -0.000638576 0.000299508 -0.00147222 -0.00121386 -0.00164033 -0.000610243 -0.00164023 -0.000636935 0.000585881 0.00111069 0.00204825 0.00357072 0.000983136 0.000178232 0.000305645 -0.000944146
internal_weight=289813 198440 35756.5 13576.1 9273.61 2600.73 22180.4 162683 67768.3 33667.3 16066.9 94915 93686.5 8343.62 17600.4 8272.05 9328.34 34101 23275.6 8182.54 5437.03 3927.48 8005.15 6825.12 4885.59 2595.03 6672.88 85342.9 76668.3 8674.54
internal_count=1180479 809431 147013 56240 38912 10877 90773 662418 277727 137473 66011 384691 379625 33679 71462 33570 37892 140254 95824 33094 21968 15859 32466 27678 19830 10515 28035 345946 309798 36148
cat_boundaries=0 1 2 3 4
cat_threshold=3744 300 395 98
is_linear=0
shrinkage=0.03


Tree=208
num_leaves=31
num_cat=9
split_feature=22 35 35 29 27 33 30 26 21 41 26 27 28 0 44 7 47 30 27 26 26 39 32 26 52 52 27 12 34 39
split_gain=10.3164 12.0575 11.1794 12.4961 10.3515 14.0151 10.8158 13.0885 10.6716 9.92365 13.8847 17.8854 15.5412 10.1799 14.6999 13.5551 24.2216 18.4559 15.538 16.3595 14.3595 14.4909 13.4875 13.1104 12.6377 13.0332 12.3754 13.8739 14.2845 11.7472
threshold=24305.500000000004 0.63848800000000006 0.58603400000000005 0.53179950000000009 0 0.42223850000000002 0.26956600000000003 1 0.055000000000000007 0.48064850000000009 2 3 1662.5000000000002 2019.5000000000002 0.37027300000000002 1.5000000000000002 4.5000000000000009 0.25063350000000006 4 5 6 0.096808150000000023 0.31128700000000004 7 0.20445150000000004 0.097549000000000011 8 1.0000000180025095e-35 0.56852400000000014 0.096808150000000023
decision_type=2 10 10 10 9 8 8 9 2 8 9 9 2 2 8 2 2 10 9 9 9 8 10 9 10 10 9 2 10 10
left_child=9 2 4 -4 5 8 7 -6 -2 10 11 12 -1 14 -11 18 17 23 19 22 -20 -22 -16 -17 25 -23 -18 -28 29 -29
right_child=1 -3 3 -5 6 -7 -8 -9 -10 13 -12 -13 -14 -15 15 16 26 -19 20 -21 21 24 -24 -25 -26 -27 27 28 -30 -31
leaf_value=0.008451171643645821 0.0085991432300049665 0.0050247555638089116 -0.0074560050261856326 -0.00066490931203111458 0.0033081649768969346 -0.00062961591818704499 -1.7687229287173983e-05 0.00066815370394451357 0.0014463707764017393 0.0055487651525574951 -0.00027677881477756246 -0.0033447255883721229 -0.0016866161140571909 -0.00013470309087468808 0.0078364893130485579 -0.0062589089285529139 -0.0011796879429122481 0.0043459655134232425 0.002312639605817274 -0.00097176845799662925 0.0027982704430951702 -0.00013816065606978313 0.00090641811550462668 -0.0016275438335427877 -0.0061221559056552641 0.0036428740751675518 -2.2854205894167389e-05 0.0057169408161470677 0.0057764805406706589 -0.0014550070934587649
leaf_weight=228.81389202177525 214.32946749031544 535.67132098972797 286.66692619025707 1639.747782856226 3511.3019181489944 7312.9005852341652 3463.6900669783354 3350.7959664165974 1558.5341307371855 486.31335836648941 9219.5723475813866 3119.9518815279007 319.1154914945364 212759.04405534267 270.86419995129108 1147.2368242591619 3674.4817459881306 260.08714210987091 6679.5710593163967 7938.649468511343 2107.7846281081438 8066.2683189064264 3620.836773455143 1139.5364683568478 286.76848615705967 909.1034659743309 3632.596624314785 284.40261876583099 934.405677318573 710.47634592652321
leaf_count=929 870 2190 1151 6685 14106 29444 14021 13489 6302 2019 37282 12596 1287 864806 1157 4751 15025 1064 27594 33090 9008 33159 15224 4674 1190 3761 15017 1185 3913 2886
internal_value=-4.0142e-05 0.000586061 0.000472535 -0.00170105 0.000690018 -4.60285e-05 0.00133915 0.00203005 0.00234106 -9.14084e-05 -0.000903648 -0.0024622 0.00247057 -5.0216e-05 0.00037552 0.00031402 -0.000546194 -0.00313517 0.000654273 -0.000188825 0.00120791 0.000554371 0.00139853 -0.00400372 4.03464e-05 0.000242563 0.000165238 0.00105953 0.00311541 0.000576173
internal_weight=289670 21873.6 21338 1926.41 19411.6 9085.76 10325.8 6862.1 1772.86 267796 12887.5 3667.88 547.929 254908 42149.4 41663.1 11783.2 2546.86 29879.8 11830.4 18049.5 11369.9 3891.7 2286.77 9262.14 8975.37 9236.36 5561.88 1929.28 994.879
internal_count=1179875 88258 86068 7836 78232 36616 41616 27595 7172 1091617 52094 14812 2216 1039523 174717 172698 48515 10489 124183 49471 74712 47118 16381 9425 38110 36920 38026 23001 7984 4071
cat_boundaries=0 1 2 3 4 5 6 7 8 9
cat_threshold=372 549 84 593 2435 2148 773 419 57
is_linear=0
shrinkage=0.03


Tree=209
num_leaves=31
num_cat=8
split_feature=40 26 41 36 27 27 26 3 31 6 28 36 26 36 30 36 29 33 36 27 11 38 1 26 23 27 36 33 44 38
split_gain=8.59814 14.9428 11.2248 12.112 10.9994 10.7191 9.33902 14.8265 8.73639 8.49872 8.35409 44.9818 18.1364 18.0847 11.3965 14.2089 10.8088 10.4698 10.4148 13.6657 14.1988 11.8572 10.0464 9.26115 9.20359 12.5315 20.9692 14.47 12.8325 16.4069
threshold=34.500000000000007 0 0.45200300000000004 0.62513150000000006 1 2 3 5.5000000000000009 0.17509150000000004 1.0000000180025095e-35 115.50000000000001 0.54288750000000008 4 0.51835400000000009 0.40025200000000011 0.36374550000000005 0.48387350000000001 0.45299200000000001 0.36994600000000005 5 3.5000000000000004 0.083472650000000023 5.5000000000000009 6 24144.500000000004 7 0.58463250000000011 0.43196850000000003 0.65329200000000009 0.10016200000000001
decision_type=2 9 10 8 9 9 9 2 8 2 2 10 9 8 10 10 10 10 8 9 2 10 2 9 2 9 10 10 10 10
left_child=1 5 3 6 8 -1 7 -2 -3 -8 11 12 -4 14 15 -14 -17 -18 19 20 -12 -21 23 -15 -20 27 -27 -26 29 -29
right_child=2 4 10 -5 -6 -7 9 -9 -10 -11 18 -13 13 22 -16 16 17 -19 24 21 -22 -23 -24 -25 25 26 -28 28 -30 -31
leaf_value=0.00097179362274418249 -0.0090252871037590516 -0.00075357281384129231 -0.0014296907935229199 -0.0059977717653667915 0.0031115257783689799 -0.0063660518469416377 -0.0020636397101778522 0.00061511395438128193 0.0059935074834572668 0.0014101595038142145 -0.0032278840323946415 -0.0031435780581784856 0.010245565404402439 0.0052021445046854129 -0.0034092504813627374 0.001027426060122354 0.0075629311540285592 0.00093324858149132798 6.2614635008594746e-05 -0.0088863322491367098 0.0022596654911912189 -0.0018129408076647156 -0.0018282177241433638 0.00037943995697236688 6.2296485513839013e-05 -0.00032190300860116965 0.0033683741799522427 -0.0032076273889633995 0.0086734966107222793 0.003204187670111889
leaf_weight=338.78769685328007 297.75671263039112 1501.2276980131865 2985.4937557280064 494.12666930258274 2685.8119363039732 353.06103886663914 1145.9771894663572 263.63285797834396 192.10437123477459 1407.2648724466562 578.4156232625246 4488.5742061138153 280.73757925629616 433.30229534208775 202.7370181530714 1161.11586381495 649.42510658502579 337.11523105204105 243222.72499227524 227.39376644790173 1548.3151449412107 3530.8890078663826 1505.354269310832 1941.3576353043318 2506.342637822032 10111.662621468306 1601.7652145624161 399.58973966538906 330.28176954388618 3075.3469980955124
leaf_count=1410 1201 6417 12329 2007 11406 1429 4625 1065 803 5684 2384 18837 1146 1855 830 4703 2680 1367 989357 928 6327 14377 6211 8059 10242 40717 6651 1619 1341 12431
internal_value=4.59478e-05 0.00127015 2.40262e-05 -0.00163755 0.00192007 -0.00277861 -0.000931086 -0.00438797 3.40755e-06 -0.000137312 4.54801e-05 -0.000668956 0.000498136 0.00138701 0.00330786 0.0038845 0.00302591 0.00533749 8.30024e-05 -0.00116429 0.000747155 -0.00224966 7.8725e-05 0.00130098 0.000111228 0.00076541 0.000180746 0.00184191 0.00301006 0.00245612
internal_weight=289798 5070.99 284727 3608.76 4379.14 691.849 3114.63 561.39 1693.33 2553.24 281118 13985.2 9496.64 6511.14 2631.13 2428.39 2147.66 986.54 267133 5885.01 2126.73 3758.28 3880.01 2374.66 261248 18025 11713.4 6311.56 3805.22 3474.94
internal_count=1180438 21465 1158973 14582 18626 2839 12575 2266 7220 10309 1144391 58017 39180 26851 10726 9896 8750 4047 1086374 24016 8711 15305 16125 9914 1062358 73001 47368 25633 15391 14050
cat_boundaries=0 1 2 3 4 5 6 7 8
cat_threshold=1036 3267 563 68 11 262 3200 2186
is_linear=0
shrinkage=0.03


Tree=210
num_leaves=31
num_cat=7
split_feature=53 43 44 11 31 32 23 29 39 45 38 1 41 32 23 26 27 19 39 30 27 32 36 42 46 26 27 18 2 26
split_gain=10.5674 24.4945 22.2285 18.0253 14.9966 13.9792 13.8938 16.4516 17.7088 15.1221 12.773 15.4301 12.621 13.3783 12.3986 13.9506 12.3061 12.1902 11.7031 11.6651 11.4873 11.1625 16.3522 14.417 11.1473 13.2132 11.0596 13.3132 10.9395 10.6554
threshold=0.0022174999999999838 1183.5000000000002 0.80562900000000004 3.5000000000000004 0.19281600000000002 0.30334300000000008 22403.000000000004 0.52224950000000014 0.19761200000000004 0.088561400000000026 0.054120650000000006 4.5000000000000009 0.54949250000000005 0.46963100000000008 21548.500000000004 0 1 88.750000000000014 0.10106000000000001 0.35485600000000006 2 0.41532550000000007 0.37610750000000009 0.14097750000000001 0.072034700000000021 3 4 5 4.5000000000000009 6
decision_type=10 2 10 2 10 10 2 10 10 10 10 2 10 10 2 9 9 2 10 10 9 10 10 10 10 9 9 1 2 9
left_child=4 3 10 5 19 20 24 18 9 -9 11 -3 14 26 -5 -16 -13 -15 -8 -1 -2 -21 23 -23 -7 28 -14 -28 -26 -11
right_child=1 2 -4 12 -6 6 7 8 -10 29 -12 16 13 17 15 -17 -18 -19 -20 21 -22 22 -24 -25 25 -27 27 -29 -30 -31
leaf_value=0.0001101331991158693 -0.0021519804484834595 -0.0088242573543625483 0.0070372400973890822 -0.0057649313703148301 0.0015832561568737342 -0.0028000012995252326 0.0033095996255263519 -0.01031338707018355 -0.011876295980827995 0.00019326162970839734 0.00016149383921193304 0.0010530716614053836 0.0024360111232434064 -0.00026715920368280478 0.00071545734492423974 -0.0012824560998260118 -0.0039036324934741901 -0.010282114278548757 -0.0014430644904911633 -0.0040351672186697083 0.0066617333302248219 0.0018144631144512834 0.0068056659390196908 -0.0063343569625644944 -0.0045676718657314845 0.0013750634362393456 0.0010962357139206501 -0.0012768357646664231 0.0019303047166217599 -0.0031854046057900941
leaf_weight=170129.92760083079 208.97928912937641 275.29939514398575 413.75466521084309 447.81628823280334 6202.6175378113985 1326.3481157720089 514.01396442949772 241.53173252940178 206.2225843667984 986.52119728922844 63388.131275251508 978.82038071751595 2440.0358946323395 265.69312366843224 4398.2256228029728 10855.530865520239 808.10363861918449 191.10727670788765 4512.0643262565136 1200.260736182332 322.82878860831261 414.15725709497929 252.51838812232018 358.97961014509201 731.97748185694218 3024.4903338253498 5364.2642856389284 3503.4386811703444 331.84746092557907 5262.0017418563366
leaf_count=690933 852 1147 1676 1809 25215 5399 2112 999 848 4043 258152 4026 10254 1135 18019 43830 3321 793 18282 4928 1326 1697 1028 1477 2960 12335 22531 14699 1347 22266
internal_value=-8.71221e-06 -0.000238669 0.000129859 -0.000777088 0.000134071 -0.0015249 -0.00167487 -0.00225588 -0.00323118 -0.0029465 8.54145e-05 -0.00223541 -0.00029482 0.000446384 -0.000852064 -0.000704761 -0.00119046 -0.00456202 -0.000949363 8.17185e-05 0.00323388 -0.00207382 0.000197327 -0.00194037 -0.000410918 0.000358311 0.000652518 0.000154811 -0.00248952 -0.00265213
internal_weight=289558 110999 65864.1 45134.9 178558 17668.8 17137 11722.4 6696.28 6490.05 65450.4 2062.22 27466.1 11764.5 15701.6 15253.8 1786.92 456.8 5026.08 172356 531.808 2225.92 1025.66 773.137 5414.66 4088.32 11307.7 8867.7 1063.82 6248.52
internal_count=1179439 454161 268322 185839 725278 72769 70591 48550 28156 27308 266646 8494 113070 49412 63658 61849 7347 1928 20394 700063 2178 9130 4202 3174 22041 16642 47484 37230 4307 26309
cat_boundaries=0 1 2 3 4 5 6 7
cat_threshold=262 2950 35 160 3092 176 192
is_linear=0
shrinkage=0.03


Tree=211
num_leaves=31
num_cat=8
split_feature=34 18 27 11 42 29 34 20 47 22 34 26 22 56 44 30 27 22 46 27 20 53 44 18 46 37 27 27 0 42
split_gain=9.19807 12.7383 12.3759 11.9224 10.8029 11.6646 10.0667 12.0008 8.17884 21.6086 13.5181 11.5134 16.9613 11.3671 15.2644 13.5184 19.567 11.7809 14.8931 13.1918 11.5223 11.2855 13.0256 11.0193 20.0635 10.7314 16.1582 14.0397 21.624 23.3678
threshold=0.81881300000000012 0 1 9.5000000000000018 0.14442750000000001 0.51411850000000003 0.89087300000000014 44.95000000000001 1.5000000000000002 23897.500000000004 0.74431500000000017 2 21792.000000000004 4.6681339642869872 0.73170600000000008 0.33614150000000004 3 23478.500000000004 0.058578650000000003 4 47.250000000000007 0.011319499999999984 0.45100650000000003 5 0.026669100000000005 0.075614650000000019 6 7 2022.5000000000002 0.14677850000000001
decision_type=10 1 9 2 8 10 10 2 2 2 10 9 2 2 10 10 9 2 10 9 2 10 10 1 10 8 9 9 2 10
left_child=8 4 6 -4 -2 -6 7 -3 9 -1 -11 12 -10 21 15 23 20 -16 19 -19 -17 22 -14 -15 -25 26 -13 -27 -29 -30
right_child=1 2 3 -5 5 -7 -8 -9 11 10 -12 25 13 14 17 16 -18 18 -20 -21 -22 -23 -24 24 -26 27 -28 28 29 -31
leaf_value=-4.2869259278341011e-05 0.0038268427588259175 0.0043590616324088276 0.0035443847766098257 -0.0030488505236214124 0.0057020922191371387 -0.001546210926417367 -0.0074564003818000345 -0.0051628737784644779 0.0023561882764285436 0.0010425721631887527 -0.004093625578044411 -6.2506866833744108e-05 -0.0059066185064647484 -0.00013058184194841488 -0.00010943943673624445 -0.0035034430638924688 -0.0058322455807109964 0.0054618469754539453 0.0083013072831415805 -0.00015200525352110876 0.004616072239296486 -0.0043530497292015771 0 -0.0022677252230867057 0.0010022542730445643 0.00045135850262990678 -0.0021358440013867232 -3.9755691072829436e-05 -0.0028863000349201402 -0.00059289420716923506
leaf_weight=82545.794738173485 1962.3762785643339 223.35325592756271 762.01273313164711 357.46234571933746 256.76720386743546 860.38076607882977 333.23743550479412 246.73783987760544 2892.9211581647396 25500.233556628227 464.54285348951817 6448.4037897437811 374.14411878585815 59746.934781372547 1291.2548431158066 268.57852971553802 827.84903718531132 612.30501522123814 457.65331581234932 929.68847921490669 365.28042398393154 954.93000297248363 3023.7536621391773 1859.1784300655127 17705.067214518785 19241.192539647222 7191.0329301953316 33502.585867896676 5853.1339642256498 12762.481767594814
leaf_count=336630 8524 950 3302 1539 1061 3619 1410 1065 11859 103318 2017 26028 1554 243579 5380 1109 3409 2509 1891 3784 1500 3915 12579 7586 72205 78757 29317 135208 23553 51397
internal_value=1.17242e-05 0.00128666 -0.0006185 0.00139738 0.00247934 0.000103779 -0.00344199 -0.000576373 -1.05756e-05 0.000194226 0.000949061 -0.000136794 9.68526e-05 2.25232e-05 0.000100283 1.82731e-05 -0.00283708 0.00210219 0.00354334 0.00209841 0.00111083 -0.00147135 -0.000649543 7.13809e-05 0.000689325 -0.000388101 -0.00115966 -0.000240219 -0.000496117 -0.00131595
internal_weight=289821 5002.33 1922.8 1119.48 3079.52 1117.15 803.329 470.091 284819 108511 25964.8 176308 91309.5 88416.6 84063.8 80772.9 1461.71 3290.9 1999.65 1541.99 633.859 4352.83 3397.9 79311.2 19564.2 84998.8 13639.4 71359.4 52118.2 18615.6
internal_count=1180554 21470 8266 4841 13204 4680 3425 2015 1159084 441965 105335 717119 372859 361000 342952 329388 6018 13564 8184 6293 2609 18048 14133 323370 79791 344260 55345 288915 210158 74950
cat_boundaries=0 1 2 3 4 5 6 7 8
cat_threshold=194 357 2139 2642 2126 137 348 66
is_linear=0
shrinkage=0.03


Tree=212
num_leaves=31
num_cat=2
split_feature=22 53 25 22 39 53 45 23 21 20 30 22 52 37 23 46 35 52 0 28 5 31 1 0 29 34 0 53 48 35
split_gain=10.6403 13.4582 14.6081 13.2796 14.0262 13.4695 11.9379 12.679 11.7121 12.8575 11.2279 9.94561 9.65577 9.90712 9.55356 9.51419 9.36361 11.3374 9.35047 32.8421 23.6811 19.2 20.2083 18.3156 18.5068 15.8998 25.2293 15.3539 15.7194 14.2769
threshold=24305.500000000004 -0.010770499999999987 0 24505.000000000004 0.12319850000000002 0.011319499999999984 0.50006850000000014 24144.500000000004 1.135 41.250000000000007 0.31032300000000007 24570.500000000004 -0.024263999999999977 0.20091750000000003 23665.000000000004 0.081363300000000013 0.49782600000000005 -0.065656999999999979 2022.5000000000002 1662.5000000000002 1 0.16887500000000003 5.5000000000000009 2020.5000000000002 0.49970250000000005 0.54186150000000011 2021.5000000000002 0.026524499999999954 1.0000000180025095e-35 0.45719000000000004
decision_type=2 8 1 2 8 10 10 2 2 2 8 2 8 10 2 8 10 10 2 2 1 10 2 2 10 8 2 10 2 10
left_child=18 2 -2 6 -5 8 7 16 12 -10 -9 -7 -6 15 -13 -14 -3 -18 20 -20 -1 22 25 24 -24 26 29 -21 -29 -22
right_child=1 3 -4 4 5 11 -8 10 9 -11 -12 14 13 -15 -16 -17 17 -19 19 27 21 -23 23 -25 -26 -27 -28 28 -30 -31
leaf_value=-3.354646555028446e-05 0.0033349327981046771 0.001914789113056296 0.00030525895692383947 0.0060505125491755653 0.0017217956307205744 -0.0053265963603932398 -0.0053804186555102499 0.0043448555567837692 -0.0023907176963996481 0.0047131387558272449 -0.0027501030269581534 0.0018458772827747547 -0.0054808191104494001 -0.0068246881557372466 -0.0049585620159970046 7.7627785820484647e-07 -0.0036762185857299292 0.00033331440890840494 -0.0015667489195646822 -0.00023618295502998555 -0.00075452965090139548 -0.0011797799676879258 0.0052897492266818459 0.001859813272760162 -0.0013659577135791427 0.0019573973522164323 0.012195672758500533 0.0020779112069144955 -0.0001112192299748897 0.0059942833697837587
leaf_weight=171276.70872431993 3019.2611379176378 2889.3364383876324 2768.9532247185707 241.07816845178604 680.08346953988075 1033.064208984375 266.17471258342266 1465.370772048831 328.42939798533916 714.81799086928368 225.0476865619421 470.75987233221531 370.7573240250349 369.81598968803883 299.77687339484692 1153.9001850783825 726.01584587991238 4861.9939015209675 15161.306818470359 51115.934036046267 464.10733138024807 2813.3166577219963 410.08325372636318 5264.9821861982346 4066.9123805165291 4427.187249109149 382.80590915679932 5798.2390475273132 5960.405850738287 686.83655831217766
leaf_count=692888 12195 11649 11182 974 2741 4164 1072 5909 1325 2883 919 1905 1503 1491 1215 4651 2924 19604 61136 205850 2038 12231 1789 24893 17698 20993 1783 23413 24018 3094
internal_value=1.48041e-05 0.000650854 0.00189169 0.000202521 -0.000964389 -0.00128503 0.000838771 0.00100607 -0.000219564 0.00244763 0.00337938 -0.00340171 -0.00131358 -0.00242003 -0.000771567 -0.00132071 0.000528253 -0.000183947 -3.7063e-05 -0.000313573 7.64727e-05 0.00109562 0.00150534 0.000659134 -0.000746479 0.00288223 0.00552321 -1.08498e-05 0.000965955 0.003252
internal_weight=289713 21884.6 5788.21 16096.4 5662.48 5421.41 10433.9 10167.8 3617.8 1043.25 1690.42 1803.6 2574.56 1894.47 770.537 1524.66 8477.35 5588.01 267829 78035.9 189793 18516.2 15702.9 9741.98 4477 5960.94 1533.75 62874.6 11758.6 1150.94
internal_count=1180130 88306 23377 64929 22852 21878 42077 41005 14594 4208 6828 7284 10386 7645 3120 6154 34177 22528 1091824 314417 777407 84519 72288 44380 19487 27908 6915 253281 47431 5132
cat_boundaries=0 1 2
cat_threshold=2 2
is_linear=0
shrinkage=0.03


Tree=213
num_leaves=31
num_cat=9
split_feature=1 27 26 0 26 26 45 29 0 27 45 36 34 41 20 36 27 53 52 39 33 37 28 18 38 8 0 26 5 29
split_gain=8.6359 21.6128 22.659 16.8817 15.3498 14.7808 21.0208 18.6417 14.2379 23.5683 13.1808 14.5441 14.6956 12.4205 12.0609 11.4973 11.1814 10.3261 16.8891 10.2056 12.6509 12.2432 11.7805 12.4317 12.5393 10.1221 13.604 17.539 25.7543 22.757
threshold=9.5000000000000018 0 1 2022.5000000000002 2 3 0.42882250000000005 0.50002050000000009 2020.5000000000002 4 0.37099750000000004 0.48596250000000002 0.44311000000000006 0.54181550000000012 95.550000000000011 0.51835400000000009 5 -0.017212500000000016 -0.035191999999999966 0.14913150000000003 0.44057150000000006 0.18720800000000001 5487.5000000000009 6 0.077046750000000011 1.5000000000000002 2022.5000000000002 7 8 0.59439950000000008
decision_type=2 9 9 2 9 9 10 8 2 9 8 10 10 10 2 10 9 10 10 8 10 10 2 1 10 2 2 9 1 8
left_child=25 3 8 5 -5 6 7 -2 9 -3 19 13 -13 16 -7 -16 -12 -9 -19 20 21 -4 23 -22 -25 26 27 28 29 -1
right_child=1 2 10 4 -6 14 -8 17 -10 -11 11 12 -14 -15 15 -17 -18 18 -20 -21 22 -23 -24 24 -26 -27 -28 -29 -30 -31
leaf_value=-0.0013568804531110847 -0.0062304936713137634 0.0095997350549302789 -0.0030047008805024682 0.00062705997080265616 0.0071818484158909478 0.0018340299783686945 0.0075072737090283179 -0.0025662633541793786 -0.00055163734239985706 0.00013456937073250748 -0.0041287826904688324 -0.012612049123623657 -0.0044099681959054162 -0.0071181740506096091 0.00071818532983165915 -0.008568820964969125 0.0041233629145109385 0.0061401209175131867 -0.0022840240320131482 -0.002608639728425473 -0.0031201727631906908 0.0031022907009388328 -0.0036411946278075108 -0.0024448155555107493 0.0042694576785363356 0.00035855236990998306 -0.00038590211257504128 0.00030331240161583615 0.0008282648338694636 -0.0080830844356496179
leaf_weight=9703.0280665308237 764.83365175127983 392.20403222739697 1933.1946151256561 705.30742333829403 611.74316814541817 3614.1107725799084 209.92164072394371 1148.6374554634094 1555.6602989286184 597.01420523226261 215.0705741494894 251.4313218742609 1017.3658554702997 214.48489265143871 272.95472857356071 203.41818901896477 402.18124911189079 411.38496160507202 434.45826900005341 3523.6903562545776 342.851498067379 341.48842903971672 396.96619106829166 297.49706706404686 1380.5983964502811 87176.223567202687 64178.229763537645 101252.77585583925 5784.3270371258259 474.50377760827541
leaf_count=39034 3087 1585 7804 2843 2465 14675 845 4627 6258 2403 868 1009 4094 863 1102 835 1617 1719 1801 14213 1383 1375 1606 1202 5578 355336 258689 412910 26778 1907
internal_value=4.67103e-05 -0.000535391 -0.00130778 0.000647792 0.00376291 6.19588e-05 -0.00154103 -0.00225325 0.00121668 0.00403333 -0.00193415 -0.00406292 -0.00608484 -0.000931798 0.00123391 -0.00321373 0.00119353 -0.000705988 0.00178503 -0.00138734 -0.000462795 -0.00207183 0.00103923 0.00197744 0.00304096 9.28601e-05 -3.46683e-05 0.000157391 -0.000765965 -0.00167571
internal_weight=289808 21238.5 12861.7 8376.77 1317.05 7059.72 2969.24 2759.31 2544.88 989.218 10316.8 2100.53 1268.8 831.737 4090.48 476.373 617.252 1994.48 845.843 8216.29 4692.6 2274.68 2417.91 2020.95 1678.1 268569 181393 117215 15961.9 10177.5
internal_count=1180511 85857 51858 33999 5308 28691 12079 11234 10246 3988 41612 8451 5103 3348 16612 1937 2485 8147 3520 33161 18948 9179 9769 8163 6780 1094654 739318 480629 67719 40941
cat_boundaries=0 1 2 3 4 5 6 7 8 9
cat_threshold=102 40 525 898 536 640 50 2 2
is_linear=0
shrinkage=0.03


Tree=214
num_leaves=31
num_cat=7
split_feature=8 0 27 37 44 28 42 25 26 33 46 27 9 44 45 46 45 26 45 29 39 23 46 53 46 26 30 33 39 27
split_gain=10.0721 10.8022 21.783 23.5421 14.9418 14.631 14.2256 13.6308 13.484 18.7076 12.8815 15.1598 11.7163 14.651 13.3266 15.6763 11.3708 12.6149 11.3418 11.2159 11.7103 11.0296 10.8183 14.195 11.8907 11.8039 9.81138 10.5796 10.5023 11.2179
threshold=1.5000000000000002 2019.5000000000002 0 0.21225500000000003 0.447494 1048.5000000000002 0.14959850000000005 1 2 0.4180445000000001 0.083656350000000004 3 3.5000000000000004 0.54706600000000016 0.43432700000000007 0.0026915300000000006 0.19431350000000003 4 0.15235650000000003 0.47581850000000009 0.18468050000000003 22680.500000000004 0.086774950000000017 0.0037500000000000315 0.046731800000000011 5 0.073730350000000014 0.38098000000000004 0.10458900000000002 6
decision_type=2 2 9 8 8 2 10 1 9 10 10 9 2 10 8 10 8 9 8 10 10 2 10 10 10 9 8 10 10 9
left_child=1 2 3 8 -5 6 7 12 9 -1 11 -7 13 -4 15 -14 17 -9 -6 -10 -21 -19 24 25 -8 -24 27 -2 29 -29
right_child=26 -3 5 4 18 10 22 16 19 -11 -12 -13 14 -15 -16 -17 -18 21 -20 20 -22 -23 23 -25 -26 -27 -28 28 -30 -31
leaf_value=0.0096491358731896903 -0.002142308244998125 -0.0001777753832808889 -0.0014085612386780047 0.0093731289661895586 -0.0041958711536816927 0.0030875488833484932 0.0030739454933536637 -0.008768788838140534 0.0019454568707390233 -0.00028179398867133254 0.0028868586091869413 -0.0045027470598713636 -0.0050376957727594372 0.0016208368946425647 0.0081837995832940106 0.0027026344990915738 -0.00029341850446999457 0.0021110932800214688 0.0025847257959586965 -0.0024161916317927482 0.0035786338211668224 -0.0047707786249498452 -0.001967322989665711 -0.003641960933850278 0.011495231679279237 0.0061053882961339444 0.00026153148394324823 0.011395056188509082 0.00040284080280092238 0.0025863444290685324
leaf_weight=218.45007993280888 271.14506892859936 164795.52909405529 2763.3755112439394 242.15221557021141 266.95148430764675 429.73255215585232 481.91212522983551 308.80024893581867 650.65875397622585 721.51472128927708 4864.6926331967115 493.27802477777004 263.75681892037392 2981.9548867195845 335.81213307380676 1895.5681228339672 3986.4253937751055 373.91292095184326 1197.6252401769161 6550.5913687646389 300.4924862831831 459.46082478761673 230.46087501943111 370.05958366394043 229.78920333087444 490.70634530484676 92750.967570707202 267.19016814231873 361.73177087306976 306.86329305171967
leaf_count=944 1207 669331 11443 1030 1138 1746 1974 1254 2673 2985 20186 1997 1085 12347 1383 7819 16445 1532 5032 27124 1245 1904 944 1527 938 2018 377395 1189 1604 1370
internal_value=4.14927e-05 -8.08574e-05 0.00043157 -0.000707173 0.00249656 0.000984257 0.000492446 0.000152453 -0.00135995 0.00199655 0.0022691 -0.000953211 0.000910003 0.000158571 0.00262598 0.00173762 -0.00105873 -0.00369586 0.00132232 -0.00178542 -0.00214743 -0.00163119 0.0029925 0.00107627 0.00587177 0.00354387 0.000296908 0.00298338 0.00450261 0.00701852
internal_weight=289862 195904 31108.1 10148.4 1706.73 20959.7 15172 13369.1 8441.71 939.965 5787.7 923.011 8240.47 5745.33 2495.14 2159.32 5128.6 1142.17 1464.58 7501.74 6851.08 833.374 1802.93 1091.23 711.701 721.167 93957.9 1206.93 935.785 574.053
internal_count=1180809 798044 128713 42171 7200 86542 62613 55212 34971 3929 23929 3743 34077 23790 10287 8904 21135 4690 6170 31042 28369 3436 7401 4489 2912 2962 382765 5370 4163 2559
cat_boundaries=0 1 2 3 4 5 6 7
cat_threshold=131 2 2112 800 77 78 597
is_linear=0
shrinkage=0.03


Tree=215
num_leaves=31
num_cat=7
split_feature=22 25 18 22 52 26 29 52 22 36 39 28 26 31 33 26 28 0 39 33 24 23 34 34 46 53 45 21 52 26
split_gain=8.64886 8.15844 18.7677 14.7179 13.3639 14.1601 17.7005 15.8034 13.6457 13.081 12.7345 15.7056 13.8063 12.3157 16.5957 12.2153 12.9984 11.8196 11.9521 11.5511 11.1259 16.1678 13.0232 13.8873 11.1006 11.966 10.6307 10.3506 11.175 11.3119
threshold=21694.500000000004 0 1 22370.000000000004 -0.12684299999999998 2 0.48387350000000001 -0.028775999999999993 22498.000000000004 0.35566250000000005 0.22765100000000002 518.50000000000011 3 0.13676650000000004 0.45243950000000005 4 6711.5000000000009 2023.5000000000002 0.19955100000000001 0.40002550000000009 5 23779.000000000004 0.80116300000000018 0.97826100000000016 0.10445050000000002 0.04036950000000001 0.34839600000000009 2.3050000000000002 0.070053999999999964 6
decision_type=2 1 1 2 8 9 10 8 2 8 10 2 9 8 10 9 2 2 8 10 1 2 10 10 10 10 8 2 10 9
left_child=-1 9 3 27 -5 6 13 8 -7 10 11 -2 -12 -6 26 19 -17 18 -8 -10 22 -22 -11 24 -24 -26 -15 28 -3 -30
right_child=1 2 -4 4 5 7 17 -9 15 20 12 -13 -14 14 -16 16 -18 -19 -20 -21 21 -23 23 -25 25 -27 -28 -29 29 -31
leaf_value=0.0010097273089858896 0.00065121891715033014 -0.0021463757641207943 0.00024339574718849002 -0.0016506514986244487 0.0038584556897085084 -0.0036005226233709838 0.0019891664274561431 -0.00065213061436303343 0.0041868863992898728 -3.3865335048039899e-05 -0.0033144597458865822 -0.0056293035136186827 0.0052110937129712688 -0.010355467512390403 0.0025317938400648598 0.00081832458576775922 0.0040216869668312123 -0.0015679538919625095 0.0069753240982548337 -0.0010612513638037528 0.00032357454468357708 0.00192108989631509 0.0009820373709200443 -0.002625955174265341 0.0018152557769721385 0.0086671167914630295 -0.0014101944125993349 0.0026424298543324962 -0.0032293758229774592 0.0015217328407884502
leaf_weight=7634.424147233367 522.23986062407494 8814.9713218659163 54503.022083416581 6083.5224392861128 210.69267401099205 707.17534124851227 3601.7797018885612 38937.189057201147 408.30351506173611 104805.6056125313 298.93685321509838 1081.715533554554 362.62138329446316 336.09800785779953 221.81359042227268 9464.21090246737 1302.8139202445745 705.59185102581978 497.86641325056553 4399.1815832108259 32651.591918706894 6926.2939623892307 942.23040555417538 423.08292263746262 432.6749557107687 524.14120092988014 199.35765105485916 518.0927826911211 606.74125124514103 1636.4263321310282
leaf_count=31275 2147 35794 221959 24675 856 2886 14702 158799 1678 425823 1223 4420 1476 1384 917 38426 5261 2837 2059 17771 133605 28367 4097 1747 1798 2312 806 2107 2459 6698
internal_value=1.35208e-05 -1.3341e-05 -0.000184074 -0.000480645 -0.000309618 -0.000175293 0.0012357 -0.000323581 0.000460069 0.000139064 -0.00212062 -0.00356833 0.0013445 -0.00244415 -0.00424547 0.000647028 0.00120861 0.00198683 0.00260666 -0.000605694 0.000174207 0.000604029 1.51185e-05 0.00223602 0.00333741 0.0056153 -0.00710714 -0.00146911 -0.00166512 0.000213078
internal_weight=289760 282126 133155 78651.8 67075.6 60992.1 5773.2 55218.9 16281.7 148971 2265.51 1603.96 661.558 967.962 757.269 15574.5 10767 4805.24 4099.65 4807.49 146706 39577.9 107128 2322.13 1899.05 956.816 535.456 11576.2 11058.1 2243.17
internal_count=1180364 1149089 542074 320115 273057 248382 23561 224821 66022 607015 9266 6567 2699 3963 3107 63136 43687 19598 16761 19449 597749 161972 435777 9954 8207 4110 2190 47058 44951 9157
cat_boundaries=0 1 2 3 4 5 6 7
cat_threshold=2 145 3088 706 644 2 168
is_linear=0
shrinkage=0.03


Tree=216
num_leaves=31
num_cat=3
split_feature=22 21 45 33 36 34 30 36 40 39 30 27 30 2 44 39 44 28 28 53 35 26 31 27 30 38 45 31 19 39
split_gain=10.3873 12.5969 11.3873 11.3331 13.1853 16.9076 9.28866 13.8144 13.7306 19.098 13.3229 12.3957 14.2136 11.4898 15.9266 15.3919 13.6524 11.212 11.1075 11.254 10.3061 9.76376 9.50966 9.20898 8.53108 13.2736 9.74945 9.5573 10.3785 14.9234
threshold=24296.500000000004 2.0050000000000003 0.46433800000000008 0.5000285000000001 0.4772975000000001 0.60234150000000009 0.20488100000000004 0.51252600000000015 9556.5000000000018 0.16082200000000002 0.29879600000000001 0 0.20988150000000003 3.5000000000000004 0.6935650000000001 0.16789200000000001 0.61018550000000016 2955.5000000000005 2555.5000000000005 0.0057384999999999806 0.52180700000000002 1 0.17452450000000005 2 0.27146900000000002 0.23579700000000003 0.19431350000000003 0.19730050000000002 52.650000000000013 0.17546000000000003
decision_type=2 2 8 10 8 8 10 8 2 10 10 9 10 2 10 10 10 2 2 10 10 9 10 9 10 10 10 10 2 10
left_child=-1 2 3 6 -5 -6 17 8 24 -10 11 -9 -13 14 20 -15 -17 18 19 -2 -14 -22 -21 -23 26 27 -8 28 -26 -30
right_child=1 -3 -4 4 5 -7 7 10 9 -11 -12 12 13 15 -16 16 -18 -19 -20 22 21 23 -24 -25 25 -27 -28 -29 29 -31
leaf_value=-4.410962178766808e-05 0.0036450534911944593 -0.0019385685382805815 -0.0023346001785199367 0.0026246859765700846 -0.0056088487436652939 0.0017321611781097844 -5.1801552628143185e-05 0.0028891136775451142 0.0051208852720230277 -0.0027317648582972287 -0.0054840363135222657 -0.0081205563955939891 -0.0064154807623973305 -0.0005069181994971976 0.0043892477750568509 0.0098285234644963654 0.0010974241110504161 -0.0019342389949811639 0.0093790714251795314 0.0016661905432202621 -0.0069407537225339528 -0.0028107784992827856 -0.0041447585252133426 0.0029564497347895815 -0.00067203489616369356 0.0061718237827205593 0.0035999687235565223 -0.0039878369873983261 0.0010409205986020968 0.0084767115568733214
leaf_weight=265301.56176476181 2505.0695951879025 1628.3987309187651 997.78534516692162 512.43739069998264 809.96330977976322 422.86514875292778 792.6730107665062 1075.4432801306248 351.37925843894482 1282.3643777519464 422.8255782276392 217.44296504557133 546.4082373380661 1364.4216520339251 303.54804798960686 294.92834827303886 372.34930123388767 487.48261491954327 221.35078951716423 1047.2009635269642 217.59400069713593 510.06553964316845 330.31627301871777 462.57561279833317 1634.4644020050764 387.6727732270956 3453.4478950798512 402.94976617395878 1008.0663386434317 322.92918065190315
leaf_count=1081775 10143 6570 4020 2067 3251 1706 3186 4322 1416 5170 1715 873 2192 5489 1229 1183 1495 1997 905 4235 874 2050 1335 1857 6612 1573 13866 1638 4079 1304
internal_value=1.02518e-05 0.000602816 0.000786208 0.000930989 -0.00137809 -0.00306849 0.00113401 0.000778187 0.00147448 -0.00101823 -0.000376073 2.3763e-05 -0.000694293 -0.000286379 -0.00188132 0.0013009 0.00502794 0.00232148 0.00283534 0.0024476 -0.00300028 -0.00139512 0.000245067 -3.47043e-05 0.00198733 0.000932971 0.00291163 0.000316174 0.000914553 0.0028825
internal_weight=289688 24386.4 22758 21760.2 1745.27 1232.83 20015 15423.5 9635.95 1633.74 5787.6 5364.78 4289.33 4071.89 2040.19 2031.7 667.278 4591.42 4103.94 3882.59 1736.64 1190.24 1377.52 972.641 8002.2 3756.08 4246.12 3368.41 2965.46 1331
internal_count=1180127 98352 91782 87762 7024 4957 80738 62123 38844 6586 23279 21564 17242 16369 8202 8167 2678 18615 16618 15713 6973 4781 5570 3907 32258 15206 17052 13633 11995 5383
cat_boundaries=0 1 2 3
cat_threshold=130 128 616
is_linear=0
shrinkage=0.03


Tree=217
num_leaves=31
num_cat=4
split_feature=22 22 48 22 32 45 27 29 29 42 39 23 19 23 53 28 3 39 28 26 26 52 36 28 44 1 27 35 46 1
split_gain=10.0115 11.2699 17.9467 21.9996 20.0869 16.3849 13.356 11.4378 11.577 11.3683 13.811 12.9077 11.5018 10.8555 10.4918 20.9995 28.8909 21.6937 18.7011 19.1184 18.186 17.164 18.1284 19.0581 17.0627 16.4763 23.1726 15.6071 15.4791 14.986
threshold=21694.500000000004 22120.500000000004 1.0000000180025095e-35 22002.500000000004 0.34604850000000004 0.41900100000000007 0 0.56122600000000011 0.60676500000000011 0.14256550000000004 0.13048050000000003 23277.500000000004 93.450000000000017 22742.000000000004 0.0022174999999999838 506.50000000000006 6.5000000000000009 0.16042250000000002 1292.5000000000002 1 2 0.067322500000000021 0.53455350000000013 115.50000000000001 0.80562900000000004 8.5000000000000018 3 0.50371750000000015 0.0015100000000000003 5.5000000000000009
decision_type=2 2 2 2 8 8 9 10 10 8 10 2 2 2 8 2 2 10 2 9 9 8 10 2 10 2 9 10 10 2
left_child=-1 2 5 4 -4 6 -2 -6 -9 -8 11 -11 13 -12 15 16 -3 20 21 25 -18 22 27 29 -21 -20 -27 -16 -19 -24
right_child=1 14 3 -5 7 -7 9 8 -10 10 12 -13 -14 -15 18 -17 17 28 19 24 -22 -23 23 -25 -26 26 -28 -29 -30 -31
leaf_value=0.001094029960621333 -0.0016268528453134597 0.0018025104719220253 -0.0031070063350501073 -0.0047175806361234264 0.00080085529973253269 -0.0019940668955003207 0.00038009079197133012 -0.0046268464462798451 0.0023219753308078559 0.012034924122670414 0.0038998745063005993 0.0027689514980199751 0.0084657682646217536 -0.0007747310266113922 -0.00085779768099671051 5.0096085484709483e-05 -0.003450301790811205 0.0067060767345819231 -0.0029780237851001483 0.00029678211076725853 -9.2897289904519487e-05 0.0002441519674215017 -0.0017778347788259012 -0.0011443975811372019 0.0064349887435264071 0.0073742702395468429 -0.0013391051657140394 0.0014893215585515111 0.00079629013652973138 -0.0064330493076337333
leaf_weight=7668.2876621037722 1631.1285027712584 15547.61486184597 2610.7913734167814 1705.1962518393993 4250.8000137358904 2456.0527838021517 4053.3715863674879 765.47950911521912 291.46303029358387 257.57319705188274 716.90994541347027 308.79213245213032 205.59087257087231 1158.7087810784578 6658.9927985072136 129368.28928017616 2322.9466297477484 450.31151568889618 2981.1738523393869 52505.466869726777 3901.534617677331 14735.740851387382 1406.3781946599483 20993.618019580841 408.32964533567429 360.47427360713482 1018.6767588406801 4126.5537855625153 3517.6151278764009 1153.410172984004
leaf_count=31415 6654 64343 10574 6999 17126 9912 16621 3092 1211 1053 2895 1255 830 4679 26950 523520 9484 1837 12119 213807 16061 61408 5838 86718 1655 1475 4166 16616 14361 4788
internal_value=2.47013e-05 -4.29487e-06 -0.000683256 -0.00162515 -0.000953892 0.00015441 0.000791808 0.000100697 -0.00268118 0.00138585 0.00291738 0.00707686 0.0017625 0.000999429 4.86039e-05 0.000206053 0.000988623 -0.000250112 -0.000180751 0.000187092 -0.00135743 -0.00061065 -0.00097833 -0.00144476 0.000345014 -0.00171823 0.000971367 3.75946e-05 0.00147909 -0.0038922
internal_weight=289537 281869 20411.9 9623.73 7918.53 10788.1 8332.08 5307.74 1056.94 6700.95 2647.57 566.365 2081.21 1875.62 261457 155108 25740 10192.4 106349 57274.1 6224.48 49074.7 34339 23553.4 52913.8 4360.32 1379.15 10785.5 3967.93 2559.79
internal_count=1179462 1148047 82901 39002 32003 43899 33987 21429 4303 27333 10712 2308 8404 7574 1065146 629606 106086 41743 435540 233222 25545 202318 140910 97344 215462 17760 5641 43566 16198 10626
cat_boundaries=0 1 2 3 4
cat_threshold=1027 2112 616 517
is_linear=0
shrinkage=0.03


Tree=218
num_leaves=31
num_cat=6
split_feature=18 22 27 39 33 22 45 40 53 48 45 2 28 33 42 28 28 44 27 11 4 31 35 33 39 27 31 53 42 27
split_gain=9.43057 8.35673 13.1854 14.7227 10.8296 10.1687 9.78358 10.5192 9.50199 9.11106 12.4728 14.9144 16.6814 14.636 17.3797 14.4987 16.6604 14.0194 15.9149 15.5654 14.9742 14.4867 19.0885 13.6851 16.2289 13.7408 13.6122 13.4009 13.1889 12.9312
threshold=0 24305.500000000004 1 0.24568850000000003 0.49795950000000005 24310.500000000004 0.43628300000000003 184.50000000000003 -0.0095075000000000003 1.0000000180025095e-35 0.30769650000000009 1.5000000000000002 240.50000000000003 0.50147800000000009 0.14032750000000002 7094.5000000000009 6040.5000000000009 0.49031050000000004 2 5.5000000000000009 3 0.12801650000000001 0.51205200000000006 0.47200600000000009 0.14199350000000002 4 0.12249750000000001 -0.025063500000000041 0.14529950000000005 5
decision_type=1 2 9 10 8 2 8 2 8 2 8 2 2 10 10 2 2 8 9 2 1 10 10 8 10 9 8 8 10 9
left_child=-1 9 6 4 5 -4 7 -3 -8 10 11 15 -13 -14 -15 16 -2 21 26 20 -20 -12 -23 25 -25 -22 27 -19 -18 -17
right_child=1 2 3 -5 -6 -7 8 -9 -10 -11 17 12 13 14 -16 29 28 18 19 -21 23 22 -24 24 -26 -27 -28 -29 -30 -31
leaf_value=0.0010549537166128068 -0.0007036364947977761 -0.0049322631429166656 0.0053845030245604957 -0.0046873454219446432 -0.0013549007029173155 0.0016183157558859941 0.00046219558137749334 0.00021359734807260123 -0.0071788467418728947 -0.00028389296500996863 0.0017028413611223756 -0.00096389416106942545 0.00074144263791730842 0.002146020611023636 -0.0059872837650389778 -0.00047911682243138929 -0.012267822105852024 -0.0074911817040465758 -0.0017230642215719451 0.0007195400692625903 0.0031309125137954923 0.00082860352250807101 -0.0012378877990735951 0.00072056046740651093 -0.0059950486415682311 -0.00010344335592544628 -0.0011655515960984734 -0.0019792978577885148 -0.0022948312627553607 0.0059682709377668021
leaf_weight=6960.9407273828983 10492.864339709282 366.22896419465542 716.06310464441776 343.78369089961052 983.43056307733059 7264.0685138106346 244.40379625558853 11173.160618126392 337.08190011978149 131930.91518603265 5214.9983117431402 6186.5740034580231 54985.824242249131 371.33552126586437 622.51564656198025 570.6825049072504 198.12623074650764 665.20232348144054 8178.2721925228834 9159.1574828624725 1572.667911440134 8802.6464932411909 7398.5360282659531 626.60401643812656 650.90779492259026 4586.5962266772985 7202.5486750751734 1037.3717361241579 321.72785457968712 525.15533575415611
leaf_count=28421 42994 1483 2893 1389 3961 29318 992 45070 1361 537343 21365 25884 224322 1501 2501 2305 801 2686 33417 37485 6385 35417 30014 2553 2624 18832 29082 4304 1302 2123
internal_value=-3.4647e-05 -6.16256e-05 0.000507634 0.00135619 0.00159433 0.00196191 -0.000142657 4.64431e-05 -0.00393003 -0.000108431 7.0275e-05 0.000324155 0.00051204 0.000675731 -0.00292101 -0.000637874 -0.000967513 -0.000271437 -0.00065332 -0.000260298 -0.000837147 0.000327722 -0.000113297 0.000133371 -0.00268372 0.000723564 -0.00174064 -0.00415979 -0.00620169 0.00264116
internal_weight=289690 282729 21428.2 9307.35 8963.56 7980.13 12120.9 11539.4 581.486 261301 129370 74274.8 62166.2 55979.7 993.851 12108.6 11012.7 55095.5 33679.3 24774.2 15615 21416.2 16201.2 7436.78 1277.51 6159.26 8905.12 1702.57 519.854 1095.84
internal_count=1180128 1151707 86467 37561 36172 32211 48906 46553 2353 1065240 527897 303733 254208 228324 4002 49525 45097 224164 137368 101296 63811 86796 65431 30394 5177 25217 36072 6990 2103 4428
cat_boundaries=0 1 2 3 4 5 6
cat_threshold=64 629 200 2 1072 45
is_linear=0
shrinkage=0.03


Tree=219
num_leaves=31
num_cat=5
split_feature=8 0 26 44 40 46 19 47 46 40 7 47 41 46 39 36 26 42 23 40 39 41 44 23 10 26 26 42 20 26
split_gain=9.17436 12.5316 15.9972 16.7114 15.2944 19.2875 14.7719 12.6369 21.7195 14.0971 14.0752 14.9788 16.9143 11.9513 15.5226 12.7469 14.4171 12.5677 18.5614 18.5025 14.0272 12.1837 13.8951 19.0485 12.7283 12.0308 11.5619 11.5164 11.4735 14.0883
threshold=1.5000000000000002 2019.5000000000002 0 0.37563750000000001 88.500000000000014 0.096271950000000009 60.850000000000001 9.5000000000000018 0.18872650000000005 1002.5000000000001 1.0000000180025095e-35 1.5000000000000002 0.54274650000000013 0.36664950000000007 0.18086500000000003 0.5500965000000001 1 0.11765700000000001 23434.000000000004 1678.5000000000002 0.17546000000000003 0.53028750000000013 0.64865600000000012 22287.500000000004 6.5000000000000009 2 3 0.1633415 68.550000000000011 4
decision_type=2 2 9 10 2 10 2 2 10 2 2 2 10 10 10 10 9 10 2 2 10 10 10 2 2 9 9 10 2 9
left_child=1 2 4 -4 5 6 -1 10 9 -9 -3 12 -12 14 17 16 -16 18 19 25 21 22 24 -24 -19 -5 -15 -11 29 -10
right_child=-2 7 3 13 -6 -7 -8 8 28 27 11 -13 -14 26 15 -17 -18 20 -20 -21 -22 -23 23 -25 -26 -27 -28 -29 -30 -31
leaf_value=-0.0051920058569776099 0.00026497385541618786 -0.00044988521468906613 0.0057700301610227175 -0.0025396740192048096 -0.0022384030571824271 0.0068135183180343022 0.0045085017912653196 0.0021182744421086894 0.0016249713444094443 -0.00058263655568651241 0.0014024266202297356 -9.3729402038172051e-05 -0.0004780222896401833 -0.00014848552359425848 -0.0013956918656169495 0.00029607786257963717 0.0073472701413139288 -0.00027959471022045952 -0.0039197220615070916 0.0072701437324638289 -0.0054028310717111868 0.0018284900650614917 -0.00098269334266166725 0.0073559979941655671 -0.0065626675515579854 0.00055590236145656709 -0.0057788452818451474 -0.0057156562984438074 -0.0057975171369972133 -0.0033005903035250848
leaf_weight=370.66497167944908 94082.663071259856 67788.318276032805 578.2356311827898 1448.2307154089212 3282.6683114916086 425.86718744039536 221.86376179754734 1731.7276396304369 695.23751735687256 5790.9905201643705 14311.946240112185 64841.878675639629 6125.6625399440527 1069.405320674181 207.52506425976753 681.61016663908958 828.45579788088799 3651.7524843662977 1146.7011195421219 314.76576426625252 289.68943268060684 9747.2011450082064 480.30561815202236 490.68602873384953 313.6718272715807 4954.0895702540874 471.14192789793015 421.6028273999691 1009.7594959884882 1964.5698558092117
leaf_count=1636 383290 275525 2417 6037 13667 1940 992 7179 2805 23485 57782 263149 25240 4450 842 2824 3379 14827 4717 1295 1184 40082 1945 2004 1270 20735 1914 1709 4082 7943
internal_value=2.14508e-05 -9.54979e-05 0.000457781 0.000732198 -0.00123522 0.00195401 -0.001505 -0.000199751 -0.00115399 -0.000267769 -0.000127132 0.000129079 0.000837354 0.000619047 0.000780795 0.00353211 0.00562534 0.000572117 -0.000396113 0.000202433 0.0010826 0.00121367 0 0.0032101 -0.000788742 -0.000143605 -0.00193613 -0.000938394 -0.00306265 -0.00200776
internal_weight=289739 195656 30974.5 26673.5 4301.06 1018.4 592.529 164682 11613.9 7944.32 153068 85279.5 20437.6 26095.2 24554.7 1717.59 1035.98 22837.1 7863.79 6717.09 14973.3 14683.6 4936.42 970.992 3965.42 6402.32 1540.55 6212.59 3669.57 2659.81
internal_count=1180346 797056 128157 109922 18235 4568 2628 668899 47203 32373 621696 346171 83022 107505 101141 7045 4221 94096 32784 28067 61312 60128 20046 3949 16097 26772 6364 25194 14830 10748
cat_boundaries=0 1 2 3 4 5
cat_threshold=2 16 48 2465 266
is_linear=0
shrinkage=0.03


Tree=220
num_leaves=31
num_cat=8
split_feature=30 53 31 28 53 53 26 9 47 26 53 27 18 46 27 3 30 41 19 9 33 33 38 27 23 5 27 0 53 28
split_gain=7.59529 14.5038 9.32902 19.9802 10.8359 13.5593 13.4079 10.1347 9.33555 11.2921 9.02827 12.221 8.7115 10.0936 11.4639 9.18137 12.1906 8.70972 8.63216 8.16461 8.05429 7.95059 9.06675 7.80242 8.45082 7.61586 18.4294 19.8125 19.5857 15.7949
threshold=0.30232850000000006 -0.15230549999999995 0.11695150000000001 749.50000000000011 0.037385499999999967 0.048182499999999996 0 1.0000000180025095e-35 7.5000000000000009 1 -0.076568499999999998 2 3 0.046731800000000011 4 6.5000000000000009 0.25562150000000006 0.5438225000000001 34.650000000000013 1.5000000000000002 0.43142950000000008 0.43222250000000006 0.11744400000000001 5 22195.000000000004 6 7 2022.5000000000002 -0.078198999999999949 105.50000000000001
decision_type=10 8 10 2 10 10 9 2 2 9 8 9 1 8 9 2 10 8 2 2 10 10 10 9 2 1 9 2 8 2
left_child=12 -2 3 8 10 6 -6 -7 9 -3 11 18 13 14 -1 23 21 -9 -4 -11 -13 -17 -23 -15 -25 -14 -27 28 -28 -30
right_child=1 2 4 -5 5 7 -8 17 -10 19 -12 20 25 15 -16 16 -18 -19 -20 -21 -22 22 -24 24 -26 26 27 -29 29 -31
leaf_value=0.0045532587664046864 -0.0081512160536285176 -0.001224584101951053 0.0039720633307077447 0.0079584464903999733 -0.0013707403318804943 0.0031886783170633069 -0.011889796915404753 -0.0044398926027945955 -0.0038879635357886933 0.0067763181965945721 -0.00023415384707023662 -0.0019662364321184991 -4.474226309072868e-05 -0.00015598783209392123 -0.0032699484531643528 -0.00047744173543631487 0.0098441071145307906 0.002372956257144085 -0.0027331716376101664 0.0010197617256137606 -0.0091406962075512559 -0.00038932746014741065 0.0064209701229377726 0.0060085372867026915 0.0010540322517431622 -0.0017440381618317323 0.0051222522346129479 -0.00041203094944272005 -0.0010280905420532993 0.0015677822789895133
leaf_weight=199.10007846355438 223.75919499993324 969.22904923558235 276.08431355655193 333.59495866298676 219.34040100872517 319.07198204100132 251.16166150569916 755.09332557022572 421.05125713348389 380.04345302283764 11859.609363809228 265.82624226808548 238710.97977596521 2532.7984680682421 794.63056348264217 506.13119122385979 237.40724773705006 208.95362643897533 449.30919739603996 565.47676207125187 336.01654094457626 246.1786340624094 547.96437890827656 451.1587775349617 1045.6864299476147 2932.5431343317032 1181.3337529450655 8244.1984269618988 2561.5719212591648 11599.676963314414
leaf_count=814 927 3951 1141 1355 891 1295 1020 3068 1719 1546 48222 1102 964208 10367 3278 2061 957 869 1850 2303 1384 1005 2218 1827 4266 12838 5282 33157 11539 53420
internal_value=-3.67087e-06 -0.000603466 -0.000504485 0.00112356 -0.00079754 -0.00301443 -0.00736915 -0.00138083 0.000125627 0.00102856 -0.000499839 -0.00284545 3.55806e-05 0.0011144 -0.00165056 0.00161594 0.00359207 -0.00292943 -0.000132312 0.00334405 -0.00594855 0.0024075 0.00427867 0.000852311 0.00255932 8.72584e-06 0.000491099 0.000770864 0.0014089 0.00109599
internal_weight=289625 17833.6 17609.9 2669.4 14940.5 1753.62 470.502 1283.12 2335.8 1914.75 13186.8 1327.24 271791 6561.06 993.731 5567.33 1537.68 964.047 725.394 945.52 601.843 1300.27 794.143 4029.64 1496.85 265230 26519.3 23586.8 15342.6 14161.2
internal_count=1179880 72643 71716 10874 60842 7143 1911 5232 9519 7800 53699 5477 1107237 26793 4092 22701 6241 3937 2991 3849 2486 5284 3223 16460 6093 1080444 116236 103398 70241 64959
cat_boundaries=0 1 2 3 4 5 6 7 8
cat_threshold=201 331 526 64 2308 994 2 1089
is_linear=0
shrinkage=0.03


Tree=221
num_leaves=31
num_cat=8
split_feature=25 17 22 45 26 46 40 44 40 27 40 21 53 26 46 39 24 7 22 26 26 53 26 10 42 53 21 17 31 33
split_gain=7.78965 14.6086 13.6643 13.0536 16.0253 13.7718 13.6069 13.1279 14.2564 14.8562 19.1077 18.0749 16.5597 13.8848 15.1021 13.0726 11.8482 18.4218 16.6127 23.1831 16.0171 15.9221 14.3738 14.7581 14.6553 13.8145 12.4645 12.4245 18.3464 16.6491
threshold=0 1.0000000180025095e-35 22370.000000000004 0.20223600000000003 1 0.1815495 7975.5000000000009 0.37563750000000001 5166.5000000000009 2 9556.5000000000018 2.1150000000000007 0.019250999999999966 3 0.051142900000000012 0.13048050000000003 4 1.5000000000000002 24101.000000000004 5 6 -0.12137649999999996 7 3.5000000000000004 0.14826350000000002 -0.0041384999999999885 0.64500000000000013 1.0000000180025095e-35 0.15592100000000003 0.47200600000000009
decision_type=1 2 2 10 9 8 2 10 2 9 2 2 8 9 10 10 1 2 2 9 9 10 9 2 8 8 2 2 8 10
left_child=16 2 -2 4 5 15 -6 -5 -9 12 13 -12 -10 14 -11 -3 -1 22 20 26 21 -19 24 -24 27 -21 -20 28 29 -18
right_child=1 3 -4 7 6 -7 -8 8 9 10 11 -13 -14 -15 -16 -17 17 18 19 25 -22 -23 23 -25 -26 -27 -28 -29 -30 -31
leaf_value=3.1352044856951209e-05 -0.0013120468058029659 0.0066418276956354194 -0.00022149068772282795 0.0030979163745635612 -0.00030656544120101557 0.0012219903098480821 0.003415706285361354 -0.00039755663891528149 0.0037297981236103905 -0.0012735591681850306 -0.0034397768530293102 0.0039739918065472913 -0.0014416375802809548 -0.0004597214316312756 0.0030274812760889623 0.0014353616489295607 0.0024475500661629763 0.0067492871361479684 -0.0014558009630036236 0.002102358338473667 0.0015054205740176079 -0.0015766555180717241 0.0024241427908170041 -0.00013244326396712948 -0.00066847150511788092 -0.0026775874301716534 -0.0091555663341597732 9.6256618638168234e-05 -0.00017707681267402434 0.0080201107580408024
leaf_weight=111582.20835153759 12477.101074874401 1041.0007391870022 61025.234525516629 1193.0745685100555 6774.1600155383348 3615.3038505762815 1012.422668620944 35458.310478389263 2445.5540648251772 934.51520982384682 1870.1007140427828 345.40912434458733 710.11263000965118 3663.8181328475475 3269.1916160583496 775.65216395258904 3421.1077879071236 214.89566445350647 302.90144477784634 945.8663227558136 4550.0250405371189 3707.0090888142586 8996.3635053187609 2596.196864515543 6340.0712341666222 1264.1650398373604 557.33581595122814 5635.4489821344614 2135.5919140428305 568.59675447642803
leaf_count=454059 50768 4368 248401 4839 27540 14730 4070 144967 9866 3773 7548 1396 2866 14777 13189 3185 13985 877 1221 3824 18550 15249 37341 10719 25664 5107 2242 22991 8684 2329
internal_value=4.49976e-05 -0.000119475 -0.000407068 0.000215012 0.00105313 0.00230181 0.000174464 -6.49881e-06 -8.3359e-05 0.000755816 0.000188562 -0.0022666 0.00254825 0.000884592 0.00205908 0.00444135 0.000192223 0.000626773 -0.000388309 -0.00227888 0.000293867 -0.00110518 0.00102236 0.00184752 0.000490721 -0.000615416 -0.00641924 0.00111861 0.00205379 0.00325467
internal_weight=289429 136611 73502.3 63108.6 13218.5 5431.96 7786.58 49890.1 48697 13238.7 10083 2215.51 3155.67 7867.52 4203.71 1816.65 152818 41235.6 11542.2 3070.27 8471.93 3921.9 29693.4 11592.6 18100.8 2210.03 860.237 11760.7 6125.3 3989.7
internal_count=1179125 556283 299169 257114 53893 22283 31610 203221 198382 53415 40683 8944 12732 31739 16962 7553 622842 168783 47070 12394 34676 16126 121713 48060 73653 8931 3463 47989 24998 16314
cat_boundaries=0 1 2 3 4 5 6 7 8
cat_threshold=2 2610 10 206 2 77 786 884
is_linear=0
shrinkage=0.03


Tree=222
num_leaves=31
num_cat=4
split_feature=32 26 21 5 22 20 39 28 53 46 39 9 15 45 46 40 38 34 53 46 26 36 41 2 34 26 36 23 53 34
split_gain=11.9107 8.33551 8.1256 7.16693 13.9329 15.4238 14.1143 15.2962 10.813 10.9119 12.1566 11.7844 10.3574 9.981 14.2536 14.0475 11.412 9.92535 11.3985 12.2754 12.2674 11.1147 11.0597 11.639 10.6938 10.3611 13.2693 12.1058 11.6719 11.6623
threshold=0.50093650000000012 0 0.065000000000000016 1 22310.000000000004 3.1500000000000008 0.13480700000000004 2673.5000000000005 0.19591900000000009 0.1638995 0.13932250000000004 3.5000000000000004 1.0000000180025095e-35 0.19948750000000001 0.065232800000000021 386.50000000000006 0.0513645 0.48968950000000006 0.023259000000000005 0.014282500000000002 2 0.43638150000000003 0.55357450000000019 2.5000000000000004 0.60544850000000017 3 0.45164900000000002 23989.500000000004 0.013334499999999973 0.51869350000000003
decision_type=8 9 2 1 2 2 8 2 10 10 10 2 2 10 10 2 8 8 10 10 9 10 10 2 10 9 10 2 10 10
left_child=3 2 -2 -1 5 -5 -7 -8 9 11 12 17 -11 14 15 -13 -15 18 19 -6 21 -21 23 -22 25 28 29 -28 -19 -27
right_child=1 -3 -4 4 8 6 7 -9 -10 10 -12 13 -14 16 -16 -17 -18 24 -20 20 22 -23 -24 -25 -26 26 27 -29 -30 -31
leaf_value=-3.5288172617594702e-05 0.00062802435548440713 -0.00063647590549920161 -0.0062364067654008858 0.0091280271736435912 0.0034425896430728417 0.0039802368672421711 0.0014675694502148053 -0.0057071903999107235 -0.0049760552906226805 0.0013780164480469796 0.0035191619769002003 -0.0048387944480411827 -0.002985175834499732 -0.0049087638090925326 0.00742303480348948 0.0047775831375112213 0.00091353598400369931 0.0052893050200964508 -0.0060095466647642906 -0.0028611014776635897 0.0034620616416321166 0.0043360071718890432 -0.0046381829824021443 -0.0024459755463135929 -0.00077170754638771573 -0.00070414066299830515 0.00023877974160868635 0.005512062057990829 -0.0024232684854805192 -0.0093041032935368521
leaf_weight=259324.08799083531 193.53902366757393 1223.7494447082281 642.62267492711544 278.60785791277885 468.92405173182487 1270.7134402245283 1021.8611475378275 358.0361171066761 349.09247589111328 2102.8356628715992 1845.2371087223291 247.31467260420322 633.1020889878273 318.39584651589394 499.10511782765388 297.08573260903358 5006.3191292434931 883.6851174980402 475.08696661889553 305.99159389734268 404.37911574542522 500.1500378549099 1314.5703143626451 1116.4904100447893 5531.3335164487362 486.08971934020519 1773.077888444066 505.12132342159748 212.72605876624584 203.13655470311642
leaf_count=1047822 812 5088 2742 1238 1936 5914 4408 1529 1622 9530 7954 1109 2830 1436 2231 1306 21750 3820 1941 1268 1652 2096 5435 4545 25172 2096 7486 2097 890 853
internal_value=-2.01908e-06 -0.00227353 -0.00456089 1.41622e-05 0.000466578 0.00242607 0.00170079 -0.000380684 0.000239869 0.000314104 0.00163764 1.73794e-05 0.000355247 0.00109055 0.00377409 0.000351595 0.000557188 -0.000462569 -0.00161048 -0.00109074 -0.00168508 0.00154748 -0.00261161 -0.000851697 8.32328e-05 0.00125399 0.000312903 0.00142683 0.00372917 -0.00331149
internal_weight=289792 2059.91 836.162 287733 28408.5 2929.22 2650.61 1379.9 25479.3 25130.2 4581.17 20549 2735.94 6368.22 1043.51 544.4 5324.71 14180.8 4585.59 4110.51 3641.58 806.142 2835.44 1520.87 9595.17 4063.84 2967.43 2278.2 1096.41 689.226
internal_count=1180608 8642 3554 1171966 124144 13089 11851 5937 111055 109433 20314 89119 12360 27832 4646 2415 23186 61287 18873 16932 14996 3364 11632 6197 42414 17242 12532 9583 4710 2949
cat_boundaries=0 1 2 3 4
cat_threshold=515 2 2325 2984
is_linear=0
shrinkage=0.03


Tree=223
num_leaves=31
num_cat=4
split_feature=33 52 26 41 48 44 29 52 13 26 33 23 38 44 53 36 44 1 35 33 29 26 53 18 32 47 46 3 22 32
split_gain=9.77153 13.9399 21.5845 17.6569 10.7563 14.562 12.9375 18.279 15.2428 12.8598 23.2014 18.2593 17.1059 17.9251 23.5192 14.4673 13.7598 19.0332 12.7558 12.5348 13.6702 11.9624 17.0724 11.9445 11.3642 11.0963 11.0741 11.5692 13.9066 11.6038
threshold=0.5000285000000001 -0.10041849999999998 0 0.53779850000000018 1.0000000180025095e-35 0.43757350000000006 0.51457050000000015 0.028196500000000017 -2.4999999999999996 1 0.48387300000000005 24352.500000000004 0.23425000000000004 0.60343150000000012 -0.076568499999999998 0.37610750000000009 0.67537400000000003 6.5000000000000009 0.36678650000000007 0.48837550000000002 0.55927750000000021 2 -0.087440999999999977 3 0.39952050000000006 1.5000000000000002 0.21942650000000002 6.5000000000000009 22658.500000000004 0.43753150000000002
decision_type=10 8 9 10 2 10 10 10 2 9 10 2 10 10 10 8 10 2 10 10 10 9 10 1 10 2 10 2 2 10
left_child=4 2 -2 -4 -1 6 7 8 -6 23 11 12 15 14 -14 18 19 -18 -11 20 -12 22 -8 -7 -20 -10 27 -25 29 -29
right_child=1 -3 3 -5 5 9 21 -9 25 10 16 -13 13 -15 -16 -17 17 -19 24 -21 -22 -23 -24 26 -26 -27 -28 28 -30 -31
leaf_value=0.00018976676897142187 -0.011626188052618109 -0.00062431263046817584 -0.0059477659544774839 0.0050997605379887768 -0.0042014594902169715 0.0018724808791360107 0.010401351965327731 0.0050080144718278067 0.0043892447267966962 -0.0012394317328106325 0.0062873313248141124 -0.0035993666355267698 -5.263597308279241e-05 0.00010420082431117539 -0.0064060591161874169 -0.00041052896506345109 -0.0071560770455500666 0.0024648223865043626 -0.0099898746278271455 0.00098370443067232979 -0.0011434808480275096 -0.00055315857118960212 0.0011790407634269676 0.00054594129450080957 -0.0010104522210798435 0 -0.00077002729599533355 0.00050719859226103974 -0.0010741707430058436 0.0077886853797855572
leaf_weight=139530.23251786828 260.42093339562416 8876.8538406640291 293.97634291648865 227.24697442352772 459.38490603864193 3014.9587427228689 199.99523377418518 1377.3814634531736 875.61821892857552 1008.6070430725813 1008.6750990599394 1917.0329055786133 815.63745449483395 1368.3068303763866 1515.7167452722788 54793.651145294309 357.21857352554798 372.20201064646244 372.06685182452202 2434.3570554256439 276.38175629079342 5971.4283835440874 1786.8949033617973 28120.008084058762 204.68866319954395 1290.4526082724333 14800.142018064857 5112.0935637950897 10900.907466575503 202.86782431602478
leaf_count=569021 1049 36017 1181 918 1851 12254 826 5536 3524 4152 4050 7787 3295 5563 6125 224009 1455 1507 1526 9823 1132 24217 7394 114411 842 5195 59969 20716 44257 831
internal_value=-2.91805e-05 -0.00096722 -0.00480598 -0.00105226 3.06971e-06 -0.000182051 0.000818418 0.00220933 0.000725621 -0.000275358 -0.000565478 -0.000716083 -0.000623407 -0.00260061 -0.00419905 -0.000492997 0.00152431 -0.00221587 -0.00331823 0.00226705 0.00466693 0.000114484 0.00212601 3.44192e-05 -0.00687657 0.00178876 -5.91753e-05 0.000177466 -0.000459641 0.000795005
internal_weight=289745 9658.5 781.644 521.223 280087 140557 11961.2 4002.84 2625.46 128596 66444.5 61995.7 60078.7 3699.66 2331.35 56379 4448.83 729.421 1585.36 3719.41 1285.06 7958.32 1986.89 62151 576.756 2166.07 59136 44335.9 16215.9 5314.96
internal_count=1180433 39165 3148 2099 1141268 572247 48543 16106 10570 523704 271266 253299 245512 14983 9420 230529 17967 2962 6520 15005 5182 32437 8220 252438 2368 8719 240184 180215 65804 21547
cat_boundaries=0 1 2 3 4
cat_threshold=267 2665 3345 80
is_linear=0
shrinkage=0.03


Tree=224
num_leaves=31
num_cat=3
split_feature=13 44 11 42 41 6 27 34 11 45 45 44 39 9 27 53 34 2 53 31 30 28 28 42 0 55 55 27 53 39
split_gain=8.35698 13.2969 12.6964 15.2184 16.7797 13.5468 11.4465 10.0986 11.0214 10.2774 9.47769 14.2296 10.5742 9.3148 20.369 13.6106 13.443 14.2611 18.1064 11.8461 9.3011 9.50399 10.6671 11.6623 9.2567 9.15364 8.9498 8.9027 9.67811 9.31304
threshold=1.0000000180025095e-35 0.77093750000000016 18.500000000000004 0.14706000000000002 0.5268695000000001 1.5000000000000002 0 0.65828050000000016 10.500000000000002 0.20573950000000005 0.31000800000000001 0.56714350000000013 0.10531550000000002 6.5000000000000009 1 0.11480050000000004 0.32049400000000006 5.5000000000000009 -0.013805500000000024 0.12500800000000004 0.12335900000000001 442.50000000000006 1114.5000000000002 0.11826750000000001 2020.5000000000002 7.9900687803316517 7.6551538463372371 2 -0.060267499999999995 0.17720200000000005
decision_type=2 8 2 10 10 2 9 8 2 10 10 10 10 2 9 10 8 2 8 10 10 2 2 8 2 2 2 9 8 8
left_child=13 2 5 -4 -5 20 -3 9 10 -7 -9 12 -12 -1 16 19 -15 18 -18 -16 21 -2 -23 -24 -19 -26 -25 28 -21 -30
right_child=1 6 3 4 -6 7 -8 8 -10 -11 11 -13 -14 14 15 -17 17 24 -20 27 -22 22 23 26 25 -27 -28 -29 29 -31
leaf_value=0.00017202513926388872 -0.00053639341701909235 0.0040613126299793778 -9.0633091993509731e-05 0.002555470055809919 0.012988423437515063 9.5237237953830247e-05 4.8290959810070981e-05 0.0024791818090211986 -0.0028320764840286815 -0.0014736240253220006 -0.0027183720437443087 -0.0053887510086880752 0.0037021336058953597 0.0047618289223941178 0 0.0058183676295264679 0.0015531359514176378 -0.0013496668253225779 -0.002223792569734046 -0.0068667235929110665 -0.00019233953458427306 0.0047587643759777528 -0.0051004260935086834 0.0037303205936904064 0.0087597386060781976 0.0018788451774728158 -0.0022308675945000816 -0.0013426279683624964 -0.0043672230350273724 -0.0002855345040676999
leaf_weight=165186.50218717754 1514.9041126966476 1176.6076929867268 916.82730221748352 462.19876976311207 203.18115793168545 4703.7188766896725 1428.3562612980604 2043.6896619647741 745.69767414033413 18008.851245880127 366.13503120839596 411.54201664030552 601.26503063738346 648.14538738131523 2374.8984515964985 213.09346593916416 2091.4723283201456 252.9735956788063 2500.0024455487728 685.68570064008236 74919.122474312782 1045.8821972161531 248.84469354152679 795.11231967806816 344.56936217844486 380.24525824189186 307.55123521387577 3000.0403288006783 1251.1300164461136 868.38847142457962
leaf_count=672751 6492 4857 3757 1872 838 19025 5930 8625 3110 72943 1560 1762 2472 2641 9644 891 8509 1030 10333 2770 304336 4589 1102 3438 1441 1538 1309 12100 5058 3511
internal_value=-1.82e-05 -0.00022438 -0.000276063 0.00238669 0.00583017 -0.000316268 0.00189074 -0.00089797 0.000453934 -0.00114743 0.00118048 -0.000723793 0.00124034 0.000107661 -0.00061787 -0.00158168 0.000680001 0.00019849 -0.000496936 -0.00178212 -0.000117504 0.00130695 0.00248346 0.000693906 0.00348617 0.00521379 0.00203897 -0.002512 -0.00373106 -0.00271181
internal_weight=289697 109899 107295 1582.21 665.38 105712 2604.96 26880.9 4168.33 22712.6 3422.63 1378.94 967.4 179797 14610.6 8393.24 6217.41 5569.26 4591.47 8180.14 78831.4 3912.29 2397.39 1351.51 977.788 724.815 1102.66 5805.24 2805.2 2119.52
internal_count=1180234 448017 437230 6467 2710 430763 10787 109497 17529 91968 14419 5794 4032 732217 59466 33974 25492 22851 18842 33083 321266 16930 10438 5849 4009 2979 4747 23439 11339 8569
cat_boundaries=0 1 2 3
cat_threshold=572 1586 2372
is_linear=0
shrinkage=0.03


Tree=225
num_leaves=31
num_cat=9
split_feature=34 19 27 26 26 27 19 26 46 46 22 18 7 35 10 27 27 44 38 26 22 28 32 44 22 28 41 46 32 31
split_gain=9.21179 16.0382 14.9362 14.8583 10.7615 11.2529 12.718 11.5354 10.4636 10.8789 9.38736 13.185 9.23761 17.647 14.5069 21.8025 13.2038 11.1054 11.9706 10.7155 13.378 18.8206 13.7996 12.6888 13.5806 11.4883 12.6594 11.2569 11.1613 11.091
threshold=0.33184500000000006 23.150000000000002 0 1 2 3 86.750000000000014 4 0.058578650000000003 0.13207850000000002 21414.500000000004 5 1.5000000000000002 0.49782600000000005 10.500000000000002 6 7 0.34017100000000006 0.18871050000000003 8 24217.500000000004 3204.5000000000005 0.36794800000000011 0.52688250000000003 23594.500000000004 2765.5000000000005 0.55305150000000014 0.031257300000000009 0.36108150000000006 0.15097150000000001
decision_type=8 2 9 9 9 9 2 9 10 10 2 1 2 8 2 9 9 10 10 9 2 2 10 10 2 2 10 10 10 10
left_child=1 2 3 -1 5 6 -3 -8 -5 -10 11 -2 -12 16 17 -16 -14 -15 19 -19 22 -22 23 28 -25 -26 -27 -24 -21 -30
right_child=10 4 -4 8 -6 -7 7 -9 9 -11 12 -13 13 14 15 -17 -18 18 -20 20 21 -23 27 24 25 26 -28 -29 29 -31
leaf_value=0.0044392945181054716 0.0059676575495351417 -0.00047638049112719657 -0.00073502344142696032 0.0034666821878167387 -0.0023122899740721085 0.00045593835819988341 -0.00010969803955716938 -0.007145043290207956 -0.0064599268296651928 0.00083041171643774396 0.00012951935730610794 0.00069645900942867862 -0.0010330028516717627 -0.0058749026471055076 -0.0024785055914348848 0.0081017015220663079 0.00069220859706408126 -0.0012923848564179916 0.0006044855691373014 0.00093185557714482931 -0.0013769062826916891 -0.0091079507974712922 -0.0033544659406966083 -0.0021013287887700753 0.0023052609117982271 2.357545571371077e-05 -0.0075666839084754245 -0.00047800998532818075 0.0021237434303091191 0.0081999154791633725
leaf_weight=1382.3360597491264 536.68098251521587 1757.1844209730625 3148.083585396409 444.5910577327013 5216.7481625527143 4253.3298192471266 337.13065628707409 622.98484852910042 321.99343729019165 409.94486419856548 192470.85585734248 2043.7807239741087 4886.7081698030233 361.81584379076958 292.36839945614338 402.89693781733513 21367.808136463165 20256.302472174168 6327.7348598539829 3716.3145164251328 2116.0496947914362 327.80136977136135 1453.3816462606192 2289.8830422312021 2072.5176314413548 1271.7752415388823 229.51001262664795 7971.1284065544605 808.89284071326256 421.34705539047718
leaf_count=5612 2211 7106 12731 1807 21211 17248 1364 2517 1310 1664 785026 8406 19677 1466 1197 1638 86272 82424 25631 15111 8539 1320 6130 9362 8514 5147 932 32939 3304 1721
internal_value=-7.40014e-06 -0.000666725 0.000642033 0.0023405 -0.00128204 -0.000502014 -0.0020075 -0.00478919 -0.000121782 -0.0023492 3.59318e-05 0.00183582 1.85369e-05 -0.000260022 -0.000589204 0.00369862 0.000369744 -0.000650103 -0.000610764 -0.000790596 -0.000340249 -0.00243605 -8.54906e-05 0.000644299 -0.000295357 0.000854208 -0.00112962 -0.000925705 0.00176374 0.00424399
internal_weight=289520 17894.3 5706.95 2558.87 12187.4 6970.63 2717.3 960.116 1176.53 731.938 271626 2580.46 269045 76574.2 50319.7 695.265 26254.5 49624.5 49262.6 42934.9 22678.6 2443.85 20234.8 10810.2 5863.69 3573.8 1501.29 9424.51 4946.55 1230.24
internal_count=1179537 72570 23124 10393 49446 28235 10987 3881 4781 2974 1106967 10617 1096350 311324 205375 2835 105949 202540 201074 175443 93019 9859 83160 44091 23955 14593 6079 39069 20136 5025
cat_boundaries=0 1 2 3 4 5 6 7 8 9
cat_threshold=2579 2872 335 652 3 38 35 2065 805
is_linear=0
shrinkage=0.03


Tree=226
num_leaves=31
num_cat=9
split_feature=22 27 37 26 29 40 40 26 37 47 53 28 25 0 27 26 40 22 39 26 37 33 36 42 22 27 40 26 0 53
split_gain=8.17137 12.5794 13.2794 12.8338 11.3407 9.85051 10.7326 14.1797 12.2342 10.9992 9.78851 10.1345 16.0837 9.52491 16.6648 34.2377 20.4736 17.3738 16.8729 16.6606 12.5892 12.5921 12.1378 11.9886 11.3326 10.4749 20.8014 16.6397 17.7706 19.661
threshold=24305.500000000004 0 0.12887250000000003 1 0.44079950000000007 184.50000000000003 11097.500000000002 2 0.088421450000000013 3.5000000000000004 -0.0014719999999999731 2083.5000000000005 3 2023.5000000000002 4 5 749.50000000000011 22729.500000000004 0.24235550000000003 6 0.083722700000000011 0.46070850000000002 0.50634250000000014 0.13657450000000002 23288.500000000004 7 10016.500000000002 8 2022.5000000000002 -0.042477499999999994
decision_type=2 9 8 9 10 2 2 9 8 2 8 2 1 2 9 9 2 2 10 9 8 10 10 10 2 9 2 9 2 10
left_child=13 5 3 -3 -4 -2 7 8 -7 -8 -9 -12 -13 25 19 16 -16 18 22 -15 24 -22 -17 -18 -21 26 27 28 29 -1
right_child=1 2 4 -5 -6 6 9 10 -10 -11 11 12 -14 14 15 17 23 -19 -20 20 21 -23 -24 -25 -26 -27 -28 -29 -30 -31
leaf_value=0.00085232877108321905 -0.0051995609330519861 -0.00043859451743030118 -0.0016588226817353341 0.0040485913407974803 0.0011777693557768337 -0.0052349005567278182 0 0.0030550471753527397 -0.00039266769762329179 -0.0076074672314698482 -0.00042981358783416624 -0.00020505800695394039 0.0096259725196480538 0.00091274428626404735 -0.0030287832256511607 0.00075688279110937859 -0.0047461410065638091 -0.0030980635694518835 0.0063234856230403964 -0.00090719976162070392 0.00018135141820354071 -0.0029670026810413889 -0.0031992085924799859 0.0015707607021810189 -0.0070804356908753634 0.00023158917545379164 0.0034305310541984479 6.9679851639265573e-05 -0.0022875493035415524 -0.00089579501525190489
leaf_weight=7736.4903449714184 335.19688165187836 748.51943311095238 1547.0043733566999 2331.6565245836973 6840.9898443222046 538.78578555583954 361.40332859754562 1872.0691841542721 3681.6561390459538 323.16884964704514 2744.1575920879841 352.49809175729752 250.07724864780903 10856.322512358427 1221.6548576653004 1450.3666147589684 279.85561163723469 6984.506132170558 300.36140386760235 579.56308604776859 6027.8039273917675 1404.0740310847759 1324.9339341521263 5339.9426652342081 517.31476876139641 131730.39342862368 1414.8556891530752 62027.256056755781 5639.5494390130043 22852.061545044184
leaf_count=31861 1357 3035 6294 9401 27562 2175 1460 7554 14844 1307 11056 1430 1015 43754 4932 5831 1128 28206 1206 2329 24271 5643 5317 21508 2086 535963 5710 254941 22689 94109
internal_value=3.0682e-05 0.000587451 0.00127322 0.00296076 0.000650633 -0.000162824 2.30833e-06 0.000268775 -0.0010188 -0.00361338 0.0013152 0.000335087 0.00385289 -1.48189e-05 -0.000466791 -0.00115503 0.000478637 -0.00226818 -0.000380038 0.000132346 -0.000857394 -0.000410376 -0.00112238 0.00124849 -0.0038573 5.59318e-05 -0.000175932 -0.000228291 -0.000739063 -0.000452637
internal_weight=289614 21927.2 11468.2 3080.18 8387.99 10459 10123.8 9439.24 4220.44 684.572 5218.8 3346.73 602.575 267687 36286.7 16901.6 6841.45 10060.2 3075.66 19385.1 8528.76 7431.88 2775.3 5619.8 1096.88 231401 99670.2 98255.4 36228.1 30588.6
internal_count=1179974 88490 46292 12436 33856 42198 40841 38074 17019 2767 21055 13501 2445 1091484 146211 68128 27568 40560 12354 78083 34329 29914 11148 22636 4415 945273 409310 403600 148659 125970
cat_boundaries=0 1 2 3 4 5 6 7 8 9
cat_threshold=2165 2216 53 2 2702 138 803 646 1700
is_linear=0
shrinkage=0.03


Tree=227
num_leaves=31
num_cat=5
split_feature=34 52 38 36 23 39 30 39 39 26 39 22 22 45 33 34 52 18 18 52 1 26 42 30 2 19 40 7 31 26
split_gain=9.53986 11.5557 17.6081 12.1563 11.0343 9.50781 9.16052 11.434 15.1329 9.1061 8.66076 9.45725 8.2983 11.5292 10.4155 13.5398 10.0939 10.4261 10.0068 14.7095 9.64124 27.4894 10.8988 10.6209 10.6793 13.4649 12.6243 11.1334 11.0843 17.0364
threshold=0.81881300000000012 0.035203999999999964 0.079839900000000005 0.55481350000000018 22820.500000000004 0.10813350000000001 0.30232850000000006 0.24568850000000003 0.22878600000000002 0 0.12942400000000001 22868.000000000004 24305.500000000004 0.45948400000000006 0.48673950000000005 0.60544850000000017 1.0000000180025095e-35 1 2 -0.015361999999999985 9.5000000000000018 3 0.11977550000000002 0.14361850000000001 1.5000000000000002 49.750000000000007 8629.5000000000018 1.0000000180025095e-35 0.13277150000000001 4
decision_type=10 10 10 10 2 10 8 10 10 9 10 2 2 10 10 10 10 1 1 10 2 9 10 10 2 2 2 2 10 9
left_child=6 -2 3 -3 10 9 12 8 -8 -5 11 -4 20 14 18 16 17 -16 19 -14 -1 22 -22 -23 25 -25 28 -27 -26 -30
right_child=1 2 4 5 -6 -7 7 -9 -10 -11 -12 -13 13 -15 15 -17 -18 -19 -20 -21 21 23 -24 24 26 27 -28 -29 29 -31
leaf_value=1.9070750387918186e-05 -0.0047230118354638301 -0.0018720440723899998 0.0046917641798004846 -0.0012343587771983203 0.0020130364726925888 0.01187931687886626 -0.00068545873224506375 -0.0051545915563468636 0.005669525486534749 0.0056247997990497827 -0.0035145735281130676 -0.0024594823723926079 8.0450155315990054e-05 -0.0037901277594654709 0.00260766257604981 0.0029431889163012135 -0.003166161648989774 -0.0013244058073891782 0.00084612140566404188 0.0055566264650639867 0.0053035212642719379 0.0016276556600587498 0.00055950452015578731 0.0026023006940456197 -0.00092536129662480586 -0.005410732185088086 0.0040473216539177277 0.00032185347428489346 -0.0017549096210963669 -0.0050410888006138703
leaf_weight=228905.1592849195 266.89991144835949 233.97679023444653 325.16627937555313 208.22656179964542 1723.6585915088654 181.16338549554348 17045.669084250927 500.31554292142391 340.20281036198139 892.08103317022324 842.64799283444881 329.85066598653793 776.73254738748074 514.9493301063776 879.12129896879196 885.72035466134548 1436.1190533787012 1883.0795795470476 11602.694733321667 1055.5525742173195 470.55987070500851 893.98346619307995 5900.006233766675 1043.0615326315165 3121.6648494005203 509.1549655944109 276.8275158405304 730.52094481885433 3468.3911317288876 2496.413313344121
leaf_count=932939 1205 966 1349 878 7401 784 69429 2055 1390 4059 3454 1402 3127 2071 3547 3633 5779 7597 46709 4249 1971 3713 23871 4196 12567 2047 1115 2937 13981 10023
internal_value=-9.35406e-06 0.00128867 0.00163651 0.00430172 0.00037055 0.00545404 -3.2283e-05 -0.000689509 -0.000558424 0.00433952 -0.00150004 0.00105018 1.16638e-05 0.000615343 0.000740057 -0.000411956 -0.00112853 -5.59914e-05 0.00117823 0.00323783 -3.45888e-05 -0.000685603 0.000915522 -0.00150095 -0.00174534 8.1864e-05 -0.00219389 -0.00201585 -0.0023886 -0.00314851
internal_weight=289740 5003.67 4736.77 1515.45 3221.32 1281.47 284736 17886.2 17385.9 1100.31 1497.66 655.017 266850 19034 18519 5084.04 4198.32 2762.2 13435 1832.29 247816 18910.6 6370.57 12540 11646 2282.74 9363.3 1239.68 9086.47 5964.8
internal_count=1180444 21498 20293 6687 13606 5721 1158946 72874 70819 4937 6205 2751 1086072 76712 74641 20556 16923 11144 54085 7376 1009360 76421 25842 50579 46866 9180 37686 4984 36571 24004
cat_boundaries=0 1 2 3 4 5
cat_threshold=324 42 37 42 85
is_linear=0
shrinkage=0.03


Tree=228
num_leaves=31
num_cat=7
split_feature=53 28 26 11 9 27 35 45 30 27 22 22 45 17 46 26 19 31 53 11 21 48 26 0 53 27 39 46 46 27
split_gain=6.97939 18.478 15.0724 13.2045 10.5051 10.4815 12.5289 10.3959 8.83153 9.96976 11.9621 11.1787 10.24 9.73213 9.56296 9.16748 9.05351 12.4298 8.80695 8.12979 12.1413 8.07881 15.5356 14.5846 12.0902 12.3346 16.5743 11.2245 18.5324 12.4035
threshold=0.095819500000000016 135.50000000000003 0 6.5000000000000009 5.5000000000000009 1 0.71369850000000012 0.32710400000000001 0.25622850000000003 2 23642.500000000004 22297.500000000004 0.258272 1.0000000180025095e-35 0.031257300000000009 3 50.100000000000009 0.11959350000000002 0.12262800000000003 11.500000000000002 0.21500000000000002 1.0000000180025095e-35 4 2020.5000000000002 -0.0086265000000000074 5 0.15321750000000003 0.14213150000000005 0.097242600000000012 6
decision_type=10 2 9 2 2 9 10 10 10 9 2 2 10 2 10 9 2 10 10 2 2 2 9 2 10 9 10 10 8 9
left_child=21 3 4 -2 8 18 -7 19 9 10 11 -3 -11 -10 -15 -13 -14 -18 -6 20 -4 -1 23 27 25 -25 -27 28 -23 -30
right_child=1 2 7 -5 5 6 -8 -9 13 12 -12 15 16 14 -16 -17 17 -19 -20 -21 -22 22 -24 24 -26 26 -28 -29 29 -31
leaf_value=0.00013612821255745765 -0.0096707685035901884 0.0026554873286368272 0.0081736820964269027 0 0.00291179057463576 0.0044335484392267113 -0.0049118213941362126 -0.0038372096974553121 -0.0038431123684580337 0.00029511246617551078 0.0067935047269518786 0.0015505574458182705 0.0015691546250787519 0.0065203911464181662 -0.0011866910940014819 -0.0049991753245334745 0.00030078424106769799 0.0076021922237727276 0.0092618680768589267 -0.0048385078082136788 4.9374536600928139e-05 -0.0018661056480101699 -6.1336388393099214e-05 -0.0026820794938938329 0.00058459505871197466 -0.0013766490620698727 0.0033462978844089946 -0.00012728602314226789 -0.0019230953639543962 -0.0088268414778247314
leaf_weight=140176.92077553272 247.89873923361301 452.72389453649521 198.64033502340317 247.53898073732853 395.45049633085728 326.15577587485313 208.09046532213688 783.52035965025425 584.44704276323318 963.057292714715 192.59549202024937 262.02390855550766 786.07132484018803 220.02726283669472 399.09797486662865 635.12122835218906 288.34781421720982 866.8267909437418 435.76403047144413 213.70342116057873 968.31813213229179 3605.7843861579895 121062.69233773649 2999.0277859270573 5981.9038936644793 2318.1070154756308 936.31385552883148 1831.2945786416531 408.17956686019897 674.50927869975567
leaf_count=570413 1042 1935 813 1016 1644 1365 945 3189 2430 4213 851 1054 3495 896 1672 2839 1332 3893 1906 890 3994 14917 491068 12264 24896 9450 3807 7520 1680 2774
internal_value=2.58751e-06 0.000794724 0.0011025 -0.00482022 0.00177765 0.00414807 0.000717208 -0.001075 0.00120075 0.00182005 -0.000118732 -0.00114088 0.00284972 -0.00106133 0.0015223 -0.00309242 0.00411388 0.00581106 0.00622351 0.00046802 0.00147535 -2.46864e-05 -0.000186128 -0.00098935 -0.000376021 -0.00129956 -6.77165e-06 -0.00213657 -0.00291441 -0.00636324
internal_weight=289670 9675.42 9179.98 495.438 7015.8 1365.46 534.246 2164.18 5650.34 4446.77 1542.46 1349.87 2904.3 1203.57 619.125 897.145 1941.25 1155.17 831.215 1380.66 1166.96 279995 139818 18755.1 12235.4 6253.45 3254.42 6519.77 4688.47 1082.69
internal_count=1180203 41414 39356 2058 30470 5860 2310 8886 24610 19612 6679 5828 12933 4998 2568 3893 8720 5225 3550 5697 4807 1138789 568376 77308 50417 25521 13257 26891 19371 4454
cat_boundaries=0 1 2 3 4 5 6 7
cat_threshold=159 924 368 137 1026 53 643
is_linear=0
shrinkage=0.03


Tree=229
num_leaves=31
num_cat=3
split_feature=53 43 38 22 43 36 36 37 53 26 3 1 23 26 21 53 18 3 6 0 36 43 34 52 34 22 32 43 35 45
split_gain=9.04317 27.5074 18.8725 16.8144 15.7358 37.3613 16.7587 18.0428 15.2409 15.0526 14.1964 13.7022 19.3956 16.8084 16.7688 15.4921 13.8427 14.172 17.5954 16.5802 12.9161 12.8218 12.4884 15.1293 12.1363 13.376 15.4432 11.8054 11.679 11.6351
threshold=0.0022174999999999838 455.50000000000006 0.12458450000000001 23517.000000000004 262.50000000000006 0.50996600000000003 0.54288750000000008 0.30810150000000008 0.13234050000000006 0 4.5000000000000009 4.5000000000000009 22318.500000000004 1 1.7750000000000001 0.087185000000000026 2 3.5000000000000004 1.0000000180025095e-35 2019.5000000000002 0.41575050000000008 1274.5000000000002 0.33184500000000006 -0.150836 0.45016550000000005 23562.500000000004 0.38211950000000006 405.50000000000006 0.29449500000000006 0.31971250000000007
decision_type=8 2 10 2 2 10 10 10 10 9 2 2 2 9 2 10 1 2 2 2 10 2 10 10 10 2 10 2 10 10
left_child=4 2 8 10 5 9 -6 24 27 20 -4 12 14 -14 -3 16 -13 18 19 -18 -1 -9 -5 -24 25 26 -8 -2 -11 -29
right_child=1 11 3 22 6 -7 7 21 -10 28 -12 15 13 -15 -16 -17 17 -19 -20 -21 -22 -23 23 -25 -26 -27 -28 29 -30 -31
leaf_value=0.0039600522198867515 -0.00049143834495594637 -0.0040911290496401676 -0.0034572821258850666 0.0024358575850495666 -0.00011325877624694855 -0.00061365218391417242 -0.0011974703534859568 0.0017199931139686309 -0.0063841560407561478 -0.002520230017390167 0.00035953827884086556 0.00032013015406294275 0.0019556669089869738 -0.0010514506489470541 0.0019374450738951128 0.001382529632236743 -0.0026038178830877553 -0.0011252732436807028 -0.00083939775949347741 0.0027174677343411928 -0.004342180757438782 -0.0062620081361655271 -0.010926072721734041 -0.0031280207248250186 0.00097392033466505725 -0.0051393904785314391 0.0076166181575589402 0.00056611328322002982 0.0031405355936128029 0.007760112478872299
leaf_weight=246.45097875595093 14807.358811616898 2418.1526131629944 1196.5390214920044 334.02811095118523 129240.32790388167 6515.4820910841227 1106.8568010032177 258.29913234710693 375.21258482336998 336.38060967624187 3222.3777189105749 46937.88618773222 2304.6187348812819 5983.9237731695175 491.99152639508247 8425.4899278432131 617.96176210045815 15063.426796540618 4697.7801912426949 3327.5610195845366 505.673957914114 558.05515787005424 235.14232638478279 5312.7469200342894 26649.640069112182 611.70673388242722 210.0582550317049 618.82346592843533 6869.8053638339043 305.71238042414188
leaf_count=1018 61586 9775 4884 1361 521283 27546 4493 1069 1610 1383 13153 190756 9396 24542 1991 35997 2551 61192 19132 13541 2068 2275 961 21635 110241 2481 848 2591 28003 1285
internal_value=-1.72724e-05 -0.000221492 -0.0010731 -0.00207654 0.000120201 0.00106709 3.36001e-05 0.000680266 -0.000429251 0.00244659 -0.000668827 2.73394e-05 -0.00095425 -0.000210212 -0.00306069 0.000166772 2.12965e-05 -0.000568972 0.00039647 0.00187509 -0.0015565 -0.00370279 -0.00312813 -0.00346967 0.000806896 -0.00148345 0.000199833 -0.000284127 0.00286722 0.00299467
internal_weight=289785 116677 26407.9 10300.8 173109 14473.8 158635 29394.6 16107.1 7958.31 4418.92 90268.8 11198.7 8288.54 2910.14 79070.1 70644.6 23706.7 8643.3 3945.52 752.125 816.354 5881.92 5547.89 28578.3 1928.62 1316.92 15731.9 7206.19 924.536
internal_count=1180647 477939 109066 41994 702708 60018 642690 121407 67072 32472 18037 368873 45704 33938 11766 323169 287172 96416 35224 16092 3086 3344 23957 22596 118063 7822 5341 65462 29386 3876
cat_boundaries=0 1 2 3
cat_threshold=2049 532 210
is_linear=0
shrinkage=0.03


Tree=230
num_leaves=31
num_cat=7
split_feature=21 44 53 53 35 28 27 1 26 53 53 35 34 26 31 21 26 38 35 1 45 19 27 46 26 27 28 0 37 42
split_gain=8.03027 11.251 14.2061 12.4226 14.6565 14.6163 18.332 14.59 16.8754 17.682 16.0727 15.577 14.4327 14.6492 12.6638 12.1306 11.5001 13.327 14.1143 15.5373 18.3949 12.5546 20.0816 12.1975 11.1386 10.4882 18.6789 13.2575 11.6608 11.3568
threshold=0.90500000000000014 0.47327850000000005 -0.19599049999999998 0.0049369999999999978 0.49832200000000004 155.50000000000003 0 5.5000000000000009 1 -0.043842499999999972 -0.038502999999999975 0.39029750000000002 0.58793200000000001 2 0.085177200000000022 3.6350000000000002 3 0.19845850000000004 0.64298350000000004 4.5000000000000009 0.35593550000000007 68.950000000000017 4 0.0026915300000000006 5 6 285.50000000000006 2023.5000000000002 0.23720050000000001 0.12328900000000001
decision_type=2 10 8 10 10 2 9 2 9 8 8 8 10 9 10 2 9 10 10 2 10 2 9 10 9 9 2 2 10 10
left_child=-1 -2 -3 7 12 6 24 8 11 15 -11 -4 13 -5 -9 -10 23 18 19 20 -18 22 -19 -7 -6 26 -13 29 -29 -27
right_child=1 2 3 4 5 16 -8 14 9 10 -12 25 -14 -15 -16 -17 17 21 -20 -21 -22 -23 -24 -25 -26 27 -28 28 -30 -31
leaf_value=-0.00015724740247522788 0.00073181953527329171 -0.0057127177170909213 -0.0020887196876075622 -0.0041640652777105011 -0.00066841628224454817 -0.005094701423869411 0.0010830769247517729 -0.0044700643157364016 0.0021329291157853991 -0.0058917612797189257 -0.00034301335751059316 0.0043705429603331583 -0.0064432606545622483 -0.00034783114408841399 3.1705340049735856e-05 -0.0052075155479775594 -0.0062819101721012047 0.0055062302773209622 0.0011867735789729264 -0.00097927756694824179 0.0029355526252433108 0.0082769831263381968 -0.0034894864171828069 0.00065512740613481624 -0.0077790918757902634 0.00082746942662566964 -0.00058500161978152355 0.0018400156567203183 -0.0049836690519223159 0.0044346453646021602
leaf_weight=164004.04597686231 24945.907046988606 384.49002189934254 828.93019503355026 1202.2006635814905 314.3432042747736 335.09029597043991 608.6411921530962 566.99268698692322 3822.7575562000275 502.58854869008064 6943.7833169996738 951.72559432685375 550.6870061904192 3663.6140424907207 41701.996368616819 208.97333002090454 1030.0257229506969 404.78055401146412 2241.6448478251696 8512.3961092084646 233.39342184364796 254.96870465576649 465.13420289754868 16018.952205970883 644.35246132314205 1026.5841708928347 2392.2165407985449 882.38161782920361 299.14853322505951 3697.0209314823151
leaf_count=668012 101382 1568 3372 4849 1314 1400 2494 2446 15559 2048 28468 3969 2229 14799 169059 849 4193 1629 9348 34486 945 1035 1889 66371 2683 4218 9746 3553 1203 14971
internal_value=-1.88991e-05 0.00016146 1.98384e-05 4.22817e-05 -0.000398952 -0.000146732 -0.00296696 0.000294953 0.000930089 0.000139636 -0.000723772 0.00182512 -0.00183902 -0.00130812 -2.82843e-05 0.00174143 2.39415e-06 -0.00065702 -0.000951751 -0.00144541 -0.00455254 0.00245341 0.00068959 0.000534241 -0.00551861 0.00218167 0.000816655 0.0029424 7.87719e-05 0.00365807
internal_weight=289640 125636 100690 100305 36480.2 31063.7 1567.34 63825.1 21556.1 11478.1 7446.37 10078 5416.5 4865.81 42269 4031.73 29496.4 13142.3 12017.5 9775.82 1263.42 1124.88 869.915 16354 958.696 9249.08 3343.94 5905.14 1181.53 4723.61
internal_count=1180087 512075 410693 409125 149664 127787 6491 259461 87956 46924 30516 41032 21877 19648 171505 16408 121296 53525 48972 39624 5138 4553 3518 67771 3997 37660 13715 23945 4756 19189
cat_boundaries=0 1 2 3 4 5 6 7
cat_threshold=802 345 416 1338 241 2250 518
is_linear=0
shrinkage=0.03


Tree=231
num_leaves=31
num_cat=6
split_feature=18 30 30 47 28 1 27 36 27 30 39 21 53 35 28 18 27 12 32 35 37 44 37 27 39 39 37 30 30 6
split_gain=7.44799 9.25798 9.14917 7.38686 11.568 15.5577 16.3865 16.244 15.0293 12.9353 12.1542 11.176 10.6787 11.4782 15.474 11.2882 10.7556 10.5616 10.1323 12.4698 10.828 9.80461 9.63216 9.15803 8.99798 18.5944 16.9361 14.6063 17.2232 16.6659
threshold=0 0.31250350000000005 0.11091700000000002 1.5000000000000002 6470.5000000000009 5.5000000000000009 1 0.49439750000000005 2 0.26165900000000003 0.16229250000000003 1.3650000000000004 0.0022174999999999838 0.43942000000000009 2037.5000000000002 3 4 11.500000000000002 0.35303100000000004 0.5645460000000001 0.14222500000000002 0.63972300000000015 0.060790850000000007 5 0.16471950000000002 0.14019650000000003 0.14745450000000002 0.20650150000000003 0.22069050000000004 1.0000000180025095e-35
decision_type=1 10 8 2 2 2 9 10 9 10 10 2 8 8 2 1 9 2 10 10 10 8 10 9 10 10 10 10 10 2
left_child=1 2 -1 17 12 7 9 8 10 -7 -6 18 -5 14 -14 16 -15 21 19 -9 -21 22 -2 -20 25 27 -26 29 -29 -17
right_child=3 -3 -4 4 5 6 -8 11 -10 -11 -12 -13 13 15 -16 24 -18 -19 23 20 -22 -23 -24 -25 26 -27 -28 28 -30 -31
leaf_value=-0.0040184474711686862 0.0011231730023263861 -0.0041436404044576597 0.0014523810392920572 0.00015519078477429558 0.0054115733049253994 -0.00045642715392124893 -0.0021586558697698475 0.001432975309003448 -0.0039378052297545547 0.0048235322492920889 -0.0010142777482340555 0.0058124479819129963 -0.0033401552151512285 -0.00081832338675026162 0.0031309194768903625 -0.0027725368419445309 0.0019866301956755227 -0.0049553057761284724 0.0076631882506382129 -0.00014012447051999294 -0.0097619520010552956 -0.00043183165515247777 0.0002047971550487041 0.0014034766114949693 -0.0029134772861239616 0.00089360209986348203 -0.0003866426880426216 -0.0031056786282368191 -0.00069264287812321047 0.00040503817534166619
leaf_weight=282.01138488948345 11880.199405327439 298.3020583987236 6378.7995274215937 91581.356755435467 372.13918519020081 3376.4237603247166 8664.8193453997374 784.88883666694164 1069.763422191143 472.94536864757538 884.55999006330967 562.7834797501564 2133.1797982156277 1838.7963525950909 386.76084665954113 1641.2131319642067 3611.1312396377325 355.84623171389103 288.0066043138504 223.1651972681284 207.97747837007046 18445.93821464479 77422.491006359458 815.90181283652782 3416.7594670504332 10664.011068582535 8029.889152020216 3255.0631925463676 14925.166424542665 15327.473332196474
leaf_count=1238 48786 1216 25968 371966 1505 13600 34953 3156 4308 1908 3556 2277 8696 7578 1563 6827 14762 1448 1168 910 842 75924 314665 3303 13851 43302 32487 13294 60687 64202
internal_value=8.75212e-06 0.000977468 0.00121455 -1.50376e-05 -0.000135838 -0.000862366 -0.00143636 0.000510828 -0.00134531 0.000187263 0.000866237 0.00201904 -5.35167e-05 -0.000346993 -0.00233254 -0.000266619 0.00103506 0.000179714 0.00107958 -0.00078933 -0.00488605 0.000197088 0.000327341 0.00316197 -0.000391196 -0.000202452 -0.00114407 -0.000535891 -0.00112677 9.54994e-05
internal_weight=289598 6959.11 6660.81 282639 174534 17723.4 12514.2 5209.19 2326.46 3849.37 1256.7 2882.72 156811 65229.4 2519.94 62709.5 5449.93 108104 2319.94 1216.03 431.143 107749 89302.7 1103.91 57259.6 45812.9 11446.6 35148.9 18180.2 16968.7
internal_count=1179946 28422 27206 1151524 710701 71486 50461 21025 9369 15508 5061 11656 639215 267249 10259 256990 22340 440823 9379 4908 1752 439375 363451 4471 234650 188312 46338 145010 73981 71029
cat_boundaries=0 1 2 3 4 5 6
cat_threshold=64 2594 333 2 162 386
is_linear=0
shrinkage=0.03


Tree=232
num_leaves=31
num_cat=4
split_feature=32 22 26 33 44 36 28 28 33 29 53 37 13 27 27 34 29 19 28 22 2 27 28 1 29 36 29 42 13 30
split_gain=8.73984 10.9993 11.0387 18.9339 12.2385 11.4922 13.2897 27.8498 19.3498 15.4509 13.0636 13.0046 13.6274 19.7687 12.644 11.8488 11.6071 18.3209 13.629 15.7001 11.1563 17.6631 21.9898 16.8127 16.9395 13.8342 13.8069 13.5509 20.3844 13.4694
threshold=0.35962050000000007 24624.500000000004 0 0.42890250000000002 0.46798300000000009 0.52946800000000016 585.50000000000011 2389.5000000000005 0.5000285000000001 0.52992450000000002 0.034720499999999994 0.11706900000000002 1.0000000180025095e-35 1 2 0.42514350000000006 0.5723815000000001 22.450000000000003 332.50000000000006 23594.500000000004 2.5000000000000004 3 7094.5000000000009 6.5000000000000009 0.56346350000000012 0.61147000000000007 0.50932450000000007 0.15312850000000003 1.0000000180025095e-35 0.25622850000000003
decision_type=8 2 9 10 10 8 2 2 10 10 10 10 2 9 9 10 10 2 2 2 2 9 2 2 10 10 10 10 2 10
left_child=1 2 3 4 -1 10 -7 9 15 -8 16 14 -13 -14 -11 -9 18 -18 19 -5 21 23 25 -17 -25 27 -22 28 -23 -28
right_child=-2 -3 -4 5 -6 6 7 8 -10 11 -12 12 13 -15 -16 20 17 -19 -20 -21 26 22 -24 24 -26 -27 29 -29 -30 -31
leaf_value=0.0060364129490086786 -0.00012829602567553515 -0.0038202184451955534 0.00053471451986951228 0 0.00093741099066661261 -0.0020332237514243531 -0.0021910464402656736 -0.0055216202463001926 -0.0087531702413772856 0.0021770815035403045 -0.0056673934935387478 0.0035860870398428234 0.0030779132104859597 -0.0026241236817339765 -0.001154377089351474 0.0032360936503851743 -0.0017902382394627411 0.0041786071857629736 -7.9621769129864892e-06 0.0064666512545345414 -0.0064085042363772058 -0.0018169719497422728 -0.010275053832774175 0.0017876424293369821 -0.0063634347199994475 0.0042219970803032197 -0.00014638658056799933 0.0013229252970840886 -0.0093226200524037343 0.0075861740385565297
leaf_weight=706.59472106397152 177956.92705349624 602.29643106460571 54962.423056602478 722.50561468303204 1097.6858797669411 4728.606074437499 1333.2759531587362 511.97613130509853 299.27671711146832 1593.0167935341597 323.40125760436058 2983.7088421583176 1175.1278627961874 999.0765615105629 2820.7307225614786 843.4078032374382 643.62290740013123 1581.3124295175076 22143.25172765553 644.50449797511101 305.51571254432201 833.30809140205383 392.86770729720592 414.31157605350018 496.65553402900696 237.12241552770138 7313.8169822543859 409.49668426811695 547.61642414331436 205.44977386295795
leaf_count=2913 726747 2439 223760 2915 4503 19369 5350 2057 1200 6534 1300 12225 4791 4072 11554 3423 2603 6410 88887 2597 1224 3377 1584 1669 2037 972 29684 1651 2217 823
internal_value=2.21736e-06 0.000210094 0.000232281 -6.24923e-05 0.00295759 -0.000163189 -0.000580469 -0.000289323 -0.00123863 0.000823174 0.000291157 0.00124673 0.00226932 0.000446049 4.42035e-05 -0.00105442 0.000367853 0.00243841 0.00017034 0.00307413 -0.000859994 -0.00211243 -0.00376459 0.000172874 -0.00262977 -0.00249354 -0.000187393 -0.00340524 -0.00482883 6.38441e-05
internal_weight=289829 111872 111270 56307.2 1804.28 54503 28444.4 23715.8 12810.8 10904.9 26058.6 9571.66 5157.91 2174.2 4413.75 12511.5 25735.2 2224.94 23510.3 1367.01 11999.6 4174.79 2420.41 1754.37 910.967 2027.54 7824.78 1790.42 1380.92 7519.27
internal_count=1180887 454140 451701 227941 7416 220525 115813 96444 51918 44526 104712 39176 21088 8863 18088 50718 103412 9013 94399 5512 48661 16930 9801 7129 3706 8217 31731 7245 5594 30507
cat_boundaries=0 1 2 3 4
cat_threshold=968 188 833 210
is_linear=0
shrinkage=0.03


Tree=233
num_leaves=31
num_cat=4
split_feature=48 45 32 42 27 38 47 18 41 7 0 32 30 27 45 32 32 29 40 1 41 46 53 41 12 53 32 18 45 3
split_gain=7.32466 10.0618 11.5775 11.2403 12.0593 10.5956 10.2828 13.9649 14.047 10.9941 11.5346 12.5848 12.3798 15.2394 13.4916 12.9492 21.6227 15.3226 13.9361 12.6615 12.0902 11.6777 14.5125 11.2162 12.7759 14.5407 18.0806 12.5887 11.1774 11.0638
threshold=1.0000000180025095e-35 0.47316100000000011 0.43205950000000004 0.18680700000000003 0 0.22037350000000003 8.5000000000000018 1 0.48720000000000008 1.0000000180025095e-35 2023.5000000000002 0.29630950000000006 0.29068400000000005 2 0.092314800000000016 0.34929550000000004 0.34021450000000003 0.52992450000000002 5288.5000000000009 4.5000000000000009 0.55305150000000014 0.27014500000000002 0.047077999999999988 0.60289650000000006 -1.0000000180025095e-35 -0.0065445000000000078 0.41706250000000006 3 0.38686550000000003 8.5000000000000018
decision_type=2 10 10 10 9 10 2 1 10 2 2 8 10 9 8 8 10 10 2 2 10 8 8 10 2 8 10 1 10 2
left_child=-1 3 -3 6 -5 -6 9 -8 -9 10 11 -2 14 -14 -13 16 28 -18 19 -17 -19 -21 -23 24 25 26 27 -11 -16 -20
right_child=1 2 -4 4 5 -7 7 8 -10 23 -12 12 13 -15 15 18 17 20 29 21 -22 22 -24 -25 -26 -27 -28 -29 -30 -31
leaf_value=0.0001712986699494688 0.003748573569928834 0.0012369317629931341 -0.0043463763166165003 -0.0046321580387297025 0.00024057934985039848 -0.0069777764855155234 0.00079751057151325694 -0.006971431570378786 -0.0013578764884147941 0.0024760275865893691 -0.0013734214226948675 -0.0025668484656426725 -0.0084656354186497165 -0.0013603938928239093 0.00064994911476590276 0.002306855340502892 0.0003837365924443622 -0.0052613621309741268 -0.00062478244316530116 7.0797453431717256e-05 -0.00095130404533251404 0.0011831947336035152 0.0071839380512633668 -0.0011614109964883052 0.0006322949896294392 -0.00095084260680911253 0.0042160580099973415 -0.00024887009832463841 -0.0034147123333680847 -0.0052910306819101147
leaf_weight=144498.46743083 712.70800772309303 6850.2792959660292 346.4396156668663 1026.7650414705276 1624.4931829422712 202.40877017378807 2787.3800242692232 423.83290043473244 7763.3677062243223 1764.9897592663765 8988.2665073573589 1927.2879088371992 291.65230570733547 2921.4858292937279 5260.6710425615311 3438.9499619603157 1022.6355489045382 1865.2180726975203 4727.6205611824989 18212.255222082138 882.43610869348049 2112.2474103868008 440.82812640070915 5201.9533927738667 38665.620884224772 12769.634887546301 1060.2362201064825 10696.197010248899 684.71358612179756 507.10395635664463
leaf_count=589197 2922 27803 1419 4217 6616 821 11358 1728 31654 7128 36308 7852 1187 11922 21457 14201 4109 7535 19041 74561 3653 8599 1833 22340 156654 51780 4319 43211 2793 2040
internal_value=2.00014e-05 -0.00013038 0.000962294 -0.000187607 -0.00205068 -0.000549896 -0.000147996 -0.00102828 -0.00165257 -6.99186e-05 -0.000391875 -0.00019511 -0.000259491 -0.0020525 -0.000118385 1.55604e-06 -0.000947181 -0.00272391 0.000315749 0.000620097 -0.0038906 0.000339015 0.00223827 0.000177447 0.000285177 -0.000224193 0.000459895 0.000136965 0.000175304 -0.00108532
internal_weight=289678 145180 7196.72 137983 2853.67 1826.9 135129 10974.6 8187.2 124155 53996.1 45007.8 44295.1 3213.14 41082 39154.7 9715.67 3770.29 29439 24204.3 2747.65 20765.3 2553.08 70158.6 64956.7 26291.1 13521.4 12461.2 5945.38 5234.72
internal_count=1180258 591061 29222 561839 11654 7437 550185 44740 33382 505445 220013 183705 180783 13109 167674 159822 39547 15297 120275 99194 11188 84993 10432 285432 263092 106438 54658 50339 24250 21081
cat_boundaries=0 1 2 3 4
cat_threshold=515 54 256 100
is_linear=0
shrinkage=0.03


Tree=234
num_leaves=31
num_cat=4
split_feature=45 30 30 20 7 35 1 42 26 47 2 22 2 38 23 38 11 26 52 21 52 23 18 52 38 28 31 20 26 33
split_gain=7.86302 9.83504 14.075 11.6184 13.4082 9.3632 9.32306 14.1613 17.2473 17.1334 17.505 13.7711 12.8909 14.107 21.0742 14.7034 14.3798 13.8029 12.6424 12.4471 12.3369 21.1536 13.2426 12.1846 11.8093 11.5927 11.4857 17.4129 23.4323 15.9594
threshold=0.4793245000000001 0.20488100000000004 0.14064250000000003 66.250000000000014 1.0000000180025095e-35 0.46410150000000006 6.5000000000000009 0.14871750000000003 0 1.5000000000000002 2.5000000000000004 23951.500000000004 3.5000000000000004 0.20521300000000003 24352.500000000004 0.21280850000000004 15.500000000000002 1 0.047938000000000015 0.42500000000000004 0.029146000000000009 22251.500000000004 2 0.089331500000000022 0.10746500000000002 11127.500000000002 0.15933300000000003 47.650000000000013 3 0.44364450000000005
decision_type=10 10 10 2 2 10 2 10 9 2 2 2 2 10 2 10 2 9 10 2 8 2 1 10 10 2 8 2 9 10
left_child=6 2 3 4 -2 -4 12 8 20 10 -9 25 13 26 15 17 -17 18 -15 -19 21 -8 23 -22 -13 -10 29 -28 -29 -1
right_child=1 -3 5 -5 -6 -7 7 9 11 -11 -12 24 -14 14 -16 16 -18 19 -20 -21 22 -23 -24 -25 -26 -27 27 28 -30 -31
leaf_value=-0.00064589084533036027 0.0048299664378460673 0.001287294690423141 -0.0065476620383411576 0.0063307771413077469 -0.0042661989192224721 -0.0011474196537469943 0.0020981601495297362 0.0013996224009030704 -0.0006896806435085388 -0.0010931386389549499 -0.0005823206446469671 -0.0015674408535651446 0.00041385338128347842 0.0091660450882723853 -0.0051556960756854887 0.00043728348982865518 0.0077610366436416589 -0.0051788462040793038 0.00076788897844397882 0.0033576472907558548 -4.7927777232379087e-05 0.00028289750561741599 -0.00059048700612294612 0.0040351138177115642 0.0012529418806517549 0.00487753291349862 -0.0025577513151930583 -0.0045412067492632329 0.00083807336046742929 0.00044178230755997883
leaf_weight=26407.324092060328 239.5435636639595 8144.7555970549583 428.71980556845665 335.98549745976925 360.17976866662502 935.49071972072124 8071.3655036538839 6057.2718189507723 38512.567357584834 28860.104406684637 11844.633919462562 1653.3184896558523 71307.286412417889 557.4495517462492 485.4824515581131 7324.1344540417194 247.34208424389362 212.41368900239468 238.73258951306343 525.58775213360786 1493.9494990706444 20496.164545595646 14193.996603816748 1152.4689421504736 6775.1497163027525 335.37450370192528 4830.6013379991055 861.41339084506035 4359.4706247150898 22443.715271323919
leaf_count=108572 1007 32909 1734 1394 1511 3843 32763 24501 156858 116745 47929 6854 291402 2241 1954 29606 1007 863 960 2140 6116 83368 58017 4720 27467 1357 19660 3472 17789 91591
internal_value=-1.12482e-05 0.000796645 -0.000927291 0.00188357 -0.000577246 -0.0028771 -4.15814e-05 -0.000215224 -1.55699e-07 -0.00064083 8.67344e-05 -0.000401497 0.000131407 -0.000162209 0.000903721 0.00123167 0.000683473 0.00391101 0.00661499 0.000837837 0.000417035 0.000796992 -0.000225509 0.00171493 0.00069578 -0.000640474 -0.000336322 -0.00126009 -5.29186e-05 -0.000145569
internal_weight=289692 10444.7 2299.92 935.709 599.723 1364.21 279247 139446 92684.4 46762 17901.9 47276.4 139801 68493.7 9591.14 9105.66 7571.48 1534.18 796.182 738.001 45407.9 28567.5 16840.4 2646.42 8428.47 38847.9 58902.5 10051.5 5220.88 48851
internal_count=1180350 42398 9489 3912 2518 5577 1137952 566695 377520 189175 72430 192536 571257 279855 38771 36817 30613 6204 3201 3003 184984 116131 68853 10836 34321 158215 241084 40921 21261 200163
cat_boundaries=0 1 2 3 4
cat_threshold=2169 428 116 384
is_linear=0
shrinkage=0.03


Tree=235
num_leaves=31
num_cat=9
split_feature=32 35 18 38 40 36 27 23 31 27 27 29 26 38 6 2 18 37 28 46 26 37 38 31 38 32 27 32 33 27
split_gain=8.01058 15.2113 9.53946 11.5536 9.51706 18.7598 16.3851 11.9249 11.8531 22.3485 15.3578 14.8905 14.0076 10.8027 11.1357 10.608 10.5931 13.2067 15.4748 10.0431 9.64585 18.042 9.96707 10.9705 9.73577 9.62089 15.1079 9.59449 10.4606 16.3632
threshold=0.33911650000000004 0.37991350000000007 0 0.038860350000000009 5745.5000000000009 0.41789450000000006 1 22251.500000000004 0.16136950000000003 2 3 0.45974550000000008 4 0.19724000000000003 1.0000000180025095e-35 3.5000000000000004 5 0.17411250000000003 2233.5000000000005 0.0035479900000000004 6 0.087167550000000024 0.12730100000000003 0.12357250000000002 0.12310550000000002 0.34808650000000002 7 0.35446150000000004 0.47135650000000001 8
decision_type=8 10 1 8 2 10 9 2 10 9 9 10 9 10 2 2 1 10 2 10 9 10 10 10 10 8 9 8 10 9
left_child=1 -1 3 -2 25 8 7 -7 10 12 13 -11 -10 14 -6 -12 17 18 -8 -9 21 -18 24 -24 -22 26 -4 28 29 -27
right_child=2 -3 4 -5 5 6 16 19 9 11 15 -13 -14 -15 -16 -17 20 -19 -20 -21 22 -23 23 -25 -26 27 -28 -29 -30 -31
leaf_value=-0.0018318105169498867 -0.0058149293508934601 0.00051973583900332982 0.0010848819276935513 0.0008267950692229574 0 0.00052530562860058933 -0.0019282108662903895 -0.0063537315380065079 -0.008036634632093571 0.0019524292625038898 0.00026896786528484372 0.0075692166228255907 0.0021396246417236904 -0.0013000952594948616 0.0052833919644552424 -0.0048251460210583406 -0.0099761454187517196 -0.0028128183751821708 0.0057476436028379941 -0.0006713416006083932 -0.00061488727943771846 -0.0022112612817406885 -0.0070017181964755664 -0.0018021595577970206 0.0051888108035283683 0.0029852745559178356 -0.0010489812905080792 5.4954245958570587e-06 -0.00065724227376730737 0.0005118897864343796
leaf_weight=2617.5526139140129 235.83683675527573 43484.440278276801 3686.0239973217249 13841.130545198917 611.69467356801033 10641.711016044021 366.24904589354992 283.75747162103653 231.31906968355179 1014.9163807034492 698.58774363994598 756.32615293562412 230.66768328845501 740.68726712465286 870.17280523478985 749.59015664458275 354.00924880802631 561.27203135192394 634.66241247951984 15151.3465718925 3393.8544256240129 1177.8019767254591 385.65498743951321 7804.0964068174362 278.36584609746933 3360.5798919945955 15313.171937897801 147993.40165387094 3450.2890553772449 8607.0589687824249
leaf_count=10788 979 176850 14964 56449 2483 42828 1473 1146 945 4148 2839 3053 936 3000 3539 3043 1422 2257 2556 60990 13684 4735 1552 31416 1121 13648 62183 605601 13940 35054
internal_value=2.28013e-05 0.00038546 -4.57631e-05 0.000711672 -9.24197e-05 -0.00047339 -0.000701348 -0.00024546 0.00110541 0.00282742 4.81316e-05 0.00435194 -0.00297302 0.00161905 0.00310892 -0.00233555 -0.00149285 0.000829028 0.00291168 -0.000778964 -0.00176644 -0.00401514 -0.00146944 -0.00205314 -0.00016291 5.44573e-06 -0.000633288 7.99026e-05 0.000792036 0.00121243
internal_weight=289526 46102 243424 14077 229347 46936.7 41032.8 26076.8 5903.96 2233.23 3670.73 1771.24 461.987 2222.55 1481.87 1448.18 14956 1562.18 1000.91 15435.1 13393.8 1531.81 11862 8189.75 3672.22 182411 18999.2 163411 15417.9 11967.6
internal_count=1179622 187638 991984 57428 934556 189166 165180 104964 23986 9082 14904 7201 1881 9022 6022 5882 60216 6286 4029 62136 53930 6157 47773 32968 14805 745390 77147 668243 62642 48702
cat_boundaries=0 1 2 3 4 5 6 7 8 9
cat_threshold=68 363 536 543 608 48 32 2072 1217
is_linear=0
shrinkage=0.03


end of trees

feature_importances:
pitcher_team_id=599
season=559
batter_team_id=526
asof_pitcher_n=259
pitcher_id=247
asof_pitcher_success_rate=247
game_type=244
asof_pitcher_ball_rate=242
asof_batter_success_rate=240
asof_pitcher_offspeed_rate=240
asof_pitcher_reverse_rate=235
asof_pitcher_prev1_game_success_rate=219
asof_pitcher_prev5_game_success_rate=211
pitcher_rate_gap_career_5=200
same_hand=195
asof_pitcher_prev3_game_success_rate=181
game_month=164
asof_pitcher_fastball_rate=164
asof_pitcher_strike_rate=150
asof_pitcher_middle_rate=134
asof_pitcher_breaking_rate=126
base_state=122
asof_batter_middle_rate=120
strikes_before=102
asof_pitcher_prev1_game_middle_rate=98
pitcher_rate_gap_1_5=97
balls_before=96
asof_pitcher_prev5_game_middle_rate=96
count_state=89
asof_batter_n=87
batter_id=83
asof_pitcher_prev3_game_middle_rate=80
inning=69
li=65
pitcher_hand=63
run_total_before=53
asof_pitcher_pitchmix_n=52
home_win_expectancy=46
batter_hand=44
run_top_before=34
game_dayofweek=32
away_win_expectancy=31
score_diff_pitcher_team=30
outs_before=25
score_diff_home=20
run_bot_before=14
log1p_asof_batter_n=14
two_strikes=13
num_runners_on=9
log1p_asof_pitcher_n=5
late_inning=3
top_bottom=2
runner_on_3b=2
runner_on_2b=1
log1p_asof_pitcher_pitchmix_n=1

parameters:
[boosting: gbdt]
[objective: binary]
[metric: binary_logloss]
[tree_learner: serial]
[device_type: cpu]
[data_sample_strategy: bagging]
[data: ]
[valid: ]
[num_iterations: 236]
[learning_rate: 0.03]
[num_leaves: 31]
[num_threads: 0]
[seed: 1]
[deterministic: 0]
[force_col_wise: 0]
[force_row_wise: 0]
[histogram_pool_size: -1]
[max_depth: -1]
[min_data_in_leaf: 800]
[min_sum_hessian_in_leaf: 0.001]
[bagging_fraction: 0.8]
[pos_bagging_fraction: 1]
[neg_bagging_fraction: 1]
[bagging_freq: 1]
[bagging_seed: 18467]
[bagging_by_query: 0]
[feature_fraction: 0.8]
[feature_fraction_bynode: 1]
[feature_fraction_seed: 26500]
[extra_trees: 0]
[extra_seed: 15724]
[early_stopping_round: 0]
[early_stopping_min_delta: 0]
[first_metric_only: 0]
[max_delta_step: 0]
[lambda_l1: 1]
[lambda_l2: 3]
[linear_lambda: 0]
[min_gain_to_split: 0]
[drop_rate: 0.1]
[max_drop: 50]
[skip_drop: 0.5]
[xgboost_dart_mode: 0]
[uniform_drop: 0]
[drop_seed: 6334]
[top_rate: 0.2]
[other_rate: 0.1]
[min_data_per_group: 100]
[max_cat_threshold: 32]
[cat_l2: 10]
[cat_smooth: 10]
[max_cat_to_onehot: 4]
[top_k: 20]
[monotone_constraints: ]
[monotone_constraints_method: basic]
[monotone_penalty: 0]
[feature_contri: ]
[forcedsplits_filename: ]
[refit_decay_rate: 0.9]
[cegb_tradeoff: 1]
[cegb_penalty_split: 0]
[cegb_penalty_feature_lazy: ]
[cegb_penalty_feature_coupled: ]
[path_smooth: 0]
[interaction_constraints: ]
[verbosity: -1]
[saved_feature_importance_type: 0]
[use_quantized_grad: 0]
[num_grad_quant_bins: 4]
[quant_train_renew_leaf: 0]
[stochastic_rounding: 1]
[linear_tree: 0]
[max_bin: 255]
[max_bin_by_feature: ]
[min_data_in_bin: 3]
[bin_construct_sample_cnt: 200000]
[data_random_seed: 41]
[is_enable_sparse: 1]
[enable_bundle: 1]
[use_missing: 1]
[zero_as_missing: 0]
[feature_pre_filter: 1]
[pre_partition: 0]
[two_round: 0]
[header: 0]
[label_column: ]
[weight_column: ]
[group_column: ]
[ignore_column: ]
[categorical_feature: 4,5,18,24,25,26,27]
[forcedbins_filename: ]
[precise_float_parser: 0]
[parser_config_file: ]
[objective_seed: 19169]
[num_class: 1]
[is_unbalance: 0]
[scale_pos_weight: 1]
[sigmoid: 1]
[boost_from_average: 1]
[reg_sqrt: 0]
[alpha: 0.9]
[fair_c: 1]
[poisson_max_delta_step: 0.7]
[tweedie_variance_power: 1.5]
[lambdarank_truncation_level: 30]
[lambdarank_norm: 1]
[label_gain: ]
[lambdarank_position_bias_regularization: 0]
[eval_at: ]
[multi_error_top_k: 1]
[auc_mu_weights: ]
[num_machines: 1]
[local_listen_port: 12400]
[time_out: 120]
[machine_list_filename: ]
[machines: ]
[gpu_platform_id: -1]
[gpu_device_id: -1]
[gpu_device_id_list: ]
[gpu_use_dp: 0]
[num_gpu: 1]

end of parameters

pandas_categorical:[]
